SUBDIVISION,YEAR,JAN,FEB,MAR,APR,MAY,JUN,JUL,AUG,SEP,OCT,NOV,DEC,ANNUAL,JF,MAM,JJAS,OND,Historical_Avg_Rainfall,Rainfall_Anomaly,Rainfall_Anomaly_Percent
Andaman & Nicobar Islands,1901,49.2,87.1,29.2,2.3,528.8,517.5,365.1,481.1,332.6,388.5,558.2,33.6,3373.2,136.3,560.3,1696.3,980.3,2926.37358490566,446.8264150943396,15.268946432509036
Andaman & Nicobar Islands,1902,0.0,159.8,12.2,0.0,446.1,537.1,228.9,753.7,666.2,197.2,359.0,160.5,3520.7,159.8,458.3,2185.9,716.7,2926.37358490566,594.3264150943396,20.30931450994147
Andaman & Nicobar Islands,1903,12.7,144.0,0.0,1.0,235.1,479.9,728.4,326.7,339.0,181.2,284.4,225.0,2957.4,156.7,236.1,1874.0,690.6,2926.37358490566,31.02641509433988,1.0602342521944308
Andaman & Nicobar Islands,1904,9.4,14.7,0.0,202.4,304.5,495.1,502.0,160.1,820.4,222.2,308.7,40.1,3079.6,24.1,506.9,1977.6,571.0,2926.37358490566,153.2264150943397,5.236051059396074
Andaman & Nicobar Islands,1905,1.3,0.0,3.3,26.9,279.5,628.7,368.7,330.5,297.0,260.7,25.4,344.7,2566.7,1.3,309.7,1624.9,630.8,2926.37358490566,-359.6735849056604,-12.29076105528254
Andaman & Nicobar Islands,1906,36.6,0.0,0.0,0.0,556.1,733.3,247.7,320.5,164.3,267.8,128.9,79.2,2534.4,36.6,556.1,1465.8,475.9,2926.37358490566,-391.9735849056601,-13.39451623427282
Andaman & Nicobar Islands,1907,110.7,0.0,113.3,21.6,616.3,305.2,443.9,377.6,200.4,264.4,648.9,245.6,3347.9,110.7,751.2,1327.1,1158.9,2926.37358490566,421.5264150943399,14.404395162278263
Andaman & Nicobar Islands,1908,20.9,85.1,0.0,29.0,562.0,693.6,481.4,699.9,428.8,170.7,208.1,196.9,3576.4,106.0,591.0,2303.7,575.7,2926.37358490566,650.0264150943399,22.212694183927827
Andaman & Nicobar Islands,1910,26.6,22.7,206.3,89.3,224.5,472.7,264.3,337.4,626.6,208.2,267.3,153.5,2899.4,49.3,520.1,1701.0,629.0,2926.37358490566,-26.97358490566012,-0.9217409918128989
Andaman & Nicobar Islands,1911,0.0,8.4,0.0,122.5,327.3,649.0,253.0,187.1,464.5,333.8,94.5,247.1,2687.2,8.4,449.8,1553.6,675.4,2926.37358490566,-239.1735849056604,-8.173036625922483
Andaman & Nicobar Islands,1912,583.7,0.8,0.0,21.9,140.7,549.8,468.9,370.3,386.2,318.7,117.2,2.3,2960.5,584.5,162.6,1775.2,438.2,2926.37358490566,34.12641509433979,1.1661674117879228
Andaman & Nicobar Islands,1913,84.8,0.5,1.3,2.5,190.7,530.0,280.8,205.8,580.1,288.8,133.0,67.5,2365.8,85.3,194.5,1596.7,489.3,2926.37358490566,-560.57358490566,-19.155913236680327
Andaman & Nicobar Islands,1914,0.0,0.0,0.0,37.7,298.8,383.3,792.8,520.5,310.8,139.8,184.4,289.7,2957.8,0.0,336.5,2007.4,613.9,2926.37358490566,31.426415094339973,1.0739030469806914
Andaman & Nicobar Islands,1915,45.0,56.7,33.3,40.9,170.2,334.7,269.0,317.2,429.8,468.1,258.4,318.0,2741.3,101.7,244.4,1350.7,1044.5,2926.37358490566,-185.07358490566003,-6.324332131081152
Andaman & Nicobar Islands,1916,0.0,0.0,0.0,0.5,487.4,450.1,317.3,425.0,561.2,369.7,192.6,133.7,2937.5,0.0,487.9,1753.6,696.0,2926.37358490566,11.12641509433979,0.38021171157811967
Andaman & Nicobar Islands,1917,8.0,3.6,112.0,4.5,295.9,301.1,394.8,437.4,471.8,238.1,108.3,236.9,2612.4,11.6,412.4,1605.1,583.3,2926.37358490566,-313.9735849056601,-10.729101250952617
Andaman & Nicobar Islands,1918,77.4,6.9,11.4,10.7,729.3,710.8,200.9,455.4,303.3,227.0,366.9,175.0,3275.0,84.3,751.4,1670.4,768.9,2926.37358490566,348.6264150943398,11.913257312482841
Andaman & Nicobar Islands,1919,10.2,18.0,0.0,35.5,283.9,542.5,246.5,259.8,170.7,186.2,340.4,258.4,2352.1,28.2,319.4,1219.5,785.0,2926.37358490566,-574.2735849056603,-19.624069458109656
Andaman & Nicobar Islands,1920,122.3,7.4,3.1,13.0,237.4,546.9,294.4,467.4,505.4,397.5,262.9,85.5,2943.2,129.7,253.5,1814.1,745.9,2926.37358490566,16.82641509433961,0.5749920372822821
Andaman & Nicobar Islands,1921,13.2,3.1,0.0,37.5,351.2,282.7,487.1,330.0,581.2,360.7,118.2,41.5,2606.4,16.3,388.7,1681.0,520.4,2926.37358490566,-319.9735849056601,-10.934133172746478
Andaman & Nicobar Islands,1922,245.3,34.3,15.6,323.1,289.7,506.1,425.8,307.4,511.7,162.0,541.0,192.2,3554.2,279.6,628.4,1751.0,895.2,2926.37358490566,627.8264150943396,21.454076073290533
Andaman & Nicobar Islands,1925,36.6,0.0,8.6,50.4,282.2,663.8,241.8,278.2,201.9,249.5,271.5,196.0,2480.5,36.6,341.2,1385.7,717.0,2926.37358490566,-445.8735849056602,-15.236386331721013
Andaman & Nicobar Islands,1926,122.1,0.0,0.0,0.5,198.4,370.0,195.3,523.7,719.3,443.8,148.4,560.7,3282.2,122.1,198.9,1808.3,1152.9,2926.37358490566,355.8264150943396,12.159295618635467
Andaman & Nicobar Islands,1927,3.0,17.5,17.8,108.6,504.1,433.3,195.2,370.1,126.2,327.5,274.1,65.5,2442.9,20.5,630.5,1124.8,667.1,2926.37358490566,-483.4735849056601,-16.52125304162921
Andaman & Nicobar Islands,1928,50.9,67.6,80.7,129.3,499.5,410.2,406.3,391.5,404.8,444.5,99.5,13.5,2998.3,118.5,709.5,1612.8,557.5,2926.37358490566,71.92641509433997,2.4578685190892577
Andaman & Nicobar Islands,1929,74.2,118.4,129.2,69.8,316.6,588.8,134.0,644.7,172.9,413.0,251.5,13.5,2926.6,192.6,515.6,1540.4,678.0,2926.37358490566,0.22641509433969986,0.007737053652601193
Andaman & Nicobar Islands,1930,87.4,105.4,131.2,10.9,231.5,533.6,317.9,446.7,677.2,82.3,249.4,201.6,3075.1,192.8,373.6,1975.4,533.3,2926.37358490566,148.7264150943397,5.082277118050678
Andaman & Nicobar Islands,1931,25.3,0.0,2.5,2.5,205.4,393.5,289.3,571.0,294.4,368.3,22.8,182.7,2357.7,25.3,210.4,1548.2,573.8,2926.37358490566,-568.6735849056604,-19.432706331102054
Andaman & Nicobar Islands,1933,4.5,11.7,8.1,58.4,365.4,544.2,376.6,294.1,759.0,239.8,268.8,56.9,2987.5,16.2,431.9,1973.9,565.5,2926.37358490566,61.12641509433979,2.0888110598603005
Andaman & Nicobar Islands,1934,7.3,172.9,6.9,131.4,62.0,708.4,323.5,924.9,761.1,338.1,240.2,46.1,3722.8,180.2,200.3,2717.9,624.4,2926.37358490566,796.42641509434,27.215473075698053
Andaman & Nicobar Islands,1935,6.6,0.0,0.5,133.6,726.8,374.1,368.7,411.6,578.9,182.4,275.4,95.4,3154.0,6.6,860.9,1733.3,553.2,2926.37358490566,227.6264150943398,7.778446889639963
Andaman & Nicobar Islands,1937,21.6,10.7,0.0,112.0,330.5,732.8,449.5,332.0,349.5,383.3,251.7,617.5,3591.1,32.3,442.5,1863.8,1252.5,2926.37358490566,664.7264150943397,22.715022392322783
Andaman & Nicobar Islands,1938,13.4,57.2,50.5,101.6,368.9,668.6,318.2,397.1,546.7,318.4,316.3,107.5,3264.4,70.6,521.0,1930.6,742.2,2926.37358490566,338.0264150943399,11.551034250647021
Andaman & Nicobar Islands,1939,54.1,1.5,16.1,77.3,480.5,541.0,335.6,202.8,512.5,263.9,165.9,131.3,2782.5,55.6,573.9,1591.9,561.1,2926.37358490566,-143.8735849056602,-4.9164462680966405
Andaman & Nicobar Islands,1940,0.5,2.8,59.4,0.0,320.7,335.4,268.1,889.2,477.5,114.1,221.0,318.8,3007.5,3.3,380.1,1970.2,653.9,2926.37358490566,81.12641509433979,2.7722507991731726
Andaman & Nicobar Islands,1941,0.0,12.8,0.0,77.8,251.9,497.0,302.5,311.9,516.0,382.8,266.0,279.5,2898.2,12.8,329.7,1627.4,928.3,2926.37358490566,-28.17358490566039,-0.9627473761716805
Andaman & Nicobar Islands,1946,84.4,3.6,21.1,135.2,309.1,535.9,189.0,367.4,478.3,276.9,146.9,243.8,2791.6,88.0,465.4,1570.6,667.6,2926.37358490566,-134.7735849056603,-4.605481186709287
Andaman & Nicobar Islands,1949,0.0,56.4,0.0,166.5,405.8,658.4,743.3,404.0,627.5,339.6,81.1,7.0,3489.6,56.4,572.3,2433.2,427.7,2926.37358490566,563.2264150943397,19.246565715309956
Andaman & Nicobar Islands,1950,0.8,0.0,0.0,95.5,264.2,369.9,366.7,347.3,494.5,224.6,89.3,169.4,2422.2,0.8,359.7,1578.4,483.3,2926.37358490566,-504.1735849056604,-17.22861317181804
Andaman & Nicobar Islands,1951,82.7,7.2,0.0,45.4,259.0,619.9,665.3,101.3,360.9,489.0,209.6,434.8,3275.1,89.9,304.4,1747.4,1133.4,2926.37358490566,348.7264150943397,11.916674511179401
Andaman & Nicobar Islands,1952,0.0,0.8,69.7,39.4,452.9,657.7,385.5,541.3,240.3,315.6,287.5,89.2,3079.9,0.8,562.0,1824.8,692.3,2926.37358490566,153.52641509433988,5.246302655485774
Andaman & Nicobar Islands,1953,56.0,65.3,20.1,159.4,241.1,549.9,444.4,262.8,370.1,243.6,246.0,63.3,2721.9,121.3,420.5,1627.1,552.9,2926.37358490566,-204.47358490566012,-6.98726867821464
Andaman & Nicobar Islands,1954,83.8,2.1,34.3,58.0,394.7,539.4,510.8,605.4,763.8,247.2,84.8,124.7,3449.0,85.9,487.0,2419.4,456.7,2926.37358490566,522.6264150943398,17.859183044504828
Andaman & Nicobar Islands,1955,57.3,28.2,9.9,68.8,663.6,651.1,298.4,356.9,341.8,466.5,362.9,44.2,3349.6,85.5,742.2,1648.3,873.6,2926.37358490566,423.2264150943397,14.46248754011985
Andaman & Nicobar Islands,1956,49.2,77.2,33.8,130.3,491.8,343.1,468.4,467.7,325.1,458.7,164.1,70.5,3080.0,126.4,656.0,1604.4,693.3,2926.37358490566,153.6264150943398,5.249719854182335
Andaman & Nicobar Islands,1957,28.0,19.3,4.6,19.0,142.4,741.9,316.2,421.3,354.3,299.7,88.6,71.9,2507.2,47.3,166.0,1833.6,460.3,2926.37358490566,-419.1735849056604,-14.323994279738333
Andaman & Nicobar Islands,1958,22.9,14.3,30.4,24.6,355.1,530.7,440.7,388.4,350.6,265.2,313.8,70.7,2807.4,37.2,410.2,1710.4,649.6,2926.37358490566,-118.97358490566012,-4.065563792652112
Andaman & Nicobar Islands,1959,10.1,1.8,31.3,86.7,238.1,455.7,817.1,409.3,589.6,332.7,242.5,128.5,3343.3,11.9,356.1,2271.7,703.6,2926.37358490566,416.92641509434,14.247204022236303
Andaman & Nicobar Islands,1960,104.2,72.4,12.1,53.5,535.4,541.5,308.4,270.7,442.4,400.0,191.7,92.8,3025.0,176.6,601.0,1563.0,684.5,2926.37358490566,98.62641509433979,3.370260571071936
Andaman & Nicobar Islands,1961,82.1,99.4,33.2,88.1,973.1,383.3,304.9,557.1,612.0,379.9,280.6,144.5,3938.2,181.5,1094.5,1857.3,805.0,2926.37358490566,1011.8264150943396,34.576119068097675
Andaman & Nicobar Islands,1962,152.4,14.9,17.3,46.4,310.4,367.7,409.1,420.6,474.5,259.8,101.7,384.9,2959.7,167.3,374.1,1671.9,746.4,2926.37358490566,33.32641509433961,1.1388298222154016
Andaman & Nicobar Islands,1963,79.9,26.8,7.4,69.5,259.9,434.7,303.3,601.2,614.3,295.5,109.3,179.9,2981.7,106.7,336.8,1953.5,584.7,2926.37358490566,55.32641509433961,1.8906135354595615
Andaman & Nicobar Islands,1964,65.5,21.9,3.1,18.1,530.6,465.3,287.3,472.1,521.2,218.9,349.2,101.6,3054.8,87.4,551.8,1745.9,669.8,2926.37358490566,128.42641509433997,4.388585782648121
Andaman & Nicobar Islands,1965,11.8,30.4,25.3,51.0,292.3,408.8,392.1,396.6,576.8,290.5,187.9,500.4,3163.8,42.2,368.5,1774.3,978.8,2926.37358490566,237.42641509433997,8.113332361903277
Andaman & Nicobar Islands,1966,79.8,4.2,12.0,38.7,376.9,148.8,433.5,335.6,454.1,171.9,333.8,311.9,2701.2,83.9,427.6,1372.1,817.6,2926.37358490566,-225.1735849056604,-7.694628808403473
Andaman & Nicobar Islands,1967,164.6,21.6,30.0,63.4,516.4,340.8,537.8,614.3,303.5,427.5,99.7,97.0,3216.4,186.2,609.7,1796.4,624.1,2926.37358490566,290.0264150943399,9.910778876296126
Andaman & Nicobar Islands,1968,22.1,1.3,4.2,81.5,297.6,545.2,519.3,242.0,496.8,281.6,152.0,119.2,2762.8,23.4,383.3,1803.3,552.8,2926.37358490566,-163.57358490566003,-5.589634411319814
Andaman & Nicobar Islands,1969,106.3,64.7,14.6,20.8,317.3,422.8,345.2,281.4,489.8,146.8,343.7,65.8,2619.0,171.0,352.7,1539.1,556.3,2926.37358490566,-307.3735849056602,-10.503566136979371
Andaman & Nicobar Islands,1970,72.2,34.0,7.8,58.2,422.7,407.3,564.6,342.9,423.5,386.6,418.4,232.7,3370.8,106.2,488.7,1738.2,1037.7,2926.37358490566,444.42641509434,15.186933663791505
Andaman & Nicobar Islands,1971,41.5,32.8,37.7,35.3,398.0,394.6,421.1,327.9,470.2,505.3,178.4,155.9,2998.6,74.3,471.0,1613.7,839.6,2926.37358490566,72.2264150943397,2.4681201151789414
Andaman & Nicobar Islands,1972,13.7,1.7,7.5,178.3,420.2,470.0,544.6,384.9,444.5,263.8,413.9,180.0,3323.0,15.3,605.9,1844.0,857.7,2926.37358490566,396.6264150943398,13.553512686833733
Andaman & Nicobar Islands,1973,18.1,20.3,30.5,29.6,418.6,488.6,371.4,370.3,357.5,247.2,349.8,289.1,2991.1,38.5,478.7,1587.8,886.1,2926.37358490566,64.7264150943397,2.211830212936614
Andaman & Nicobar Islands,1974,22.2,43.9,17.2,301.4,353.3,343.8,257.1,456.2,321.6,398.4,372.2,74.8,2962.0,66.0,672.0,1378.7,845.3,2926.37358490566,35.62641509433979,1.2174253922363882
Andaman & Nicobar Islands,1975,276.9,27.5,8.0,24.2,362.9,706.3,173.6,357.4,351.8,373.6,323.7,99.7,3085.7,304.4,395.2,1589.1,797.0,2926.37358490566,159.3264150943396,5.444500179886497
Andaman & Nicobar Islands,1976,20.9,9.7,0.6,161.6,551.4,441.4,382.1,487.7,387.0,166.8,307.2,359.6,3276.0,30.6,713.5,1698.2,833.7,2926.37358490566,349.6264150943398,11.947429299448483
Andaman & Nicobar Islands,1977,79.7,43.2,6.1,6.9,275.3,339.3,341.1,345.5,467.1,263.6,153.3,67.1,2388.2,122.9,288.3,1492.9,484.1,2926.37358490566,-538.1735849056604,-18.390460728649924
Andaman & Nicobar Islands,1978,109.6,29.3,18.9,63.4,343.6,462.2,656.6,346.3,310.8,243.7,83.4,44.6,2712.4,138.9,425.9,1775.9,371.6,2926.37358490566,-213.97358490566012,-7.311902554388255
Andaman & Nicobar Islands,1979,35.5,9.4,3.9,64.8,146.3,282.8,455.9,173.6,330.2,163.5,169.8,13.6,1849.4,44.9,215.0,1242.5,347.0,2926.37358490566,-1076.9735849056601,-36.8023273057387
Andaman & Nicobar Islands,1980,5.5,0.8,9.2,38.8,728.4,604.2,575.7,494.4,271.9,252.0,143.7,500.7,3625.3,6.3,776.5,1946.3,896.3,2926.37358490566,698.92641509434,23.883704346547805
Andaman & Nicobar Islands,1981,11.1,27.8,1.7,94.1,270.8,600.6,344.1,510.7,452.6,242.1,348.4,170.7,3074.8,38.9,366.7,1908.0,761.2,2926.37358490566,148.42641509433997,5.072025521960994
Andaman & Nicobar Islands,1982,8.8,2.8,6.6,97.5,229.2,448.7,410.5,347.6,369.0,164.5,238.8,60.5,2384.5,11.6,333.3,1575.8,463.8,2926.37358490566,-541.8735849056602,-18.5168970804228
Andaman & Nicobar Islands,1983,22.1,0.0,3.1,9.1,240.8,424.3,468.9,493.8,505.5,275.8,261.0,88.1,2792.4,22.1,253.0,1892.4,624.9,2926.37358490566,-133.97358490566012,-4.578143597136766
Andaman & Nicobar Islands,1984,69.4,173.8,26.3,156.6,162.3,424.9,446.4,125.8,283.6,347.1,158.9,445.2,2820.3,243.2,345.2,1280.7,951.2,2926.37358490566,-106.07358490566003,-3.6247451607953054
Andaman & Nicobar Islands,1985,12.0,19.2,24.1,55.0,278.1,588.4,230.9,375.2,362.5,358.9,232.1,94.4,2630.8,31.2,357.2,1557.0,685.4,2926.37358490566,-295.57358490566,-10.10033669078477
Andaman & Nicobar Islands,1986,14.8,0.6,1.5,8.2,302.6,312.2,308.5,444.0,408.9,176.1,163.5,47.0,2187.8,15.4,312.3,1473.6,386.5,2926.37358490566,-738.57358490566,-25.23852691656489
Andaman & Nicobar Islands,1987,72.4,35.2,20.4,17.7,162.9,343.7,45.3,666.5,378.9,373.4,313.4,334.1,2764.0,107.6,200.9,1434.5,1021.0,2926.37358490566,-162.3735849056602,-5.5486280269610475
Andaman & Nicobar Islands,1988,10.2,39.9,28.0,82.7,427.5,357.4,495.6,354.2,603.3,271.4,583.0,69.9,3323.0,50.1,538.1,1810.5,924.3,2926.37358490566,396.6264150943398,13.553512686833733
Andaman & Nicobar Islands,1989,56.0,12.8,68.1,42.6,379.3,414.9,380.1,413.2,215.9,291.8,255.0,4.0,2533.6,68.8,490.0,1424.1,550.7,2926.37358490566,-392.7735849056603,-13.421853823845339
Andaman & Nicobar Islands,1990,13.4,0.2,24.6,87.5,424.6,291.0,213.2,293.3,310.4,133.6,291.1,100.3,2183.4,13.6,536.8,1108.0,525.1,2926.37358490566,-742.9735849056601,-25.38888365921373
Andaman & Nicobar Islands,1991,14.1,3.8,28.0,132.9,191.3,165.7,547.2,486.5,489.9,287.6,130.1,58.5,2535.8,18.0,352.2,1689.3,476.2,2926.37358490566,-390.57358490566,-13.346675452520914
Andaman & Nicobar Islands,1992,75.9,10.9,0.0,5.1,241.7,392.0,348.2,372.3,323.7,257.3,64.3,7.2,2098.7,86.8,246.8,1436.2,328.8,2926.37358490566,-827.6735849056604,-28.283250955203755
Andaman & Nicobar Islands,1993,14.9,0.0,129.9,43.7,181.4,257.1,391.7,226.7,437.0,299.3,189.0,66.7,2237.4,14.9,355.0,1312.5,555.0,2926.37358490566,-688.9735849056601,-23.54359636306897
Andaman & Nicobar Islands,1994,7.2,35.5,129.4,154.6,403.2,386.3,569.7,460.5,775.1,137.5,180.3,23.8,3262.8,42.6,687.2,2191.5,341.5,2926.37358490566,336.42641509434,11.496359071501994
Andaman & Nicobar Islands,1995,51.8,12.5,12.1,21.1,314.8,450.4,501.4,555.8,426.4,294.7,452.9,21.6,3115.4,64.3,348.1,1933.9,769.2,2926.37358490566,189.02641509433988,6.459408192766122
Andaman & Nicobar Islands,1996,52.2,4.8,3.4,122.7,298.0,559.2,335.5,328.0,541.6,318.5,254.2,178.8,2996.9,57.0,424.1,1764.3,751.5,2926.37358490566,70.52641509433988,2.4100277373373538
Andaman & Nicobar Islands,1997,9.5,0.0,0.2,15.6,281.1,199.5,918.5,430.6,440.2,128.7,292.8,38.4,2755.1,9.5,296.9,1988.8,459.9,2926.37358490566,-171.2735849056603,-5.852758710955279
Andaman & Nicobar Islands,1998,0.9,0.0,0.0,0.0,348.9,600.0,364.5,258.9,337.8,618.6,227.8,89.0,2846.4,0.9,348.9,1561.2,935.4,2926.37358490566,-79.97358490566012,-2.732856300992011
Andaman & Nicobar Islands,1999,46.8,44.6,14.2,270.6,257.4,295.0,408.5,329.2,325.3,437.5,124.9,145.7,2699.7,91.4,542.2,1358.0,708.1,2926.37358490566,-226.6735849056604,-7.745886788851938
Andaman & Nicobar Islands,2000,53.0,59.0,171.3,218.1,422.8,357.0,176.3,460.8,250.1,321.2,158.3,115.2,2763.2,112.0,812.2,1244.2,594.7,2926.37358490566,-163.1735849056604,-5.575965616533569
Andaman & Nicobar Islands,2001,89.0,15.7,143.3,30.1,705.3,370.7,341.3,469.0,334.4,267.6,222.6,91.8,3080.9,104.7,878.7,1515.4,582.0,2926.37358490566,154.52641509433988,5.280474642451417
Andaman & Nicobar Islands,2002,10.6,0.0,11.5,100.2,366.7,358.3,317.4,429.8,420.0,169.0,306.7,129.9,2620.2,10.7,478.4,1525.6,605.5,2926.37358490566,-306.1735849056604,-10.462559752620605
Andaman & Nicobar Islands,2003,44.3,7.9,149.2,19.4,296.3,159.9,494.9,379.4,371.9,310.4,74.1,48.0,2355.9,52.2,465.0,1406.1,432.5,2926.37358490566,-570.4735849056601,-19.494215907640204
Andaman & Nicobar Islands,2004,54.5,35.9,36.5,41.6,505.1,423.9,378.9,308.7,280.7,223.9,169.9,0.4,2460.1,90.4,583.2,1392.2,394.2,2926.37358490566,-466.2735849056603,-15.933494865820144
Andaman & Nicobar Islands,2005,0.0,0.0,20.3,51.1,305.3,452.4,429.3,311.1,507.5,293.5,300.1,283.9,2954.7,0.0,376.8,1700.4,877.5,2926.37358490566,28.32641509433961,0.9679698873871836
Andaman & Nicobar Islands,2006,16.3,14.4,48.9,163.7,321.4,366.0,182.7,219.6,546.5,374.7,76.1,74.4,2404.7,30.7,534.0,1314.9,525.2,2926.37358490566,-521.6735849056604,-17.826622943716806
Andaman & Nicobar Islands,2007,4.9,1.6,5.0,54.6,370.0,378.3,463.2,465.3,486.4,209.4,223.9,85.6,2748.0,6.5,429.6,1793.1,518.9,2926.37358490566,-178.3735849056602,-6.095379818411346
Andaman & Nicobar Islands,2008,9.9,67.7,115.8,216.1,545.5,457.8,511.2,482.1,332.0,243.7,321.1,72.0,3374.8,77.6,877.3,1783.1,636.8,2926.37358490566,448.42641509434,15.323621611654078
Andaman & Nicobar Islands,2009,24.5,6.3,44.2,136.5,313.1,633.5,297.3,351.5,344.7,272.8,66.2,48.0,2538.6,30.8,493.7,1627.1,386.9,2926.37358490566,-387.7735849056603,-13.25099388901712
Andaman & Nicobar Islands,2010,101.7,8.0,0.7,12.5,319.0,448.9,521.9,563.8,263.3,402.4,268.5,246.4,3157.1,109.8,332.2,1797.8,917.3,2926.37358490566,230.7264150943397,7.884380049233454
Andaman & Nicobar Islands,2011,265.9,84.8,272.8,111.4,326.5,383.2,583.2,441.5,757.1,212.3,150.8,238.5,3828.0,350.7,710.7,2165.0,601.6,2926.37358490566,901.6264150943398,30.810366104483762
Andaman & Nicobar Islands,2012,119.9,45.6,30.9,55.8,533.9,458.2,317.3,369.6,868.9,209.7,300.5,187.3,3497.6,165.6,620.5,2014.0,697.5,2926.37358490566,571.2264150943397,19.519941611035105
Andaman & Nicobar Islands,2013,67.1,37.6,43.0,46.3,509.3,777.0,564.8,336.7,473.6,455.8,354.2,92.3,3757.8,104.7,598.6,2152.1,902.4,2926.37358490566,831.42641509434,28.411492619495583
Andaman & Nicobar Islands,2014,41.9,8.6,0.0,11.1,238.0,416.6,467.6,321.6,412.9,402.6,201.2,100.4,2622.4,50.5,249.1,1618.7,704.2,2926.37358490566,-303.9735849056601,-10.38738138129618
Andaman & Nicobar Islands,2015,126.8,7.6,3.1,138.2,331.9,346.4,328.9,480.0,523.3,252.1,236.3,129.9,2904.6,134.4,473.2,1678.6,618.4,2926.37358490566,-21.7735849056603,-0.7440466595915584
Andaman & Nicobar Islands,2016,72.0,15.8,5.4,2.4,191.1,429.4,301.2,227.7,604.3,287.2,181.7,533.7,2851.9,87.8,198.9,1562.6,1002.6,2926.37358490566,-74.47358490566012,-2.5449103726809708
Andaman & Nicobar Islands,2017,228.7,5.6,33.0,108.3,275.8,349.1,389.4,414.7,372.8,263.0,205.9,243.7,2890.0,234.2,417.1,1526.0,712.6,2926.37358490566,-36.37358490566021,-1.242957669289952
Arunachal Pradesh,1918,10.4,11.0,191.2,144.6,861.1,1609.9,1303.0,692.6,515.8,125.2,7.8,13.7,5486.3,21.4,1196.9,4121.3,146.7,3403.9591397849463,2082.340860215054,61.17408507866552
Arunachal Pradesh,1919,34.5,67.8,28.5,256.9,420.6,973.6,999.0,286.7,628.7,948.3,40.7,8.6,4693.9,102.3,706.0,2888.0,997.6,3403.9591397849463,1289.9408602150534,37.895309762635655
Arunachal Pradesh,1920,14.0,196.3,605.6,364.7,173.6,840.6,535.4,896.5,376.7,103.3,0.0,0.0,4106.7,210.3,1143.9,2649.2,103.3,3403.9591397849463,702.7408602150535,20.64480892269027
Arunachal Pradesh,1921,78.9,54.3,180.3,358.0,598.0,1233.2,1433.0,885.9,603.4,246.3,4.6,15.5,5691.4,133.2,1136.3,4155.5,266.4,3403.9591397849463,2287.4408602150534,67.19942179915732
Arunachal Pradesh,1922,50.7,59.4,170.4,299.5,350.5,1109.3,918.7,488.3,207.6,483.5,30.3,19.0,4187.2,110.1,820.4,2723.9,532.8,3403.9591397849463,783.2408602150535,23.00970217476044
Arunachal Pradesh,1923,9.4,160.8,34.0,240.9,445.4,408.6,1278.5,251.3,617.3,50.1,8.4,2.8,3507.5,170.2,720.3,2555.7,61.3,3403.9591397849463,103.54086021505373,3.041777411628836
Arunachal Pradesh,1924,85.7,45.1,74.1,162.4,515.7,1165.0,942.7,713.8,410.8,303.3,31.9,0.0,4450.5,130.8,752.2,3232.3,335.2,3403.9591397849463,1046.5408602150537,30.744812650165116
Arunachal Pradesh,1925,80.6,114.0,143.3,223.0,587.2,611.6,611.0,684.7,1222.0,153.2,5.1,4.1,4439.8,194.6,953.5,3129.3,162.4,3403.9591397849463,1035.840860215054,30.430472801753304
Arunachal Pradesh,1926,38.1,40.8,179.1,249.7,248.1,675.2,978.7,445.6,286.9,311.5,18.6,49.3,3521.6,78.9,676.9,2386.4,379.4,3403.9591397849463,117.64086021505364,3.456000950190192
Arunachal Pradesh,1927,48.3,208.5,88.1,384.0,164.0,1045.4,923.2,727.8,1108.9,537.2,17.8,0.0,5253.2,256.8,636.1,3805.3,555.0,3403.9591397849463,1849.2408602150535,54.32617679223624
Arunachal Pradesh,1928,48.9,39.7,118.2,123.4,431.9,1168.3,993.6,981.2,706.1,633.5,25.6,2.3,5272.7,88.6,673.5,3849.2,661.4,3403.9591397849463,1868.7408602150535,54.89903913279981
Arunachal Pradesh,1929,144.8,59.2,124.3,492.3,615.8,853.0,614.4,670.0,384.3,188.0,64.5,109.5,4320.2,204.1,1232.4,2521.8,362.0,3403.9591397849463,916.2408602150535,26.91691711296333
Arunachal Pradesh,1930,64.4,84.3,202.5,565.4,148.9,720.9,376.2,1055.5,637.0,361.1,93.2,24.9,4334.1,148.7,916.8,2789.5,479.1,3403.9591397849463,930.1408602150541,27.32526514033944
Arunachal Pradesh,1931,61.3,189.7,231.6,502.7,277.7,1149.4,1399.9,337.7,480.7,157.4,37.8,46.2,4872.1,251.0,1012.0,3367.7,241.3,3403.9591397849463,1468.140860215054,43.13039022870902
Arunachal Pradesh,1932,70.2,110.3,105.5,282.7,661.6,1065.2,521.2,907.8,682.9,152.2,231.4,59.9,4850.9,180.5,1049.8,3177.1,443.5,3403.9591397849463,1446.9408602150534,42.507586043070646
Arunachal Pradesh,1933,56.0,59.4,101.6,267.9,435.3,782.1,743.2,685.2,376.1,217.9,40.6,8.1,3773.3,115.4,804.8,2586.5,266.6,3403.9591397849463,369.3408602150539,10.850331776849353
Arunachal Pradesh,1934,84.9,88.3,128.3,595.1,454.5,1024.6,935.9,640.9,382.6,141.6,77.0,21.9,4575.7,173.2,1177.9,2984.0,240.6,3403.9591397849463,1171.7408602150535,34.42288265214257
Arunachal Pradesh,1935,18.1,143.6,169.7,211.2,299.9,1147.1,489.9,968.8,631.6,21.8,44.4,27.4,4173.7,161.8,680.9,3237.5,93.6,3403.9591397849463,769.7408602150535,22.61310516975488
Arunachal Pradesh,1936,105.9,175.2,151.7,374.7,295.7,833.1,1132.8,668.4,584.3,216.5,122.8,127.6,4788.9,281.1,822.2,3218.6,467.0,3403.9591397849463,1384.9408602150534,40.686177575637714
Arunachal Pradesh,1937,19.9,105.6,91.2,261.0,399.0,456.4,611.6,816.9,339.7,239.8,16.7,17.3,3375.1,125.5,751.2,2224.6,273.8,3403.9591397849463,-28.859139784946365,-0.8478109930182538
Arunachal Pradesh,1938,144.8,121.6,340.5,395.3,306.5,1511.3,1355.1,790.8,877.3,220.6,59.7,5.6,6129.0,266.4,1042.3,4534.5,285.8,3403.9591397849463,2725.0408602150537,80.05504027252263
Arunachal Pradesh,1939,13.6,140.5,112.7,388.1,314.6,1132.5,838.5,310.2,476.4,157.6,6.2,7.7,3898.7,154.2,815.5,2757.6,171.4,3403.9591397849463,494.74086021505354,14.534277290012065
Arunachal Pradesh,1940,12.7,168.5,381.8,133.9,480.5,511.0,1067.9,340.5,791.4,154.6,12.4,44.3,4099.3,181.2,996.2,2710.7,211.3,3403.9591397849463,695.3408602150539,20.427415008835386
Arunachal Pradesh,1941,37.4,101.7,157.9,245.4,652.4,518.1,935.9,729.2,687.0,89.7,19.6,45.9,4220.2,139.1,1055.7,2870.3,155.2,3403.9591397849463,816.2408602150535,23.97916152032958
Arunachal Pradesh,1942,15.8,164.9,277.8,272.4,618.9,1182.6,457.5,438.9,357.6,8.7,32.1,1.1,3828.2,180.7,1169.1,2436.6,41.9,3403.9591397849463,424.24086021505354,12.463159597205271
Arunachal Pradesh,1943,164.5,46.3,286.3,322.6,656.6,712.3,688.1,501.0,727.7,155.4,43.0,22.8,4326.7,210.8,1265.4,2629.2,221.3,3403.9591397849463,922.7408602150535,27.107871226484527
Arunachal Pradesh,1944,73.1,67.0,128.4,179.9,664.6,935.9,483.6,307.4,656.1,334.8,26.0,47.5,3904.3,140.1,972.9,2383.0,408.4,3403.9591397849463,500.3408602150539,14.698791603199568
Arunachal Pradesh,1945,43.4,107.8,151.3,282.9,366.0,420.2,960.0,771.3,328.6,187.7,1.3,28.7,3649.3,151.2,800.2,2480.1,217.7,3403.9591397849463,245.3408602150539,7.2075148419835005
Arunachal Pradesh,1946,1.8,73.2,141.7,238.3,631.2,448.6,1212.2,478.7,540.4,215.9,25.4,3.8,4011.2,75.1,1011.2,2679.9,245.1,3403.9591397849463,607.2408602150535,17.839252331725035
Arunachal Pradesh,1947,37.8,68.5,158.6,460.2,494.4,650.2,1245.0,417.9,503.8,297.3,9.5,25.9,4369.1,106.3,1113.2,2816.9,332.6,3403.9591397849463,965.1408602150541,28.35347959776125
Arunachal Pradesh,1948,35.6,119.5,136.1,441.1,1168.6,889.5,2362.8,603.3,350.4,150.1,52.7,21.4,6331.1,155.1,1745.8,4206.0,224.2,3403.9591397849463,2927.140860215054,85.99224432523546
Arunachal Pradesh,1949,80.1,88.1,287.4,436.9,567.2,943.9,1002.0,672.6,482.0,224.9,39.6,50.1,4874.7,168.1,1291.5,3100.5,314.6,3403.9591397849463,1470.7408602150535,43.206771874117486
Arunachal Pradesh,1951,31.8,65.3,309.9,441.0,344.5,757.8,554.7,278.5,383.7,101.8,46.2,39.1,3354.2,97.1,1095.3,1974.7,187.1,3403.9591397849463,-49.759139784946456,-1.4618019118787107
Arunachal Pradesh,1952,17.2,24.5,189.6,151.5,235.1,276.8,320.6,481.1,368.2,257.9,43.9,29.7,2396.1,41.7,576.2,1446.7,331.5,3403.9591397849463,-1007.8591397849464,-29.60843824490268
Arunachal Pradesh,1958,98.4,67.5,32.9,138.5,698.6,511.2,457.7,1664.6,705.2,669.4,2.5,17.0,5063.5,165.9,870.0,3338.7,688.9,3403.9591397849463,1659.5408602150537,48.753254433010014
Arunachal Pradesh,1959,83.2,137.9,104.5,146.4,671.8,812.9,1137.7,333.2,508.8,247.0,12.1,0.0,4195.5,221.1,922.7,2792.6,259.1,3403.9591397849463,791.5408602150537,23.25353588894905
Arunachal Pradesh,1960,8.0,26.8,53.2,137.1,210.7,653.9,1296.8,251.3,1034.8,13.0,13.4,10.4,3709.4,34.8,401.0,3236.8,36.8,3403.9591397849463,305.4408602150538,8.973105953156383
Arunachal Pradesh,1961,50.0,204.2,289.6,181.0,492.3,595.5,738.3,547.9,256.2,260.5,57.1,3.9,3676.5,254.2,962.9,2137.9,321.5,3403.9591397849463,272.5408602150537,8.006584363179876
Arunachal Pradesh,1963,14.6,35.2,168.6,262.6,346.4,755.4,817.4,1199.3,366.4,136.4,20.0,15.7,4138.0,49.8,777.6,3138.5,172.1,3403.9591397849463,734.0408602150537,21.56432642318464
Arunachal Pradesh,1964,55.4,90.3,81.1,219.7,286.4,1432.8,1506.1,492.1,465.1,246.2,12.2,71.9,4959.3,145.7,587.2,3896.1,330.3,3403.9591397849463,1555.340860215054,45.692113105485646
Arunachal Pradesh,1965,37.4,120.7,103.7,254.4,306.9,404.7,315.8,351.3,172.9,51.5,72.6,4.9,2196.8,158.1,665.0,1244.7,129.0,3403.9591397849463,-1207.159139784946,-35.46338514102174
Arunachal Pradesh,1966,22.4,91.5,98.4,180.2,177.9,473.2,432.7,411.6,197.6,78.9,39.0,6.3,2209.6,113.8,456.5,1515.1,124.2,3403.9591397849463,-1194.3591397849464,-35.08735242516463
Arunachal Pradesh,1967,13.3,45.5,147.9,96.6,164.0,253.1,434.5,220.8,212.8,58.5,10.0,11.5,1668.5,58.8,408.5,1121.2,80.0,3403.9591397849463,-1735.4591397849463,-50.98354793690586
Arunachal Pradesh,1968,54.2,41.4,135.9,117.6,307.2,510.1,404.8,227.5,243.5,75.8,12.5,8.4,2139.0,95.7,560.7,1385.9,96.8,3403.9591397849463,-1264.9591397849463,-37.16140787356406
Arunachal Pradesh,1969,19.2,10.0,33.8,127.0,202.3,412.3,405.1,333.9,241.4,42.9,34.8,15.1,1877.7,29.2,363.1,1392.7,92.8,3403.9591397849463,-1526.2591397849462,-44.83776323711604
Arunachal Pradesh,1970,49.2,78.8,57.4,108.8,213.4,409.6,377.9,245.4,287.4,138.6,6.9,0.0,1973.4,128.0,379.7,1320.2,145.5,3403.9591397849463,-1430.5591397849462,-42.026331134965545
Arunachal Pradesh,1971,56.0,67.8,47.1,121.8,222.4,446.0,385.5,288.2,239.6,235.1,67.8,7.3,2184.5,123.8,391.3,1359.3,310.2,3403.9591397849463,-1219.4591397849463,-35.824729078915695
Arunachal Pradesh,1972,39.2,114.2,108.3,231.5,299.5,314.4,438.3,270.7,334.5,83.3,25.9,21.5,2281.3,153.5,639.3,1357.9,130.7,3403.9591397849463,-1122.659139784946,-32.980981665246226
Arunachal Pradesh,1973,136.4,147.1,82.3,215.3,256.5,571.1,284.8,271.3,258.3,110.2,88.9,35.4,2457.5,283.5,554.0,1385.5,234.4,3403.9591397849463,-946.4591397849463,-27.804656311025553
Arunachal Pradesh,1974,130.9,95.4,127.8,272.6,248.3,466.7,648.9,446.8,461.2,121.1,14.0,30.3,3063.9,226.3,648.7,2023.5,165.4,3403.9591397849463,-340.0591397849462,-9.990106397294483
Arunachal Pradesh,1975,17.3,76.9,101.7,165.1,188.0,268.5,427.0,185.2,297.0,451.6,21.5,13.6,2213.3,94.2,454.8,1177.7,486.6,3403.9591397849463,-1190.659139784946,-34.97865546823717
Arunachal Pradesh,1976,8.9,112.9,168.0,229.3,210.7,506.3,375.4,357.4,177.5,139.7,87.9,45.6,2419.5,121.8,608.0,1416.7,273.1,3403.9591397849463,-984.4591397849463,-28.921003436226382
Arunachal Pradesh,1977,71.2,133.5,209.3,560.2,417.8,543.5,484.7,610.1,311.9,213.5,141.0,77.7,3774.3,204.6,1187.3,1950.2,432.2,3403.9591397849463,370.3408602150539,10.87970933277569
Arunachal Pradesh,1978,37.1,82.2,150.6,216.4,345.6,577.2,357.5,172.4,310.4,133.0,146.1,2.5,2531.0,119.3,712.6,1417.4,281.6,3403.9591397849463,-872.9591397849463,-25.64540595043975
Arunachal Pradesh,1979,47.4,81.6,138.2,158.8,210.3,239.4,665.4,296.9,417.5,409.6,27.4,81.2,2773.6,129.0,507.2,1619.2,518.3,3403.9591397849463,-630.3591397849464,-18.51841088271027
Arunachal Pradesh,1980,65.6,130.4,251.4,372.0,245.5,530.9,514.1,544.7,367.4,185.4,7.8,0.2,3215.3,195.9,868.9,1957.1,193.3,3403.9591397849463,-188.6591397849461,-5.542344430046981
Arunachal Pradesh,1981,93.1,136.1,255.2,197.4,285.0,494.9,549.3,360.6,262.6,71.8,29.3,55.5,2790.9,229.2,737.6,1667.4,156.7,3403.9591397849463,-613.0591397849462,-18.010179165184624
Arunachal Pradesh,1982,6.4,100.4,151.2,335.3,241.4,429.8,593.0,197.0,526.6,82.3,53.8,62.2,2779.5,106.8,727.9,1746.4,198.3,3403.9591397849463,-624.4591397849463,-18.345083302744875
Arunachal Pradesh,1983,65.4,171.1,217.6,351.2,301.9,551.0,563.2,389.9,476.4,191.7,14.9,40.8,3335.3,236.5,870.7,1980.6,247.4,3403.9591397849463,-68.65913978494609,-2.017037718886479
Arunachal Pradesh,1984,98.1,42.8,166.9,389.3,448.7,417.3,671.0,309.2,455.5,184.1,5.7,89.5,3278.0,140.8,1004.9,1853.0,279.3,3403.9591397849463,-125.95913978494627,-3.700371673465624
Arunachal Pradesh,1985,54.1,81.0,255.6,347.1,345.5,506.0,657.8,326.3,502.2,116.6,25.4,48.8,3266.2,135.0,948.2,1992.2,190.7,3403.9591397849463,-137.75913978494646,-4.047026833396412
Arunachal Pradesh,1986,19.3,90.1,122.8,335.3,101.8,402.5,453.7,355.3,387.6,176.6,36.6,14.0,2495.6,109.5,559.8,1599.1,227.2,3403.9591397849463,-908.3591397849464,-26.685371430232095
Arunachal Pradesh,1987,3.7,72.5,147.7,352.0,230.8,501.5,754.9,558.8,646.6,101.1,24.1,39.6,3433.2,76.2,730.4,2461.9,164.8,3403.9591397849463,29.240860215053544,0.8590250063019531
Arunachal Pradesh,1988,50.9,118.3,250.7,278.9,535.9,287.0,868.1,815.6,486.3,416.4,34.2,13.1,4155.3,169.2,1065.4,2457.0,463.6,3403.9591397849463,751.3408602150539,22.07255814071028
Arunachal Pradesh,1989,52.6,171.9,92.9,388.7,239.7,484.2,640.7,305.3,526.5,281.7,77.9,19.6,3281.6,224.5,721.2,1956.8,379.1,3403.9591397849463,-122.35913978494636,-3.5946124721308115
Arunachal Pradesh,1990,54.8,112.4,149.0,289.9,366.2,857.2,534.0,352.8,625.5,240.6,2.0,19.7,3604.0,167.2,805.1,2369.5,262.3,3403.9591397849463,200.04086021505373,5.876711558520406
Arunachal Pradesh,1991,24.9,86.0,110.7,193.3,423.7,608.3,607.7,603.4,484.5,189.0,22.2,80.8,3434.4,110.9,727.7,2303.9,291.9,3403.9591397849463,30.440860215053817,0.8942780734135661
Arunachal Pradesh,1992,33.2,128.9,184.6,196.4,239.2,522.9,557.2,294.3,328.2,201.5,11.5,8.9,2707.0,162.1,620.3,1702.7,221.8,3403.9591397849463,-696.9591397849463,-20.474956107404346
Arunachal Pradesh,1993,95.7,125.4,134.4,130.6,408.3,569.5,619.2,691.9,323.1,228.6,14.7,7.5,3348.9,221.1,673.3,2203.7,250.8,3403.9591397849463,-55.05913978494618,-1.6175029582882912
Arunachal Pradesh,1994,48.2,72.6,215.3,232.1,382.9,416.1,233.0,280.2,225.0,161.6,14.1,6.2,2287.4,120.8,830.3,1154.4,181.9,3403.9591397849463,-1116.5591397849462,-32.801778574095565
Arunachal Pradesh,1995,20.6,79.9,84.3,198.8,363.9,686.9,714.5,328.8,425.1,82.4,51.0,32.6,3068.8,100.5,647.1,2155.2,166.0,3403.9591397849463,-335.1591397849461,-9.846156373255427
Arunachal Pradesh,1996,35.7,56.2,163.6,171.4,398.2,316.2,593.0,372.1,191.2,212.5,9.1,1.4,2520.5,91.8,733.1,1472.5,223.0,3403.9591397849463,-883.4591397849463,-25.95387028766629
Arunachal Pradesh,1997,26.2,68.5,158.5,94.7,212.6,548.0,395.2,237.0,403.5,58.5,45.9,26.3,2274.9,94.6,465.8,1583.7,130.7,3403.9591397849463,-1129.0591397849462,-33.16899802317479
Arunachal Pradesh,1998,26.7,78.8,193.6,125.0,275.0,839.8,823.8,807.0,236.8,187.2,20.5,2.5,3616.7,105.6,593.6,2707.4,210.2,3403.9591397849463,212.74086021505354,6.2498065187848875
Arunachal Pradesh,1999,7.9,6.1,40.4,159.6,343.2,450.0,376.9,438.1,254.0,207.9,28.3,4.3,2316.6,14.0,543.2,1519.0,240.4,3403.9591397849463,-1087.3591397849464,-31.943953941046516
Arunachal Pradesh,2000,54.1,47.1,139.9,293.8,267.2,459.8,395.4,387.4,407.4,81.3,53.9,9.6,2596.8,101.2,700.8,1650.0,144.8,3403.9591397849463,-807.1591397849461,-23.712362770486735
Arunachal Pradesh,2001,53.1,66.6,134.9,229.9,195.6,277.2,302.6,279.9,288.1,173.8,19.3,14.9,2036.0,119.7,560.5,1147.8,208.0,3403.9591397849463,-1367.9591397849463,-40.187296133976815
Arunachal Pradesh,2002,74.2,37.2,126.3,248.2,197.1,396.8,604.0,290.7,257.9,94.0,45.0,17.9,2389.2,111.4,571.6,1549.4,156.9,3403.9591397849463,-1014.7591397849465,-29.811143380794412
Arunachal Pradesh,2003,22.9,83.2,109.6,182.0,173.5,424.3,645.3,327.2,259.9,182.6,25.0,16.2,2451.8,106.1,465.2,1656.6,223.9,3403.9591397849463,-952.1591397849461,-27.97210837980567
Arunachal Pradesh,2004,38.0,39.1,175.5,210.2,298.7,402.9,654.3,243.0,278.5,184.8,5.6,15.2,2545.7,77.1,684.3,1578.7,205.6,3403.9591397849463,-858.2591397849465,-25.21355587832259
Arunachal Pradesh,2005,48.4,167.6,229.5,195.3,179.8,269.3,430.8,400.0,243.6,139.3,28.6,3.3,2335.5,216.0,604.6,1343.7,171.2,3403.9591397849463,-1068.4591397849463,-31.388718134038733
Arunachal Pradesh,2006,6.0,103.7,63.3,202.7,321.7,520.4,382.2,227.6,263.2,77.2,69.7,21.7,2259.6,109.7,587.7,1393.5,168.7,3403.9591397849463,-1144.3591397849464,-33.61847462884775
Arunachal Pradesh,2007,13.4,97.4,48.1,292.4,250.4,530.2,761.0,364.6,529.3,102.6,24.3,6.9,3020.7,110.8,590.9,2185.1,133.9,3403.9591397849463,-383.25913978494646,-11.259216813312271
Arunachal Pradesh,2008,76.7,39.7,122.6,192.4,185.0,423.6,456.1,439.3,189.7,115.1,1.7,2.6,2244.4,116.4,499.9,1508.7,119.4,3403.9591397849463,-1159.5591397849462,-34.06501347892808
Arunachal Pradesh,2009,18.0,92.8,72.1,132.7,189.9,259.1,329.9,370.3,152.5,82.9,33.9,15.9,1749.9,110.8,394.7,1111.8,132.7,3403.9591397849463,-1654.0591397849462,-48.59221488450198
Arunachal Pradesh,2010,0.6,13.2,237.8,466.9,312.7,509.9,378.0,321.5,444.2,97.7,58.9,14.2,2855.7,13.9,1017.5,1653.6,170.9,3403.9591397849463,-548.2591397849465,-16.106513541157963
Arunachal Pradesh,2011,40.0,51.3,174.5,240.8,219.6,288.4,531.4,277.6,286.7,51.9,16.2,15.2,2193.7,91.4,634.9,1384.2,83.3,3403.9591397849463,-1210.2591397849465,-35.5544555643934
Arunachal Pradesh,2012,57.8,35.8,134.2,403.4,187.4,645.8,638.9,316.0,724.9,248.1,22.0,26.2,3440.3,93.6,724.9,2325.6,296.3,3403.9591397849463,36.34086021505391,1.0676056533789602
Arunachal Pradesh,2013,18.5,40.5,115.1,175.1,335.8,290.0,329.6,230.2,316.1,164.1,13.3,14.6,2042.9,59.0,626.0,1165.9,192.0,3403.9591397849463,-1361.0591397849462,-39.98459099808508
Arunachal Pradesh,2014,19.0,101.9,80.3,86.7,299.0,415.8,392.4,599.6,343.0,35.1,20.1,10.2,2403.2,120.9,466.0,1750.8,65.4,3403.9591397849463,-1000.7591397849465,-29.39985759782569
Arunachal Pradesh,2015,30.8,47.5,97.5,287.1,238.9,637.9,329.3,595.5,374.2,65.2,33.8,29.8,2767.5,78.3,623.5,1936.9,128.8,3403.9591397849463,-636.4591397849463,-18.697613973860925
Arunachal Pradesh,2016,29.4,73.2,128.4,333.1,278.9,379.4,620.1,145.7,532.9,172.7,8.4,4.6,2706.9,102.6,740.4,1678.2,185.7,3403.9591397849463,-697.0591397849462,-20.477893862996975
Arunachal Pradesh,2017,8.2,86.2,221.8,348.2,257.1,370.8,437.8,456.4,318.6,227.1,9.9,3.4,2745.3,94.4,827.0,1583.5,240.3,3403.9591397849463,-658.6591397849461,-19.349795715425614
Assam & Meghalaya,1901,27.1,19.5,30.6,223.0,207.0,524.9,430.6,464.1,291.4,163.7,115.6,1.2,2498.6,46.6,460.5,1710.9,280.5,2579.133333333333,-80.5333333333333,-3.1224959288649923
Assam & Meghalaya,1902,9.3,10.2,105.6,350.0,262.1,620.7,510.8,536.0,441.3,97.0,7.8,1.3,2952.1,19.4,717.6,2108.9,106.2,2579.133333333333,372.9666666666667,14.46093002817484
Assam & Meghalaya,1903,19.9,25.4,103.6,140.6,206.6,607.4,362.7,551.9,306.4,159.5,59.3,1.3,2544.7,45.4,450.8,1828.5,220.1,2579.133333333333,-34.433333333333394,-1.3350737973996458
Assam & Meghalaya,1904,11.1,56.1,51.9,457.1,375.2,385.7,477.6,438.8,245.9,115.9,46.4,2.5,2664.1,67.1,884.2,1548.0,164.8,2579.133333333333,84.9666666666667,3.2943882958099637
Assam & Meghalaya,1905,19.9,16.9,137.9,213.0,275.5,521.7,439.1,649.1,276.0,200.0,16.8,24.8,2790.6,36.8,626.3,1886.0,241.6,2579.133333333333,211.4666666666667,8.199136660893842
Assam & Meghalaya,1906,9.7,59.2,88.4,263.5,271.3,388.4,541.8,585.9,264.2,165.7,24.9,0.2,2663.4,68.9,623.3,1780.4,190.8,2579.133333333333,84.26666666666688,3.2672473957660277
Assam & Meghalaya,1907,55.8,37.2,109.7,254.8,213.7,509.8,578.9,304.2,401.0,37.6,4.8,13.8,2521.1,93.0,578.1,1793.8,56.2,2579.133333333333,-58.0333333333333,-2.250109856023986
Assam & Meghalaya,1908,16.2,25.1,20.7,176.6,332.7,390.8,477.2,339.4,403.4,91.9,3.8,0.0,2277.8,41.3,530.0,1610.8,95.7,2579.133333333333,-301.33333333333303,-11.683511257011387
Assam & Meghalaya,1909,19.0,8.9,4.4,195.0,310.4,639.4,345.0,445.2,216.4,162.4,24.6,6.3,2377.0,27.9,509.8,1646.0,193.3,2579.133333333333,-202.1333333333332,-7.837257993641271
Assam & Meghalaya,1910,9.2,32.1,152.8,211.5,274.6,582.5,738.3,418.3,247.8,199.7,16.2,4.3,2887.3,41.3,638.9,1986.9,220.2,2579.133333333333,308.16666666666697,11.948458138392754
Assam & Meghalaya,1911,74.2,19.0,93.0,234.0,431.7,534.0,618.6,417.1,387.8,257.4,26.3,3.0,3096.2,93.2,758.7,1957.5,286.8,2579.133333333333,517.0666666666666,20.048078165792123
Assam & Meghalaya,1912,9.0,57.8,126.1,301.0,250.2,482.7,567.0,453.4,236.8,181.5,68.4,9.5,2743.5,66.8,677.4,1739.9,259.5,2579.133333333333,164.3666666666668,6.372941815080006
Assam & Meghalaya,1913,11.9,90.2,118.4,334.2,392.3,458.6,438.0,354.0,279.2,227.7,10.4,45.6,2760.5,102.2,844.9,1529.7,283.7,2579.133333333333,181.3666666666668,7.032077959004322
Assam & Meghalaya,1914,6.3,79.1,69.9,219.6,317.9,403.9,396.4,472.9,292.3,67.6,10.6,7.4,2343.8,85.5,607.4,1565.4,85.6,2579.133333333333,-235.33333333333303,-9.124512110011104
Assam & Meghalaya,1915,9.3,58.9,74.4,201.9,662.9,509.1,738.2,529.1,258.8,108.2,10.0,4.4,3165.1,68.2,939.2,2035.1,122.6,2579.133333333333,585.9666666666667,22.719518184403032
Assam & Meghalaya,1916,20.0,28.0,118.4,227.9,340.6,367.3,475.3,430.7,308.8,244.9,32.8,6.3,2601.1,48.0,686.9,1582.1,284.0,2579.133333333333,21.966666666666697,0.8517072918551463
Assam & Meghalaya,1917,12.8,91.6,38.7,168.8,206.2,584.7,472.8,346.3,313.7,236.6,46.4,1.4,2519.9,104.4,413.6,1717.4,284.4,2579.133333333333,-59.23333333333312,-2.2966371132421664
Assam & Meghalaya,1918,4.6,16.1,125.5,152.2,287.4,659.4,805.0,604.8,373.2,70.7,6.8,1.1,3106.8,20.7,565.1,2442.5,78.6,2579.133333333333,527.666666666667,20.459068937886123
Assam & Meghalaya,1919,13.1,12.4,22.6,162.1,266.9,485.5,459.0,249.1,441.6,185.7,42.5,3.6,2344.2,25.5,451.6,1635.3,231.9,2579.133333333333,-234.9333333333334,-9.109003024271722
Assam & Meghalaya,1920,4.8,51.0,228.1,184.8,282.7,523.8,309.8,521.5,382.6,129.5,3.3,1.8,2623.6,55.8,695.6,1737.6,134.6,2579.133333333333,44.4666666666667,1.7240933646961523
Assam & Meghalaya,1921,35.1,20.3,134.1,324.6,414.8,604.9,542.2,429.4,333.2,142.1,8.5,10.3,2999.7,55.4,873.6,1909.8,160.9,2579.133333333333,420.5666666666666,16.306511231162922
Assam & Meghalaya,1922,16.6,4.9,77.8,168.7,233.1,548.9,418.4,379.4,265.6,129.9,9.3,9.4,2261.9,21.4,479.6,1612.3,148.7,2579.133333333333,-317.2333333333331,-12.299997415152369
Assam & Meghalaya,1923,0.4,59.6,17.1,258.1,397.8,588.6,375.4,267.2,360.9,98.2,11.2,5.9,2440.6,60.0,673.0,1592.1,115.4,2579.133333333333,-138.5333333333333,-5.371313361077363
Assam & Meghalaya,1924,10.6,22.7,20.0,221.9,299.4,473.9,609.0,434.0,346.0,127.0,126.9,0.2,2691.4,33.3,541.3,1862.8,254.0,2579.133333333333,112.26666666666688,4.352883397523724
Assam & Meghalaya,1925,26.4,21.5,53.8,278.3,602.2,330.8,411.1,400.7,322.3,89.5,13.7,0.2,2550.5,47.9,934.2,1465.0,103.4,2579.133333333333,-28.633333333333212,-1.1101920541784014
Assam & Meghalaya,1926,23.4,23.2,156.9,140.8,253.9,559.3,576.5,354.7,189.2,193.7,6.4,33.6,2511.7,46.6,551.6,1679.7,233.8,2579.133333333333,-67.4333333333334,-2.614573370899788
Assam & Meghalaya,1927,33.8,60.5,66.0,265.2,238.4,573.9,447.7,366.4,549.8,161.2,29.8,0.2,2793.1,94.3,569.7,1937.9,191.2,2579.133333333333,213.9666666666667,8.296068446765064
Assam & Meghalaya,1928,8.3,21.1,61.0,138.9,446.5,420.6,428.1,448.2,343.5,294.8,21.6,1.5,2634.3,29.4,646.4,1640.5,317.9,2579.133333333333,55.16666666666697,2.138961408224997
Assam & Meghalaya,1929,83.9,3.8,84.1,321.7,570.2,643.4,385.0,333.2,292.8,196.0,17.6,22.1,2953.8,87.7,976.0,1654.4,235.7,2579.133333333333,374.66666666666697,14.526843642567282
Assam & Meghalaya,1930,18.0,41.0,99.8,199.4,209.8,686.9,287.8,438.5,299.1,149.9,114.4,6.2,2550.7,59.0,509.0,1712.4,270.4,2579.133333333333,-28.433333333333394,-1.1024375113087106
Assam & Meghalaya,1931,7.6,29.2,47.6,294.7,374.0,605.6,654.6,282.0,330.2,136.7,21.6,16.3,2800.1,36.7,716.3,1872.4,174.7,2579.133333333333,220.9666666666667,8.567477447204489
Assam & Meghalaya,1932,14.9,36.7,59.1,163.2,488.6,628.5,454.6,467.3,355.8,108.4,90.9,20.6,2888.7,51.5,711.0,1906.3,219.9,2579.133333333333,309.5666666666666,12.002739938480625
Assam & Meghalaya,1933,10.3,29.0,16.7,214.4,286.7,477.2,427.1,501.7,243.1,122.1,8.1,2.7,2339.1,39.2,517.7,1649.2,132.9,2579.133333333333,-240.0333333333333,-9.306743867449013
Assam & Meghalaya,1934,18.5,68.2,27.1,301.2,444.6,754.5,553.2,361.8,246.8,232.8,59.8,6.3,3074.9,86.8,773.0,1916.3,298.9,2579.133333333333,495.7666666666669,19.22221935016932
Assam & Meghalaya,1935,3.4,53.2,66.5,122.1,381.5,696.9,395.2,573.9,335.0,28.1,19.8,2.9,2678.4,56.6,570.1,2001.0,50.8,2579.133333333333,99.26666666666688,3.8488381109933654
Assam & Meghalaya,1936,13.6,58.7,75.7,217.8,422.8,456.1,559.9,356.4,283.5,179.6,24.0,23.2,2671.3,72.2,716.3,1655.9,226.8,2579.133333333333,92.16666666666697,3.5735518391190957
Assam & Meghalaya,1937,2.2,51.1,19.3,97.4,406.6,422.5,409.2,480.5,278.1,139.3,13.5,4.9,2324.6,53.3,523.4,1590.3,157.6,2579.133333333333,-254.5333333333333,-9.868948225502105
Assam & Meghalaya,1938,27.2,16.2,138.0,202.0,247.3,581.0,510.6,435.2,431.4,141.8,55.2,0.6,2786.5,43.4,587.3,1958.2,197.6,2579.133333333333,207.3666666666668,8.040168532065039
Assam & Meghalaya,1939,1.5,33.6,11.2,178.3,349.6,533.7,484.9,224.9,389.0,190.1,2.8,1.9,2401.6,35.1,539.2,1632.5,194.9,2579.133333333333,-177.5333333333333,-6.883449220668441
Assam & Meghalaya,1940,1.5,57.9,180.8,72.6,391.9,500.5,435.4,330.8,353.7,98.1,19.0,9.5,2451.6,59.4,645.3,1620.3,126.6,2579.133333333333,-127.5333333333333,-4.944813503243982
Assam & Meghalaya,1941,4.5,32.7,53.8,245.1,522.4,541.7,409.4,361.8,368.1,143.3,16.7,9.9,2709.5,37.2,821.2,1681.0,170.0,2579.133333333333,130.3666666666668,5.054669527231375
Assam & Meghalaya,1942,7.4,25.3,130.9,233.5,469.1,618.8,332.9,328.8,462.9,40.0,27.5,0.0,2677.0,32.7,833.5,1743.4,67.5,2579.133333333333,97.86666666666679,3.7945563109054765
Assam & Meghalaya,1943,54.4,34.1,170.6,247.7,406.6,513.3,391.9,417.9,365.0,86.7,9.4,6.2,2703.7,88.4,824.9,1688.1,102.3,2579.133333333333,124.5666666666666,4.82978778401013
Assam & Meghalaya,1944,39.2,21.3,62.9,139.0,518.0,490.6,386.9,304.1,455.6,89.7,7.2,9.9,2524.3,60.4,719.9,1637.2,106.8,2579.133333333333,-54.83333333333303,-2.1260371701088103
Assam & Meghalaya,1945,37.0,39.7,67.5,139.5,396.5,500.5,507.7,493.5,283.2,196.6,1.1,2.9,2665.7,76.7,603.5,1785.0,200.5,2579.133333333333,86.5666666666666,3.3564246387675425
Assam & Meghalaya,1946,0.4,19.4,102.6,178.5,328.0,582.6,547.0,297.9,266.8,346.3,8.6,1.4,2679.5,19.8,609.2,1694.2,356.4,2579.133333333333,100.36666666666679,3.8914880967767
Assam & Meghalaya,1947,3.9,9.0,83.9,243.4,380.2,486.4,570.8,285.0,362.3,202.2,3.0,13.1,2643.3,12.9,707.6,1704.6,218.3,2579.133333333333,64.16666666666697,2.4879158373613994
Assam & Meghalaya,1948,10.1,42.4,59.5,260.4,681.2,599.4,534.8,448.3,314.4,176.6,50.6,7.8,3185.4,52.5,1001.1,1896.8,234.9,2579.133333333333,606.2666666666669,23.50660428567737
Assam & Meghalaya,1949,22.9,23.1,76.0,371.0,335.9,683.4,444.1,461.9,392.6,148.3,13.0,11.1,2983.4,45.9,782.9,1982.1,172.4,2579.133333333333,404.2666666666669,15.67451598728256
Assam & Meghalaya,1950,21.2,51.2,93.5,112.9,282.1,562.0,389.5,490.9,200.7,134.6,49.9,3.9,2392.4,72.5,488.5,1643.1,188.4,2579.133333333333,-186.73333333333312,-7.240158192674534
Assam & Meghalaya,1951,4.9,3.3,53.5,242.9,250.4,588.8,550.5,387.4,209.7,270.5,46.2,5.8,2613.8,8.2,546.9,1736.3,322.5,2579.133333333333,34.66666666666697,1.3441207640809691
Assam & Meghalaya,1952,4.4,10.4,107.5,155.9,465.6,399.9,573.9,467.6,343.7,277.1,43.2,2.1,2851.3,14.8,729.0,1785.2,322.4,2579.133333333333,272.16666666666697,10.552640421847144
Assam & Meghalaya,1953,18.0,13.3,227.3,157.4,377.7,405.5,461.9,284.5,451.5,144.0,5.8,13.1,2559.9,31.3,762.4,1603.4,162.9,2579.133333333333,-19.23333333333312,-0.7457285393025999
Assam & Meghalaya,1954,22.0,45.7,40.6,266.0,490.3,594.3,572.2,427.3,218.8,155.5,2.0,24.5,2859.1,67.6,796.9,1812.6,182.0,2579.133333333333,279.9666666666667,10.85506759376535
Assam & Meghalaya,1955,9.2,9.5,143.5,210.2,328.8,546.5,567.0,415.8,283.3,149.3,89.6,8.5,2761.2,18.7,682.5,1812.6,247.4,2579.133333333333,182.0666666666666,7.059218859048257
Assam & Meghalaya,1956,29.8,3.2,121.7,204.8,533.5,712.4,440.3,382.1,171.9,149.3,44.3,9.6,2802.9,33.0,859.9,1706.7,203.3,2579.133333333333,223.76666666666688,8.676041047380266
Assam & Meghalaya,1957,66.9,33.5,20.1,136.0,449.2,446.0,407.2,366.6,208.7,99.9,12.2,10.7,2257.2,100.4,605.4,1428.6,122.8,2579.133333333333,-321.9333333333334,-12.482229172590278
Assam & Meghalaya,1958,18.8,44.2,10.3,192.4,545.2,393.2,361.1,546.9,278.7,212.4,4.6,18.7,2626.4,63.0,747.9,1579.8,235.7,2579.133333333333,47.26666666666688,1.832656964871929
Assam & Meghalaya,1959,30.8,45.6,109.9,144.1,470.6,517.6,364.2,255.9,286.8,301.7,8.3,0.2,2535.8,76.4,724.6,1424.6,310.1,2579.133333333333,-43.33333333333303,-1.680150955101185
Assam & Meghalaya,1960,0.1,11.1,38.7,45.9,315.2,454.8,553.7,349.2,479.4,60.9,29.3,3.9,2342.2,11.2,399.9,1837.0,94.0,2579.133333333333,-236.9333333333334,-9.1865484529687
Assam & Meghalaya,1961,11.5,19.7,253.8,123.0,355.8,335.4,352.9,347.4,226.1,128.1,34.8,6.9,2195.3,31.2,732.6,1261.7,169.8,2579.133333333333,-383.83333333333303,-14.882260190761743
Assam & Meghalaya,1962,24.9,27.6,17.3,134.7,369.0,601.4,338.8,509.8,137.4,118.2,11.1,5.8,2295.9,52.5,521.1,1587.3,135.0,2579.133333333333,-283.2333333333331,-10.981725127303738
Assam & Meghalaya,1963,3.3,7.9,51.1,183.3,288.4,596.0,557.3,432.0,211.7,144.1,29.4,7.2,2511.8,11.2,522.8,1797.1,180.7,2579.133333333333,-67.33333333333303,-2.610696099464925
Assam & Meghalaya,1964,9.6,22.6,80.7,268.3,297.4,557.9,600.3,340.4,326.3,205.1,8.3,12.8,2729.6,32.2,646.4,1824.8,226.2,2579.133333333333,150.4666666666667,5.834001085636003
Assam & Meghalaya,1965,5.1,73.6,52.5,158.2,327.1,501.0,399.6,422.1,304.0,82.4,60.8,12.5,2398.9,78.7,537.7,1626.7,155.7,2579.133333333333,-180.23333333333312,-6.988135549409355
Assam & Meghalaya,1966,20.0,23.6,36.1,164.3,323.7,780.5,507.1,518.2,248.1,124.5,31.8,11.4,2789.3,43.6,524.1,2053.9,167.7,2579.133333333333,210.16666666666697,8.148732132240816
Assam & Meghalaya,1967,11.4,37.3,105.9,112.0,287.5,395.7,497.7,258.9,300.6,97.6,14.5,4.2,2123.4,48.8,505.4,1452.9,116.3,2579.133333333333,-455.7333333333331,-17.67001835241812
Assam & Meghalaya,1968,22.9,19.8,78.2,170.8,432.3,595.0,494.1,346.0,231.7,113.8,23.9,2.3,2530.8,42.7,681.3,1666.8,140.0,2579.133333333333,-48.33333333333303,-1.8740145268436308
Assam & Meghalaya,1969,27.4,1.8,99.7,178.7,254.1,567.2,461.1,446.7,185.4,80.9,27.5,1.8,2332.2,29.2,532.4,1660.3,110.2,2579.133333333333,-246.9333333333334,-9.574275596453592
Assam & Meghalaya,1970,47.0,35.8,89.7,204.8,493.4,658.3,475.3,389.2,390.7,246.4,17.8,0.1,3048.4,82.8,787.9,1913.5,264.3,2579.133333333333,469.2666666666669,18.194742419934354
Assam & Meghalaya,1971,36.9,18.4,37.6,142.9,236.3,437.1,407.9,474.8,231.6,199.5,80.0,12.1,2315.1,55.3,416.8,1551.3,291.6,2579.133333333333,-264.0333333333333,-10.237289011812752
Assam & Meghalaya,1972,18.0,39.6,99.3,260.3,339.3,576.2,441.0,271.0,227.1,99.1,2.9,5.3,2379.1,57.6,698.9,1515.3,107.3,2579.133333333333,-200.0333333333333,-7.755835293509447
Assam & Meghalaya,1973,9.8,82.8,28.9,252.1,324.5,634.4,364.6,395.0,348.6,128.7,67.4,35.3,2672.1,92.6,605.5,1742.6,231.4,2579.133333333333,92.9666666666667,3.6045700105978766
Assam & Meghalaya,1974,31.6,11.4,78.7,255.8,369.4,627.0,789.3,510.9,429.1,271.0,27.1,2.3,3403.5,43.0,703.8,2356.3,300.4,2579.133333333333,824.3666666666668,31.96293328508285
Assam & Meghalaya,1975,10.0,22.3,18.8,227.9,321.2,337.6,522.4,314.8,299.1,172.7,18.0,5.8,2270.6,32.3,567.9,1473.9,196.5,2579.133333333333,-308.5333333333333,-11.96267480032052
Assam & Meghalaya,1976,5.7,36.3,92.6,139.4,179.5,509.7,390.5,358.5,149.1,67.3,24.3,3.1,1956.0,42.1,411.5,1407.8,94.6,2579.133333333333,-623.1333333333332,-24.160570734355204
Assam & Meghalaya,1977,9.1,16.2,74.4,375.1,391.6,405.0,461.3,461.9,176.9,175.7,47.7,21.8,2616.6,25.2,841.1,1505.2,245.2,2579.133333333333,37.4666666666667,1.4526843642567284
Assam & Meghalaya,1978,5.0,8.2,44.3,100.9,253.7,506.6,444.0,255.8,271.8,65.0,55.9,0.6,2011.9,13.2,399.0,1478.2,121.6,2579.133333333333,-567.2333333333331,-21.99317600227466
Assam & Meghalaya,1979,3.3,8.7,38.2,93.8,225.6,307.8,640.1,252.4,342.3,216.6,23.4,36.2,2188.5,12.0,357.7,1542.6,276.3,2579.133333333333,-390.6333333333332,-15.145914648331477
Assam & Meghalaya,1980,13.1,36.3,96.9,173.2,289.4,389.5,460.0,417.8,269.8,141.6,1.0,0.6,2289.2,49.3,559.6,1537.1,143.2,2579.133333333333,-289.9333333333334,-11.241502313438625
Assam & Meghalaya,1981,29.6,30.7,91.0,152.1,251.5,273.1,543.5,340.7,274.5,47.5,9.0,36.1,2079.3,60.3,494.6,1431.8,92.7,2579.133333333333,-499.83333333333303,-19.379895055186484
Assam & Meghalaya,1982,1.8,31.1,50.6,254.3,215.5,517.2,539.9,377.2,286.4,62.0,29.9,16.4,2382.2,32.9,520.4,1720.6,108.3,2579.133333333333,-196.9333333333334,-7.635639879029134
Assam & Meghalaya,1983,16.4,37.8,90.0,165.9,278.2,362.0,582.9,450.2,449.1,156.7,7.0,24.0,2620.0,54.2,534.1,1844.2,187.6,2579.133333333333,40.86666666666679,1.584511593041595
Assam & Meghalaya,1984,22.4,7.2,28.6,202.8,416.0,478.5,995.2,360.7,458.0,159.6,5.7,22.2,3157.0,29.7,647.4,2292.5,187.5,2579.133333333333,577.8666666666668,22.40545919818027
Assam & Meghalaya,1985,8.7,32.3,152.6,268.1,335.0,496.0,714.6,349.4,335.1,74.4,15.8,19.7,2801.6,41.0,755.7,1895.1,109.9,2579.133333333333,222.4666666666667,8.625636518727223
Assam & Meghalaya,1986,16.4,11.7,28.0,282.8,159.7,404.2,465.0,416.4,441.1,300.5,59.5,7.4,2592.8,28.1,470.6,1726.6,367.5,2579.133333333333,13.66666666666697,0.529893762762697
Assam & Meghalaya,1987,8.8,27.8,110.4,197.6,199.0,525.8,766.5,433.0,445.4,157.8,37.6,11.9,2921.4,36.5,506.9,2170.6,207.3,2579.133333333333,342.2666666666669,13.270607697676231
Assam & Meghalaya,1988,7.3,46.1,82.3,157.9,568.6,403.8,644.2,773.4,329.6,168.3,74.3,5.9,3261.7,53.4,808.9,2151.0,248.5,2579.133333333333,682.5666666666666,26.46496239046708
Assam & Meghalaya,1989,10.5,51.6,30.4,183.4,260.1,488.8,747.0,267.9,425.8,194.1,16.2,6.5,2682.1,62.0,473.8,1929.5,216.8,2579.133333333333,102.9666666666667,3.992297154082768
Assam & Meghalaya,1990,19.2,46.9,96.7,333.7,304.1,513.8,446.4,348.8,441.1,208.3,7.0,5.2,2771.2,66.1,734.4,1750.2,220.5,2579.133333333333,192.0666666666666,7.446946002533148
Assam & Meghalaya,1991,13.7,30.2,62.1,175.7,495.8,517.8,440.5,388.2,437.3,226.2,9.4,41.1,2838.0,43.9,733.6,1783.8,276.7,2579.133333333333,258.8666666666668,10.03696332101223
Assam & Meghalaya,1992,14.7,46.3,62.0,114.5,292.3,450.9,491.4,339.3,296.9,125.0,14.3,12.1,2259.8,61.1,468.8,1578.5,151.4,2579.133333333333,-319.33333333333303,-12.381420115284193
Assam & Meghalaya,1993,73.3,96.9,86.1,138.5,374.0,619.5,576.9,477.5,296.0,130.3,8.2,2.0,2879.2,170.2,598.6,1969.9,140.5,2579.133333333333,300.0666666666666,11.634399152169978
Assam & Meghalaya,1994,26.6,42.5,157.2,161.3,282.0,477.6,308.6,308.7,178.5,147.0,15.9,15.4,2121.3,69.1,600.5,1273.4,178.3,2579.133333333333,-457.83333333333303,-17.75144105254994
Assam & Meghalaya,1995,8.7,39.7,42.0,145.7,299.1,663.3,558.4,543.3,404.0,80.7,94.0,7.1,2886.1,48.5,486.8,2169.0,181.8,2579.133333333333,306.9666666666667,11.901930881174556
Assam & Meghalaya,1996,12.8,23.2,101.6,99.2,415.6,397.7,499.6,421.8,224.4,267.2,3.5,0.2,2466.9,36.0,616.4,1543.5,271.0,2579.133333333333,-112.23333333333312,-4.351590973712092
Assam & Meghalaya,1997,18.2,40.7,91.8,131.9,241.8,569.9,511.2,315.5,366.8,36.4,12.6,35.4,2372.2,58.9,465.6,1763.4,84.3,2579.133333333333,-206.9333333333334,-8.023367022514027
Assam & Meghalaya,1998,11.8,31.5,136.8,185.7,250.6,581.2,604.4,549.5,212.3,190.0,48.9,0.4,2803.1,43.4,573.1,1947.4,239.2,2579.133333333333,223.9666666666667,8.683795590249957
Assam & Meghalaya,1999,2.4,0.5,38.7,150.6,466.8,429.0,596.7,487.5,196.9,208.6,14.1,2.3,2594.2,2.9,656.1,1710.2,225.0,2579.133333333333,15.066666666666606,0.5841755628505676
Assam & Meghalaya,2000,20.5,13.7,65.9,238.5,375.1,540.2,313.3,513.2,299.9,83.9,22.2,0.4,2487.0,34.2,679.5,1666.6,106.6,2579.133333333333,-92.13333333333321,-3.5722594153074634
Assam & Meghalaya,2001,5.5,39.7,30.9,198.6,266.4,399.8,451.1,295.6,266.8,201.4,20.5,2.3,2178.4,45.2,495.8,1413.2,224.2,2579.133333333333,-400.7333333333331,-15.537519063251215
Assam & Meghalaya,2002,20.2,5.7,83.3,279.9,286.9,502.5,565.1,312.5,209.7,49.5,69.4,7.9,2392.7,25.9,650.2,1589.8,126.8,2579.133333333333,-186.4333333333334,-7.228526378369998
Assam & Meghalaya,2003,9.5,41.5,96.9,213.8,235.8,551.4,481.2,290.7,250.0,231.8,13.0,18.6,2434.1,51.0,546.5,1573.3,263.4,2579.133333333333,-145.0333333333333,-5.623336004342543
Assam & Meghalaya,2004,15.3,19.5,72.8,340.8,342.2,397.9,848.4,286.2,317.2,340.8,6.5,6.6,2994.3,34.8,755.9,1849.7,353.9,2579.133333333333,415.16666666666697,16.097138573681093
Assam & Meghalaya,2005,22.8,30.5,172.2,207.5,281.2,373.9,474.5,501.9,174.9,218.6,8.9,1.3,2468.3,53.3,660.9,1525.2,228.9,2579.133333333333,-110.83333333333303,-4.297309173624203
Assam & Meghalaya,2006,0.7,40.9,20.8,169.0,325.7,395.9,350.3,209.7,252.3,97.6,25.1,10.7,1898.6,41.5,515.5,1208.1,133.5,2579.133333333333,-680.5333333333333,-26.386124537958487
Assam & Meghalaya,2007,1.5,73.7,23.5,242.7,219.8,489.7,682.7,308.0,494.7,164.7,47.7,4.0,2752.8,75.2,486.1,1975.1,216.4,2579.133333333333,173.66666666666697,6.733528058520963
Assam & Meghalaya,2008,29.7,14.5,107.5,156.2,210.6,414.6,493.2,508.6,267.5,133.4,2.2,1.6,2339.7,44.2,474.4,1683.9,137.2,2579.133333333333,-239.4333333333334,-9.283480238839923
Assam & Meghalaya,2009,7.9,11.6,44.9,134.9,246.5,321.1,426.3,533.8,192.3,135.9,9.0,4.0,2068.2,19.5,426.2,1473.5,149.0,2579.133333333333,-510.9333333333334,-19.810272184454732
Assam & Meghalaya,2010,0.5,3.1,99.6,389.3,393.4,569.7,415.1,387.0,318.3,116.2,11.6,7.6,2711.5,3.7,882.3,1690.2,135.3,2579.133333333333,132.3666666666668,5.132214955928353
Assam & Meghalaya,2011,11.1,11.4,109.0,92.1,238.3,316.0,395.8,302.6,221.6,30.2,11.9,3.5,1743.4,22.5,439.4,1236.0,45.6,2579.133333333333,-835.7333333333331,-32.403649804844
Assam & Meghalaya,2012,15.2,6.9,28.8,279.1,185.8,729.7,444.3,289.2,411.6,199.4,17.1,2.3,2609.4,22.1,493.7,1874.8,218.8,2579.133333333333,30.26666666666688,1.1735208209476136
Assam & Meghalaya,2013,1.1,9.6,44.0,112.8,346.7,286.2,367.8,289.7,229.3,126.3,1.0,2.0,1816.4,10.7,503.5,1172.9,129.3,2579.133333333333,-762.7333333333331,-29.573241657404285
Assam & Meghalaya,2014,2.0,28.3,29.3,51.5,351.1,426.4,374.4,484.6,420.2,35.0,3.0,0.4,2206.1,30.3,431.9,1705.5,38.5,2579.133333333333,-373.0333333333333,-14.463514875798072
Assam & Meghalaya,2015,13.4,15.5,37.5,250.9,332.5,558.5,300.1,590.9,279.9,62.6,14.0,15.2,2470.9,28.9,620.9,1729.3,91.8,2579.133333333333,-108.23333333333312,-4.196500116318135
Assam & Meghalaya,2016,18.9,15.9,64.1,327.8,334.0,369.0,498.4,185.3,271.2,136.5,38.2,7.4,2266.9,34.8,726.0,1323.9,182.1,2579.133333333333,-312.2333333333331,-12.106133843409923
Assam & Meghalaya,2017,1.7,37.8,116.7,310.9,268.4,485.2,429.0,483.1,345.4,212.1,10.3,11.0,2711.7,39.5,695.9,1742.7,233.5,2579.133333333333,132.5666666666666,5.1399694987980435
Naga Mani Mizo Tripura,1901,11.7,18.1,29.4,206.2,124.0,443.3,331.4,466.0,304.1,166.7,67.4,0.0,2168.4,29.8,359.6,1544.8,234.2,2432.7179487179487,-264.31794871794864,-10.865129221299377
Naga Mani Mizo Tripura,1902,4.8,0.5,36.3,297.8,215.5,480.1,392.4,312.8,318.7,102.4,8.9,4.7,2175.0,5.2,549.7,1504.0,116.0,2432.7179487179487,-257.71794871794873,-10.593827733041023
Naga Mani Mizo Tripura,1903,6.5,40.5,139.8,45.5,159.9,458.6,300.2,470.6,366.1,166.4,76.7,0.1,2230.7,47.0,345.1,1595.4,243.2,2432.7179487179487,-202.0179487179489,-8.304207597284885
Naga Mani Mizo Tripura,1904,2.3,46.9,47.5,290.3,230.5,455.3,423.5,423.6,375.8,128.9,90.0,5.0,2519.8,49.3,568.3,1678.2,224.0,2432.7179487179487,87.08205128205145,3.5796197141532176
Naga Mani Mizo Tripura,1905,9.1,35.3,306.5,161.7,193.6,339.7,450.1,429.9,320.1,246.4,8.0,27.1,2527.6,44.5,661.8,1539.8,281.5,2432.7179487179487,94.88205128205118,3.9002487457312665
Naga Mani Mizo Tripura,1906,7.0,71.5,72.5,99.0,302.7,417.4,475.2,439.2,439.1,142.8,44.9,3.2,2514.4,78.5,474.2,1770.9,190.9,2432.7179487179487,81.68205128205136,3.3576457692145567
Naga Mani Mizo Tripura,1907,39.1,30.4,92.8,189.1,156.0,414.1,400.9,291.4,336.1,114.6,3.9,53.4,2121.7,69.5,437.9,1442.4,171.9,2432.7179487179487,-311.0179487179489,-12.784792782157773
Naga Mani Mizo Tripura,1908,26.4,15.0,4.3,141.1,252.1,360.0,531.5,371.9,317.8,192.6,106.5,0.0,2319.3,41.4,397.5,1581.3,299.1,2432.7179487179487,-113.41794871794855,-4.662190648846909
Naga Mani Mizo Tripura,1909,6.0,4.7,3.1,201.8,235.1,415.3,348.9,540.0,245.8,167.7,71.4,69.0,2308.7,10.7,439.9,1549.9,308.1,2432.7179487179487,-124.01794871794891,-5.097917281504287
Naga Mani Mizo Tripura,1910,26.0,10.9,30.7,138.4,228.0,444.8,405.0,439.8,336.2,196.0,12.3,0.0,2267.9,36.9,397.0,1625.8,208.3,2432.7179487179487,-164.81794871794864,-6.775053754374127
Naga Mani Mizo Tripura,1911,47.3,11.9,102.2,141.3,331.3,444.9,471.5,397.9,287.8,226.0,17.4,0.3,2479.8,59.1,574.9,1602.0,243.7,2432.7179487179487,47.08205128205145,1.9353682701631674
Naga Mani Mizo Tripura,1912,1.0,36.7,127.8,305.9,222.5,344.7,392.6,394.8,262.8,179.1,34.9,6.1,2308.8,37.7,656.2,1394.9,220.0,2432.7179487179487,-123.91794871794855,-5.093806652894297
Naga Mani Mizo Tripura,1913,4.3,63.4,109.9,138.1,264.1,559.1,509.2,426.7,222.1,202.9,83.6,29.7,2613.2,67.7,512.2,1717.1,316.2,2432.7179487179487,180.4820512820511,7.418946835869971
Naga Mani Mizo Tripura,1914,5.0,93.3,129.7,255.9,276.5,342.6,437.4,501.5,262.0,106.0,13.8,105.4,2529.2,98.4,662.1,1543.5,225.2,2432.7179487179487,96.48205128205109,3.9660188034908646
Naga Mani Mizo Tripura,1915,13.9,35.5,89.4,198.9,448.9,465.2,478.0,510.5,310.4,231.1,37.7,0.4,2819.9,49.4,737.2,1764.1,269.2,2432.7179487179487,387.18205128205136,15.915616172688566
Naga Mani Mizo Tripura,1916,13.2,17.5,37.3,212.5,131.8,363.8,491.4,419.3,388.5,417.5,55.0,7.1,2555.0,30.7,381.6,1663.1,479.6,2432.7179487179487,122.28205128205127,5.026560984864454
Naga Mani Mizo Tripura,1917,1.3,81.8,25.6,289.1,121.7,356.6,387.3,375.8,371.7,147.9,63.3,0.1,2222.2,83.1,436.4,1491.4,211.3,2432.7179487179487,-210.5179487179489,-8.65361102913277
Naga Mani Mizo Tripura,1918,3.8,6.1,138.6,224.8,361.9,573.8,638.5,569.3,363.9,75.7,52.3,4.5,3013.3,9.9,725.3,2145.5,132.5,2432.7179487179487,580.5820512820515,23.865571904380463
Naga Mani Mizo Tripura,1919,17.5,18.1,17.3,151.1,132.7,358.4,403.5,372.9,375.0,111.1,84.8,5.7,2047.9,35.6,301.0,1509.7,201.6,2432.7179487179487,-384.81794871794864,-15.818436696319402
Naga Mani Mizo Tripura,1920,5.1,56.8,272.7,143.7,167.9,363.3,443.6,449.6,326.2,137.0,7.1,2.7,2375.8,61.9,584.3,1582.7,146.9,2432.7179487179487,-56.91794871794855,-2.339685484210963
Naga Mani Mizo Tripura,1921,46.9,24.1,179.2,178.2,271.3,443.8,387.8,382.4,430.7,286.7,4.7,2.4,2638.2,70.9,628.8,1644.7,293.8,2432.7179487179487,205.4820512820511,8.446603988363751
Naga Mani Mizo Tripura,1922,8.5,4.5,17.3,119.3,182.1,569.1,479.6,536.6,330.9,170.8,38.2,5.8,2462.6,13.0,318.7,1916.2,214.8,2432.7179487179487,29.88205128205118,1.2283401492474346
Naga Mani Mizo Tripura,1923,0.0,64.9,13.5,216.2,296.1,506.2,411.9,488.5,374.9,210.9,93.7,8.7,2685.5,64.9,525.8,1781.5,313.3,2432.7179487179487,252.78205128205127,10.390931320881993
Naga Mani Mizo Tripura,1924,3.7,45.2,14.1,170.9,295.1,478.6,462.7,482.2,356.2,179.2,213.7,0.1,2701.7,48.8,480.1,1779.7,393.0,2432.7179487179487,268.9820512820511,11.056853155697956
Naga Mani Mizo Tripura,1925,43.0,36.4,35.0,195.6,385.5,362.4,461.4,440.3,280.1,170.7,37.0,0.0,2447.5,79.4,616.2,1544.3,207.7,2432.7179487179487,14.78205128205127,0.6076352291411944
Naga Mani Mizo Tripura,1926,24.0,70.1,155.5,177.1,229.7,361.1,477.6,441.7,287.3,155.6,36.4,47.1,2463.2,94.1,562.3,1567.7,239.1,2432.7179487179487,30.48205128205109,1.2530039209072816
Naga Mani Mizo Tripura,1927,41.4,103.5,56.3,360.4,245.2,363.8,498.4,456.6,533.9,178.4,48.6,0.8,2887.5,145.0,662.0,1852.7,227.9,2432.7179487179487,454.78205128205127,18.69440111303175
Naga Mani Mizo Tripura,1928,4.3,28.5,52.3,65.3,309.0,463.2,397.7,468.3,392.8,272.5,18.4,0.1,2472.4,32.8,426.7,1722.0,291.0,2432.7179487179487,39.68205128205136,1.6311817530250043
Naga Mani Mizo Tripura,1929,38.3,7.7,48.0,242.7,433.0,859.1,385.0,371.4,314.8,121.7,11.3,26.4,2859.4,46.0,723.7,1930.4,159.4,2432.7179487179487,426.68205128205136,17.53931447362874
Naga Mani Mizo Tripura,1930,22.6,53.6,107.5,161.0,223.1,506.6,438.2,385.6,256.7,100.8,230.7,1.0,2487.4,76.3,491.6,1587.0,332.5,2432.7179487179487,54.68205128205136,2.247776044521273
Naga Mani Mizo Tripura,1931,2.7,53.0,59.6,109.9,360.6,388.8,520.0,300.4,364.1,209.9,69.2,23.0,2461.1,55.8,530.1,1573.3,302.1,2432.7179487179487,28.38205128205118,1.1666807200978075
Naga Mani Mizo Tripura,1932,6.1,69.7,99.1,162.2,323.6,600.7,491.2,402.4,376.2,80.4,145.9,4.3,2761.7,75.7,584.8,1870.5,230.6,2432.7179487179487,328.9820512820511,13.52323032168303
Naga Mani Mizo Tripura,1933,2.5,19.7,34.3,167.0,298.4,463.4,476.3,603.5,259.6,113.4,9.6,4.1,2451.8,22.2,499.7,1802.8,127.1,2432.7179487179487,19.082051282051452,0.7843922593701322
Naga Mani Mizo Tripura,1934,16.0,135.1,57.1,191.1,313.2,567.2,618.6,368.3,336.4,227.7,197.3,12.8,3040.8,151.1,561.3,1890.6,437.9,2432.7179487179487,608.0820512820515,24.99599477212362
Naga Mani Mizo Tripura,1935,0.6,48.3,43.7,173.3,171.2,547.1,506.4,553.5,339.1,124.8,33.1,2.2,2543.3,48.8,388.2,1946.1,160.1,2432.7179487179487,110.58205128205145,4.545617437497372
Naga Mani Mizo Tripura,1936,19.3,73.1,104.6,227.5,489.5,418.3,529.7,507.6,309.4,202.6,22.6,13.0,2917.1,92.4,821.6,1765.0,238.2,2432.7179487179487,484.3820512820512,19.91114718158438
Naga Mani Mizo Tripura,1937,0.1,60.0,37.3,85.4,337.1,528.9,490.1,614.8,291.0,207.1,17.9,72.0,2741.6,60.1,459.8,1924.7,297.0,2432.7179487179487,308.8820512820512,12.696993971078035
Naga Mani Mizo Tripura,1938,29.2,29.2,133.8,153.6,429.0,494.6,413.6,491.4,441.7,243.9,111.7,0.0,2971.6,58.4,716.4,1841.2,355.6,2432.7179487179487,538.8820512820512,22.151439774020822
Naga Mani Mizo Tripura,1939,2.6,59.3,34.5,203.7,274.4,449.6,638.8,333.9,380.8,198.8,30.0,2.0,2608.3,61.8,512.6,1803.1,230.8,2432.7179487179487,175.58205128205145,7.217526033981203
Naga Mani Mizo Tripura,1940,0.3,74.6,230.9,35.5,325.6,496.2,458.2,345.7,373.3,131.6,31.4,23.6,2526.7,74.8,592.0,1673.4,186.5,2432.7179487179487,93.98205128205109,3.8632530882414864
Naga Mani Mizo Tripura,1941,14.1,63.1,34.1,256.6,563.1,689.4,489.5,372.6,288.2,143.3,44.2,7.9,2966.2,77.2,853.8,1839.7,195.5,2432.7179487179487,533.4820512820511,21.92946582908216
Naga Mani Mizo Tripura,1942,6.0,15.7,78.7,250.4,305.3,528.7,403.3,461.8,420.8,65.4,143.2,1.5,2680.9,21.7,634.4,1814.6,210.1,2432.7179487179487,248.18205128205136,10.20184240482314
Naga Mani Mizo Tripura,1943,68.4,28.8,131.3,143.7,210.3,496.1,422.5,485.2,354.9,84.0,2.2,0.6,2427.9,97.2,485.2,1758.8,86.7,2432.7179487179487,-4.817948717948639,-0.19804797841392652
Naga Mani Mizo Tripura,1944,91.4,20.2,69.7,128.6,321.8,670.5,527.9,440.7,490.8,110.5,4.4,0.7,2877.3,111.6,520.2,2130.0,115.6,2432.7179487179487,444.58205128205145,18.27511699481429
Naga Mani Mizo Tripura,1945,68.7,60.9,67.7,170.4,354.2,595.3,573.9,509.7,378.8,205.6,13.3,53.3,3051.9,129.6,592.3,2057.7,272.2,2432.7179487179487,619.1820512820514,25.452274547830854
Naga Mani Mizo Tripura,1946,0.0,19.1,189.3,237.5,352.4,517.5,647.7,397.9,305.1,311.4,7.7,50.5,3036.2,19.1,779.2,1868.2,369.6,2432.7179487179487,603.4820512820511,24.806905856064752
Naga Mani Mizo Tripura,1947,3.0,4.3,44.3,176.0,374.4,723.9,640.5,491.1,415.6,306.0,1.7,29.7,3210.2,7.3,594.6,2271.1,337.3,2432.7179487179487,777.4820512820511,31.95939963742147
Naga Mani Mizo Tripura,1948,5.5,65.1,54.3,206.5,468.4,410.3,500.1,472.5,424.2,140.0,71.4,3.7,2822.1,70.6,729.3,1807.2,215.1,2432.7179487179487,389.3820512820512,16.00605000210801
Naga Mani Mizo Tripura,1949,8.1,12.6,67.4,370.2,419.6,562.8,507.7,416.9,427.5,177.3,4.2,2.0,2976.3,20.6,857.3,1914.9,183.5,2432.7179487179487,543.5820512820515,22.344639318689666
Naga Mani Mizo Tripura,1950,12.3,59.7,79.1,87.8,207.4,407.4,449.4,535.3,255.4,237.5,82.9,8.7,2423.0,72.1,374.3,1647.5,329.1,2432.7179487179487,-9.71794871794873,-0.3994687803027114
Naga Mani Mizo Tripura,1951,3.9,0.2,62.4,360.1,233.7,495.0,436.2,440.5,191.1,310.6,54.9,20.8,2609.3,4.1,656.3,1562.7,386.2,2432.7179487179487,176.58205128205145,7.258632320080954
Naga Mani Mizo Tripura,1952,9.6,6.5,97.1,208.2,345.9,442.6,556.8,422.8,320.5,323.6,76.2,1.1,2810.9,16.1,651.2,1742.7,400.9,2432.7179487179487,378.18205128205136,15.545659597790804
Naga Mani Mizo Tripura,1953,7.4,16.5,98.4,90.0,453.5,570.9,387.0,424.3,443.8,136.2,25.0,8.7,2661.6,23.8,641.9,1825.9,169.9,2432.7179487179487,228.88205128205118,9.408491083097934
Naga Mani Mizo Tripura,1954,12.8,52.4,37.7,165.3,300.2,619.8,491.4,558.3,361.7,294.2,2.4,8.8,2905.1,65.2,503.3,2031.2,305.4,2432.7179487179487,472.3820512820512,19.417871748387363
Naga Mani Mizo Tripura,1955,6.2,5.7,161.3,213.6,280.6,461.4,559.2,514.7,253.8,183.5,220.2,5.1,2865.0,11.9,655.5,1789.0,408.7,2432.7179487179487,432.28205128205127,17.769509675787344
Naga Mani Mizo Tripura,1956,18.3,1.3,102.2,115.5,474.0,758.9,529.8,469.6,257.5,187.1,101.1,7.4,3022.7,19.6,691.7,2015.7,295.6,2432.7179487179487,589.9820512820511,24.251970993718107
Naga Mani Mizo Tripura,1957,59.1,60.6,10.2,104.8,300.1,409.1,425.7,429.1,354.4,148.3,0.8,1.7,2303.9,119.7,415.1,1618.3,150.8,2432.7179487179487,-128.81794871794864,-5.295227454783082
Naga Mani Mizo Tripura,1958,6.2,87.2,18.3,93.7,400.6,256.4,308.3,254.8,299.5,238.5,2.3,2.7,1968.6,93.4,512.6,1119.0,243.5,2432.7179487179487,-464.1179487179488,-19.078165184029686
Naga Mani Mizo Tripura,1959,39.9,77.7,148.0,74.0,260.0,378.5,396.3,357.3,239.1,352.8,0.1,3.9,2327.6,117.6,482.0,1371.2,356.8,2432.7179487179487,-105.11794871794882,-4.321008474218985
Naga Mani Mizo Tripura,1960,0.0,6.1,24.9,34.2,193.8,406.4,374.9,286.6,255.6,165.9,51.3,0.3,1799.9,6.1,252.8,1323.5,217.5,2432.7179487179487,-632.8179487179486,-26.01279564905771
Naga Mani Mizo Tripura,1961,9.5,37.5,193.3,76.9,212.1,332.5,316.5,342.8,258.8,96.1,24.4,0.8,1901.2,47.0,482.4,1250.5,121.3,2432.7179487179487,-531.5179487179487,-21.848728867152914
Naga Mani Mizo Tripura,1962,11.2,26.6,5.4,139.8,156.6,554.6,298.8,356.6,142.5,130.4,0.0,0.0,1822.5,37.8,301.9,1352.4,130.4,2432.7179487179487,-610.2179487179487,-25.083793583203338
Naga Mani Mizo Tripura,1963,0.0,4.6,50.7,179.3,278.5,687.9,510.3,383.0,494.6,373.4,6.5,1.2,2970.0,4.6,508.4,2075.9,381.1,2432.7179487179487,537.2820512820513,22.085669716261226
Naga Mani Mizo Tripura,1964,4.0,37.1,67.9,280.6,303.2,357.8,484.4,242.0,213.3,284.7,46.3,7.5,2328.7,41.1,651.7,1297.4,338.4,2432.7179487179487,-104.01794871794891,-4.275791559509262
Naga Mani Mizo Tripura,1965,1.9,61.5,35.9,59.4,169.5,520.5,373.4,323.0,262.2,164.1,22.6,37.0,2031.0,63.4,264.7,1479.1,223.7,2432.7179487179487,-401.71794871794873,-16.513132931405202
Naga Mani Mizo Tripura,1966,15.0,2.7,39.8,85.3,190.3,666.8,399.3,405.0,361.5,207.0,40.9,65.1,2478.6,17.7,315.4,1832.6,313.0,2432.7179487179487,45.88205128205118,1.8860407268434545
Naga Mani Mizo Tripura,1967,51.5,33.6,129.5,195.8,247.8,311.7,388.0,334.0,341.3,184.8,10.9,1.1,2229.9,85.0,573.1,1374.9,196.8,2432.7179487179487,-202.81794871794864,-8.337092626164674
Naga Mani Mizo Tripura,1968,17.3,20.9,80.9,142.2,253.8,396.1,531.9,391.0,178.3,68.9,28.7,0.0,2110.0,38.1,476.9,1497.4,97.6,2432.7179487179487,-322.71794871794873,-13.265736329524854
Naga Mani Mizo Tripura,1969,20.1,2.4,124.6,189.8,73.5,606.6,868.3,1347.2,228.1,126.3,23.2,0.0,3610.0,22.4,387.9,3050.2,149.5,2432.7179487179487,1177.2820512820513,48.393692820102025
Naga Mani Mizo Tripura,1970,45.8,306.3,103.6,160.1,315.9,541.7,976.7,836.7,486.2,425.6,116.7,1.0,4316.2,352.1,579.6,2841.3,543.2,2432.7179487179487,1883.482051282051,77.42295206374635
Naga Mani Mizo Tripura,1971,28.4,67.6,12.4,312.6,248.0,543.2,624.0,553.1,421.2,171.3,94.6,4.5,3080.7,96.0,572.9,2141.5,270.5,2432.7179487179487,647.9820512820511,26.636135587503677
Naga Mani Mizo Tripura,1972,4.5,46.3,32.8,145.0,169.1,235.6,262.7,270.8,129.6,45.0,12.5,0.0,1353.8,50.7,347.0,898.7,57.5,2432.7179487179487,-1078.9179487179488,-44.35030987815675
Naga Mani Mizo Tripura,1973,16.8,46.0,29.3,135.3,329.0,367.2,260.0,323.9,232.7,159.7,162.6,43.6,2105.8,62.7,493.5,1183.8,365.8,2432.7179487179487,-326.91794871794855,-13.438382731143802
Naga Mani Mizo Tripura,1974,8.9,2.4,98.7,160.7,218.8,438.1,517.3,361.5,273.4,167.8,81.8,0.2,2329.6,11.3,478.1,1590.3,249.9,2432.7179487179487,-103.11794871794882,-4.238795902019482
Naga Mani Mizo Tripura,1975,1.2,24.5,17.5,164.2,243.7,348.8,526.6,252.9,278.9,205.1,146.1,0.3,2209.7,25.7,425.3,1407.1,351.5,2432.7179487179487,-223.0179487179489,-9.167439605379661
Naga Mani Mizo Tripura,1976,3.3,51.3,113.7,187.8,287.1,861.1,507.8,365.0,175.1,64.8,34.2,0.1,2651.4,54.7,588.6,1909.0,99.2,2432.7179487179487,218.68205128205136,8.989206964880479
Naga Mani Mizo Tripura,1977,14.2,34.9,27.7,383.8,303.7,452.0,389.1,355.8,193.0,149.6,38.2,16.6,2358.5,49.1,715.1,1389.9,204.4,2432.7179487179487,-74.21794871794873,-3.0508242337366673
Naga Mani Mizo Tripura,1978,0.7,4.0,51.6,147.5,449.4,496.7,357.8,277.0,273.9,70.4,21.6,0.0,2150.8,4.7,648.6,1405.5,92.0,2432.7179487179487,-281.91794871794855,-11.588599856654994
Naga Mani Mizo Tripura,1979,1.3,8.3,72.9,55.4,158.8,361.8,370.0,309.7,272.9,57.9,47.1,33.1,1749.2,9.6,287.1,1314.4,138.1,2432.7179487179487,-683.5179487179487,-28.096884354315105
Naga Mani Mizo Tripura,1980,7.2,42.4,101.6,145.7,461.5,373.3,327.4,312.1,364.4,168.5,0.1,0.7,2305.0,49.6,708.8,1377.3,169.3,2432.7179487179487,-127.71794871794873,-5.250010540073359
Naga Mani Mizo Tripura,1981,26.6,26.3,105.5,268.0,377.5,223.2,448.1,329.7,213.2,33.1,11.5,9.6,2072.2,53.0,750.9,1214.2,54.2,2432.7179487179487,-360.5179487179489,-14.819553944095459
Naga Mani Mizo Tripura,1982,0.1,54.8,73.8,224.6,103.3,371.9,373.6,466.3,284.5,32.8,38.1,3.7,2027.5,54.9,401.7,1496.3,74.5,2432.7179487179487,-405.21794871794873,-16.657004932754333
Naga Mani Mizo Tripura,1983,19.2,49.3,244.9,303.8,402.4,380.9,329.7,392.8,239.7,189.0,6.2,30.2,2588.0,68.4,951.1,1343.0,225.4,2432.7179487179487,155.28205128205127,6.383068426156245
Naga Mani Mizo Tripura,1984,17.4,1.8,5.1,121.1,743.0,514.6,255.3,387.2,250.2,120.4,9.1,28.8,2454.0,19.2,869.2,1407.3,158.3,2432.7179487179487,21.28205128205127,0.8748260887895775
Naga Mani Mizo Tripura,1985,6.4,36.2,87.1,162.8,377.6,507.5,275.5,301.9,279.4,52.3,8.7,9.9,2105.3,42.6,627.5,1364.2,70.9,2432.7179487179487,-327.41794871794855,-13.458935874193678
Naga Mani Mizo Tripura,1986,8.8,7.3,17.7,263.4,153.0,325.5,376.9,364.6,355.8,311.7,131.2,26.3,2342.3,16.1,434.1,1422.8,469.3,2432.7179487179487,-90.41794871794855,-3.7167460685526303
Naga Mani Mizo Tripura,1987,7.7,13.1,68.9,195.0,144.9,420.8,447.2,422.7,388.6,172.2,74.0,6.1,2361.3,20.8,408.8,1679.4,252.3,2432.7179487179487,-71.41794871794855,-2.935726632657356
Naga Mani Mizo Tripura,1988,0.4,33.6,83.5,141.9,470.2,466.4,540.0,407.4,298.6,298.6,75.3,4.3,2820.2,34.0,695.6,1712.4,378.2,2432.7179487179487,387.4820512820511,15.92794805851848
Naga Mani Mizo Tripura,1989,0.7,27.1,17.2,139.1,206.9,367.1,470.6,393.6,376.3,352.9,5.3,2.3,2359.0,27.8,363.2,1607.6,360.4,2432.7179487179487,-73.71794871794873,-3.030271090686792
Naga Mani Mizo Tripura,1990,0.2,32.5,197.6,274.9,314.6,380.0,387.9,344.7,339.4,168.2,99.3,42.9,2582.3,32.7,787.2,1452.0,310.4,2432.7179487179487,149.58205128205145,6.148762595387671
Naga Mani Mizo Tripura,1991,27.5,41.9,64.1,253.5,619.4,456.6,297.3,326.0,387.3,291.4,28.0,58.9,2851.9,69.4,937.0,1467.2,378.3,2432.7179487179487,419.18205128205136,17.231017327880604
Naga Mani Mizo Tripura,1992,4.4,67.1,23.3,95.7,250.2,343.8,439.1,397.2,323.6,243.2,25.4,8.5,2221.4,71.5,369.2,1503.6,277.1,2432.7179487179487,-211.31794871794864,-8.68649605801256
Naga Mani Mizo Tripura,1993,11.1,139.3,92.8,155.4,499.4,539.6,530.9,428.9,302.9,165.4,16.0,0.0,2881.7,150.4,747.7,1802.3,181.4,2432.7179487179487,448.9820512820511,18.455984653653182
Naga Mani Mizo Tripura,1994,9.5,30.1,219.3,134.7,130.7,256.2,305.7,335.7,161.6,102.0,27.0,0.0,1712.5,39.6,484.7,1059.2,129.0,2432.7179487179487,-720.2179487179487,-29.60548505417598
Naga Mani Mizo Tripura,1995,5.4,36.5,52.0,68.7,254.5,425.8,403.6,495.9,312.5,129.7,155.3,0.2,2340.2,41.9,375.2,1637.9,285.3,2432.7179487179487,-92.51794871794891,-3.8030692693621226
Naga Mani Mizo Tripura,1996,8.1,30.0,153.9,97.3,284.2,314.0,395.1,363.5,341.3,179.7,18.8,8.7,2194.5,38.1,535.3,1413.9,207.2,2432.7179487179487,-238.21794871794873,-9.792255154095873
Naga Mani Mizo Tripura,1997,11.3,23.7,134.4,112.0,255.0,334.0,598.5,273.9,361.6,48.6,17.8,41.3,2212.0,35.1,501.4,1567.9,107.7,2432.7179487179487,-220.71794871794873,-9.072895147350225
Naga Mani Mizo Tripura,1998,28.1,31.6,136.4,164.6,352.2,297.6,480.6,367.3,222.3,97.9,46.5,0.3,2225.4,59.7,653.2,1367.9,144.7,2432.7179487179487,-207.31794871794864,-8.522070913613556
Naga Mani Mizo Tripura,1999,2.2,0.0,33.5,26.3,397.5,358.4,422.7,391.3,338.5,227.7,16.5,18.3,2233.0,2.2,457.3,1510.9,262.6,2432.7179487179487,-199.71794871794873,-8.209663139255449
Naga Mani Mizo Tripura,2000,22.5,26.1,129.1,214.2,403.6,325.4,269.2,465.0,298.3,185.2,24.2,1.1,2363.9,48.6,746.9,1357.9,210.4,2432.7179487179487,-68.81794871794864,-2.828850288798007
Naga Mani Mizo Tripura,2001,1.5,46.9,38.8,83.6,313.8,478.0,322.6,263.0,269.0,266.4,65.4,0.2,2149.0,48.4,436.1,1332.6,332.0,2432.7179487179487,-283.71794871794873,-11.662591171634554
Naga Mani Mizo Tripura,2002,18.6,3.9,62.7,143.8,438.7,351.6,462.2,358.4,225.7,98.9,71.9,6.0,2242.3,22.5,645.1,1397.8,176.9,2432.7179487179487,-190.41794871794855,-7.827374678527756
Naga Mani Mizo Tripura,2003,3.8,11.5,78.0,158.9,265.6,590.9,262.4,281.7,288.4,175.1,5.1,40.9,2162.2,15.3,502.4,1423.4,221.1,2432.7179487179487,-270.5179487179489,-11.119988195117845
Naga Mani Mizo Tripura,2004,4.8,2.7,11.0,341.5,211.0,449.2,558.6,284.3,351.0,132.7,6.4,0.5,2353.7,7.4,563.5,1643.2,139.6,2432.7179487179487,-79.01794871794891,-3.2481344070154807
Naga Mani Mizo Tripura,2005,6.4,15.0,118.6,98.1,237.0,212.3,301.5,334.8,292.6,194.3,15.6,10.5,1836.7,21.4,453.7,1141.1,220.4,2432.7179487179487,-596.0179487179487,-24.500084320586872
Naga Mani Mizo Tripura,2006,0.6,12.4,5.5,111.1,382.2,445.6,335.0,241.6,231.1,90.4,13.0,3.7,1872.0,12.9,498.8,1253.2,107.1,2432.7179487179487,-560.7179487179487,-23.049032421265654
Naga Mani Mizo Tripura,2007,7.9,54.7,28.7,220.4,276.7,446.3,430.0,373.8,426.6,180.5,82.6,10.1,2538.2,62.6,525.8,1676.6,273.2,2432.7179487179487,105.48205128205109,4.335975378388626
Naga Mani Mizo Tripura,2008,30.7,13.8,49.6,54.9,200.8,327.4,333.3,358.6,223.7,150.2,4.7,1.2,1748.9,44.4,305.3,1243.0,156.1,2432.7179487179487,-683.8179487179486,-28.10921624014503
Naga Mani Mizo Tripura,2009,0.0,3.2,27.5,93.1,209.5,271.9,295.8,380.9,271.3,158.2,26.1,0.2,1737.7,3.2,330.1,1219.9,184.5,2432.7179487179487,-695.0179487179487,-28.56960664446224
Naga Mani Mizo Tripura,2010,1.0,7.9,85.8,161.5,294.0,411.6,367.5,393.2,309.8,220.2,9.2,33.5,2295.2,8.9,541.4,1482.0,262.9,2432.7179487179487,-137.5179487179489,-5.652852143850929
Naga Mani Mizo Tripura,2011,12.6,3.6,51.4,81.1,334.9,374.2,313.3,367.6,258.3,92.6,2.4,0.2,1892.1,16.1,467.4,1313.4,95.2,2432.7179487179487,-540.6179487179488,-22.222796070660657
Naga Mani Mizo Tripura,2012,24.5,10.2,20.3,243.5,163.5,396.2,280.1,342.7,248.7,160.9,32.0,0.4,1922.9,34.7,427.3,1267.6,193.3,2432.7179487179487,-509.81794871794864,-20.95672245878831
Naga Mani Mizo Tripura,2013,0.2,5.7,19.7,60.3,348.9,206.6,255.9,291.3,241.4,125.6,0.3,1.2,1557.2,5.9,428.9,995.2,127.1,2432.7179487179487,-875.5179487179487,-35.989291285467345
Naga Mani Mizo Tripura,2014,1.2,21.0,25.4,49.6,192.5,268.3,295.7,372.3,300.9,69.6,3.3,0.1,1599.9,22.2,267.5,1237.2,73.0,2432.7179487179487,-832.8179487179486,-34.23405286900796
Naga Mani Mizo Tripura,2015,14.4,14.2,21.6,253.5,198.3,283.9,413.6,334.2,255.9,118.7,3.9,10.0,1922.4,28.7,473.4,1287.7,132.6,2432.7179487179487,-510.31794871794864,-20.977275601838187
Naga Mani Mizo Tripura,2016,8.5,33.5,57.6,135.4,285.7,287.8,326.2,319.0,296.0,114.7,90.3,1.7,1956.4,42.0,478.7,1229.0,206.7,2432.7179487179487,-476.31794871794864,-19.579661874446643
Naga Mani Mizo Tripura,2017,0.8,11.9,125.3,277.6,196.7,502.7,431.5,543.3,352.2,287.6,7.6,68.1,2805.4,12.7,599.7,1829.8,363.3,2432.7179487179487,372.68205128205136,15.319575024242171
Sub Himalayan West Bengal & Sikkim,1901,26.5,14.8,14.1,29.2,195.5,488.4,524.8,501.1,242.7,55.5,17.9,2.6,2113.2,41.3,238.9,1757.0,76.1,2750.5529914529916,-637.3529914529918,-23.17181284757969
Sub Himalayan West Bengal & Sikkim,1902,1.2,0.7,87.1,126.1,271.3,539.2,671.0,603.8,799.9,74.4,5.6,0.0,3180.4,1.9,484.6,2613.9,80.1,2750.5529914529916,429.8470085470085,15.627657779461284
Sub Himalayan West Bengal & Sikkim,1903,5.5,8.7,19.6,18.6,163.6,541.2,431.5,708.8,365.2,141.3,0.3,0.0,2404.5,14.3,201.9,2046.7,141.6,2750.5529914529916,-346.0529914529916,-12.581215214842583
Sub Himalayan West Bengal & Sikkim,1904,3.4,29.2,0.9,124.3,333.6,274.2,500.4,468.5,260.6,164.8,8.9,1.1,2169.9,32.5,458.8,1503.7,174.8,2750.5529914529916,-580.6529914529915,-21.11040918889038
Sub Himalayan West Bengal & Sikkim,1905,12.0,31.2,51.9,104.4,290.6,524.8,523.1,1036.6,321.1,87.9,2.7,18.7,3005.0,43.2,447.0,2405.6,109.3,2750.5529914529916,254.4470085470084,9.250758277977972
Sub Himalayan West Bengal & Sikkim,1906,9.3,49.2,30.4,13.0,198.1,438.0,706.4,816.0,208.6,140.5,8.0,0.4,2618.0,58.5,241.5,2169.0,149.0,2750.5529914529916,-132.5529914529916,-4.8191397099013855
Sub Himalayan West Bengal & Sikkim,1907,10.4,20.8,71.1,108.8,156.2,408.1,889.8,358.8,456.1,40.0,5.8,4.1,2530.0,31.2,336.1,2112.9,49.8,2750.5529914529916,-220.5529914529916,-8.018496358308063
Sub Himalayan West Bengal & Sikkim,1908,10.6,32.9,9.8,53.8,315.0,368.6,449.1,268.5,441.6,36.0,2.3,0.0,1988.2,43.5,378.6,1527.8,38.3,2750.5529914529916,-762.3529914529915,-27.71635354133916
Sub Himalayan West Bengal & Sikkim,1909,2.1,8.6,0.0,147.8,191.9,896.0,340.9,600.5,340.2,136.8,3.6,1.8,2670.1,10.7,339.7,2177.5,142.2,2750.5529914529916,-80.45299145299168,-2.9249751487424365
Sub Himalayan West Bengal & Sikkim,1910,2.5,17.4,73.2,47.4,170.4,833.7,859.8,489.2,353.1,188.0,11.2,0.2,3046.1,19.9,291.1,2535.7,199.3,2750.5529914529916,295.5470085470083,10.745003258086088
Sub Himalayan West Bengal & Sikkim,1911,22.9,6.7,40.8,117.3,315.2,575.4,853.2,430.4,493.3,326.4,12.4,0.1,3194.2,29.7,473.3,2352.3,338.9,2750.5529914529916,443.6470085470082,16.12937507205232
Sub Himalayan West Bengal & Sikkim,1912,2.3,12.0,81.8,134.7,277.3,397.8,743.5,553.3,335.6,133.0,121.9,0.5,2793.6,14.3,493.8,2030.1,255.4,2750.5529914529916,43.04700854700832,1.5650310566919325
Sub Himalayan West Bengal & Sikkim,1913,0.7,35.1,46.5,52.2,301.4,736.9,596.1,477.7,476.6,153.7,4.8,53.2,2935.1,35.9,400.1,2287.4,211.8,2750.5529914529916,184.54700854700832,6.7094511220276685
Sub Himalayan West Bengal & Sikkim,1914,2.2,70.0,9.1,139.2,247.7,402.2,351.3,741.7,392.8,43.0,14.8,0.3,2414.1,72.2,396.0,1887.9,58.0,2750.5529914529916,-336.4529914529917,-12.232194489561858
Sub Himalayan West Bengal & Sikkim,1915,1.0,52.9,50.4,72.7,366.4,352.7,509.1,610.7,359.0,116.5,13.0,0.6,2504.9,53.9,489.5,1831.5,130.1,2750.5529914529916,-245.6529914529915,-8.931040129614964
Sub Himalayan West Bengal & Sikkim,1916,6.6,17.6,8.7,165.3,305.4,649.0,1020.8,514.9,571.9,209.9,5.6,1.1,3476.8,24.2,479.4,2756.6,216.6,2750.5529914529916,726.2470085470086,26.403672672503774
Sub Himalayan West Bengal & Sikkim,1917,1.0,21.4,15.1,23.4,226.1,619.4,740.5,410.5,428.0,354.3,1.7,0.4,2841.6,22.4,264.5,2198.4,356.3,2750.5529914529916,91.04700854700832,3.310134683095574
Sub Himalayan West Bengal & Sikkim,1918,0.8,1.5,17.2,141.9,306.3,682.6,703.8,746.9,345.0,33.6,2.0,0.1,2981.4,2.2,465.3,2478.2,35.6,2750.5529914529916,230.8470085470085,8.392748994996186
Sub Himalayan West Bengal & Sikkim,1919,19.6,5.0,5.5,93.4,177.8,558.0,704.0,285.9,518.2,170.5,6.1,0.4,2544.5,24.6,276.7,2066.1,177.0,2750.5529914529916,-206.0529914529916,-7.491329637831962
Sub Himalayan West Bengal & Sikkim,1920,0.8,24.2,80.5,66.0,148.9,615.2,389.8,608.7,788.8,161.0,0.2,0.0,2884.1,25.1,295.3,2402.5,161.2,2750.5529914529916,133.54700854700832,4.855278518973798
Sub Himalayan West Bengal & Sikkim,1921,37.9,6.0,54.9,157.4,503.1,589.2,970.2,521.4,479.6,183.8,2.7,7.1,3513.4,43.9,715.5,2560.4,193.7,2750.5529914529916,762.8470085470085,27.734314187636542
Sub Himalayan West Bengal & Sikkim,1922,17.8,2.5,5.6,45.4,217.1,803.0,719.8,526.3,571.2,87.2,1.9,3.9,3001.9,20.4,268.1,2620.3,93.1,2750.5529914529916,251.3470085470085,9.138053668772741
Sub Himalayan West Bengal & Sikkim,1923,0.0,40.2,3.8,104.2,336.5,536.9,656.3,228.1,504.1,76.5,0.6,1.7,2489.0,40.2,444.5,1925.4,78.9,2750.5529914529916,-261.5529914529916,-9.509105705861172
Sub Himalayan West Bengal & Sikkim,1924,0.8,3.5,4.1,110.9,264.7,693.1,732.0,491.2,439.0,128.2,81.4,1.9,2950.9,4.3,379.7,2355.4,211.5,2750.5529914529916,200.3470085470085,7.283881065718872
Sub Himalayan West Bengal & Sikkim,1925,3.0,6.1,13.1,261.6,284.6,554.1,446.0,664.5,568.6,69.3,14.8,0.8,2886.6,9.1,559.3,2233.3,84.9,2750.5529914529916,136.04700854700832,4.946169332848989
Sub Himalayan West Bengal & Sikkim,1926,12.7,2.9,66.5,43.7,236.1,580.8,853.8,396.4,331.8,102.8,0.2,9.9,2637.7,15.6,346.4,2162.8,112.9,2750.5529914529916,-112.85299145299177,-4.1029200965648975
Sub Himalayan West Bengal & Sikkim,1927,21.0,33.9,56.4,44.5,300.4,682.1,518.1,408.4,543.5,107.3,16.3,0.3,2732.2,55.0,401.2,2152.0,124.0,2750.5529914529916,-18.352991452991773,-0.6672473320827288
Sub Himalayan West Bengal & Sikkim,1928,25.5,11.8,5.4,92.6,210.8,527.8,666.2,660.9,395.9,255.3,14.9,1.9,2868.9,37.3,308.9,2250.7,272.1,2750.5529914529916,118.3470085470085,4.302662370612651
Sub Himalayan West Bengal & Sikkim,1929,49.7,2.0,37.9,126.4,235.0,594.0,554.5,392.6,400.9,513.5,10.5,14.3,2931.3,51.7,399.4,1942.0,538.3,2750.5529914529916,180.7470085470086,6.571297084937388
Sub Himalayan West Bengal & Sikkim,1930,17.6,19.9,51.7,61.3,192.3,495.1,346.1,475.8,329.6,140.4,52.0,2.4,2184.5,37.5,305.4,1646.7,194.9,2750.5529914529916,-566.0529914529916,-20.579606835859273
Sub Himalayan West Bengal & Sikkim,1931,2.8,9.7,28.2,98.6,296.3,523.7,793.8,408.7,585.3,112.1,12.7,4.5,2876.5,12.4,423.2,2311.6,129.3,2750.5529914529916,125.94700854700841,4.578970444793225
Sub Himalayan West Bengal & Sikkim,1932,3.0,7.0,8.6,72.4,255.9,731.3,363.5,582.9,380.1,154.4,132.1,24.4,2715.6,10.0,336.9,2057.8,310.9,2750.5529914529916,-34.95299145299168,-1.2707623362139848
Sub Himalayan West Bengal & Sikkim,1933,16.5,9.4,0.5,112.4,206.0,565.3,653.3,512.3,284.1,149.3,3.9,1.1,2514.2,25.9,318.9,2015.0,154.4,2750.5529914529916,-236.35299145299177,-8.592926301999269
Sub Himalayan West Bengal & Sikkim,1934,10.5,60.2,0.4,86.8,227.5,517.2,656.2,455.6,436.3,151.4,4.0,6.8,2612.9,70.7,314.7,2065.4,162.2,2750.5529914529916,-137.6529914529915,-5.004556970206769
Sub Himalayan West Bengal & Sikkim,1935,9.5,28.4,16.6,24.2,248.9,609.2,365.4,935.1,521.7,18.0,6.3,1.8,2785.1,37.9,289.7,2431.5,26.1,2750.5529914529916,34.54700854700832,1.256002289516288
Sub Himalayan West Bengal & Sikkim,1936,3.7,8.9,46.7,85.7,274.8,410.4,663.8,508.7,536.0,113.2,0.1,8.3,2660.3,12.5,407.3,2118.8,121.6,2750.5529914529916,-90.25299145299141,-3.2812671391331705
Sub Himalayan West Bengal & Sikkim,1937,0.0,68.6,2.2,63.7,270.2,317.2,477.3,654.0,354.8,351.6,6.7,2.0,2568.4,68.6,336.0,1803.4,360.4,2750.5529914529916,-182.1529914529915,-6.622413457185146
Sub Himalayan West Bengal & Sikkim,1938,0.8,8.2,7.6,76.2,460.9,889.2,699.4,539.0,461.0,102.4,4.4,0.1,3249.3,8.9,544.7,2588.7,106.9,2750.5529914529916,498.7470085470086,18.132608609861514
Sub Himalayan West Bengal & Sikkim,1939,0.0,19.8,5.8,6.7,268.3,626.3,605.9,460.5,444.6,146.3,6.5,0.3,2591.1,19.8,280.8,2137.4,153.1,2750.5529914529916,-159.45299145299168,-5.79712486719843
Sub Himalayan West Bengal & Sikkim,1940,0.1,54.2,121.2,24.7,217.1,469.1,600.3,400.8,408.4,11.7,9.5,3.1,2320.2,54.2,363.0,1878.7,24.3,2750.5529914529916,-430.3529914529918,-15.646053458713984
Sub Himalayan West Bengal & Sikkim,1941,3.8,6.3,12.7,85.4,378.8,470.1,544.9,582.1,452.8,154.5,22.0,4.5,2718.0,10.1,477.0,2049.9,181.0,2750.5529914529916,-32.55299145299159,-1.1835071548937994
Sub Himalayan West Bengal & Sikkim,1942,6.6,19.5,45.7,186.9,253.8,537.8,382.2,363.8,511.7,49.7,7.6,0.0,2365.4,26.1,486.4,1795.6,57.3,2750.5529914529916,-385.1529914529915,-14.002747543850546
Sub Himalayan West Bengal & Sikkim,1943,42.0,38.8,30.3,185.0,209.6,828.9,450.0,555.7,532.8,39.6,4.0,0.9,2917.6,80.8,424.9,2367.4,44.5,2750.5529914529916,167.04700854700832,6.073215424901339
Sub Himalayan West Bengal & Sikkim,1944,37.1,15.7,53.9,105.9,248.8,585.9,446.9,416.7,613.3,52.1,6.9,0.0,2583.2,52.8,408.6,2062.8,59.0,2750.5529914529916,-167.35299145299177,-6.084339839044032
Sub Himalayan West Bengal & Sikkim,1945,27.8,21.3,6.9,120.3,305.4,398.3,551.3,680.0,406.9,235.9,0.0,1.3,2755.4,49.2,432.6,2036.5,237.1,2750.5529914529916,4.8470085470085,0.1762194206790412
Sub Himalayan West Bengal & Sikkim,1946,0.0,11.6,34.2,182.8,248.7,523.4,599.9,401.1,461.7,297.0,7.8,0.2,2768.5,11.6,465.7,1986.1,305.1,2750.5529914529916,17.94700854700841,0.6524872853850316
Sub Himalayan West Bengal & Sikkim,1947,1.6,0.8,93.4,76.0,171.1,377.7,688.1,439.2,542.0,141.9,1.9,0.5,2534.1,2.4,340.5,2046.9,144.3,2750.5529914529916,-216.45299145299168,-7.869435423552754
Sub Himalayan West Bengal & Sikkim,1948,0.5,15.5,21.5,178.3,357.5,556.3,798.0,415.5,349.2,185.8,57.1,1.3,2936.6,15.9,557.3,2119.1,244.2,2750.5529914529916,186.04700854700832,6.763985610352781
Sub Himalayan West Bengal & Sikkim,1949,9.6,25.5,14.1,281.8,351.9,660.9,645.1,586.3,395.8,311.4,0.1,5.1,3287.7,35.1,647.8,2288.1,316.7,2750.5529914529916,537.1470085470082,19.528691510984412
Sub Himalayan West Bengal & Sikkim,1950,0.3,19.6,27.9,48.4,210.4,747.5,570.9,639.9,366.2,131.0,0.2,0.3,2762.5,19.9,286.7,2324.5,131.5,2750.5529914529916,11.947008547008409,0.43434933208457654
Sub Himalayan West Bengal & Sikkim,1951,1.0,0.5,22.7,69.3,239.8,546.5,778.3,503.7,326.1,158.0,37.3,0.0,2683.1,1.5,331.7,2154.5,195.4,2750.5529914529916,-67.45299145299168,-2.4523429165914505
Sub Himalayan West Bengal & Sikkim,1952,1.3,22.2,80.8,168.2,420.8,580.6,713.0,522.9,587.9,148.8,20.7,3.7,3270.7,23.4,669.9,2404.3,173.1,2750.5529914529916,520.1470085470082,18.91063397663312
Sub Himalayan West Bengal & Sikkim,1953,28.2,10.7,88.1,64.5,253.2,427.7,755.2,315.5,540.7,105.7,0.4,4.1,2594.0,39.0,405.8,2039.1,110.2,2750.5529914529916,-156.5529914529916,-5.691691523103207
Sub Himalayan West Bengal & Sikkim,1954,15.7,10.2,10.0,71.1,308.9,841.5,961.5,496.2,250.8,85.6,0.7,3.5,3055.6,25.9,390.0,2549.9,89.7,2750.5529914529916,305.0470085470083,11.09038835081181
Sub Himalayan West Bengal & Sikkim,1955,4.6,2.8,34.6,71.5,220.5,541.0,1064.6,626.2,365.0,51.3,6.1,4.6,2992.9,7.4,326.6,2596.9,62.0,2750.5529914529916,242.3470085470085,8.81084673882206
Sub Himalayan West Bengal & Sikkim,1956,14.8,1.4,42.6,164.9,420.9,747.9,471.4,486.8,285.2,215.8,30.1,3.6,2885.5,16.2,628.4,1991.4,249.6,2750.5529914529916,134.9470085470084,4.9061773747439075
Sub Himalayan West Bengal & Sikkim,1957,103.0,8.9,25.5,10.6,167.7,430.2,650.6,535.4,208.4,73.7,7.7,3.8,2225.5,112.0,203.7,1824.6,85.1,2750.5529914529916,-525.0529914529916,-19.088997488306163
Sub Himalayan West Bengal & Sikkim,1958,8.1,17.5,14.8,120.6,269.4,487.8,500.3,898.1,353.2,145.6,1.8,3.0,2820.3,25.6,404.8,2239.4,150.4,2750.5529914529916,69.74700854700859,2.5357449488789685
Sub Himalayan West Bengal & Sikkim,1959,99.8,5.7,64.3,111.6,218.7,565.9,538.6,291.7,337.9,345.0,0.9,0.1,2580.1,105.5,394.6,1734.2,346.0,2750.5529914529916,-170.45299145299168,-6.197044448249264
Sub Himalayan West Bengal & Sikkim,1960,0.1,6.5,52.0,4.8,293.2,407.2,764.5,387.2,623.0,71.9,0.0,0.0,2610.5,6.6,350.0,2182.0,71.9,2750.5529914529916,-140.0529914529916,-5.0918121515269545
Sub Himalayan West Bengal & Sikkim,1961,11.5,38.9,19.6,39.3,279.2,448.3,448.9,542.0,341.5,127.5,2.1,5.4,2304.2,50.4,338.1,1780.8,135.0,2750.5529914529916,-446.3529914529918,-16.2277546675152
Sub Himalayan West Bengal & Sikkim,1962,33.0,21.7,14.4,57.2,318.7,537.1,516.6,663.2,279.5,77.4,0.4,2.6,2521.7,54.7,390.3,1996.4,80.3,2750.5529914529916,-228.85299145299177,-8.320253860373699
Sub Himalayan West Bengal & Sikkim,1963,2.1,0.7,32.2,103.9,323.6,409.4,676.1,611.9,267.7,152.5,21.7,3.0,2604.7,2.7,459.7,1965.1,177.2,2750.5529914529916,-145.85299145299177,-5.302678839717402
Sub Himalayan West Bengal & Sikkim,1964,0.0,1.2,9.4,127.0,184.7,613.2,959.1,445.6,486.8,151.0,3.4,0.1,2981.4,1.2,321.0,2504.7,154.5,2750.5529914529916,230.8470085470085,8.392748994996186
Sub Himalayan West Bengal & Sikkim,1965,0.2,22.0,48.2,69.5,232.4,444.6,697.6,830.2,345.7,39.5,32.7,0.2,2762.7,22.1,350.1,2318.2,72.3,2750.5529914529916,12.147008547008227,0.44162059719458513
Sub Himalayan West Bengal & Sikkim,1966,29.5,7.6,3.0,51.5,231.7,287.5,741.5,682.8,357.3,100.9,18.3,3.8,2515.3,37.1,286.2,2069.1,123.0,2750.5529914529916,-235.2529914529914,-8.55293434389417
Sub Himalayan West Bengal & Sikkim,1967,2.3,0.1,98.8,85.3,213.7,727.5,901.6,274.1,409.4,128.7,7.9,11.1,2860.5,2.4,397.8,2312.6,147.7,2750.5529914529916,109.94700854700841,3.997269235992011
Sub Himalayan West Bengal & Sikkim,1968,26.3,4.7,34.3,90.8,237.3,646.7,827.6,594.2,514.8,314.3,87.3,0.5,3378.8,31.0,362.4,2583.3,402.1,2750.5529914529916,628.2470085470086,22.84075276859634
Sub Himalayan West Bengal & Sikkim,1969,11.5,2.8,45.1,77.5,273.3,504.8,550.5,448.2,431.2,45.8,34.1,0.0,2424.9,14.4,396.0,1934.6,79.9,2750.5529914529916,-325.6529914529915,-11.839546173621033
Sub Himalayan West Bengal & Sikkim,1970,18.0,13.4,7.6,162.5,162.7,556.6,731.2,425.4,560.8,60.7,3.3,0.0,2702.3,31.4,332.9,2273.9,64.1,2750.5529914529916,-48.25299145299141,-1.7543014660299838
Sub Himalayan West Bengal & Sikkim,1971,28.4,21.3,63.0,239.8,244.5,757.6,599.5,542.0,375.4,328.7,24.8,1.9,3226.8,49.7,547.4,2274.4,355.4,2750.5529914529916,476.2470085470086,17.314591284984807
Sub Himalayan West Bengal & Sikkim,1972,9.4,41.6,52.1,134.3,287.5,457.2,590.3,335.1,407.1,86.8,12.3,0.9,2414.6,51.0,473.9,1789.7,100.0,2750.5529914529916,-335.9529914529917,-12.214016326786819
Sub Himalayan West Bengal & Sikkim,1973,13.8,35.9,40.8,82.9,324.3,679.8,426.5,424.7,474.1,281.3,16.6,3.9,2804.6,49.7,448.0,2005.1,301.8,2750.5529914529916,54.04700854700832,1.9649506377427672
Sub Himalayan West Bengal & Sikkim,1974,19.1,2.5,94.4,210.8,339.0,508.1,826.8,673.7,480.8,175.0,3.0,8.3,3341.6,21.6,644.2,2489.4,186.3,2750.5529914529916,591.0470085470083,21.488297458133506
Sub Himalayan West Bengal & Sikkim,1975,20.4,29.9,15.6,83.7,251.1,493.2,808.2,263.8,515.7,174.6,1.0,6.6,2663.6,50.2,350.4,2080.8,182.2,2750.5529914529916,-86.95299145299168,-3.1612912648179297
Sub Himalayan West Bengal & Sikkim,1976,8.8,51.0,27.3,112.8,303.5,649.2,531.9,671.7,288.0,113.1,35.5,1.2,2793.9,59.7,443.6,2140.8,149.8,2750.5529914529916,43.3470085470085,1.575937954356962
Sub Himalayan West Bengal & Sikkim,1977,6.6,16.0,67.6,245.6,308.1,466.0,502.9,627.8,316.0,263.7,60.8,25.3,2906.5,22.6,621.3,1912.7,349.8,2750.5529914529916,155.9470085470084,5.6696602112955015
Sub Himalayan West Bengal & Sikkim,1978,14.7,17.9,49.3,136.7,313.3,515.5,545.2,274.0,376.5,62.9,61.1,10.8,2377.8,32.6,499.2,1711.1,134.8,2750.5529914529916,-372.7529914529914,-13.551929107029604
Sub Himalayan West Bengal & Sikkim,1979,8.1,26.8,15.1,100.6,142.0,261.7,741.7,432.4,427.0,286.5,31.7,38.1,2511.7,34.9,257.7,1862.9,356.3,2750.5529914529916,-238.85299145299177,-8.683817115874456
Sub Himalayan West Bengal & Sikkim,1980,11.6,44.8,77.3,130.4,300.1,485.9,774.4,692.5,477.5,151.2,0.9,2.0,3148.6,56.4,507.8,2430.4,154.1,2750.5529914529916,398.0470085470083,14.471526626968863
Sub Himalayan West Bengal & Sikkim,1981,48.8,23.0,77.8,185.6,273.7,468.6,833.1,540.9,453.2,38.1,9.2,17.3,2969.3,71.8,537.1,2295.9,64.6,2750.5529914529916,218.7470085470086,7.952837455840273
Sub Himalayan West Bengal & Sikkim,1982,0.2,9.9,47.0,125.6,174.5,499.0,749.5,305.5,341.6,54.1,20.0,10.6,2337.7,10.1,347.1,1895.7,84.8,2750.5529914529916,-412.8529914529918,-15.009817761587657
Sub Himalayan West Bengal & Sikkim,1983,26.7,56.9,35.3,87.7,335.3,557.9,758.4,295.6,535.8,125.1,3.2,20.8,2838.8,83.7,458.3,2147.6,149.1,2750.5529914529916,88.24700854700859,3.2083369715553713
Sub Himalayan West Bengal & Sikkim,1984,29.3,11.3,42.6,127.3,360.1,474.6,737.2,364.8,405.5,179.1,5.1,11.5,2748.4,40.6,530.0,1982.1,195.7,2750.5529914529916,-2.1529914529915004,-0.07827485817148985
Sub Himalayan West Bengal & Sikkim,1985,2.2,30.5,43.2,69.5,358.6,532.7,907.4,372.7,464.5,211.9,17.4,27.3,3037.9,32.8,471.2,2277.3,256.6,2750.5529914529916,287.3470085470085,10.446881388575473
Sub Himalayan West Bengal & Sikkim,1986,1.3,5.8,7.9,122.4,152.1,436.4,545.4,363.2,493.9,215.1,15.5,6.4,2365.4,7.1,282.4,1838.9,237.0,2750.5529914529916,-385.1529914529915,-14.002747543850546
Sub Himalayan West Bengal & Sikkim,1987,2.8,35.3,79.8,152.7,148.0,451.0,791.9,836.6,530.3,150.3,5.6,1.2,3185.5,38.1,380.6,2609.8,157.1,2750.5529914529916,434.9470085470084,15.813075039766666
Sub Himalayan West Bengal & Sikkim,1988,6.8,24.6,71.2,96.5,268.8,304.9,831.7,990.5,446.6,76.0,18.4,5.5,3141.4,31.4,436.5,2573.6,99.9,2750.5529914529916,390.8470085470085,14.209761083008324
Sub Himalayan West Bengal & Sikkim,1989,21.0,41.6,45.8,58.1,358.4,551.3,629.8,407.8,593.6,98.9,30.7,17.6,2854.6,62.6,462.2,2182.5,147.2,2750.5529914529916,104.04700854700832,3.7827669152465604
Sub Himalayan West Bengal & Sikkim,1990,3.8,109.9,80.1,158.3,358.2,554.7,814.1,916.6,440.6,115.0,0.4,13.7,3565.3,113.6,596.6,2726.0,129.1,2750.5529914529916,814.7470085470086,29.621207483685485
Sub Himalayan West Bengal & Sikkim,1991,41.5,24.2,45.8,102.7,283.7,691.4,592.6,500.9,689.5,67.8,1.7,30.4,3072.4,65.7,432.3,2474.4,99.9,2750.5529914529916,321.8470085470085,11.70117462005309
Sub Himalayan West Bengal & Sikkim,1992,10.0,46.7,26.0,84.0,253.4,328.1,736.3,458.0,276.4,125.5,5.0,9.5,2358.8,56.7,363.4,1798.8,140.0,2750.5529914529916,-391.7529914529914,-14.242699292481042
Sub Himalayan West Bengal & Sikkim,1993,37.6,35.2,58.8,136.9,320.5,449.6,723.9,521.6,352.2,228.8,28.4,2.4,2895.9,72.9,516.2,2047.3,259.6,2750.5529914529916,145.3470085470085,5.2842831604647
Sub Himalayan West Bengal & Sikkim,1994,49.6,55.0,114.1,126.6,243.3,388.0,357.3,396.1,302.1,84.3,8.5,2.2,2127.3,104.6,484.1,1443.6,95.0,2750.5529914529916,-623.2529914529914,-22.659188657323607
Sub Himalayan West Bengal & Sikkim,1995,17.9,41.1,50.6,84.2,349.6,859.0,775.3,539.2,638.5,99.7,88.6,14.0,3557.8,59.0,484.5,2812.0,202.3,2750.5529914529916,807.2470085470086,29.348535042059922
Sub Himalayan West Bengal & Sikkim,1996,30.9,34.2,59.5,85.0,401.7,334.6,863.6,545.1,337.9,107.3,0.4,0.0,2800.3,65.1,546.1,2081.3,107.8,2750.5529914529916,49.74700854700859,1.808618437877451
Sub Himalayan West Bengal & Sikkim,1997,18.9,31.3,76.4,119.5,166.9,613.3,488.1,479.0,443.9,41.3,16.3,56.5,2551.4,50.2,362.9,2024.2,114.1,2750.5529914529916,-199.1529914529915,-7.240470991536435
Sub Himalayan West Bengal & Sikkim,1998,13.6,37.0,125.1,154.1,254.2,653.0,854.6,860.4,478.9,209.1,13.1,2.1,3655.1,50.5,533.4,2846.8,224.3,2750.5529914529916,904.5470085470083,32.88600551808229
Sub Himalayan West Bengal & Sikkim,1999,8.7,6.2,17.9,156.0,335.4,550.5,831.7,751.6,404.1,246.0,10.7,4.5,3323.3,14.9,509.3,2537.9,261.2,2750.5529914529916,572.7470085470086,20.82297670056713
Sub Himalayan West Bengal & Sikkim,2000,10.7,36.2,55.1,185.1,326.5,649.6,574.3,498.1,465.8,82.9,22.6,1.2,2908.0,46.9,566.6,2187.8,106.7,2750.5529914529916,157.4470085470084,5.724194699620615
Sub Himalayan West Bengal & Sikkim,2001,4.0,20.5,50.2,134.8,347.2,472.2,399.0,424.5,434.9,282.8,36.6,5.9,2612.6,24.5,532.2,1730.5,325.4,2750.5529914529916,-137.95299145299168,-5.015463867871799
Sub Himalayan West Bengal & Sikkim,2002,30.1,10.0,95.6,237.1,181.7,407.2,743.3,406.6,340.1,75.7,8.7,10.8,2547.0,40.1,514.4,1897.2,95.2,2750.5529914529916,-203.5529914529916,-7.4004388239567716
Sub Himalayan West Bengal & Sikkim,2003,17.0,79.2,90.1,171.4,211.7,516.6,703.0,354.0,321.4,223.0,16.4,19.2,2723.3,96.3,473.3,1895.1,258.7,2750.5529914529916,-27.25299145299141,-0.9908186294783907
Sub Himalayan West Bengal & Sikkim,2004,19.9,11.5,40.5,163.5,287.5,489.5,739.5,356.4,394.7,198.4,9.0,4.4,2714.7,31.4,491.5,1980.1,211.8,2750.5529914529916,-35.85299145299177,-1.3034830292090565
Sub Himalayan West Bengal & Sikkim,2005,19.5,21.0,132.1,155.5,254.0,446.5,704.3,564.5,229.9,271.1,8.8,0.5,2807.7,40.6,541.6,1945.1,280.4,2750.5529914529916,57.14700854700823,2.077655246947999
Sub Himalayan West Bengal & Sikkim,2006,0.7,17.0,39.8,119.3,270.5,446.2,470.2,295.0,456.8,118.4,20.3,7.9,2262.1,17.7,429.6,1668.2,146.6,2750.5529914529916,-488.4529914529917,-17.75835597317339
Sub Himalayan West Bengal & Sikkim,2007,3.1,81.1,46.6,160.1,215.1,485.1,686.3,412.4,458.6,79.5,8.8,2.0,2638.9,84.2,421.7,2042.5,90.3,2750.5529914529916,-111.6529914529915,-4.059292505904797
Sub Himalayan West Bengal & Sikkim,2008,33.2,22.1,79.8,141.8,171.4,526.5,657.7,636.3,296.7,97.9,16.9,9.5,2689.9,55.3,393.0,2117.3,124.3,2750.5529914529916,-60.6529914529915,-2.205119902850928
Sub Himalayan West Bengal & Sikkim,2009,6.0,40.3,55.0,115.2,308.7,350.6,456.1,568.4,174.6,235.1,9.1,5.6,2324.6,46.3,478.9,1549.6,249.8,2750.5529914529916,-425.9529914529917,-15.486085626293647
Sub Himalayan West Bengal & Sikkim,2010,5.6,19.6,77.6,176.6,335.9,558.1,593.4,461.3,308.1,66.2,7.9,2.2,2612.3,25.2,590.0,1920.8,76.3,2750.5529914529916,-138.2529914529914,-5.026370765536812
Sub Himalayan West Bengal & Sikkim,2011,8.5,19.9,71.2,135.0,247.8,419.8,612.3,470.3,356.3,46.7,26.7,4.3,2418.7,28.4,453.9,1858.6,77.7,2750.5529914529916,-331.8529914529918,-12.064955392031512
Sub Himalayan West Bengal & Sikkim,2012,15.3,13.9,45.5,159.8,202.4,604.2,684.5,332.7,434.7,119.4,12.5,7.4,2632.2,29.2,407.7,2056.0,139.3,2750.5529914529916,-118.35299145299177,-4.302879887090316
Sub Himalayan West Bengal & Sikkim,2013,3.0,23.6,32.1,114.7,296.5,404.9,588.4,416.3,308.0,199.8,16.1,2.7,2406.1,26.7,443.4,1717.6,218.5,2750.5529914529916,-344.4529914529917,-12.523045093962464
Sub Himalayan West Bengal & Sikkim,2014,0.2,26.6,37.7,47.9,308.6,543.2,384.6,563.3,371.5,31.2,5.3,2.4,2322.6,26.9,394.2,1862.6,38.9,2750.5529914529916,-427.9529914529917,-15.558798277393802
Sub Himalayan West Bengal & Sikkim,2015,15.7,15.0,64.8,149.0,304.6,508.2,393.3,626.6,354.9,53.6,23.8,9.0,2518.6,30.7,518.5,1883.0,86.4,2750.5529914529916,-231.95299145299168,-8.43295846957893
Sub Himalayan West Bengal & Sikkim,2016,20.7,7.1,98.9,101.4,233.7,570.8,732.1,209.9,494.3,155.6,0.0,0.3,2624.8,27.9,434.0,2007.1,155.8,2750.5529914529916,-125.75299145299141,-4.571916696160863
Sub Himalayan West Bengal & Sikkim,2017,3.0,5.1,84.6,146.8,226.8,400.6,478.6,777.9,390.1,166.5,3.8,1.0,2684.9,8.1,458.2,2047.3,171.3,2750.5529914529916,-65.6529914529915,-2.3869015306013073
Gangetic West Bengal,1901,37.1,58.4,3.9,64.1,121.7,198.0,280.8,275.7,313.5,51.1,83.4,0.0,1487.6,95.5,189.7,1068.0,134.4,1490.6128205128207,-3.012820512820781,-0.20211958943062558
Gangetic West Bengal,1902,0.0,1.2,44.2,103.8,161.6,140.9,347.8,264.8,230.5,32.5,10.4,9.9,1347.7,1.2,309.6,984.0,52.9,1490.6128205128207,-142.91282051282064,-9.587521222556898
Gangetic West Bengal,1903,17.5,24.6,37.3,30.6,78.5,201.7,179.6,277.6,300.7,198.0,8.2,0.0,1354.3,42.1,146.4,959.6,206.2,1490.6128205128207,-136.31282051282074,-9.144750309199981
Gangetic West Bengal,1904,0.1,23.9,35.6,17.5,160.2,286.7,435.3,241.7,142.8,35.1,4.1,0.1,1383.1,24.0,213.3,1106.4,39.3,1490.6128205128207,-107.51282051282078,-7.212659050915232
Gangetic West Bengal,1905,30.9,49.6,84.7,84.9,156.8,70.9,525.5,263.6,287.6,107.3,0.0,5.2,1666.9,80.5,326.3,1147.6,112.6,1490.6128205128207,176.2871794871794,11.826490223432447
Gangetic West Bengal,1906,46.8,123.6,53.3,1.1,81.3,172.0,307.1,264.6,193.2,140.0,12.5,0.0,1395.6,170.4,135.7,936.9,152.6,1490.6128205128207,-95.01282051282078,-6.37407777561803
Gangetic West Bengal,1907,0.7,24.2,94.9,39.7,92.3,347.6,217.5,249.9,232.3,13.3,0.0,24.7,1337.0,24.8,226.9,1047.3,38.0,1490.6128205128207,-153.6128205128207,-10.305346794211305
Gangetic West Bengal,1908,27.0,5.1,1.9,5.2,109.9,380.4,383.5,290.4,174.9,21.3,0.2,0.0,1400.0,32.1,117.1,1229.2,21.5,1490.6128205128207,-90.61282051282069,-6.078897166713409
Gangetic West Bengal,1909,5.6,6.4,0.6,145.2,97.2,335.0,232.4,504.3,273.0,75.3,1.3,21.4,1697.8,12.1,242.9,1344.8,98.0,1490.6128205128207,207.18717948717926,13.899463135967121
Gangetic West Bengal,1910,23.0,10.8,9.4,48.4,101.7,241.8,319.4,250.9,209.6,170.7,0.2,0.0,1385.9,33.8,159.4,1021.8,170.9,1490.6128205128207,-104.7128205128206,-7.024816845248647
Gangetic West Bengal,1911,1.2,2.9,42.8,35.3,110.4,276.6,168.4,261.5,260.2,93.3,12.3,0.0,1264.9,4.1,188.5,966.7,105.5,1490.6128205128207,-225.7128205128206,-15.142283590125558
Gangetic West Bengal,1912,1.8,23.6,71.6,48.9,109.3,199.4,325.3,255.0,134.3,99.5,78.7,0.0,1347.4,25.3,229.8,914.0,178.2,1490.6128205128207,-143.2128205128206,-9.607647173164027
Gangetic West Bengal,1913,4.1,110.7,35.1,12.8,157.0,512.0,367.7,290.3,186.2,122.6,18.5,9.8,1826.8,114.8,204.9,1356.3,150.9,1490.6128205128207,336.18717948717926,22.553621897034244
Gangetic West Bengal,1914,0.0,31.0,21.8,56.4,230.9,192.8,400.8,218.8,186.4,28.5,0.0,16.4,1383.9,31.0,309.2,998.8,44.9,1490.6128205128207,-106.7128205128206,-7.158989849296199
Gangetic West Bengal,1915,6.1,9.1,79.5,26.5,122.5,224.5,228.5,236.7,229.3,88.3,59.0,0.3,1310.3,15.1,228.5,919.0,147.6,1490.6128205128207,-180.31282051282074,-12.096556398246133
Gangetic West Bengal,1916,0.6,2.1,0.5,58.3,42.3,378.5,148.9,320.5,283.8,286.7,78.2,0.1,1600.5,2.7,101.2,1131.6,365.0,1490.6128205128207,109.88717948717931,7.371946489053706
Gangetic West Bengal,1917,0.4,33.6,19.7,29.4,171.4,366.8,321.8,259.9,204.7,358.3,9.7,0.0,1775.8,34.0,220.6,1153.2,368.0,1490.6128205128207,285.18717948717926,19.13221029382166
Gangetic West Bengal,1918,1.3,0.0,22.9,81.1,177.8,374.6,194.2,366.8,169.2,4.1,0.3,3.0,1395.4,1.4,281.8,1104.8,7.5,1490.6128205128207,-95.2128205128206,-6.3874950760227724
Gangetic West Bengal,1919,41.9,19.3,10.5,61.8,125.3,306.0,299.0,385.9,148.9,48.0,35.7,0.0,1482.2,61.3,197.6,1139.8,83.6,1490.6128205128207,-8.412820512820645,-0.5643867003590075
Gangetic West Bengal,1920,0.4,36.7,152.5,14.6,77.0,127.8,380.3,294.4,171.2,106.1,2.5,0.0,1363.6,37.1,244.1,973.7,108.7,1490.6128205128207,-127.01282051282078,-8.520845840378866
Gangetic West Bengal,1921,36.5,10.1,13.2,57.4,53.3,238.4,279.6,382.1,177.7,51.9,0.0,0.0,1300.2,46.6,123.9,1077.8,51.9,1490.6128205128207,-190.41282051282064,-12.774130068686265
Gangetic West Bengal,1922,7.4,3.1,1.2,22.0,72.3,553.0,269.7,400.8,244.3,75.8,4.7,1.4,1655.6,10.5,95.4,1467.7,81.9,1490.6128205128207,164.98717948717922,11.068412750563764
Gangetic West Bengal,1923,0.1,92.2,8.2,22.1,71.5,154.3,330.8,405.6,110.1,72.2,16.9,1.2,1285.2,92.3,101.8,1000.8,90.3,1490.6128205128207,-205.41282051282064,-13.780427599042907
Gangetic West Bengal,1924,8.2,5.3,0.3,38.5,64.9,181.2,308.0,260.7,254.8,82.1,62.5,0.0,1266.5,13.5,103.7,1004.7,144.6,1490.6128205128207,-224.1128205128207,-15.034945186887525
Gangetic West Bengal,1925,10.7,14.8,28.4,78.9,106.2,171.8,305.7,211.2,158.4,184.5,3.1,0.0,1273.6,25.5,213.5,847.0,187.6,1490.6128205128207,-217.01282051282078,-14.55863102251872
Gangetic West Bengal,1926,26.4,9.5,111.3,25.6,85.5,103.7,579.3,431.3,243.7,78.9,0.9,9.1,1705.4,35.9,222.4,1358.1,89.0,1490.6128205128207,214.7871794871794,14.409320551347829
Gangetic West Bengal,1927,31.6,37.4,9.1,22.3,96.7,227.7,317.4,224.6,161.6,58.6,3.7,0.0,1190.5,69.0,128.1,931.2,62.3,1490.6128205128207,-300.1128205128207,-20.13351934069451
Gangetic West Bengal,1928,12.8,3.2,1.6,51.3,110.9,427.0,428.1,325.1,113.3,149.9,1.7,0.1,1625.0,15.9,163.8,1293.5,151.8,1490.6128205128207,134.3871794871793,9.015565788636222
Gangetic West Bengal,1929,42.8,13.2,38.8,41.8,52.5,208.1,398.6,297.3,168.3,264.6,0.0,31.4,1557.3,56.0,133.1,1072.3,296.0,1490.6128205128207,66.68717948717926,4.4738096016265745
Gangetic West Bengal,1930,1.8,12.1,19.9,18.6,86.3,186.9,410.7,307.3,200.1,41.1,95.1,1.1,1380.8,13.8,124.8,1105.0,137.3,1490.6128205128207,-109.81282051282074,-7.366958005569914
Gangetic West Bengal,1931,2.2,74.6,27.1,22.7,111.5,157.2,368.5,286.7,197.0,168.3,59.0,0.9,1475.8,76.8,161.3,1009.4,228.3,1490.6128205128207,-14.812820512820736,-0.9937403133111808
Gangetic West Bengal,1932,0.0,12.9,5.1,31.9,196.6,151.1,297.5,259.6,177.7,64.2,110.2,0.0,1306.9,12.9,233.6,885.9,174.4,1490.6128205128207,-183.7128205128206,-12.32465050512696
Gangetic West Bengal,1933,16.3,53.3,3.7,75.6,171.6,326.3,384.9,420.8,266.9,144.8,2.1,0.8,1867.2,69.6,250.9,1398.9,147.7,1490.6128205128207,376.58717948717936,25.263916578794802
Gangetic West Bengal,1934,5.5,19.6,0.6,39.9,58.6,200.0,209.0,269.6,197.1,85.0,14.9,17.8,1117.4,25.1,99.0,875.6,117.7,1490.6128205128207,-373.2128205128206,-25.037542638632537
Gangetic West Bengal,1935,12.1,26.3,30.8,34.6,33.6,163.4,233.1,298.9,171.1,9.6,0.0,1.6,1015.1,38.3,99.0,866.5,11.2,1490.6128205128207,-475.51282051282067,-31.90049179566484
Gangetic West Bengal,1936,9.8,12.6,20.3,16.4,223.8,299.9,331.4,251.4,253.9,74.7,4.0,7.5,1505.6,22.4,260.5,1136.6,86.1,1490.6128205128207,14.987179487179219,1.0054374469973448
Gangetic West Bengal,1937,0.0,112.8,8.6,16.8,130.3,300.8,265.6,280.4,295.7,109.2,1.9,0.4,1522.5,112.8,155.8,1142.5,111.4,1490.6128205128207,31.88717948717931,2.1391993311991677
Gangetic West Bengal,1938,15.7,33.1,2.8,8.9,234.9,233.7,244.6,310.2,160.8,78.9,14.2,0.0,1337.8,48.8,246.6,949.3,93.1,1490.6128205128207,-152.81282051282074,-10.251677592592289
Gangetic West Bengal,1939,2.4,23.1,10.9,20.2,70.2,250.5,420.2,450.9,207.5,220.6,21.2,0.8,1698.4,25.5,101.3,1329.1,242.6,1490.6128205128207,207.7871794871794,13.939715037181397
Gangetic West Bengal,1940,0.1,30.3,103.9,18.3,98.9,218.1,236.2,384.3,199.6,58.9,7.3,2.8,1358.5,30.3,221.1,1038.1,68.9,1490.6128205128207,-132.1128205128207,-8.86298700070012
Gangetic West Bengal,1941,29.3,0.4,0.7,27.6,87.5,376.1,404.3,396.5,184.4,219.6,74.3,0.4,1801.1,29.7,115.9,1361.3,294.3,1490.6128205128207,310.4871794871792,20.829498795023195
Gangetic West Bengal,1942,1.2,16.7,14.7,52.0,64.2,144.5,374.9,406.9,384.1,142.6,13.9,0.0,1615.6,18.0,130.8,1310.3,156.5,1490.6128205128207,124.98717948717922,8.384952669612721
Gangetic West Bengal,1943,39.4,25.7,16.9,85.4,53.6,209.5,418.5,320.5,186.8,90.0,0.0,0.0,1446.2,65.1,155.9,1135.3,90.0,1490.6128205128207,-44.412820512820645,-2.9795007732149483
Gangetic West Bengal,1944,60.0,24.4,40.2,44.8,36.1,147.5,349.8,477.4,147.0,79.1,0.1,0.0,1406.4,84.3,121.1,1121.8,79.1,1490.6128205128207,-84.2128205128206,-5.6495435537612355
Gangetic West Bengal,1945,18.0,13.6,5.1,75.7,110.2,196.2,196.3,213.2,198.6,244.2,0.1,0.3,1271.5,31.6,191.0,804.3,244.6,1490.6128205128207,-219.1128205128207,-14.699512676768641
Gangetic West Bengal,1946,0.0,4.2,11.3,131.5,117.6,247.4,297.4,374.2,305.3,196.8,28.3,0.2,1714.2,4.2,260.4,1224.3,225.3,1490.6128205128207,223.58717948717936,14.999681769157055
Gangetic West Bengal,1947,3.4,13.1,43.3,18.4,104.0,172.7,348.9,292.0,237.4,95.9,0.5,33.5,1363.0,16.5,165.7,1050.9,129.9,1490.6128205128207,-127.61282051282069,-8.561097741593127
Gangetic West Bengal,1948,13.2,44.9,48.4,52.6,135.9,200.4,268.4,323.6,214.3,116.7,113.6,0.0,1532.1,58.1,236.9,1006.8,230.3,1490.6128205128207,41.48717948717922,2.7832297506274126
Gangetic West Bengal,1949,6.8,3.0,33.5,114.7,188.9,214.5,325.0,285.5,209.8,110.5,1.3,0.0,1493.7,9.8,337.2,1034.8,111.8,1490.6128205128207,3.0871794871793554,0.207108072914418
Gangetic West Bengal,1950,0.0,6.5,25.9,14.1,101.2,371.1,338.8,373.3,176.4,93.3,115.2,0.0,1615.6,6.5,141.2,1259.5,208.5,1490.6128205128207,124.98717948717922,8.384952669612721
Gangetic West Bengal,1951,0.0,0.4,62.1,13.1,67.4,180.7,253.5,260.3,200.1,140.0,36.0,0.4,1214.0,0.4,142.7,894.5,176.5,1490.6128205128207,-276.6128205128207,-18.55698654313577
Gangetic West Bengal,1952,0.3,1.1,23.3,99.7,77.0,167.4,431.0,244.7,189.1,159.6,2.5,0.0,1395.7,1.4,199.9,1032.2,162.1,1490.6128205128207,-94.91282051282064,-6.367369125415643
Gangetic West Bengal,1953,25.8,14.1,4.8,13.6,61.9,311.1,358.3,343.1,278.5,56.0,38.6,0.0,1505.8,39.9,80.3,1291.0,94.6,1490.6128205128207,15.187179487179264,1.0188547474021032
Gangetic West Bengal,1954,12.3,5.9,0.3,11.6,88.6,211.1,201.7,215.1,247.1,56.8,1.5,28.0,1080.0,18.2,100.5,875.0,86.3,1490.6128205128207,-410.6128205128207,-27.546577814321772
Gangetic West Bengal,1955,2.9,2.3,11.4,24.3,48.0,174.7,338.8,251.9,188.1,151.9,73.9,0.1,1268.2,5.2,83.8,953.4,225.9,1490.6128205128207,-222.41282051282064,-14.9208981334471
Gangetic West Bengal,1956,4.5,33.9,50.7,25.6,141.6,343.3,253.9,295.4,391.1,157.6,12.7,3.9,1714.2,38.3,217.9,1283.7,174.2,1490.6128205128207,223.58717948717936,14.999681769157055
Gangetic West Bengal,1957,50.2,26.6,8.7,6.0,16.4,231.8,312.1,201.1,239.4,38.2,0.1,0.0,1130.5,76.8,31.1,984.4,38.3,1490.6128205128207,-360.1128205128207,-24.158709462121077
Gangetic West Bengal,1958,12.7,25.6,13.3,37.9,58.3,95.2,280.1,215.1,294.7,109.3,8.9,0.0,1151.1,38.4,109.5,885.1,118.2,1490.6128205128207,-339.5128205128208,-22.776727520431294
Gangetic West Bengal,1959,33.5,12.7,17.3,28.2,91.4,208.5,273.3,328.5,487.3,331.2,0.3,0.4,1812.9,46.3,137.0,1297.7,332.0,1490.6128205128207,322.2871794871794,21.621119518903765
Gangetic West Bengal,1960,0.6,1.4,30.9,0.9,122.3,117.5,336.5,317.4,246.3,71.1,0.6,0.0,1245.5,2.0,154.2,1017.7,71.6,1490.6128205128207,-245.1128205128207,-16.44376172938682
Gangetic West Bengal,1961,11.1,75.8,6.8,13.6,91.2,275.0,171.4,252.8,290.9,101.0,0.8,0.1,1290.4,86.8,111.6,990.1,101.9,1490.6128205128207,-200.2128205128206,-13.431577788519267
Gangetic West Bengal,1962,8.8,13.1,6.0,54.5,80.3,185.6,241.1,209.3,233.6,141.0,0.0,0.1,1173.6,21.9,140.9,869.7,141.1,1490.6128205128207,-317.0128205128208,-21.26728122489633
Gangetic West Bengal,1963,0.4,2.4,5.7,61.6,103.6,258.8,277.6,167.1,270.9,131.5,9.5,0.5,1289.5,2.7,170.9,974.4,141.5,1490.6128205128207,-201.1128205128207,-13.491955640340672
Gangetic West Bengal,1964,2.7,11.1,18.0,58.3,84.7,136.2,404.2,211.3,219.9,124.0,8.0,0.0,1278.5,13.8,161.1,971.6,132.0,1490.6128205128207,-212.1128205128207,-14.22990716260221
Gangetic West Bengal,1965,0.3,33.9,46.5,32.8,45.3,227.6,289.6,287.0,220.3,80.1,0.3,0.2,1263.7,34.2,124.5,1024.5,80.5,1490.6128205128207,-226.91282051282064,-15.222787392554093
Gangetic West Bengal,1966,33.1,4.4,5.1,18.3,43.4,296.0,168.7,236.6,187.2,84.9,34.7,6.3,1118.7,37.5,66.8,888.5,125.9,1490.6128205128207,-371.91282051282064,-24.950330186001633
Gangetic West Bengal,1967,52.5,3.3,44.9,65.3,53.0,131.6,247.8,368.8,326.2,52.3,1.3,1.4,1348.4,55.8,163.2,1074.4,55.0,1490.6128205128207,-142.2128205128206,-9.54056067114025
Gangetic West Bengal,1968,5.7,7.6,7.7,12.6,35.5,368.8,418.2,472.2,115.2,115.9,37.8,0.6,1597.7,13.3,55.7,1374.3,154.3,1490.6128205128207,107.08717948717936,7.1841042833871365
Gangetic West Bengal,1969,4.7,5.1,20.9,80.2,89.0,139.8,276.2,418.0,300.9,45.9,23.2,0.2,1404.0,9.9,190.1,1134.9,69.3,1490.6128205128207,-86.61282051282069,-5.8105511586183045
Gangetic West Bengal,1970,10.8,15.1,30.8,16.8,63.5,323.2,285.0,219.8,472.6,195.0,15.8,0.0,1648.5,25.9,111.1,1300.7,210.9,1490.6128205128207,157.8871794871793,10.592098586194961
Gangetic West Bengal,1971,30.6,14.2,4.8,174.2,122.1,260.3,472.5,573.4,252.8,163.5,31.4,0.0,2099.8,44.8,301.1,1559.0,194.9,1490.6128205128207,609.1871794871795,40.86823694952514
Gangetic West Bengal,1972,2.8,43.1,4.1,16.4,25.1,125.9,288.3,543.2,222.5,59.7,2.1,0.0,1333.2,45.8,45.6,1179.9,61.8,1490.6128205128207,-157.41282051282064,-10.560275501901652
Gangetic West Bengal,1973,1.3,8.9,67.6,26.0,134.2,204.2,304.9,335.0,401.6,206.6,20.9,23.9,1735.2,10.2,227.8,1245.7,251.5,1490.6128205128207,244.58717948717936,16.408498311656356
Gangetic West Bengal,1974,3.6,0.0,83.1,29.8,94.5,96.4,438.5,317.1,262.7,140.3,4.6,0.0,1470.7,3.6,207.5,1114.6,144.9,1490.6128205128207,-19.912820512820645,-1.3358814736324331
Gangetic West Bengal,1975,9.9,18.7,10.6,38.1,65.8,156.6,364.9,331.1,286.3,141.6,42.6,0.0,1466.2,28.6,114.5,1138.9,184.2,1490.6128205128207,-24.412820512820645,-1.6377707327394255
Gangetic West Bengal,1976,0.0,32.8,20.7,47.5,133.1,148.9,296.6,279.6,197.5,52.1,31.2,0.6,1240.6,32.8,201.3,922.6,83.8,1490.6128205128207,-250.01282051282078,-16.772485589303333
Gangetic West Bengal,1977,11.7,24.2,7.3,89.9,176.4,409.4,450.9,329.4,171.3,86.6,48.0,35.5,1840.6,35.9,273.6,1361.0,170.1,1490.6128205128207,349.9871794871792,23.47941562496235
Gangetic West Bengal,1978,1.4,21.2,50.5,49.8,116.3,253.0,274.1,349.1,591.8,148.8,10.3,6.4,1872.5,22.6,216.5,1467.9,165.5,1490.6128205128207,381.8871794871793,25.619475039520818
Gangetic West Bengal,1979,16.0,27.3,8.4,28.0,22.3,282.9,296.4,229.6,167.0,48.0,11.5,20.4,1157.9,43.3,58.7,975.9,79.9,1490.6128205128207,-332.7128205128206,-22.320539306669605
Gangetic West Bengal,1980,15.5,22.6,60.9,21.8,109.9,303.6,403.2,243.3,181.0,158.6,0.0,0.4,1521.0,38.1,192.7,1131.2,159.1,1490.6128205128207,30.38717948717931,2.038569578163503
Gangetic West Bengal,1981,13.7,63.9,64.8,110.8,250.9,321.4,417.7,327.7,250.0,11.6,3.8,72.8,1909.0,77.6,426.5,1316.7,88.2,1490.6128205128207,418.3871794871793,28.068132363388642
Gangetic West Bengal,1982,2.4,35.8,87.2,70.9,37.1,196.0,224.5,308.9,101.1,29.2,17.9,0.0,1111.0,38.2,195.2,830.4,47.1,1490.6128205128207,-379.6128205128207,-25.466896251584714
Gangetic West Bengal,1983,9.1,39.2,47.0,44.2,132.5,188.9,207.6,365.4,247.4,167.6,1.1,13.6,1463.6,48.2,223.7,1009.4,182.3,1490.6128205128207,-27.01282051282078,-1.812195638001253
Gangetic West Bengal,1984,19.1,2.6,0.6,46.6,82.6,597.1,332.7,442.2,196.4,111.8,0.0,0.0,1831.7,21.7,129.8,1568.4,111.8,1490.6128205128207,341.08717948717936,22.882345756950752
Gangetic West Bengal,1985,10.9,22.0,8.8,24.1,99.6,280.4,286.3,340.6,201.8,137.2,1.8,0.0,1413.4,32.9,132.4,1109.1,139.0,1490.6128205128207,-77.2128205128206,-5.179938039594803
Gangetic West Bengal,1986,9.6,6.3,7.1,48.5,146.1,227.9,313.4,181.2,522.2,201.5,106.4,20.6,1791.0,15.9,201.7,1244.8,328.5,1490.6128205128207,300.3871794871793,20.151925124583062
Gangetic West Bengal,1987,1.8,7.1,18.9,76.6,91.7,146.9,427.4,473.0,262.6,34.1,43.7,7.7,1591.5,8.9,187.2,1309.9,85.5,1490.6128205128207,100.88717948717931,6.768167970839721
Gangetic West Bengal,1988,1.7,22.9,53.5,45.3,109.3,508.8,299.9,292.6,207.1,100.4,39.5,0.5,1681.5,24.6,208.1,1308.4,140.4,1490.6128205128207,190.8871794871793,12.805953152979574
Gangetic West Bengal,1989,0.4,4.9,6.1,5.4,173.6,318.2,414.5,291.4,284.2,105.5,3.7,18.3,1626.3,5.3,185.1,1308.3,127.5,1490.6128205128207,135.68717948717926,9.102778241267128
Gangetic West Bengal,1990,2.2,62.2,119.0,79.3,147.6,268.2,520.2,236.3,300.7,174.2,47.9,3.5,1961.3,64.4,346.0,1325.4,225.6,1490.6128205128207,470.68717948717926,31.576756419232133
Gangetic West Bengal,1991,27.8,11.4,41.7,34.5,66.1,257.4,381.2,331.3,249.2,125.6,15.6,67.5,1609.1,39.2,142.2,1219.0,208.7,1490.6128205128207,118.48717948717922,7.948890406458176
Gangetic West Bengal,1992,14.0,49.5,0.1,25.0,127.0,239.9,407.6,254.1,226.6,66.2,4.4,0.2,1414.6,63.5,152.1,1128.3,70.7,1490.6128205128207,-76.01282051282078,-5.0994342371662835
Gangetic West Bengal,1993,0.3,3.8,40.8,78.6,116.2,328.5,280.0,357.7,421.4,94.2,38.2,0.0,1759.7,4.0,235.6,1387.6,132.5,1490.6128205128207,269.08717948717936,18.05211761123887
Gangetic West Bengal,1994,23.8,48.8,7.3,63.7,98.0,310.1,426.1,294.4,166.1,82.9,9.6,0.0,1530.8,72.6,169.0,1196.8,92.5,1490.6128205128207,40.187179487179264,2.6960172979965065
Gangetic West Bengal,1995,20.2,30.1,8.7,10.1,202.9,185.4,401.1,413.0,411.5,86.4,160.5,6.2,1936.0,50.3,221.7,1411.0,253.1,1490.6128205128207,445.3871794871793,29.8794679180306
Gangetic West Bengal,1996,11.0,13.2,10.4,39.2,67.5,336.0,251.3,472.0,143.5,155.9,4.1,0.0,1504.0,24.2,117.0,1202.7,160.0,1490.6128205128207,13.38717948717931,0.8980990437593092
Gangetic West Bengal,1997,18.7,23.6,44.2,101.8,98.2,219.6,437.3,387.3,244.0,27.8,30.5,24.9,1657.7,42.3,244.1,1288.1,83.1,1490.6128205128207,167.08717948717936,11.209294404813704
Gangetic West Bengal,1998,52.9,31.0,128.8,53.0,87.1,154.3,295.2,265.7,296.3,191.4,77.1,0.0,1632.7,83.9,268.9,1011.5,268.4,1490.6128205128207,142.08717948717936,9.532131854219301
Gangetic West Bengal,1999,0.1,0.7,1.6,10.5,217.9,268.8,405.2,375.4,467.8,195.3,13.7,0.0,1957.0,0.8,230.0,1517.2,209.0,1490.6128205128207,466.3871794871793,31.288284460529898
Gangetic West Bengal,2000,9.5,57.9,3.8,54.0,215.0,205.6,341.5,178.4,428.4,76.2,1.6,0.1,1572.1,67.4,272.8,1153.9,77.9,1490.6128205128207,81.48717948717922,5.466689831578457
Gangetic West Bengal,2001,0.3,1.9,32.8,49.4,175.8,384.2,269.3,248.7,205.9,163.6,8.8,0.0,1540.6,2.2,258.0,1108.0,172.4,1490.6128205128207,49.98717948717922,3.3534650178295093
Gangetic West Bengal,2002,26.3,1.5,26.6,77.4,114.1,347.7,281.6,289.3,326.4,71.5,50.9,0.1,1613.3,27.8,218.1,1244.9,122.5,1490.6128205128207,122.68717948717926,8.230653714958038
Gangetic West Bengal,2003,0.5,11.7,70.0,36.3,81.9,280.5,253.4,239.3,155.0,341.5,8.9,17.7,1496.7,12.2,188.2,928.2,368.1,1490.6128205128207,6.087179487179355,0.40836757898574644
Gangetic West Bengal,2004,3.3,1.6,14.9,62.8,72.9,287.5,250.7,389.9,264.3,220.7,0.0,0.8,1569.4,4.9,150.7,1192.3,221.5,1490.6128205128207,78.7871794871794,5.285556276114275
Gangetic West Bengal,2005,26.8,11.8,82.8,41.8,82.4,200.1,354.5,226.7,221.3,351.7,0.0,4.9,1604.9,38.6,207.0,1002.6,356.6,1490.6128205128207,114.2871794871794,7.6671270979583275
Gangetic West Bengal,2006,0.8,3.0,10.6,60.5,120.8,221.0,486.6,320.3,380.9,49.7,5.9,0.3,1660.5,3.9,191.9,1408.8,55.9,1490.6128205128207,169.8871794871793,11.397136610480274
Gangetic West Bengal,2007,3.9,56.2,39.3,38.7,98.7,226.3,610.1,328.0,459.9,55.8,24.6,0.0,1941.4,60.1,176.7,1624.2,80.4,1490.6128205128207,450.7871794871794,30.241735028959
Gangetic West Bengal,2008,49.4,12.4,11.5,42.8,94.4,414.5,338.4,252.2,267.3,72.3,0.0,0.2,1555.2,61.8,148.8,1272.3,72.4,1490.6128205128207,64.58717948717936,4.332927947376651
Gangetic West Bengal,2009,2.4,1.4,17.9,2.6,229.0,69.7,277.6,332.7,294.6,77.3,9.4,0.3,1315.0,3.8,249.5,974.6,87.1,1490.6128205128207,-175.6128205128207,-11.78124983873438
Gangetic West Bengal,2010,0.2,10.3,8.0,15.9,127.5,189.3,196.3,192.6,192.6,96.2,6.3,29.7,1064.8,10.5,151.3,770.7,132.2,1490.6128205128207,-425.81282051282074,-28.566292645083173
Gangetic West Bengal,2011,2.5,2.7,40.5,75.0,132.6,434.5,219.9,443.2,295.9,36.9,1.3,1.4,1686.5,5.2,248.1,1393.6,39.6,1490.6128205128207,195.8871794871793,13.141385663098454
Gangetic West Bengal,2012,40.7,15.3,4.4,57.7,44.2,146.6,315.0,261.4,246.9,64.2,47.0,24.6,1268.0,56.0,106.3,969.9,135.8,1490.6128205128207,-222.6128205128207,-14.934315433851857
Gangetic West Bengal,2013,2.5,10.0,4.8,45.6,195.9,233.4,263.2,401.4,254.0,353.2,0.0,0.0,1764.1,12.5,246.3,1152.0,353.3,1490.6128205128207,273.4871794871792,18.347298220143475
Gangetic West Bengal,2014,0.9,42.2,19.9,1.9,124.4,193.6,298.7,292.6,229.5,56.9,0.1,0.6,1261.4,43.1,146.2,1014.4,57.7,1490.6128205128207,-229.2128205128206,-15.377086347208776
Gangetic West Bengal,2015,12.9,5.5,19.3,88.7,57.6,247.2,633.1,260.6,164.0,32.7,2.3,6.3,1530.3,18.4,165.6,1304.9,41.3,1490.6128205128207,39.687179487179264,2.6624740469846184
Gangetic West Bengal,2016,9.9,37.9,14.7,5.8,111.9,172.7,334.7,416.7,233.7,69.8,19.2,0.0,1427.0,47.8,132.4,1157.8,89.0,1490.6128205128207,-63.61282051282069,-4.267561612071454
Gangetic West Bengal,2017,1.4,0.0,35.2,25.8,106.3,193.7,489.3,264.5,191.4,225.2,21.9,14.0,1568.6,1.4,167.3,1138.9,261.1,1490.6128205128207,77.98717948717922,5.2318870744952415
Orissa,1901,39.5,65.1,16.1,51.6,79.0,78.2,288.4,307.7,185.3,76.6,96.7,0.0,1284.2,104.6,146.7,859.6,173.3,1455.448717948718,-171.24871794871797,-11.766042721867432
Orissa,1902,3.4,0.2,14.2,101.1,56.7,108.3,437.4,349.1,202.7,33.2,13.0,29.6,1349.0,3.5,172.1,1097.6,75.8,1455.448717948718,-106.44871794871801,-7.313807531380758
Orissa,1903,19.7,18.9,10.5,34.6,73.3,154.3,410.4,295.2,265.6,228.5,46.2,11.0,1568.3,38.6,118.5,1125.5,285.7,1455.448717948718,112.85128205128194,7.753710636423687
Orissa,1904,0.2,12.2,20.6,10.1,100.2,342.9,336.7,350.4,227.8,111.8,0.0,1.9,1514.8,12.4,130.9,1257.8,113.7,1455.448717948718,59.35128205128194,4.0778683109447185
Orissa,1905,24.3,17.2,66.3,56.9,107.5,92.0,330.1,281.4,344.1,36.4,0.7,0.4,1357.3,41.5,230.7,1047.6,37.5,1455.448717948718,-98.14871794871806,-6.743536665932622
Orissa,1906,19.8,88.3,40.9,5.0,46.3,219.0,348.8,261.8,251.7,86.2,13.0,27.4,1408.2,108.1,92.2,1081.3,126.7,1455.448717948718,-47.24871794871797,-3.2463334067386054
Orissa,1907,0.1,16.9,57.4,105.1,39.8,226.3,203.9,531.8,204.8,15.9,14.0,31.2,1447.1,17.0,202.3,1166.8,61.1,1455.448717948718,-8.348717948718104,-0.5736181457828778
Orissa,1908,36.2,0.6,12.2,9.9,59.3,218.7,327.2,507.3,213.9,45.3,0.0,0.0,1430.6,36.8,81.4,1267.1,45.3,1455.448717948718,-24.848717948718104,-1.7072891433605037
Orissa,1909,5.7,11.9,4.8,148.4,53.1,288.2,452.7,234.3,234.0,42.3,1.8,58.1,1535.5,17.7,206.3,1209.2,102.2,1455.448717948718,80.05128205128199,5.500110107905743
Orissa,1910,10.6,0.6,2.1,52.7,60.6,258.8,381.8,368.7,237.9,216.2,8.5,0.0,1598.5,11.2,115.5,1247.1,224.7,1455.448717948718,143.051282051282,9.828672098656678
Orissa,1911,0.0,2.7,26.2,18.6,56.6,351.6,172.2,406.2,270.0,92.3,15.0,5.9,1417.3,2.7,101.4,1200.0,113.2,1455.448717948718,-38.14871794871806,-2.6210966747412536
Orissa,1912,1.0,62.5,10.4,49.3,39.6,113.0,388.4,405.6,216.4,64.5,46.5,0.0,1397.2,63.5,99.3,1123.4,111.0,1455.448717948718,-58.24871794871797,-4.002114071790356
Orissa,1913,1.2,56.3,9.6,12.3,87.1,230.0,448.0,356.4,166.3,149.7,25.7,1.7,1544.3,57.5,108.9,1200.7,177.1,1455.448717948718,88.85128205128194,6.10473463994714
Orissa,1914,0.0,20.2,12.7,64.6,175.0,255.8,397.7,309.7,342.2,12.9,1.0,6.8,1598.5,20.2,252.3,1305.3,20.7,1455.448717948718,143.051282051282,9.828672098656678
Orissa,1915,15.4,21.4,37.3,25.2,74.5,165.1,239.4,313.0,270.8,149.2,125.6,0.0,1437.1,36.9,137.1,988.3,274.8,1455.448717948718,-18.348717948718104,-1.2606914776481057
Orissa,1916,0.0,4.9,0.8,33.8,45.5,339.6,250.7,334.7,197.6,216.1,55.8,0.0,1479.4,5.0,80.1,1122.5,271.9,1455.448717948718,23.951282051282078,1.6456287161418208
Orissa,1917,0.0,68.5,24.0,26.0,95.1,336.3,319.0,319.4,280.6,364.4,16.4,0.3,1850.1,68.5,145.2,1255.4,381.1,1455.448717948718,394.6512820512819,27.115437128385807
Orissa,1918,10.8,0.3,19.3,28.5,127.7,363.3,216.5,324.8,190.1,7.5,5.1,3.6,1297.4,11.1,175.5,1094.7,16.1,1455.448717948718,-158.04871794871792,-10.859105923805327
Orissa,1919,59.8,56.6,29.5,30.2,72.0,332.3,354.7,492.2,138.3,89.8,99.7,2.8,1758.1,116.4,131.7,1317.6,192.4,1455.448717948718,302.6512820512819,20.794362475225707
Orissa,1920,3.3,18.2,50.7,26.9,51.2,173.2,561.4,303.9,167.2,44.9,1.6,0.0,1402.6,21.5,128.8,1205.8,46.5,1455.448717948718,-52.848717948718104,-3.631094472583142
Orissa,1921,48.7,1.1,1.7,26.4,19.5,210.2,321.9,289.1,338.2,62.9,4.4,0.0,1324.0,49.7,47.7,1159.4,67.2,1455.448717948718,-131.448717948718,-9.031490861043826
Orissa,1922,20.0,0.2,1.9,13.9,46.6,247.0,431.8,295.4,328.8,50.9,30.0,0.1,1466.5,20.2,62.4,1302.9,81.0,1455.448717948718,11.051282051281987,0.7593041180356705
Orissa,1923,0.2,66.3,9.6,17.1,34.4,106.7,288.7,333.0,210.5,112.6,74.8,4.7,1258.6,66.4,61.1,939.0,192.1,1455.448717948718,-196.8487179487181,-13.524950451442425
Orissa,1924,30.2,5.9,1.3,15.7,83.9,95.3,228.5,312.4,232.0,106.0,152.3,0.0,1263.4,36.1,100.8,868.1,258.3,1455.448717948718,-192.04871794871792,-13.195155252147101
Orissa,1925,2.0,0.0,6.0,52.2,111.8,353.5,433.7,429.9,201.5,201.8,4.8,10.7,1807.8,2.0,170.0,1418.6,217.2,1455.448717948718,352.35128205128194,24.209116934595894
Orissa,1926,34.8,11.3,83.2,34.1,59.2,71.7,296.5,565.3,288.9,88.1,0.0,2.6,1535.8,46.1,176.5,1222.4,90.7,1455.448717948718,80.35128205128194,5.520722307861696
Orissa,1927,3.0,27.2,8.1,12.6,51.6,241.8,454.5,431.5,181.0,92.2,22.1,0.0,1525.5,30.2,72.2,1308.8,114.3,1455.448717948718,70.05128205128199,4.813036776040515
Orissa,1928,4.6,4.6,6.3,62.8,68.8,266.7,468.8,266.1,226.5,208.0,1.7,0.6,1585.6,9.3,137.9,1228.2,210.3,1455.448717948718,130.1512820512819,8.942347500550527
Orissa,1929,18.0,18.8,4.5,25.0,37.8,193.4,525.0,423.4,190.9,185.7,0.0,15.3,1637.8,36.8,67.2,1332.7,201.1,1455.448717948718,182.35128205128194,12.52887029288702
Orissa,1930,0.2,12.1,9.9,33.4,38.0,177.5,357.5,333.7,287.5,50.5,143.1,2.7,1446.4,12.4,81.4,1156.3,196.3,1455.448717948718,-9.048717948717922,-0.6217132790134313
Orissa,1931,7.4,36.8,20.7,18.6,44.3,108.0,239.9,511.0,197.0,233.4,59.5,0.4,1477.2,44.2,83.6,1055.9,293.4,1455.448717948718,21.751282051282033,1.4944725831314674
Orissa,1932,0.2,34.0,9.9,26.9,67.4,116.5,474.7,271.0,246.3,57.3,136.0,0.0,1440.2,34.3,104.1,1108.6,193.3,1455.448717948718,-15.248717948717967,-1.0476987447698756
Orissa,1933,17.8,57.4,7.9,25.5,136.5,288.6,404.8,448.6,294.7,138.1,20.0,11.1,1851.0,75.2,169.9,1436.7,169.2,1455.448717948718,395.551282051282,27.17727372825368
Orissa,1934,0.1,1.4,4.2,11.0,21.0,230.6,371.8,425.4,300.1,102.6,17.4,3.3,1488.9,1.5,36.2,1327.9,123.3,1455.448717948718,33.45128205128208,2.2983483814137875
Orissa,1935,1.1,10.2,12.4,42.1,16.2,135.5,531.3,212.8,237.8,17.5,0.1,2.3,1219.4,11.3,70.7,1117.5,19.9,1455.448717948718,-236.04871794871792,-16.218277912354104
Orissa,1936,16.8,42.9,11.7,7.9,155.3,477.6,360.1,384.9,247.3,154.4,11.5,5.5,1876.0,59.7,174.9,1469.9,171.4,1455.448717948718,420.551282051282,28.894957057916752
Orissa,1937,0.0,89.0,28.4,66.9,64.9,235.2,430.6,290.0,285.8,75.5,0.8,0.3,1567.3,89.0,160.2,1241.6,76.5,1455.448717948718,111.85128205128194,7.685003303237164
Orissa,1938,11.0,16.8,14.0,14.5,119.6,229.6,267.2,339.8,226.4,179.0,23.7,0.0,1441.6,27.8,148.1,1063.0,202.7,1455.448717948718,-13.848717948718104,-0.9515084783087533
Orissa,1939,8.1,10.9,34.9,26.3,19.1,196.9,411.9,410.1,242.1,181.2,19.3,2.8,1563.4,18.9,80.2,1260.9,203.3,1455.448717948718,107.95128205128208,7.417044703809735
Orissa,1940,0.0,35.3,70.1,29.1,133.1,286.2,532.6,395.9,133.3,58.3,3.3,10.5,1687.7,35.3,232.3,1348.0,72.1,1455.448717948718,232.25128205128203,15.957366218894514
Orissa,1941,28.3,1.4,8.2,14.5,62.3,288.2,356.5,272.4,186.0,155.9,61.5,0.1,1435.2,29.7,85.0,1103.0,217.5,1455.448717948718,-20.248717948717967,-1.3912354107024896
Orissa,1942,4.7,18.6,2.5,37.6,29.6,156.8,423.8,379.8,256.4,62.7,75.4,0.1,1448.3,23.4,69.8,1216.9,138.3,1455.448717948718,-7.148717948718058,-0.4911693459590473
Orissa,1943,63.9,4.1,11.9,68.9,54.6,200.3,413.3,382.9,294.7,71.8,20.1,0.0,1586.5,68.0,135.3,1291.2,92.0,1455.448717948718,131.051282051282,9.004184100418405
Orissa,1944,35.1,72.9,75.3,46.7,32.9,121.9,491.4,415.9,151.5,155.9,8.7,0.0,1608.1,108.0,154.8,1180.6,164.6,1455.448717948718,152.6512820512819,10.488262497247291
Orissa,1945,20.3,4.7,0.1,50.6,58.0,152.6,387.1,270.3,405.9,176.1,2.5,10.4,1538.6,25.0,108.7,1215.9,189.0,1455.448717948718,83.1512820512819,5.713102840783957
Orissa,1946,0.0,2.6,5.2,104.2,83.7,249.7,345.5,399.2,248.0,143.2,33.3,0.3,1614.9,2.6,193.1,1242.3,176.8,1455.448717948718,159.45128205128208,10.955472362915659
Orissa,1947,21.8,19.3,14.7,17.3,38.5,210.9,341.5,374.9,173.3,127.1,10.3,61.3,1410.9,41.1,70.4,1100.7,198.6,1455.448717948718,-44.54871794871792,-3.0608236071349904
Orissa,1948,14.0,36.1,13.5,28.5,60.7,164.8,289.4,312.4,257.6,82.5,74.2,0.2,1333.8,50.1,102.7,1024.1,156.9,1455.448717948718,-121.64871794871806,-8.358158995815906
Orissa,1949,0.9,3.1,8.7,35.1,78.1,140.7,248.9,307.1,303.1,222.1,1.1,0.0,1348.9,4.0,121.8,999.8,223.3,1455.448717948718,-106.54871794871792,-7.320678264699403
Orissa,1950,0.0,21.2,69.7,7.7,49.4,199.4,326.9,327.4,197.9,55.1,138.1,0.0,1392.8,21.2,126.8,1051.6,193.2,1455.448717948718,-62.64871794871806,-4.304426337811062
Orissa,1951,2.2,0.0,89.7,37.1,48.0,172.5,339.1,349.5,165.5,155.6,37.1,0.0,1396.2,2.2,174.8,1026.6,192.6,1455.448717948718,-59.24871794871797,-4.070821404976878
Orissa,1952,0.3,9.5,26.2,53.2,44.4,187.1,356.4,352.0,307.9,176.6,2.2,1.1,1516.7,9.8,123.7,1203.4,179.9,1455.448717948718,61.25128205128203,4.208412243999118
Orissa,1953,39.9,5.9,0.2,13.8,23.7,182.8,318.9,512.1,231.5,59.2,49.8,0.0,1437.7,45.8,37.7,1245.3,109.0,1455.448717948718,-17.748717948717967,-1.2194670777361827
Orissa,1954,0.6,6.2,8.6,19.2,50.2,163.2,211.7,271.9,344.0,118.2,0.0,14.2,1208.0,6.8,78.1,990.8,132.4,1455.448717948718,-247.448717948718,-17.00154151068047
Orissa,1955,0.1,0.2,8.4,29.6,76.5,201.7,238.0,355.9,371.4,262.7,52.3,0.3,1597.0,0.3,114.4,1167.0,315.3,1455.448717948718,141.551282051282,9.725611098876895
Orissa,1956,1.4,37.9,18.2,11.9,118.1,345.2,470.0,434.5,249.8,191.7,6.7,0.0,1885.4,39.3,148.2,1499.5,198.4,1455.448717948718,429.9512820512821,29.540805989870073
Orissa,1957,12.3,26.6,30.4,12.4,33.6,153.5,349.2,415.4,194.5,49.5,0.1,0.0,1277.5,39.0,76.3,1112.7,49.6,1455.448717948718,-177.948717948718,-12.226381854217136
Orissa,1958,11.5,42.8,16.0,32.8,39.0,125.2,404.1,319.1,364.2,217.4,51.8,0.1,1624.0,54.3,87.8,1212.6,269.3,1455.448717948718,168.551282051282,11.58070909491301
Orissa,1959,28.5,2.4,2.7,22.2,47.1,202.7,357.4,341.6,316.5,170.5,1.5,2.7,1495.9,30.9,72.1,1218.2,174.7,1455.448717948718,40.45128205128208,2.7792997137194466
Orissa,1960,5.4,0.8,51.6,12.4,42.7,211.4,444.1,461.7,214.6,130.8,3.6,13.9,1593.0,6.2,106.8,1331.8,148.2,1455.448717948718,137.551282051282,9.450781766130802
Orissa,1961,15.9,116.2,3.2,15.9,59.7,324.8,406.2,327.9,483.2,178.2,11.3,2.7,1945.3,132.1,78.9,1542.1,192.2,1455.448717948718,489.85128205128194,33.65637524774278
Orissa,1962,8.3,5.1,19.8,35.9,34.1,192.7,379.0,263.2,237.3,164.0,2.5,4.7,1346.5,13.4,89.8,1072.2,171.2,1455.448717948718,-108.94871794871801,-7.485575864347065
Orissa,1963,0.2,6.9,9.1,47.0,90.0,218.7,310.6,361.9,306.9,204.9,3.9,2.0,1562.0,7.0,146.1,1198.1,210.8,1455.448717948718,106.55128205128199,7.320854437348596
Orissa,1964,1.7,28.3,11.9,33.2,48.8,142.5,372.4,427.9,195.5,84.1,8.2,0.0,1354.7,30.0,94.0,1138.3,92.3,1455.448717948718,-100.74871794871797,-6.922175732217574
Orissa,1965,10.6,17.3,59.1,37.9,37.6,123.1,392.9,187.3,222.9,83.9,1.0,1.0,1174.7,27.8,134.7,926.2,85.9,1455.448717948718,-280.74871794871797,-19.289495705791676
Orissa,1966,49.9,3.6,0.9,28.0,37.9,306.3,340.2,211.0,155.9,78.9,63.4,10.9,1286.8,53.5,66.8,1013.4,153.2,1455.448717948718,-168.64871794871806,-11.587403655582477
Orissa,1967,70.9,0.4,87.7,40.9,25.7,233.3,315.3,340.7,281.8,18.3,1.8,10.7,1427.5,71.4,154.3,1171.0,30.8,1455.448717948718,-27.948717948718013,-1.9202818762387182
Orissa,1968,33.4,29.7,20.7,26.5,45.7,186.7,311.6,335.4,236.6,191.6,45.5,0.7,1464.1,63.1,92.9,1070.3,237.8,1455.448717948718,8.651282051281896,0.5944065183880096
Orissa,1969,0.7,1.0,4.0,27.3,80.7,158.6,432.5,293.5,197.7,41.8,38.9,6.4,1283.2,1.7,112.1,1082.3,87.1,1455.448717948718,-172.24871794871797,-11.834750055053954
Orissa,1970,4.6,27.5,47.2,32.3,60.8,307.9,307.8,348.8,205.9,66.9,2.4,0.2,1412.3,32.1,140.2,1170.5,69.5,1455.448717948718,-43.14871794871806,-2.964633340673868
Orissa,1971,16.1,23.5,1.9,76.9,82.2,290.8,290.9,411.0,171.5,229.9,2.1,0.0,1596.8,39.6,161.0,1164.2,232.1,1455.448717948718,141.35128205128194,9.711869632239587
Orissa,1972,0.0,22.0,2.6,25.9,16.3,133.9,333.9,383.4,282.7,83.1,40.9,0.3,1324.9,22.0,44.8,1133.8,124.4,1455.448717948718,-130.54871794871792,-8.96965426117595
Orissa,1973,1.7,5.7,33.4,8.7,67.5,103.2,434.9,380.9,266.5,244.7,13.3,13.0,1573.5,7.3,109.7,1185.4,271.0,1455.448717948718,118.05128205128199,8.110988768993609
Orissa,1974,0.0,1.3,27.4,12.1,44.8,128.9,223.3,306.5,131.7,103.0,8.0,0.0,987.0,1.3,84.3,790.4,111.1,1455.448717948718,-468.448717948718,-32.185862144902
Orissa,1975,1.8,17.7,21.5,18.2,18.4,193.3,279.5,437.0,251.7,135.1,17.5,0.3,1392.0,19.5,58.1,1161.4,153.0,1455.448717948718,-63.44871794871801,-4.359392204360278
Orissa,1976,0.0,10.1,10.5,25.9,57.9,108.1,347.8,374.1,172.6,36.8,32.8,2.4,1178.8,10.1,94.3,1002.5,72.0,1455.448717948718,-276.64871794871806,-19.00779563972694
Orissa,1977,4.9,5.0,5.4,50.7,124.9,181.4,355.4,335.7,256.6,61.5,87.0,9.4,1477.9,9.9,181.1,1129.1,157.8,1455.448717948718,22.451282051282078,1.5425677163620366
Orissa,1978,4.0,31.0,45.3,28.7,37.4,183.5,336.2,462.1,199.0,80.1,21.8,9.8,1439.0,35.0,111.5,1180.8,111.7,1455.448717948718,-16.448717948718013,-1.1301475445937061
Orissa,1979,6.7,14.9,3.2,22.7,25.1,198.5,240.2,251.8,171.7,46.5,7.3,7.4,995.9,21.5,50.9,862.2,61.2,1455.448717948718,-459.54871794871804,-31.574366879541955
Orissa,1980,10.8,9.2,41.7,23.2,59.9,325.5,367.6,228.1,302.1,86.6,3.0,5.2,1462.9,20.0,124.8,1223.3,94.8,1455.448717948718,7.451282051282078,0.5119577185641947
Orissa,1981,25.8,13.6,67.1,45.7,85.0,189.2,238.3,348.1,257.1,18.8,0.4,6.5,1295.7,39.4,197.8,1032.7,25.7,1455.448717948718,-159.74871794871797,-10.975908390222418
Orissa,1982,5.5,32.3,80.1,51.8,38.2,191.4,223.2,466.4,129.8,33.8,6.1,0.0,1258.5,37.8,170.1,1010.7,39.8,1455.448717948718,-196.948717948718,-13.53182118476107
Orissa,1983,1.9,55.0,22.1,47.6,67.6,153.0,273.1,379.5,324.6,100.7,2.0,5.0,1432.0,56.9,137.3,1130.1,107.7,1455.448717948718,-23.448717948718013,-1.6110988768993657
Orissa,1984,9.3,6.7,3.4,46.0,34.6,302.6,369.5,422.3,127.3,55.4,0.0,0.3,1377.6,16.0,84.1,1221.8,55.7,1455.448717948718,-77.8487179487181,-5.348777802246212
Orissa,1985,24.2,35.0,4.7,16.4,52.9,195.4,305.7,460.9,335.2,175.8,1.1,0.0,1607.3,59.2,74.0,1297.2,176.9,1455.448717948718,151.85128205128194,10.433296630698075
Orissa,1986,25.8,35.8,12.6,41.9,74.5,291.7,348.7,301.8,183.0,134.9,92.2,17.0,1560.0,61.6,129.1,1125.2,244.1,1455.448717948718,104.55128205128199,7.183439770975551
Orissa,1987,10.6,3.6,18.4,30.3,55.3,112.3,338.8,190.3,150.2,83.9,102.3,1.7,1097.6,14.1,104.0,791.6,187.9,1455.448717948718,-357.8487179487181,-24.58683109447259
Orissa,1988,0.1,49.4,23.7,55.1,58.9,247.9,286.1,268.6,252.5,63.0,1.6,0.0,1306.9,49.5,137.7,1055.1,64.6,1455.448717948718,-148.54871794871792,-10.20638625853336
Orissa,1989,0.0,0.1,12.9,5.0,81.2,332.5,271.7,369.9,196.1,28.6,0.0,1.7,1299.7,0.1,99.2,1170.2,30.2,1455.448717948718,-155.74871794871797,-10.701079057476328
Orissa,1990,0.4,50.0,89.8,57.3,178.1,237.2,282.9,371.4,260.7,245.6,130.7,1.0,1905.0,50.3,325.2,1152.3,377.2,1455.448717948718,449.551282051282,30.887469720325917
Orissa,1991,20.0,2.8,21.8,29.6,36.2,149.5,458.5,439.0,181.5,93.5,32.9,7.3,1472.8,22.8,87.7,1228.6,133.7,1455.448717948718,17.35128205128194,1.192160317110761
Orissa,1992,6.1,16.9,1.7,16.1,66.0,177.2,394.9,385.1,191.8,63.7,9.9,0.0,1329.5,23.0,83.8,1149.1,73.6,1455.448717948718,-125.94871794871801,-8.653600528517952
Orissa,1993,0.0,1.3,11.4,56.1,82.2,257.5,328.5,327.0,287.9,88.7,7.5,0.0,1448.0,1.3,149.6,1200.9,96.2,1455.448717948718,-7.448717948718013,-0.5117815459150011
Orissa,1994,4.1,28.6,6.2,48.1,46.3,299.4,474.0,463.9,292.6,69.1,12.3,0.1,1744.6,32.6,100.6,1529.9,81.5,1455.448717948718,289.1512820512819,19.86681347720765
Orissa,1995,50.1,17.6,21.1,23.6,293.0,112.3,322.6,316.6,202.7,149.7,103.4,1.3,1614.0,67.7,337.7,954.3,254.3,1455.448717948718,158.551282051282,10.893635763047783
Orissa,1996,14.6,10.1,11.7,28.1,28.6,211.9,264.8,319.4,113.2,49.9,8.4,0.9,1061.8,24.8,68.4,909.3,59.3,1455.448717948718,-393.64871794871806,-27.046553622550107
Orissa,1997,17.9,5.3,31.9,77.8,33.0,197.6,303.4,479.9,234.6,37.0,27.4,58.8,1504.5,23.2,142.7,1215.5,123.2,1455.448717948718,49.05128205128199,3.3701827791235366
Orissa,1998,31.5,28.3,52.4,43.4,53.4,176.4,277.6,203.5,277.3,139.6,73.8,0.0,1357.1,59.8,149.1,934.8,213.4,1455.448717948718,-98.3487179487181,-6.757278132569929
Orissa,1999,0.1,0.7,0.9,3.2,164.8,222.9,270.2,325.9,266.4,215.4,13.9,0.0,1484.3,0.8,168.9,1085.3,229.3,1455.448717948718,28.85128205128194,1.982294648755773
Orissa,2000,0.9,33.3,1.1,21.3,74.7,233.7,272.3,273.6,158.0,26.6,1.6,0.1,1097.2,34.2,97.0,937.6,28.3,1455.448717948718,-358.24871794871797,-24.61431402774719
Orissa,2001,0.4,1.4,32.3,28.7,71.0,336.1,584.2,380.9,132.0,86.8,18.7,0.0,1672.5,1.8,132.0,1433.2,105.6,1455.448717948718,217.051282051282,14.913014754459365
Orissa,2002,11.7,0.2,13.1,25.1,67.5,182.4,170.2,371.2,206.5,47.1,7.8,0.0,1102.8,11.9,105.7,930.2,54.9,1455.448717948718,-352.64871794871806,-24.22955296190267
Orissa,2003,0.1,16.2,21.6,24.7,22.6,178.9,367.5,425.1,264.3,287.4,11.0,28.8,1648.2,16.3,68.9,1235.7,327.3,1455.448717948718,192.75128205128203,13.243426558026863
Orissa,2004,6.8,8.0,6.4,49.2,29.7,216.4,328.0,346.4,148.1,149.6,1.8,0.0,1290.4,14.8,85.3,1038.9,151.4,1455.448717948718,-165.04871794871792,-11.340057256110986
Orissa,2005,29.4,4.0,24.3,20.9,44.9,199.4,410.3,201.0,342.8,206.9,12.4,7.1,1503.4,33.4,90.1,1153.5,226.4,1455.448717948718,47.95128205128208,3.2946047126183675
Orissa,2006,0.2,0.0,29.9,25.0,105.6,175.2,454.0,624.9,254.7,26.4,21.0,0.0,1716.9,0.2,160.5,1508.8,47.4,1455.448717948718,261.4512820512821,17.963620347940985
Orissa,2007,0.7,32.5,8.0,21.0,62.8,321.0,285.1,420.6,401.7,66.4,14.0,0.0,1633.8,33.2,91.8,1428.4,80.4,1455.448717948718,178.35128205128194,12.25404096014093
Orissa,2008,27.5,10.4,17.5,28.2,37.4,343.5,306.4,388.3,355.0,22.1,2.7,0.0,1538.9,37.9,83.1,1393.2,24.8,1455.448717948718,83.45128205128208,5.733715040739927
Orissa,2009,1.9,0.5,2.7,1.1,68.2,87.3,586.0,286.9,162.5,105.8,27.3,0.1,1330.3,2.4,72.0,1122.7,133.2,1455.448717948718,-125.14871794871806,-8.598634661968736
Orissa,2010,8.8,1.2,5.6,7.8,93.0,146.4,304.9,282.7,236.0,133.0,35.6,37.2,1291.9,9.9,106.4,969.9,205.7,1455.448717948718,-163.54871794871792,-11.236996256331203
Orissa,2011,3.7,16.2,4.9,58.2,75.6,210.1,199.6,358.6,398.7,20.2,0.1,0.4,1346.2,19.8,138.7,1167.0,20.7,1455.448717948718,-109.24871794871797,-7.506188064303018
Orissa,2012,50.8,3.6,0.9,34.8,21.3,169.6,324.3,417.0,242.4,66.0,72.1,3.1,1405.9,54.4,57.0,1153.3,141.3,1455.448717948718,-49.54871794871792,-3.404360273067604
Orissa,2013,3.3,7.8,2.1,53.6,57.7,272.6,380.0,254.9,208.1,391.0,1.2,0.0,1632.4,11.2,113.4,1115.6,392.2,1455.448717948718,176.95128205128208,12.157850693679807
Orissa,2014,0.0,17.6,25.1,11.7,111.9,92.2,496.2,386.3,281.1,111.8,2.2,0.9,1536.9,17.7,148.7,1255.7,114.8,1455.448717948718,81.45128205128208,5.596300374366881
Orissa,2015,15.1,3.3,10.5,67.6,32.6,238.6,294.8,264.0,237.0,24.7,6.2,15.6,1210.1,18.4,110.7,1034.5,46.5,1455.448717948718,-245.3487179487181,-16.85725611098878
Orissa,2016,2.2,16.7,15.2,8.6,74.9,164.2,280.3,320.8,266.2,93.5,10.4,0.5,1253.5,18.9,98.7,1031.5,104.4,1455.448717948718,-201.948717948718,-13.875357850693684
Orissa,2017,1.7,0.0,29.8,8.7,55.2,209.5,349.7,301.7,192.2,161.1,30.0,4.8,1344.5,1.7,93.8,1053.1,195.9,1455.448717948718,-110.94871794871801,-7.62299053072011
Jharkhand,1901,92.7,66.6,11.1,18.4,33.5,70.9,269.4,415.1,248.0,37.3,11.5,0.0,1274.5,159.3,63.0,1003.4,48.8,1307.6897435897438,-33.189743589743784,-2.538044192243529
Jharkhand,1902,4.2,7.7,13.2,28.5,59.8,89.9,456.1,204.9,306.6,17.6,5.9,3.2,1197.6,11.9,101.5,1057.5,26.7,1307.6897435897438,-110.08974358974388,-8.418643958125429
Jharkhand,1903,25.1,19.5,10.7,32.8,56.4,142.1,206.1,280.8,190.2,210.1,0.5,0.0,1174.3,44.6,99.9,819.3,210.6,1307.6897435897438,-133.38974358974383,-10.200412157670915
Jharkhand,1904,2.5,17.0,38.1,9.1,116.1,308.9,494.1,336.1,125.6,30.6,2.3,0.4,1480.7,19.6,163.3,1264.6,33.3,1307.6897435897438,173.01025641025626,13.230222020043165
Jharkhand,1905,38.4,53.3,61.6,32.9,66.2,41.5,420.3,293.7,322.8,21.3,0.0,2.7,1354.7,91.7,160.7,1078.3,24.0,1307.6897435897438,47.01025641025626,3.594909009625497
Jharkhand,1906,45.8,128.5,35.9,1.7,33.9,170.9,355.6,251.6,185.4,96.8,7.1,1.1,1314.3,174.3,71.5,963.5,105.0,1307.6897435897438,6.61025641025617,0.5054911872376036
Jharkhand,1907,2.0,59.3,76.0,26.3,27.4,338.1,230.4,469.4,200.2,1.7,0.0,24.8,1455.7,61.4,129.7,1238.1,26.5,1307.6897435897438,148.01025641025626,11.318453565595213
Jharkhand,1908,12.2,46.4,4.8,0.6,48.6,210.1,326.2,368.0,171.6,25.5,0.1,0.1,1214.2,58.7,54.0,1075.9,25.6,1307.6897435897438,-93.48974358974374,-7.14922970437198
Jharkhand,1909,32.2,10.1,0.9,78.8,27.2,314.0,319.9,360.3,267.8,23.4,0.0,13.3,1447.9,42.3,106.9,1262.0,36.7,1307.6897435897438,140.2102564102563,10.721981807807456
Jharkhand,1910,20.7,9.0,2.4,24.4,43.7,255.5,268.6,334.5,244.7,84.2,9.4,0.3,1297.6,29.7,70.5,1103.3,94.0,1307.6897435897438,-10.089743589743875,-0.7715701403336302
Jharkhand,1911,0.7,0.2,31.5,7.7,25.5,391.6,164.2,410.3,303.5,100.5,39.7,0.0,1475.4,0.9,64.7,1269.6,140.2,1307.6897435897438,167.7102564102563,12.824927107700201
Jharkhand,1912,1.7,25.1,15.2,29.7,42.4,125.2,361.7,347.6,108.7,34.3,51.2,0.0,1142.9,26.9,87.4,943.2,85.5,1307.6897435897438,-164.7897435897437,-12.601593336457528
Jharkhand,1913,1.9,111.6,40.1,1.0,77.9,375.5,321.3,383.8,164.3,73.8,18.3,16.3,1585.6,113.5,118.9,1244.8,108.4,1307.6897435897438,277.9102564102561,21.252002454906748
Jharkhand,1914,0.1,24.6,19.4,23.6,150.1,123.8,354.4,337.0,159.5,16.7,0.0,6.2,1215.5,24.8,193.1,974.7,23.0,1307.6897435897438,-92.18974358974378,-7.04981774474069
Jharkhand,1915,7.7,36.7,33.4,10.7,58.6,149.7,270.2,220.5,214.7,60.0,39.9,0.1,1102.3,44.4,102.7,855.1,100.0,1307.6897435897438,-205.38974358974383,-15.706305306481008
Jharkhand,1916,0.0,14.3,0.2,17.1,22.6,283.5,224.9,303.2,231.5,253.2,13.8,0.0,1364.3,14.3,39.9,1043.1,267.0,1307.6897435897438,56.61025641025617,4.329028096133502
Jharkhand,1917,1.7,40.1,17.1,9.0,107.1,287.0,359.5,372.8,251.2,277.1,1.2,0.5,1724.4,41.8,133.2,1270.5,278.8,1307.6897435897438,416.7102564102563,31.86614091400178
Jharkhand,1918,4.2,2.4,3.6,15.5,78.5,324.0,149.7,406.7,175.9,1.7,0.0,0.5,1162.6,6.5,97.6,1056.3,2.2,1307.6897435897438,-145.08974358974388,-11.095119794352557
Jharkhand,1919,102.9,16.2,23.5,19.0,67.9,367.3,331.8,398.2,215.7,87.4,3.4,0.1,1633.5,119.1,110.4,1313.0,91.0,1307.6897435897438,325.8102564102562,24.914950813629027
Jharkhand,1920,0.0,19.5,62.6,8.8,41.9,109.4,660.2,321.6,184.7,6.3,0.0,0.0,1415.0,19.5,113.3,1275.9,6.3,1307.6897435897438,107.31025641025622,8.206094521753949
Jharkhand,1921,37.1,11.0,1.4,20.8,12.9,228.2,325.2,391.5,182.8,22.8,0.0,0.0,1233.8,48.1,35.2,1127.7,22.8,1307.6897435897438,-73.88974358974383,-5.650403236084794
Jharkhand,1922,8.2,6.2,0.0,14.5,19.5,305.3,404.7,365.9,250.0,58.8,9.2,0.9,1443.2,14.4,34.0,1325.9,68.9,1307.6897435897438,135.51025641025626,10.36256933837124
Jharkhand,1923,0.7,68.3,5.3,5.1,26.7,186.0,398.4,552.5,124.0,46.0,18.2,0.6,1431.9,69.0,37.1,1260.9,64.8,1307.6897435897438,124.2102564102563,9.498449996960769
Jharkhand,1924,23.0,16.6,1.9,12.2,26.3,148.7,431.8,269.6,323.6,75.1,103.1,0.0,1431.8,39.5,40.4,1173.7,178.2,1307.6897435897438,124.11025641025617,9.490802923142967
Jharkhand,1925,4.7,6.1,12.1,37.1,84.6,196.5,428.3,314.0,172.5,63.5,7.7,0.5,1327.6,10.8,133.8,1111.3,71.7,1307.6897435897438,19.910256410256125,1.5225520050039094
Jharkhand,1926,33.5,3.4,95.0,13.5,41.5,55.7,466.5,391.2,309.6,44.6,2.9,21.0,1478.4,36.9,150.0,1223.0,68.5,1307.6897435897438,170.7102564102563,13.054339322233954
Jharkhand,1927,27.9,99.0,31.6,2.9,41.7,92.3,452.5,311.6,156.4,51.4,15.8,0.0,1283.1,126.8,76.3,1012.8,67.2,1307.6897435897438,-24.589743589743875,-1.880395843913441
Jharkhand,1928,51.4,11.8,3.0,26.4,48.1,313.4,396.7,213.7,131.7,183.3,0.1,4.4,1384.0,63.2,77.4,1055.5,187.8,1307.6897435897438,76.31025641025622,5.83550163823849
Jharkhand,1929,63.9,15.2,12.7,11.4,29.5,111.4,541.7,412.2,124.6,236.4,0.0,52.5,1611.5,79.1,53.5,1190.0,288.8,1307.6897435897438,303.8102564102562,23.23259457371483
Jharkhand,1930,0.9,4.3,7.7,18.1,16.5,125.5,506.8,361.4,222.8,44.5,121.1,4.4,1434.0,5.2,42.3,1216.5,170.0,1307.6897435897438,126.31025641025622,9.65903854713439
Jharkhand,1931,7.0,116.9,18.0,2.2,37.1,109.0,357.0,355.2,201.2,112.7,33.4,0.8,1350.4,123.9,57.3,1022.3,146.9,1307.6897435897438,42.71025641025631,3.266084835460453
Jharkhand,1932,0.0,32.8,4.0,15.0,45.8,96.5,374.1,297.8,221.1,50.2,55.5,0.9,1193.8,32.8,64.8,989.5,106.6,1307.6897435897438,-113.88974358974383,-8.709232763201513
Jharkhand,1933,61.2,58.7,8.9,37.0,94.0,218.1,366.8,397.3,209.6,74.5,4.1,5.5,1535.6,119.9,139.9,1191.8,84.1,1307.6897435897438,227.91025641025612,17.428465546010848
Jharkhand,1934,24.0,10.3,1.8,13.1,13.6,166.7,324.2,341.4,230.5,55.9,12.0,3.9,1197.4,34.3,28.4,1062.8,71.9,1307.6897435897438,-110.2897435897437,-8.433938105760998
Jharkhand,1935,35.8,21.7,10.0,23.4,6.7,120.5,295.8,435.6,200.0,1.6,0.0,0.5,1151.6,57.5,40.0,1051.9,2.1,1307.6897435897438,-156.08974358974388,-11.936297914309655
Jharkhand,1936,15.9,18.9,13.5,5.4,93.0,279.1,378.9,346.2,356.8,135.2,11.4,10.1,1664.3,34.8,111.8,1361.0,156.7,1307.6897435897438,356.61025641025617,27.270249549508897
Jharkhand,1937,0.0,96.4,4.9,20.7,72.1,186.1,363.2,300.8,276.2,129.6,0.4,0.0,1450.6,96.4,97.7,1126.4,130.1,1307.6897435897438,142.91025641025612,10.92845280088782
Jharkhand,1938,29.0,36.1,0.2,0.8,102.1,201.0,269.0,344.1,200.4,45.1,1.9,0.0,1229.8,65.2,103.1,1014.5,47.1,1307.6897435897438,-77.88974358974383,-5.956286188796466
Jharkhand,1939,14.7,47.8,41.7,15.4,18.3,237.0,367.3,378.2,257.0,139.8,1.0,1.6,1519.7,62.4,75.3,1239.5,142.4,1307.6897435897438,212.01025641025626,16.212580808981965
Jharkhand,1940,0.2,38.1,89.6,15.6,42.3,123.3,339.6,387.3,130.1,41.2,0.0,24.6,1231.9,38.4,147.5,980.3,65.8,1307.6897435897438,-75.7897435897437,-5.795697638622828
Jharkhand,1941,41.6,4.2,2.5,7.0,52.3,287.8,357.2,365.3,196.3,164.7,34.6,0.1,1513.5,45.9,61.7,1206.5,199.3,1307.6897435897438,205.81025641025622,15.738462232278868
Jharkhand,1942,8.8,61.4,19.9,31.2,22.7,140.5,482.3,433.3,356.2,25.9,5.8,1.0,1589.0,70.2,73.8,1412.3,32.7,1307.6897435897438,281.3102564102562,21.512002964711677
Jharkhand,1943,76.4,12.5,0.7,34.9,38.9,127.5,452.1,488.0,245.0,80.1,0.0,0.0,1556.1,88.9,74.5,1312.5,80.1,1307.6897435897438,248.41025641025612,18.996115678658168
Jharkhand,1944,34.5,65.3,46.6,29.1,18.7,129.4,368.5,428.3,149.0,112.5,4.3,0.3,1386.3,99.8,94.3,1075.1,117.1,1307.6897435897438,78.61025641025617,6.011384336047698
Jharkhand,1945,45.8,27.4,0.4,25.6,45.2,168.4,276.6,293.1,277.2,144.6,3.2,1.2,1308.7,73.2,71.2,1015.3,149.0,1307.6897435897438,1.010256410256261,0.07725505344126983
Jharkhand,1946,0.0,16.1,16.7,68.5,84.1,270.1,329.4,345.0,253.0,135.6,34.6,0.1,1553.2,16.1,169.3,1197.5,170.4,1307.6897435897438,245.51025641025626,18.774350537942215
Jharkhand,1947,12.1,24.1,45.9,2.8,35.7,143.8,291.1,302.8,253.5,106.2,2.3,14.3,1234.5,36.2,84.3,991.2,122.8,1307.6897435897438,-73.18974358974378,-5.596873719360248
Jharkhand,1948,26.7,18.7,17.7,8.4,47.0,185.9,386.0,318.0,207.3,96.9,89.9,0.2,1402.6,45.4,73.1,1097.1,187.0,1307.6897435897438,94.91025641025612,7.257857368347759
Jharkhand,1949,21.8,16.2,15.5,57.4,107.8,187.3,364.0,384.7,215.0,66.0,0.0,1.0,1436.7,37.9,180.7,1151.0,67.0,1307.6897435897438,129.01025641025626,9.865509540214772
Jharkhand,1950,1.0,14.8,31.4,1.9,36.4,318.4,389.6,389.6,173.1,21.1,11.9,3.7,1393.0,15.9,69.6,1270.7,36.7,1307.6897435897438,85.31025641025622,6.523738281839753
Jharkhand,1951,5.1,0.4,48.9,24.2,25.1,177.5,259.1,267.0,186.1,69.2,9.0,0.0,1071.7,5.5,98.2,889.7,78.2,1307.6897435897438,-235.98974358974374,-18.046309894725294
Jharkhand,1952,3.9,10.7,24.2,36.0,58.0,210.7,357.7,355.7,237.9,89.7,1.4,1.4,1387.4,14.6,118.2,1162.0,92.5,1307.6897435897438,79.7102564102563,6.095502148043418
Jharkhand,1953,35.3,11.0,0.8,7.4,28.5,213.0,440.0,416.2,314.5,23.4,19.3,0.0,1509.4,46.3,36.6,1383.7,42.7,1307.6897435897438,201.7102564102563,15.424932205749412
Jharkhand,1954,12.4,8.4,4.3,3.5,29.7,160.9,272.2,267.4,257.8,35.3,0.6,7.0,1059.5,20.8,37.6,958.3,42.9,1307.6897435897438,-248.18974358974378,-18.979252900495897
Jharkhand,1955,43.6,9.8,5.9,5.1,23.9,137.7,347.1,240.5,155.4,96.9,14.8,0.1,1080.8,53.4,34.8,880.7,111.8,1307.6897435897438,-226.88974358974383,-17.350426177306247
Jharkhand,1956,13.9,25.7,50.3,5.8,78.5,259.3,301.6,344.6,312.9,140.9,14.3,7.9,1555.7,39.6,134.6,1218.4,163.2,1307.6897435897438,248.01025641025626,18.965527383387013
Jharkhand,1957,56.3,24.7,30.6,2.4,6.5,163.6,498.7,293.2,283.0,18.2,0.0,0.2,1377.5,81.1,39.5,1238.6,18.4,1307.6897435897438,69.81025641025622,5.338441840082023
Jharkhand,1958,11.5,39.8,20.0,24.8,12.2,93.6,336.1,263.3,267.2,111.3,0.7,0.0,1180.5,51.3,56.9,960.3,112.0,1307.6897435897438,-127.18974358974378,-9.72629358096782
Jharkhand,1959,51.6,5.6,5.2,17.5,56.4,188.5,332.6,305.8,363.9,272.8,0.0,0.0,1599.9,57.1,79.0,1190.9,272.8,1307.6897435897438,292.2102564102563,22.34553401085099
Jharkhand,1960,6.6,0.5,29.3,1.9,32.1,115.6,310.1,432.7,274.6,44.8,0.6,0.0,1248.8,7.0,63.3,1133.0,45.4,1307.6897435897438,-58.88974358974383,-4.503342163416024
Jharkhand,1961,8.9,84.3,1.0,4.6,30.0,298.6,296.3,358.2,317.2,155.3,1.6,4.6,1560.5,93.2,35.6,1270.2,161.5,1307.6897435897438,252.81025641025622,19.332586926641014
Jharkhand,1962,8.2,15.0,4.3,31.1,26.5,167.4,251.5,265.5,213.5,55.8,0.0,8.9,1047.7,23.2,61.9,897.9,64.8,1307.6897435897438,-259.98974358974374,-19.881607610995324
Jharkhand,1963,2.8,7.8,9.9,23.3,67.7,171.5,301.6,249.0,241.3,228.6,11.2,0.2,1315.0,10.6,100.8,963.4,240.1,1307.6897435897438,7.3102564102562155,0.5590207039621496
Jharkhand,1964,2.2,12.2,4.7,18.9,53.8,200.4,306.4,262.0,214.4,71.5,3.9,0.0,1150.3,14.3,77.4,983.2,75.4,1307.6897435897438,-157.38974358974383,-12.035709873940945
Jharkhand,1965,0.8,8.7,26.6,31.3,14.8,113.1,354.6,215.9,206.2,39.2,0.3,0.9,1012.4,9.5,72.8,889.7,40.4,1307.6897435897438,-295.2897435897438,-22.581024668675834
Jharkhand,1966,24.7,3.8,0.2,10.5,22.1,233.2,174.1,263.4,87.9,35.8,15.9,8.1,879.8,28.5,32.8,758.7,59.8,1307.6897435897438,-427.88974358974383,-32.72104455106776
Jharkhand,1967,8.6,1.0,39.9,24.2,43.7,71.9,283.5,450.8,268.5,19.8,1.1,12.3,1225.3,9.6,107.8,1074.6,33.2,1307.6897435897438,-82.38974358974383,-6.300404510597097
Jharkhand,1968,34.4,9.4,5.5,4.7,22.0,272.6,351.5,420.5,97.2,71.2,0.5,3.7,1293.4,43.9,32.2,1141.8,75.5,1307.6897435897438,-14.289743589743694,-1.0927472406808718
Jharkhand,1969,6.2,4.0,5.0,34.7,86.1,130.2,299.0,337.4,209.4,25.1,20.9,0.1,1158.1,10.2,125.8,976.0,46.1,1307.6897435897438,-149.58974358974388,-11.439238116153188
Jharkhand,1970,24.3,16.6,28.0,8.4,29.7,182.4,300.0,252.8,380.7,67.0,1.5,0.0,1291.5,40.9,66.1,1116.0,68.5,1307.6897435897438,-16.189743589743784,-1.238041643218923
Jharkhand,1971,43.4,24.3,2.1,95.6,83.5,272.3,503.1,526.1,237.5,104.0,6.7,0.1,1898.6,67.7,181.2,1539.0,110.8,1307.6897435897438,590.9102564102561,45.18734350459508
Jharkhand,1972,8.6,46.5,0.2,9.1,3.2,75.9,248.5,352.7,175.1,54.4,21.6,0.4,996.1,55.1,12.5,852.1,76.3,1307.6897435897438,-311.58974358974376,-23.827497700975893
Jharkhand,1973,10.6,15.2,23.9,7.1,56.4,184.3,224.3,294.6,365.4,245.1,13.7,0.6,1441.0,25.8,87.4,1068.5,259.4,1307.6897435897438,133.31025641025622,10.194333714379816
Jharkhand,1974,2.6,0.5,24.3,3.3,51.9,64.9,334.9,331.7,235.0,76.6,0.3,1.0,1127.0,3.1,79.5,966.6,77.9,1307.6897435897438,-180.68974358974378,-13.81747807348643
Jharkhand,1975,17.2,13.4,26.0,10.1,30.1,121.0,477.6,339.2,224.3,102.5,0.1,0.0,1361.3,30.6,66.1,1162.1,102.6,1307.6897435897438,53.61025641025617,4.099615881599749
Jharkhand,1976,0.0,23.1,7.2,25.2,58.2,107.0,297.5,263.0,394.5,9.3,3.2,3.5,1191.8,23.1,90.6,1062.0,16.0,1307.6897435897438,-115.88974358974383,-8.86217423955735
Jharkhand,1977,19.2,8.1,3.8,47.9,102.5,281.1,458.3,316.4,184.8,50.3,27.3,21.8,1521.5,27.3,154.2,1240.7,99.3,1307.6897435897438,213.81025641025622,16.350228137702214
Jharkhand,1978,10.5,50.9,45.3,28.4,33.8,283.7,252.8,341.1,376.5,114.3,7.0,12.0,1556.1,61.4,107.5,1254.0,133.2,1307.6897435897438,248.41025641025612,18.996115678658168
Jharkhand,1979,22.4,38.7,6.1,19.5,6.1,129.1,286.0,174.9,134.2,36.1,18.7,11.0,882.8,61.1,31.6,724.3,65.8,1307.6897435897438,-424.88974358974383,-32.491632336534
Jharkhand,1980,13.6,14.9,37.1,21.0,40.0,273.7,350.7,281.2,232.1,73.8,0.0,2.3,1340.6,28.5,98.1,1137.8,76.1,1307.6897435897438,32.910256410256125,2.516671601316843
Jharkhand,1981,40.7,33.5,20.1,40.9,94.9,143.3,355.3,226.4,189.5,6.1,3.1,13.4,1167.2,74.2,156.0,914.5,22.5,1307.6897435897438,-140.48974358974374,-10.743354398734125
Jharkhand,1982,8.4,23.6,77.3,30.9,33.4,183.9,180.8,358.7,118.1,52.7,15.7,1.8,1085.3,32.0,141.5,841.5,70.2,1307.6897435897438,-222.38974358974383,-17.006307855505614
Jharkhand,1983,4.3,33.1,9.9,44.4,83.3,131.8,280.0,240.6,308.8,110.7,0.2,14.7,1261.7,37.4,137.6,961.2,125.5,1307.6897435897438,-45.98974358974374,-3.5168696409208757
Jharkhand,1984,33.4,26.2,1.6,14.1,31.0,479.6,350.4,387.3,155.8,50.2,0.1,0.1,1529.9,59.6,46.7,1373.2,50.5,1307.6897435897438,222.2102564102563,16.99258233839673
Jharkhand,1985,19.1,9.1,1.6,8.8,48.2,131.2,338.0,312.6,216.6,153.7,0.5,0.9,1240.3,28.3,58.6,998.3,155.1,1307.6897435897438,-67.38974358974383,-5.153343437928328
Jharkhand,1986,6.9,21.2,3.8,25.0,74.8,253.0,352.2,212.9,188.5,128.2,31.1,37.9,1335.6,28.1,103.7,1006.6,197.2,1307.6897435897438,27.910256410256125,2.1343179104272534
Jharkhand,1987,5.9,10.1,10.9,30.3,44.9,93.1,410.8,371.1,299.1,19.7,31.4,5.4,1332.7,15.9,86.1,1174.1,56.6,1307.6897435897438,25.01025641025626,1.9125527697113014
Jharkhand,1988,3.1,37.1,42.2,23.7,23.6,303.6,273.5,276.1,127.8,38.7,2.6,1.6,1153.7,40.2,89.5,981.1,42.9,1307.6897435897438,-153.98974358974374,-11.775709364136018
Jharkhand,1989,1.9,0.3,2.8,0.1,66.4,246.0,285.6,258.9,219.0,39.6,8.6,19.7,1149.0,2.2,69.3,1009.5,67.9,1307.6897435897438,-158.68974358974378,-12.135121833572237
Jharkhand,1990,0.8,48.0,22.2,15.4,90.6,197.4,430.7,230.8,226.0,128.1,14.2,0.3,1404.2,48.7,128.2,1084.8,142.6,1307.6897435897438,96.51025641025626,7.380210549432438
Jharkhand,1991,19.3,8.0,31.1,11.2,33.7,171.3,252.9,384.0,274.0,29.4,1.9,34.2,1250.9,27.3,76.0,1082.2,65.5,1307.6897435897438,-56.78974358974369,-4.342753613242386
Jharkhand,1992,2.3,6.1,0.6,8.8,51.8,129.8,295.7,265.2,148.5,22.5,1.6,0.3,933.0,8.3,61.2,839.2,24.3,1307.6897435897438,-374.6897435897438,-28.65280128000252
Jharkhand,1993,1.7,2.0,16.1,32.0,50.5,203.2,214.4,245.9,372.4,49.6,16.2,0.0,1204.0,3.7,98.6,1035.9,65.9,1307.6897435897438,-103.68974358974378,-7.929231233786746
Jharkhand,1994,17.7,23.8,0.6,20.0,29.2,391.3,451.6,360.7,162.8,118.9,2.7,0.1,1579.4,41.5,49.8,1366.3,121.8,1307.6897435897438,271.7102564102563,20.77788387820367
Jharkhand,1995,13.7,9.7,22.4,4.3,30.3,134.2,312.3,301.5,395.9,37.5,84.7,20.1,1366.5,23.5,56.9,1143.9,142.2,1307.6897435897438,58.810256410256216,4.497263720124925
Jharkhand,1996,17.1,24.4,4.9,8.0,18.5,302.7,274.1,384.3,133.6,23.9,0.1,0.0,1191.7,41.5,31.4,1094.8,24.1,1307.6897435897438,-115.98974358974374,-8.869821313375134
Jharkhand,1997,9.5,3.7,1.5,29.4,25.2,230.4,400.5,431.6,199.6,54.3,39.0,36.6,1461.3,13.2,56.1,1262.1,129.8,1307.6897435897438,153.61025641025617,11.746689699391547
Jharkhand,1998,76.3,20.6,54.1,33.8,45.5,109.9,302.4,263.2,288.6,132.3,26.3,0.7,1353.8,97.0,133.4,964.1,159.3,1307.6897435897438,46.11025641025617,3.526085345265364
Jharkhand,1999,0.6,0.1,0.1,1.5,95.4,240.2,416.0,373.1,315.8,140.6,3.3,0.2,1586.9,0.7,97.0,1345.1,144.1,1307.6897435897438,279.2102564102563,21.351414414538056
Jharkhand,2000,3.6,21.2,6.3,19.6,67.7,185.3,358.4,152.8,356.9,19.1,0.4,0.2,1191.5,24.7,93.6,1053.4,19.7,1307.6897435897438,-116.18974358974378,-8.885115461010722
Jharkhand,2001,1.9,4.0,30.0,14.0,57.4,324.7,354.6,219.4,132.8,115.5,0.2,0.0,1254.4,5.8,101.4,1031.5,115.7,1307.6897435897438,-53.28974358974369,-4.075106029619673
Jharkhand,2002,9.0,5.4,10.7,11.5,38.7,184.9,186.8,277.4,253.4,55.0,1.3,0.8,1034.9,14.4,60.9,902.5,57.1,1307.6897435897438,-272.7897435897437,-20.86043305967267
Jharkhand,2003,3.3,30.5,33.6,17.9,21.5,152.4,247.5,245.1,224.0,255.5,6.2,7.4,1245.0,33.9,73.1,869.0,269.1,1307.6897435897438,-62.689743589743784,-4.793930968492109
Jharkhand,2004,5.5,2.7,3.1,41.0,31.1,184.4,200.7,327.0,211.5,128.1,0.1,1.6,1136.6,8.2,75.2,923.5,129.7,1307.6897435897438,-171.08974358974388,-13.083358986978425
Jharkhand,2005,22.1,17.5,17.7,9.6,23.5,157.2,266.4,214.5,141.5,83.1,1.3,6.1,960.4,39.6,50.7,779.5,90.5,1307.6897435897438,-347.2897435897438,-26.55750305392757
Jharkhand,2006,0.3,0.2,22.4,15.7,107.4,198.3,447.1,337.2,298.7,24.6,7.4,0.0,1459.5,0.5,145.5,1281.4,32.0,1307.6897435897438,151.81025641025622,11.609042370671299
Jharkhand,2007,1.7,48.4,25.5,22.3,58.1,125.4,430.4,353.6,324.7,39.6,7.6,0.0,1437.3,50.1,105.8,1234.1,47.2,1307.6897435897438,129.61025641025617,9.911391983121517
Jharkhand,2008,19.4,3.6,6.2,10.7,42.9,366.3,377.9,310.5,152.9,34.0,1.0,0.0,1325.3,22.9,59.7,1207.7,35.0,1307.6897435897438,17.61025641025617,1.3466693071947013
Jharkhand,2009,1.8,0.8,2.0,0.8,78.1,62.7,266.6,248.0,248.8,82.2,4.0,0.5,996.1,2.6,80.8,826.1,86.6,1307.6897435897438,-311.58974358974376,-23.827497700975893
Jharkhand,2010,0.2,2.3,0.9,6.3,29.2,92.6,170.2,155.1,160.5,55.1,4.7,20.0,697.1,2.5,36.4,578.4,79.8,1307.6897435897438,-610.5897435897438,-46.69224841617337
Jharkhand,2011,3.3,2.5,6.4,25.4,55.0,349.0,181.8,403.2,324.6,23.3,0.0,0.1,1374.7,5.8,86.8,1258.7,23.4,1307.6897435897438,67.01025641025626,5.124323773183857
Jharkhand,2012,34.6,10.3,1.5,9.6,6.6,121.1,287.2,282.4,217.6,37.8,48.6,7.6,1065.0,45.0,17.7,908.3,94.0,1307.6897435897438,-242.68974358974378,-18.558663840517347
Jharkhand,2013,1.1,17.9,1.6,22.3,85.0,181.5,211.1,278.1,173.8,281.1,0.0,0.0,1253.6,19.0,109.0,844.5,281.1,1307.6897435897438,-54.089743589743875,-4.136282620162022
Jharkhand,2014,9.9,47.5,22.9,1.9,98.2,139.7,321.3,290.9,178.2,44.9,0.0,1.2,1156.6,57.4,123.1,930.1,46.1,1307.6897435897438,-151.08974358974388,-11.553944223420066
Jharkhand,2015,12.2,2.6,21.6,55.5,25.5,183.3,429.7,240.7,85.1,22.7,0.2,2.7,1081.8,14.8,102.6,938.8,25.6,1307.6897435897438,-225.88974358974383,-17.273955439128326
Jharkhand,2016,12.6,7.6,17.5,1.0,72.8,122.9,301.0,395.6,287.5,45.6,0.0,0.0,1264.0,20.2,91.3,1107.0,45.6,1307.6897435897438,-43.689743589743784,-3.340986943111668
Jharkhand,2017,5.1,0.1,4.5,6.1,55.9,116.0,492.1,246.0,134.0,103.4,2.3,0.2,1165.8,5.2,66.6,988.2,105.9,1307.6897435897438,-141.88974358974383,-10.850413432183217
Bihar,1901,51.8,19.6,11.9,1.1,65.6,66.3,245.9,319.4,155.1,8.3,7.3,0.1,952.3,71.4,78.6,786.7,15.6,1196.5632478632479,-244.2632478632479,-20.413734777450237
Bihar,1902,4.6,0.7,24.3,17.3,66.3,118.2,361.0,225.5,358.7,28.5,1.1,0.0,1206.2,5.2,107.9,1063.4,29.6,1196.5632478632479,9.636752136752193,0.8053692233954985
Bihar,1903,5.3,4.7,2.0,4.7,28.2,192.9,115.0,342.6,173.9,147.0,0.1,0.0,1016.3,10.0,34.9,824.4,147.1,1196.5632478632479,-180.2632478632479,-15.065083119103933
Bihar,1904,6.3,1.7,3.5,5.3,118.7,191.6,394.4,351.3,84.4,98.1,10.6,3.8,1269.5,7.9,127.4,1021.8,112.4,1196.5632478632479,72.93675213675215,6.095520004228636
Bihar,1905,16.0,30.1,32.6,21.4,77.5,50.5,409.1,495.3,353.9,11.6,0.0,0.6,1498.5,46.1,131.4,1308.8,12.2,1196.5632478632479,301.93675213675215,25.233664219249004
Bihar,1906,14.4,56.9,8.6,0.9,44.7,191.3,366.2,430.1,118.7,32.9,0.4,0.0,1265.1,71.3,54.2,1106.2,33.3,1196.5632478632479,68.53675213675206,5.72780020271732
Bihar,1907,1.3,55.2,39.4,27.0,32.9,232.2,282.4,242.2,206.9,4.8,0.0,2.1,1126.4,56.5,99.3,963.8,6.9,1196.5632478632479,-70.16324786324776,-5.863730813105046
Bihar,1908,14.7,38.6,6.1,2.2,36.7,94.0,202.3,167.3,149.9,25.4,0.0,0.3,737.5,53.3,45.0,613.6,25.6,1196.5632478632479,-459.06324786324785,-38.36514690577501
Bihar,1909,7.0,6.3,0.0,72.8,25.8,446.0,256.2,352.4,175.4,43.1,0.0,5.6,1390.5,13.3,98.6,1229.9,48.7,1196.5632478632479,193.93675213675215,16.207814545789617
Bihar,1910,2.4,4.8,6.6,5.7,51.5,279.5,365.1,328.8,258.5,73.8,21.7,0.0,1398.5,7.2,63.8,1232.0,95.5,1196.5632478632479,201.93675213675215,16.876396003082906
Bihar,1911,9.4,0.1,28.2,13.1,41.7,312.3,199.0,425.5,279.1,122.8,17.8,0.0,1449.2,9.5,83.0,1216.0,140.7,1196.5632478632479,252.6367521367522,21.113530988679123
Bihar,1912,5.5,8.5,23.9,25.4,62.7,146.8,362.4,302.9,104.7,14.0,72.6,0.0,1129.4,14.0,112.0,916.9,86.6,1196.5632478632479,-67.16324786324776,-5.613012766620063
Bihar,1913,0.0,38.0,18.1,1.4,106.1,379.9,258.8,363.0,270.3,61.0,0.5,32.8,1529.7,38.0,125.5,1272.0,94.3,1196.5632478632479,333.1367521367522,27.84113190269283
Bihar,1914,0.2,22.7,8.0,29.0,77.0,84.4,269.1,460.4,98.4,10.1,0.0,0.6,1059.8,22.8,114.0,912.3,10.7,1196.5632478632479,-136.7632478632479,-11.42967144507168
Bihar,1915,8.2,57.1,22.5,6.4,72.5,149.1,321.3,415.0,185.1,75.3,36.7,0.3,1349.4,65.3,101.4,1070.4,112.4,1196.5632478632479,152.83675213675224,12.772977308945357
Bihar,1916,0.6,16.5,0.3,25.3,25.1,270.3,445.6,325.2,265.2,130.1,0.4,0.0,1504.6,17.1,50.7,1306.3,130.6,1196.5632478632479,308.03675213675206,25.74345758043513
Bihar,1917,2.7,19.7,7.9,5.8,103.3,227.8,328.7,249.3,272.1,116.5,0.0,0.2,1334.1,22.4,117.0,1077.9,116.7,1196.5632478632479,137.53675213675206,11.494315271871928
Bihar,1918,0.6,0.1,1.8,29.5,105.4,251.6,240.3,519.2,254.4,8.6,0.1,0.0,1411.7,0.7,136.8,1265.5,8.7,1196.5632478632479,215.1367521367522,17.979555407616836
Bihar,1919,40.2,7.7,3.8,11.6,42.3,195.0,417.8,230.1,244.8,58.6,0.0,0.7,1252.7,47.9,57.6,1087.9,59.4,1196.5632478632479,56.13675213675219,4.691498943912735
Bihar,1920,0.0,19.2,31.0,2.6,28.8,108.9,361.6,228.5,337.6,5.6,0.0,0.0,1123.9,19.3,62.4,1036.6,5.6,1196.5632478632479,-72.66324786324776,-6.072662518509198
Bihar,1921,26.8,0.6,6.5,21.2,26.3,132.4,303.8,422.0,295.8,37.0,0.0,0.0,1272.2,27.3,54.0,1153.9,37.0,1196.5632478632479,75.6367521367522,6.321166246065124
Bihar,1922,12.2,4.6,0.0,9.6,22.0,345.8,427.3,363.5,241.3,15.7,0.7,6.5,1449.2,16.8,31.6,1377.9,22.9,1196.5632478632479,252.6367521367522,21.113530988679123
Bihar,1923,1.3,35.1,1.5,13.5,38.1,171.7,253.9,243.2,148.9,74.4,0.7,0.4,982.8,36.4,53.1,817.8,75.5,1196.5632478632479,-213.7632478632479,-17.864767971519576
Bihar,1924,2.5,12.7,1.8,8.8,14.8,170.6,514.0,295.7,320.3,53.1,61.7,0.2,1456.3,15.3,25.5,1300.6,115.0,1196.5632478632479,259.7367521367521,21.706897032026905
Bihar,1925,7.7,1.8,7.7,52.9,38.6,130.4,322.9,331.5,269.4,17.6,11.0,0.0,1191.5,9.6,99.2,1054.2,28.6,1196.5632478632479,-5.063247863247852,-0.4231492043809219
Bihar,1926,16.3,0.6,29.7,12.8,47.0,48.1,451.5,276.0,211.6,17.6,1.8,8.7,1121.8,16.9,89.6,987.2,28.1,1196.5632478632479,-74.7632478632479,-6.248165151048697
Bihar,1927,24.2,36.4,31.9,3.1,52.9,115.9,301.5,242.7,231.4,21.5,38.6,0.2,1100.2,60.6,87.9,891.5,60.3,1196.5632478632479,-96.3632478632478,-8.053335085740567
Bihar,1928,41.2,21.5,0.1,18.3,54.3,208.0,377.2,272.9,83.3,164.3,0.9,7.6,1249.8,62.7,72.7,941.5,172.8,1196.5632478632479,53.2367521367521,4.44913816564391
Bihar,1929,51.6,1.1,11.4,16.2,33.1,190.2,328.8,326.3,124.7,231.4,0.0,44.4,1359.2,52.7,60.6,970.1,275.8,1196.5632478632479,162.6367521367522,13.59198959412963
Bihar,1930,11.6,7.6,13.6,6.6,28.6,144.6,298.2,247.8,290.9,30.4,24.0,10.4,1114.3,19.2,48.8,981.5,64.8,1196.5632478632479,-82.2632478632479,-6.874960267261154
Bihar,1931,1.3,32.4,11.4,1.6,27.5,75.9,441.3,218.8,248.2,76.1,11.2,0.7,1146.3,33.7,40.5,984.2,87.9,1196.5632478632479,-50.2632478632479,-4.200634438088003
Bihar,1932,0.0,8.2,0.5,14.8,26.6,152.1,164.3,249.3,191.2,32.4,78.7,8.9,926.9,8.2,41.9,756.8,120.0,1196.5632478632479,-269.6632478632479,-22.536480904356424
Bihar,1933,28.3,13.1,0.7,62.1,90.3,197.0,377.3,377.8,167.8,77.6,0.3,0.3,1392.6,41.3,153.2,1119.8,78.2,1196.5632478632479,196.03675213675206,16.383317178329097
Bihar,1934,30.1,13.7,3.0,9.1,22.0,165.5,432.6,251.3,231.2,55.2,9.8,2.8,1226.1,43.7,34.1,1080.6,67.7,1196.5632478632479,29.536752136752057,2.468465598412541
Bihar,1935,21.0,19.6,0.6,0.7,21.9,127.9,193.8,481.7,370.3,2.6,0.1,0.1,1240.4,40.6,23.3,1173.7,2.8,1196.5632478632479,43.83675213675224,3.6635549533243084
Bihar,1936,7.7,6.9,4.6,7.7,84.3,188.9,462.2,261.5,449.2,88.8,0.4,10.3,1572.5,14.6,96.6,1361.9,99.5,1196.5632478632479,375.93675213675215,31.418042699211917
Bihar,1937,0.0,66.3,0.8,10.7,80.0,113.6,217.9,441.8,179.3,194.6,0.3,1.1,1306.4,66.3,91.5,952.6,196.0,1196.5632478632479,109.83675213675224,9.179351975993933
Bihar,1938,12.4,17.0,0.0,2.9,115.5,382.4,362.1,385.1,201.4,27.1,0.8,0.0,1506.7,29.4,118.5,1331.0,27.9,1196.5632478632479,310.1367521367522,25.91896021297463
Bihar,1939,5.0,42.3,11.3,1.7,41.5,230.4,315.0,277.1,262.0,56.9,0.0,0.0,1243.2,47.3,54.5,1084.5,56.9,1196.5632478632479,46.63675213675219,3.897558463376955
Bihar,1940,0.9,43.8,65.5,5.0,31.9,114.6,317.6,314.9,171.6,4.9,0.0,17.5,1088.3,44.7,102.5,918.7,22.4,1196.5632478632479,-108.2632478632479,-9.04785000346434
Bihar,1941,16.2,2.8,0.7,4.6,67.1,177.7,248.8,466.0,190.2,47.8,1.1,0.0,1223.1,19.0,72.5,1082.7,48.9,1196.5632478632479,26.536752136752057,2.217747551927558
Bihar,1942,34.4,43.5,14.7,18.2,28.1,174.7,253.5,330.4,347.2,7.0,0.0,0.9,1252.5,77.8,61.0,1105.7,8.0,1196.5632478632479,55.93675213675215,4.674784407480399
Bihar,1943,34.7,16.9,0.2,40.7,37.0,169.8,296.0,322.1,215.4,37.0,0.0,0.0,1169.9,51.6,78.0,1003.3,37.0,1196.5632478632479,-26.66324786324776,-2.228319139072792
Bihar,1944,27.3,32.6,42.0,34.1,21.9,223.9,253.5,322.8,221.3,48.5,0.2,0.8,1228.8,59.9,98.0,1021.5,49.5,1196.5632478632479,32.2367521367521,2.6941118402490294
Bihar,1945,50.7,24.0,1.4,32.4,57.8,120.5,226.9,265.6,305.5,154.8,0.0,3.2,1242.9,74.7,91.5,918.6,158.0,1196.5632478632479,46.33675213675224,3.8724866587284605
Bihar,1946,0.0,21.3,5.0,52.3,88.6,168.7,354.7,267.8,271.8,148.7,14.9,0.0,1393.7,21.3,145.9,1062.9,163.6,1196.5632478632479,197.1367521367522,16.475247128706936
Bihar,1947,5.6,5.6,10.2,7.5,57.7,89.4,394.4,244.6,215.3,61.5,0.1,0.3,1092.1,11.2,75.4,943.7,61.9,1196.5632478632479,-104.46324786324794,-8.730273811250033
Bihar,1948,11.1,7.5,3.6,11.3,46.3,114.6,409.0,329.8,248.9,81.0,36.2,0.0,1299.2,18.6,61.2,1102.2,117.2,1196.5632478632479,102.6367521367522,8.577628664429971
Bihar,1949,16.5,42.8,5.7,35.5,93.1,200.2,341.7,386.5,217.9,103.4,1.1,0.0,1444.4,59.4,134.3,1146.3,104.5,1196.5632478632479,247.83675213675224,20.712382114303153
Bihar,1950,9.8,11.8,22.1,2.2,43.3,346.5,257.0,313.3,113.4,3.0,0.1,2.1,1124.6,21.6,67.6,1030.1,5.2,1196.5632478632479,-71.96324786324794,-6.0141616409960506
Bihar,1951,7.3,1.5,5.8,8.2,22.8,144.5,307.8,204.5,114.3,28.7,4.7,0.1,850.2,8.8,36.8,771.1,33.5,1196.5632478632479,-346.3632478632478,-28.946505626155815
Bihar,1952,1.1,10.3,20.1,24.6,57.0,272.5,212.5,291.9,297.7,15.4,3.4,0.4,1206.8,11.4,101.6,1074.5,19.3,1196.5632478632479,10.236752136752102,0.8555128326924875
Bihar,1953,29.7,4.2,8.7,16.7,37.4,224.7,431.8,263.3,342.2,18.4,0.9,0.8,1378.7,33.9,62.7,1262.0,20.2,1196.5632478632479,182.1367521367522,15.22165689628202
Bihar,1954,12.5,8.4,0.8,0.6,40.9,166.6,366.1,308.6,129.5,15.1,0.2,1.3,1050.5,20.9,42.3,970.7,16.6,1196.5632478632479,-146.06324786324785,-12.206897389175122
Bihar,1955,20.0,6.7,2.3,11.9,28.2,172.5,505.7,268.7,192.2,35.7,0.3,0.1,1244.2,26.7,42.5,1139.0,36.1,1196.5632478632479,47.63675213675219,3.9811311455386162
Bihar,1956,19.3,4.7,9.6,5.3,75.4,319.4,200.6,286.3,359.8,168.8,36.0,8.1,1493.4,24.0,90.4,1166.2,212.9,1196.5632478632479,296.83675213675224,24.80744354022454
Bihar,1957,75.2,2.8,11.6,0.5,1.3,115.6,334.5,295.8,115.2,11.6,0.0,2.7,966.9,78.0,13.4,861.2,14.4,1196.5632478632479,-229.66324786324788,-19.193573617889985
Bihar,1958,16.0,2.7,4.7,26.4,16.1,120.7,222.8,451.1,224.2,81.5,0.7,0.6,1167.4,18.7,47.2,1018.8,82.7,1196.5632478632479,-29.16324786324776,-2.4372508444769445
Bihar,1959,81.2,1.5,9.4,18.6,35.7,132.3,245.8,264.2,157.1,233.8,0.0,0.1,1179.6,82.7,63.7,799.3,233.9,1196.5632478632479,-16.963247863247943,-1.4176641221046953
Bihar,1960,1.4,0.1,42.7,5.2,49.9,117.6,357.4,285.5,348.1,37.9,2.0,0.0,1247.9,1.5,97.9,1108.7,39.9,1196.5632478632479,51.33675213675224,4.290350069536766
Bihar,1961,11.7,35.8,1.4,2.0,33.9,239.7,211.6,317.5,157.5,236.0,0.8,10.1,1258.1,47.5,37.3,926.3,246.9,1196.5632478632479,61.53675213675206,5.142791427585693
Bihar,1962,13.0,7.8,9.5,20.8,38.8,156.4,244.3,395.4,216.3,72.5,0.0,3.2,1178.1,20.8,69.1,1012.4,75.7,1196.5632478632479,-18.463247863247943,-1.5430231453471868
Bihar,1963,3.4,1.7,9.4,17.5,78.9,154.0,375.4,273.5,255.7,138.7,17.8,0.2,1326.1,5.1,105.9,1058.6,156.6,1196.5632478632479,129.53675213675206,10.82573381457864
Bihar,1964,1.4,3.3,2.4,21.9,59.3,134.7,453.6,157.7,219.0,66.3,2.7,0.0,1122.5,4.7,83.6,965.1,69.1,1196.5632478632479,-74.06324786324785,-6.189664273535531
Bihar,1965,0.4,1.2,15.7,7.1,7.7,98.8,302.2,328.3,215.0,22.2,1.8,2.4,1002.7,1.7,30.4,944.3,26.3,1196.5632478632479,-193.8632478632478,-16.201671596502514
Bihar,1966,21.2,6.9,0.1,0.9,39.5,114.5,155.5,308.3,83.1,18.3,17.1,1.6,767.0,28.1,40.4,661.5,37.0,1196.5632478632479,-429.56324786324785,-35.89975278200602
Bihar,1967,0.2,0.1,38.6,30.6,23.6,80.7,278.2,282.1,253.8,10.3,0.1,1.5,999.9,0.2,92.8,894.8,12.0,1196.5632478632479,-196.66324786324788,-16.43567510655517
Bihar,1968,29.1,1.7,7.0,3.0,17.3,261.8,329.6,293.1,79.2,113.3,0.0,4.9,1140.1,30.8,27.3,963.7,118.2,1196.5632478632479,-56.46324786324794,-4.7187850674903045
Bihar,1969,5.2,9.3,9.7,20.7,64.4,193.1,348.4,379.4,219.1,15.3,23.6,0.3,1288.6,14.5,94.8,1140.1,39.2,1196.5632478632479,92.03675213675206,7.691758233516353
Bihar,1970,22.1,13.4,3.2,17.9,39.2,194.6,284.2,235.6,229.5,34.5,0.4,0.0,1074.7,35.5,60.2,944.0,35.0,1196.5632478632479,-121.8632478632478,-10.184438480862923
Bihar,1971,17.3,14.6,5.1,91.4,81.5,278.0,307.0,367.9,129.2,138.6,1.9,0.0,1432.6,31.9,178.0,1082.2,140.5,1196.5632478632479,236.03675213675206,19.726224464795536
Bihar,1972,12.9,38.0,2.7,3.2,3.4,56.7,163.4,154.9,209.7,48.4,24.6,0.0,717.9,51.0,9.2,584.7,73.0,1196.5632478632479,-478.6632478632479,-40.00317147614357
Bihar,1973,22.9,10.2,3.8,4.4,65.0,200.9,185.1,258.9,271.4,158.2,8.3,0.0,1189.0,33.1,73.1,916.3,166.5,1196.5632478632479,-7.563247863247852,-0.6320809097850744
Bihar,1974,3.9,0.7,21.9,9.9,39.1,129.4,451.6,317.5,229.2,28.0,0.3,3.7,1235.2,4.6,70.9,1127.7,32.0,1196.5632478632479,38.63675213675219,3.2289770060836673
Bihar,1975,9.1,4.1,12.0,11.0,34.4,143.2,403.1,155.2,245.3,51.7,0.0,0.0,1069.1,13.2,57.5,946.7,51.7,1196.5632478632479,-127.46324786324794,-10.652445500968236
Bihar,1976,2.3,12.4,0.9,8.9,80.1,147.1,221.0,292.8,372.6,22.4,0.7,0.5,1161.7,14.7,90.0,1033.4,23.7,1196.5632478632479,-34.86324786324781,-2.913615132798416
Bihar,1977,5.3,2.9,1.3,17.0,83.7,102.5,375.5,266.0,121.0,147.1,8.1,17.3,1147.5,8.1,101.9,865.0,172.5,1196.5632478632479,-49.06324786324785,-4.100347219494005
Bihar,1978,13.4,27.8,16.8,24.5,51.8,190.4,313.6,252.6,248.6,142.8,4.8,3.7,1290.8,41.1,93.0,1005.2,151.4,1196.5632478632479,94.2367521367521,7.8756181342720115
Bihar,1979,23.4,19.4,2.3,21.3,6.2,90.6,435.5,166.1,113.0,88.5,25.2,10.3,1001.9,42.9,29.8,805.2,124.0,1196.5632478632479,-194.66324786324788,-16.26852974223185
Bihar,1980,4.7,2.4,9.5,7.9,80.9,160.2,389.9,375.3,190.5,29.5,0.2,1.0,1252.2,7.1,98.4,1115.9,30.8,1196.5632478632479,55.63675213675219,4.6497126028319045
Bihar,1981,31.3,5.7,14.3,47.9,86.3,107.9,580.1,311.3,168.8,1.0,6.1,3.9,1364.7,37.0,148.4,1168.1,11.0,1196.5632478632479,168.1367521367522,14.051639346018765
Bihar,1982,4.4,6.1,28.2,14.7,31.0,222.4,227.2,164.5,170.5,42.1,21.5,1.0,933.5,10.5,73.9,784.6,64.6,1196.5632478632479,-263.06324786324785,-21.98490120208946
Bihar,1983,13.1,1.7,8.0,45.0,81.1,101.2,353.8,195.8,220.6,69.9,0.0,14.1,1104.2,14.8,134.1,871.3,84.0,1196.5632478632479,-92.3632478632478,-7.719044357093924
Bihar,1984,28.6,33.9,1.3,11.2,65.6,353.4,476.4,216.9,219.0,15.4,1.5,3.0,1426.2,62.5,78.1,1265.8,19.9,1196.5632478632479,229.6367521367522,19.191359298960915
Bihar,1985,8.8,0.5,0.5,8.0,69.2,163.2,481.5,238.0,289.0,188.0,1.2,7.1,1455.0,9.3,77.7,1171.7,196.3,1196.5632478632479,258.43675213675215,21.598252545216752
Bihar,1986,1.1,13.9,0.5,16.0,94.3,168.4,395.7,263.5,221.1,124.2,1.3,22.1,1322.1,15.0,110.8,1048.6,147.6,1196.5632478632479,125.53675213675206,10.491443085931996
Bihar,1987,0.7,3.7,5.4,37.7,40.1,143.6,452.0,539.8,379.7,52.8,2.7,2.3,1660.4,4.3,83.1,1515.1,57.9,1196.5632478632479,463.83675213675224,38.76408146122193
Bihar,1988,1.2,15.3,27.3,46.9,46.2,174.5,364.5,459.4,153.2,33.7,1.5,13.8,1337.4,16.4,120.3,1151.6,49.0,1196.5632478632479,140.83675213675224,11.770105123005425
Bihar,1989,8.9,8.7,6.9,0.2,100.3,152.9,446.0,171.9,330.9,28.2,1.0,14.0,1269.9,17.5,107.4,1101.7,43.2,1196.5632478632479,73.33675213675224,6.128949077093307
Bihar,1990,0.3,30.2,13.8,14.0,83.3,156.6,485.5,204.4,201.2,49.7,0.0,0.2,1239.4,30.6,111.1,1047.8,49.9,1196.5632478632479,42.83675213675224,3.5799822711626477
Bihar,1991,14.5,6.3,7.9,8.9,31.2,176.2,179.7,324.2,270.5,7.2,0.0,19.2,1045.7,20.7,48.0,950.5,26.5,1196.5632478632479,-150.8632478632478,-12.608046263551092
Bihar,1992,2.6,3.1,0.1,2.6,61.1,83.9,284.8,219.2,85.9,52.4,1.4,0.4,797.6,5.8,63.8,673.8,54.2,1196.5632478632479,-398.96324786324783,-33.342428707859185
Bihar,1993,9.4,4.0,24.5,24.5,51.1,154.8,209.1,357.3,320.0,34.3,19.3,0.1,1208.3,13.4,100.1,1041.2,53.6,1196.5632478632479,11.736752136752102,0.9808718559349789
Bihar,1994,28.3,29.1,1.0,7.0,32.7,130.9,217.7,257.6,226.5,32.9,4.4,1.2,969.4,57.5,40.7,832.8,38.5,1196.5632478632479,-227.16324786324788,-18.98464191248583
Bihar,1995,6.8,11.6,2.0,0.1,6.7,162.9,227.5,335.7,279.1,11.4,44.4,23.8,1111.9,18.4,8.8,1005.1,79.6,1196.5632478632479,-84.66324786324776,-7.0755347044491295
Bihar,1996,26.0,21.7,0.2,3.0,18.2,220.1,238.5,350.9,162.5,66.2,0.0,0.0,1107.2,47.7,21.4,972.0,66.2,1196.5632478632479,-89.3632478632478,-7.46832631060894
Bihar,1997,10.5,1.1,2.9,29.3,42.2,211.0,463.9,287.6,185.8,27.8,11.0,30.6,1303.7,11.6,74.4,1148.3,69.5,1196.5632478632479,107.1367521367522,8.953705734157445
Bihar,1998,8.4,11.2,23.6,26.6,38.2,96.6,465.1,377.4,188.0,83.0,14.5,0.0,1332.5,19.6,88.4,1127.0,97.5,1196.5632478632479,135.93675213675215,11.360598980413279
Bihar,1999,0.1,0.2,0.4,3.8,83.6,265.1,380.8,347.5,199.6,114.1,6.9,0.6,1402.7,0.3,87.8,1192.9,121.7,1196.5632478632479,206.1367521367522,17.227401268161884
Bihar,2000,0.5,12.1,3.6,37.2,96.2,267.2,264.3,201.4,314.8,9.6,0.0,0.1,1207.0,12.7,137.0,1047.7,9.7,1196.5632478632479,10.436752136752148,0.8722273691248235
Bihar,2001,1.0,0.5,3.0,12.6,98.4,224.4,224.7,225.9,274.8,181.3,0.5,0.0,1247.0,1.5,114.0,949.8,181.8,1196.5632478632479,50.43675213675215,4.215134655591264
Bihar,2002,13.4,11.3,2.2,25.0,74.8,116.6,386.1,247.7,192.8,33.8,1.4,0.7,1105.8,24.6,102.1,943.2,35.8,1196.5632478632479,-90.7632478632479,-7.585328065635273
Bihar,2003,13.2,39.7,10.2,21.9,41.4,230.9,356.8,310.6,183.9,142.0,0.2,3.0,1353.9,52.9,73.5,1082.3,145.2,1196.5632478632479,157.33675213675224,13.149054378672831
Bihar,2004,22.7,2.1,2.2,32.0,72.7,246.8,418.4,175.9,115.3,56.4,3.1,0.0,1147.8,24.8,107.0,956.4,59.5,1196.5632478632479,-48.7632478632479,-4.075275414845511
Bihar,2005,13.9,14.3,12.1,7.7,28.6,82.5,300.0,309.1,105.1,34.3,0.0,0.2,907.8,28.2,48.5,796.7,34.5,1196.5632478632479,-288.7632478632479,-24.13271913364415
Bihar,2006,0.1,0.0,1.9,19.2,73.2,200.0,290.7,160.4,285.2,17.6,2.9,1.6,1052.8,0.1,94.3,936.3,22.1,1196.5632478632479,-143.7632478632479,-12.014680220203305
Bihar,2007,0.2,34.2,25.4,20.3,94.4,170.4,549.4,340.6,309.0,39.6,9.1,7.5,1600.2,34.3,140.2,1369.4,56.2,1196.5632478632479,403.6367521367522,33.73300599508993
Bihar,2008,25.6,4.4,3.2,10.4,48.9,291.2,397.2,278.1,117.1,21.4,0.1,0.0,1197.7,30.0,62.6,1083.5,21.6,1196.5632478632479,1.136752136752193,0.09500142502138004
Bihar,2009,0.3,0.4,1.1,2.9,98.5,67.7,213.6,298.9,127.6,72.6,5.1,0.8,889.3,0.7,102.5,707.7,78.4,1196.5632478632479,-307.2632478632479,-25.678813753634877
Bihar,2010,0.1,1.1,0.2,6.5,44.4,80.9,191.2,158.4,105.7,33.6,5.0,2.1,629.2,1.3,51.1,536.2,40.7,1196.5632478632479,-567.3632478632478,-47.416068383882894
Bihar,2011,4.2,7.7,9.2,23.9,74.5,211.0,241.1,278.7,234.1,10.0,2.0,0.9,1097.1,11.8,107.6,964.8,12.9,1196.5632478632479,-99.46324786324794,-8.312410400441728
Bihar,2012,18.1,2.7,7.3,20.4,18.8,96.2,354.0,240.4,233.8,34.3,6.4,0.0,1032.4,20.9,46.5,924.4,40.6,1196.5632478632479,-164.16324786324776,-13.71956293630118
Bihar,2013,5.1,22.6,0.6,32.3,89.5,183.3,182.0,213.6,143.3,197.1,0.4,0.0,1069.9,27.7,122.4,722.2,197.5,1196.5632478632479,-126.66324786324776,-10.585587355238891
Bihar,2014,17.0,33.5,8.4,0.7,103.9,115.2,265.4,307.6,160.3,47.8,0.0,1.2,1061.0,50.5,112.9,848.6,49.0,1196.5632478632479,-135.56324786324785,-11.329384226477682
Bihar,2015,12.8,1.8,27.2,38.7,39.5,122.1,231.5,287.0,101.7,10.4,0.0,0.0,872.7,14.6,105.5,742.3,10.4,1196.5632478632479,-323.8632478632478,-27.066120277518447
Bihar,2016,9.3,0.6,5.6,3.9,84.0,128.7,356.4,150.8,357.9,60.8,0.0,0.0,1158.0,9.9,93.5,993.9,60.8,1196.5632478632479,-38.56324786324785,-3.2228340567965654
Bihar,2017,0.7,0.0,22.8,21.8,79.7,84.6,379.9,342.8,129.6,50.1,0.0,0.0,1112.0,0.7,124.3,936.8,50.2,1196.5632478632479,-84.56324786324785,-7.067177436232972
East Uttar Pradesh,1901,62.6,31.3,8.2,1.1,13.6,21.8,226.5,285.6,215.4,4.9,0.1,2.1,873.2,93.9,22.9,749.3,7.1,975.8649572649572,-102.66495726495714,-10.520406179221228
East Uttar Pradesh,1902,6.1,2.3,2.4,2.0,21.4,32.5,411.5,155.4,257.2,13.2,1.2,0.0,905.2,8.3,25.9,856.6,14.5,975.8649572649572,-70.66495726495714,-7.241263941171614
East Uttar Pradesh,1903,8.2,0.4,1.3,0.7,15.3,71.6,115.3,420.2,258.7,324.7,0.0,0.0,1216.4,8.6,17.3,865.8,324.7,975.8649572649572,240.5350427350429,24.64839432386086
East Uttar Pradesh,1904,7.3,1.5,8.3,0.4,28.7,148.0,359.4,328.8,95.0,50.6,17.0,26.3,1071.2,8.8,37.4,931.1,93.9,975.8649572649572,95.33504273504286,9.769286418710744
East Uttar Pradesh,1905,16.8,23.6,20.0,5.4,15.4,17.3,302.4,316.2,169.5,3.3,0.0,1.6,891.6,40.5,40.9,805.4,4.9,975.8649572649572,-84.26495726495716,-8.634899392342703
East Uttar Pradesh,1906,5.7,58.2,6.7,0.0,13.5,140.6,341.2,290.9,135.5,5.1,0.0,0.1,997.7,64.0,20.3,908.2,5.2,975.8649572649572,21.83504273504286,2.2375065906905425
East Uttar Pradesh,1907,2.1,74.9,19.2,20.3,11.1,48.6,173.5,290.9,25.7,0.0,0.0,0.1,666.3,77.0,50.5,538.6,0.1,975.8649572649572,-309.56495726495723,-31.722110212110756
East Uttar Pradesh,1908,19.2,15.7,7.7,0.8,5.2,63.3,230.5,304.0,86.1,11.9,0.0,0.3,744.7,34.9,13.7,683.9,12.2,975.8649572649572,-231.16495726495714,-23.688211728889197
East Uttar Pradesh,1909,8.4,5.4,0.0,66.6,6.6,248.9,399.0,206.9,135.3,9.0,0.0,20.5,1106.9,13.9,73.2,990.2,29.5,975.8649572649572,131.0350427350429,13.427579478034845
East Uttar Pradesh,1910,4.4,0.2,0.5,1.6,28.6,163.8,231.1,341.4,213.5,103.0,28.0,0.2,1116.4,4.6,30.8,949.8,131.2,975.8649572649572,140.5350427350429,14.401074829955823
East Uttar Pradesh,1911,40.1,0.1,29.1,2.2,4.0,121.8,85.9,320.7,373.4,99.4,37.1,0.1,1113.9,40.2,35.3,901.8,136.6,975.8649572649572,138.0350427350429,14.144891842608198
East Uttar Pradesh,1912,16.0,7.3,6.5,5.7,18.8,60.6,336.5,279.1,117.6,0.7,30.2,0.5,879.6,23.4,31.0,793.8,31.4,975.8649572649572,-96.26495726495716,-9.864577731611307
East Uttar Pradesh,1913,0.6,37.1,32.0,0.5,68.7,175.0,222.0,200.0,95.7,15.5,0.0,14.5,861.4,37.7,101.2,692.6,29.9,975.8649572649572,-114.4649572649572,-11.729589879502027
East Uttar Pradesh,1914,1.3,16.1,21.8,8.3,55.3,37.2,407.7,346.1,92.1,2.6,0.1,0.2,988.8,17.3,85.4,883.1,2.9,975.8649572649572,12.93504273504277,1.325495155732985
East Uttar Pradesh,1915,12.5,45.5,25.6,5.8,20.1,107.9,285.4,417.2,387.4,98.6,1.9,1.9,1409.8,58.0,51.5,1197.9,102.5,975.8649572649572,433.93504273504277,44.466710225073186
East Uttar Pradesh,1916,0.0,20.1,0.0,6.9,7.3,243.5,314.8,351.2,197.4,55.5,5.1,0.0,1201.9,20.1,14.2,1106.9,60.7,975.8649572649572,226.0350427350429,23.16253299724463
East Uttar Pradesh,1917,7.9,32.2,8.4,3.9,43.8,171.4,356.7,230.0,302.2,55.4,0.0,4.6,1216.5,40.2,56.0,1060.3,60.0,975.8649572649572,240.63504273504282,24.658641643354756
East Uttar Pradesh,1918,0.6,0.1,5.3,4.3,20.3,142.0,110.4,261.6,104.0,0.1,1.1,0.9,650.7,0.7,29.9,618.1,2.1,975.8649572649572,-325.16495726495714,-33.32069205315993
East Uttar Pradesh,1919,46.2,9.6,2.9,6.5,12.2,68.8,347.4,237.4,228.9,59.1,0.1,4.4,1023.4,55.7,21.5,882.5,63.6,975.8649572649572,47.53504273504279,4.871067700624129
East Uttar Pradesh,1920,0.0,12.5,13.6,0.8,16.0,86.2,468.4,161.4,98.2,3.1,0.0,0.0,860.2,12.6,30.3,814.2,3.1,975.8649572649572,-115.66495726495714,-11.852557713428881
East Uttar Pradesh,1921,41.2,0.7,2.5,8.5,0.5,166.8,203.6,460.7,218.2,11.1,0.0,1.0,1114.7,41.9,11.5,1049.3,12.1,975.8649572649572,138.83504273504286,14.226870398559432
East Uttar Pradesh,1922,27.6,5.7,0.0,4.4,2.9,130.2,436.8,438.1,299.1,3.1,0.6,15.5,1364.0,33.4,7.3,1304.1,19.2,975.8649572649572,388.1350427350428,39.773437896864685
East Uttar Pradesh,1923,1.2,38.1,0.1,0.1,5.4,41.9,276.6,340.5,261.7,93.2,1.0,16.2,1076.2,39.3,5.7,920.7,110.5,975.8649572649572,100.33504273504286,10.281652393405995
East Uttar Pradesh,1924,11.5,7.3,1.0,0.2,2.2,42.1,500.9,239.9,266.3,29.2,11.1,8.3,1119.9,18.8,3.4,1049.2,48.6,975.8649572649572,144.0350427350429,14.759731012242499
East Uttar Pradesh,1925,5.2,0.0,0.4,16.7,20.9,140.8,443.9,236.3,233.1,6.0,10.9,0.0,1114.1,5.2,37.9,1054.1,16.9,975.8649572649572,138.23504273504273,14.16538648159599
East Uttar Pradesh,1926,11.3,2.5,44.6,14.0,19.0,18.7,365.5,259.8,225.2,26.8,0.5,1.5,989.5,13.8,77.6,869.3,28.8,975.8649572649572,13.635042735042816,1.397226392190325
East Uttar Pradesh,1927,6.4,21.3,15.5,1.6,29.7,67.8,280.5,306.3,151.8,73.4,72.9,3.9,1031.2,27.7,46.9,806.4,150.2,975.8649572649572,55.33504273504286,5.670358621148729
East Uttar Pradesh,1928,24.9,84.3,0.7,12.7,11.7,118.4,290.8,112.1,65.2,68.6,0.3,15.1,804.8,109.2,25.1,586.5,84.0,975.8649572649572,-171.06495726495723,-17.52957271305228
East Uttar Pradesh,1929,42.4,1.4,13.0,1.7,6.6,163.7,286.7,354.6,48.5,53.3,0.0,43.0,1014.8,43.8,21.2,853.5,96.3,975.8649572649572,38.93504273504277,3.989798224148294
East Uttar Pradesh,1930,11.3,16.8,5.2,3.5,6.1,54.2,367.0,265.0,284.8,38.6,3.5,13.4,1069.5,28.1,14.8,971.1,55.6,975.8649572649572,93.63504273504282,9.595081987314353
East Uttar Pradesh,1931,0.5,27.4,1.8,0.2,8.6,36.8,297.0,240.2,332.0,102.3,0.2,0.1,1047.1,27.9,10.6,905.9,102.7,975.8649572649572,71.23504273504273,7.299682420679616
East Uttar Pradesh,1932,0.0,5.5,2.2,1.4,7.6,89.4,170.1,287.4,125.7,16.8,29.5,2.9,738.5,5.5,11.2,672.6,49.2,975.8649572649572,-237.36495726495718,-24.323545537511315
East Uttar Pradesh,1933,14.8,18.5,2.9,37.0,46.8,128.0,223.7,247.3,158.1,100.5,0.0,0.0,977.5,33.3,86.6,757.1,100.5,975.8649572649572,1.6350427350428163,0.16754805292172056
East Uttar Pradesh,1934,33.7,1.6,12.5,1.0,1.5,148.7,360.7,257.3,236.4,9.5,1.5,3.9,1068.4,35.3,15.0,1003.1,14.9,975.8649572649572,92.53504273504291,9.482361472881406
East Uttar Pradesh,1935,19.9,18.0,0.0,10.8,0.2,73.9,259.0,325.3,198.1,0.0,0.0,14.6,919.8,37.9,11.1,856.2,14.6,975.8649572649572,-56.06495726495723,-5.7451552950614895
East Uttar Pradesh,1936,6.3,31.1,4.1,4.6,24.2,219.5,598.8,354.2,252.5,28.4,3.3,18.4,1545.5,37.4,32.8,1425.1,50.1,975.8649572649572,569.6350427350428,58.37232277830232
East Uttar Pradesh,1937,0.0,58.3,1.4,6.0,21.2,94.9,313.5,363.9,102.2,70.5,0.1,3.3,1035.3,58.3,28.6,874.6,73.9,975.8649572649572,59.43504273504277,6.090498720398826
East Uttar Pradesh,1938,24.5,11.5,0.0,1.7,37.4,285.7,376.8,378.9,224.2,33.1,0.3,0.0,1374.2,36.0,39.1,1265.6,33.4,975.8649572649572,398.33504273504286,40.818664485243
East Uttar Pradesh,1939,14.0,21.0,4.3,1.1,2.5,146.8,284.4,227.6,222.6,20.7,0.0,0.0,945.0,35.0,7.9,881.5,20.7,975.8649572649572,-30.864957264957184,-3.162830782597416
East Uttar Pradesh,1940,8.3,20.9,31.5,5.0,10.5,66.2,256.7,315.2,121.0,5.9,0.0,25.8,866.8,29.2,46.9,759.1,31.7,975.8649572649572,-109.06495726495723,-11.176234626831159
East Uttar Pradesh,1941,19.0,5.6,0.4,0.2,19.1,138.3,142.8,297.5,171.0,4.0,0.2,0.0,798.2,24.6,19.7,749.7,4.2,975.8649572649572,-177.66495726495714,-18.205895799650005
East Uttar Pradesh,1942,56.2,55.8,7.9,4.7,4.9,99.6,277.8,312.4,203.0,0.2,0.0,6.2,1028.6,111.9,17.5,892.8,6.4,975.8649572649572,52.735042735042725,5.403928314307184
East Uttar Pradesh,1943,24.3,7.3,0.1,20.7,15.6,75.4,231.3,444.4,266.5,15.4,0.0,0.0,1101.1,31.6,36.5,1017.5,15.4,975.8649572649572,125.23504273504273,12.833234947388336
East Uttar Pradesh,1944,19.2,41.6,63.7,12.4,6.3,105.9,278.4,304.7,178.5,47.5,0.0,3.2,1061.5,60.8,82.3,867.5,50.8,975.8649572649572,85.63504273504282,8.77529642780195
East Uttar Pradesh,1945,46.5,1.8,1.7,14.9,12.0,70.3,239.3,211.5,267.9,108.9,0.0,5.7,980.4,48.3,28.5,789.0,114.6,975.8649572649572,4.5350427350427935,0.4647203182449643
East Uttar Pradesh,1946,0.0,25.7,0.5,26.9,35.0,88.2,395.5,219.5,142.6,92.5,10.5,2.0,1038.9,25.7,62.4,845.8,105.0,975.8649572649572,63.03504273504291,6.459402222179422
East Uttar Pradesh,1947,17.3,7.3,11.3,0.7,14.5,88.0,419.4,229.5,189.0,27.7,0.0,1.6,1006.3,24.6,26.5,925.9,29.3,975.8649572649572,30.43504273504277,3.1187760671663662
East Uttar Pradesh,1948,28.3,9.9,0.5,0.7,14.0,100.2,420.4,391.7,275.5,66.8,15.1,0.0,1323.1,38.2,15.3,1187.8,81.9,975.8649572649572,347.2350427350427,35.58228422385751
East Uttar Pradesh,1949,3.8,41.3,1.2,3.8,28.5,52.7,287.8,352.4,272.4,86.7,0.5,0.0,1131.0,45.1,33.5,965.2,87.2,975.8649572649572,155.13504273504282,15.89718347606595
East Uttar Pradesh,1950,28.8,7.5,19.8,0.2,10.6,147.1,250.9,366.8,91.2,3.3,0.1,25.1,951.4,36.3,30.6,856.0,28.6,975.8649572649572,-24.464957264957206,-2.507002334987496
East Uttar Pradesh,1951,27.4,10.9,21.6,6.1,2.5,114.4,139.2,247.4,168.3,12.7,2.0,0.1,752.5,38.3,30.2,669.3,14.8,975.8649572649572,-223.36495726495718,-22.88892080836461
East Uttar Pradesh,1952,2.8,12.8,33.7,2.7,9.4,244.8,161.9,350.1,110.8,4.4,0.0,2.6,935.9,15.6,45.8,867.5,7.1,975.8649572649572,-39.96495726495721,-4.095336856542777
East Uttar Pradesh,1953,32.4,6.3,1.3,3.4,14.9,138.4,497.5,323.7,243.6,3.6,0.0,1.7,1266.9,38.7,19.6,1203.3,5.3,975.8649572649572,291.0350427350429,29.823290668282905
East Uttar Pradesh,1954,36.5,32.1,1.7,0.0,3.6,65.2,309.9,300.4,186.5,33.6,0.0,0.2,969.7,68.6,5.2,862.0,33.8,975.8649572649572,-6.164957264957138,-0.6317428676028676
East Uttar Pradesh,1955,34.4,9.6,1.2,1.9,4.5,202.1,529.9,310.8,230.7,99.1,0.0,0.1,1424.3,44.0,7.6,1273.6,99.2,975.8649572649572,448.43504273504277,45.95257155168942
East Uttar Pradesh,1956,21.5,5.7,12.3,1.2,39.7,165.2,220.3,281.1,292.3,167.2,38.9,8.7,1254.1,27.2,53.1,959.0,214.9,975.8649572649572,278.2350427350427,28.51163377306304
East Uttar Pradesh,1957,44.2,0.4,18.0,1.0,1.0,56.4,367.3,293.5,163.3,5.1,0.1,5.4,955.7,44.6,20.0,880.5,10.5,975.8649572649572,-20.16495726495714,-2.0663675967495725
East Uttar Pradesh,1958,14.6,3.2,5.8,4.4,1.3,52.6,247.3,388.5,184.4,111.9,0.0,2.9,1016.9,17.8,11.5,872.8,114.8,975.8649572649572,41.03504273504279,4.2049919335203025
East Uttar Pradesh,1959,53.2,4.2,4.8,4.1,36.0,44.4,234.1,274.6,85.9,125.9,2.0,0.0,869.2,57.4,44.9,639.0,127.9,975.8649572649572,-106.66495726495714,-10.930298958977428
East Uttar Pradesh,1960,9.6,0.1,36.3,2.9,5.9,75.2,411.0,317.2,174.5,136.7,0.6,0.0,1170.0,9.7,45.1,977.8,137.4,975.8649572649572,194.13504273504282,19.893638078688912
East Uttar Pradesh,1961,24.7,25.6,0.0,1.6,6.6,92.7,285.1,407.0,154.8,203.5,0.6,11.9,1214.3,50.3,8.3,939.6,216.0,975.8649572649572,238.43504273504277,24.43320061448884
East Uttar Pradesh,1962,28.6,17.0,9.2,4.8,3.2,81.7,226.3,428.1,265.4,2.3,0.0,5.4,1072.0,45.6,17.2,1001.4,7.7,975.8649572649572,96.13504273504282,9.851264974661978
East Uttar Pradesh,1963,14.8,2.4,10.0,8.6,19.4,99.9,320.8,339.9,146.1,24.9,8.0,1.7,996.3,17.1,38.0,906.7,34.5,975.8649572649572,20.43504273504277,2.0940441177758626
East Uttar Pradesh,1964,1.6,6.6,0.2,3.7,43.4,82.9,398.7,179.9,292.2,18.3,0.8,8.5,1036.6,8.2,47.3,953.6,27.6,975.8649572649572,60.735042735042725,6.223713873819587
East Uttar Pradesh,1965,2.1,0.7,9.9,19.3,2.7,21.4,204.5,213.6,161.7,47.9,0.5,1.2,685.5,2.8,32.0,601.1,49.6,975.8649572649572,-290.3649572649572,-29.75462486928098
East Uttar Pradesh,1966,13.5,8.8,0.2,0.0,8.4,185.7,149.3,274.3,23.1,15.0,18.3,11.1,707.8,22.3,8.6,632.5,44.4,975.8649572649572,-268.06495726495723,-27.469472622140163
East Uttar Pradesh,1967,2.1,0.1,30.5,9.2,8.1,81.0,264.7,443.3,155.9,2.7,0.7,31.0,1029.4,2.2,47.8,945.0,34.4,975.8649572649572,53.53504273504291,5.485906870258443
East Uttar Pradesh,1968,28.8,5.5,4.5,2.6,1.7,95.1,311.3,251.1,104.1,32.9,0.0,2.3,840.0,34.3,8.8,761.8,35.2,975.8649572649572,-135.86495726495718,-13.922516251197703
East Uttar Pradesh,1969,2.8,2.6,2.9,7.0,37.3,59.2,370.1,322.2,200.5,6.8,13.3,0.0,1024.6,5.4,47.2,952.0,20.0,975.8649572649572,48.735042735042725,4.994035534550982
East Uttar Pradesh,1970,31.3,41.3,8.4,2.1,30.3,178.1,197.9,226.1,365.5,51.2,0.1,0.0,1132.3,72.6,40.8,967.5,51.4,975.8649572649572,156.43504273504277,16.03039862948671
East Uttar Pradesh,1971,15.7,11.6,7.1,39.6,54.5,202.5,295.3,386.7,221.8,75.8,0.5,0.0,1311.1,27.3,101.3,1106.3,76.3,975.8649572649572,335.2350427350427,34.35260588458891
East Uttar Pradesh,1972,9.7,23.4,3.0,1.1,1.0,26.9,185.8,208.3,167.8,24.6,14.8,0.4,666.9,33.1,5.1,588.9,39.7,975.8649572649572,-308.9649572649572,-31.66062629514732
East Uttar Pradesh,1973,11.7,18.3,0.7,0.0,17.9,119.7,245.1,257.8,174.5,109.7,0.1,0.1,955.7,30.0,18.7,797.0,110.0,975.8649572649572,-20.16495726495714,-2.0663675967495725
East Uttar Pradesh,1974,0.5,3.2,4.9,0.2,7.0,53.3,375.6,257.4,126.6,38.2,1.5,13.7,882.2,3.7,12.1,813.0,53.4,975.8649572649572,-93.66495726495714,-9.598147424769774
East Uttar Pradesh,1975,13.5,7.6,13.1,0.8,8.0,234.9,405.9,312.5,188.9,40.3,0.0,0.0,1225.5,21.1,21.9,1142.2,40.3,975.8649572649572,249.63504273504282,25.580900397806204
East Uttar Pradesh,1976,6.1,3.5,0.2,5.7,23.4,61.4,254.0,309.3,254.8,4.8,0.3,0.1,923.5,9.5,29.4,879.5,5.2,975.8649572649572,-52.364957264957184,-5.366004473786998
East Uttar Pradesh,1977,10.3,3.7,0.1,9.8,30.9,57.9,397.2,193.5,128.5,66.4,0.7,15.1,914.1,14.1,40.8,777.1,82.2,975.8649572649572,-61.76495726495716,-6.32925250621407
East Uttar Pradesh,1978,27.9,27.2,31.6,9.6,6.5,187.1,327.2,262.6,219.1,12.2,1.6,3.9,1116.3,55.0,47.8,995.9,17.6,975.8649572649572,140.43504273504277,14.390827510461904
East Uttar Pradesh,1979,27.6,30.6,2.3,6.8,12.0,85.2,320.6,118.1,31.6,18.5,33.6,9.6,696.5,58.2,21.1,555.5,61.7,975.8649572649572,-279.3649572649572,-28.62741972495143
East Uttar Pradesh,1980,3.0,4.2,8.9,0.3,15.5,153.4,553.1,449.7,269.8,19.8,0.2,10.7,1488.5,7.1,24.7,1426.0,30.7,975.8649572649572,512.6350427350428,52.531350666776454
East Uttar Pradesh,1981,19.6,3.7,11.8,4.8,29.2,80.0,436.0,216.8,293.0,1.4,10.9,3.1,1110.1,23.3,45.8,1025.7,15.4,975.8649572649572,134.23504273504273,13.755493701839788
East Uttar Pradesh,1982,34.7,9.9,40.3,11.1,44.9,120.1,215.2,316.6,281.9,10.4,20.5,5.0,1110.6,44.6,96.3,933.8,35.9,975.8649572649572,134.73504273504273,13.806730299309313
East Uttar Pradesh,1983,20.0,1.6,0.7,24.9,45.9,104.2,271.0,242.5,364.2,110.4,0.0,19.6,1204.8,21.6,71.5,981.9,129.9,975.8649572649572,228.93504273504277,23.459705262567862
East Uttar Pradesh,1984,24.0,23.5,1.4,9.4,10.7,286.9,329.7,203.7,164.1,18.5,0.0,4.7,1076.7,47.5,21.6,984.4,23.3,975.8649572649572,100.83504273504286,10.33288899087552
East Uttar Pradesh,1985,20.8,0.0,0.5,2.2,10.4,69.7,351.8,215.7,333.3,158.3,0.0,13.2,1175.9,20.8,13.1,970.5,171.6,975.8649572649572,200.0350427350429,20.49822992882932
East Uttar Pradesh,1986,7.1,36.5,0.9,5.6,26.0,116.9,301.0,245.3,121.2,31.6,1.0,42.5,935.3,43.5,32.4,784.4,75.0,975.8649572649572,-40.56495726495723,-4.156820773506209
East Uttar Pradesh,1987,11.1,6.4,2.6,6.4,22.2,20.7,215.9,167.6,289.5,78.7,0.0,3.5,824.7,17.5,31.3,693.7,82.2,975.8649572649572,-151.16495726495714,-15.490356133765168
East Uttar Pradesh,1988,2.3,11.1,17.4,14.0,17.4,107.0,375.4,365.0,102.3,54.7,0.0,18.5,1085.1,13.4,48.8,949.7,73.2,975.8649572649572,109.23504273504273,11.193663828363528
East Uttar Pradesh,1989,14.5,4.3,9.3,0.0,7.3,138.4,370.7,194.7,207.4,7.9,1.8,13.6,969.9,18.8,16.6,911.3,23.2,975.8649572649572,-5.9649572649572065,-0.6112482286150644
East Uttar Pradesh,1990,0.0,42.6,9.5,1.8,42.3,135.7,488.8,212.2,153.9,12.0,0.0,7.4,1106.1,42.6,53.6,990.6,19.3,975.8649572649572,130.23504273504273,13.345600922083586
East Uttar Pradesh,1991,8.6,10.9,7.9,3.9,4.1,98.2,123.0,395.9,201.6,0.2,2.7,18.3,875.2,19.5,15.9,818.7,21.1,975.8649572649572,-100.66495726495714,-10.315459789343127
East Uttar Pradesh,1992,9.0,8.7,0.3,1.2,14.0,51.4,243.3,233.2,191.1,103.9,7.3,0.0,863.4,17.7,15.5,719.0,111.2,975.8649572649572,-112.4649572649572,-11.524643489623926
East Uttar Pradesh,1993,1.7,5.1,23.2,8.9,33.9,162.5,142.6,206.6,240.7,7.8,0.5,0.3,834.0,6.8,66.1,752.4,8.6,975.8649572649572,-141.86495726495718,-14.537355420832004
East Uttar Pradesh,1994,22.2,24.7,0.1,9.5,7.6,127.5,230.8,300.1,177.5,10.0,0.3,0.0,910.2,46.9,17.3,835.8,10.2,975.8649572649572,-65.66495726495714,-6.728897966476363
East Uttar Pradesh,1995,19.2,23.1,1.9,2.0,2.1,133.8,173.0,290.4,187.2,2.4,16.7,8.4,860.5,42.3,6.1,784.5,27.6,975.8649572649572,-115.36495726495718,-11.82181575494717
East Uttar Pradesh,1996,55.6,39.6,0.6,2.5,1.2,145.1,201.0,337.9,147.1,79.8,0.0,0.0,1010.3,95.2,4.3,831.0,79.8,975.8649572649572,34.43504273504277,3.5286688469225678
East Uttar Pradesh,1997,6.0,0.4,0.6,13.3,15.8,69.5,291.3,41.5,32.1,8.1,4.1,10.8,493.3,6.4,29.7,434.3,23.0,975.8649572649572,-482.5649572649572,-49.44997293656646
East Uttar Pradesh,1998,9.5,8.6,14.2,6.6,20.1,55.4,218.3,247.0,63.8,14.5,3.0,0.0,661.0,18.1,41.0,584.4,17.5,975.8649572649572,-314.8649572649572,-32.26521814528772
East Uttar Pradesh,1999,8.7,6.8,0.0,0.2,23.6,112.6,254.2,261.5,211.1,71.0,1.0,2.0,952.8,15.5,23.8,839.4,74.1,975.8649572649572,-23.06495726495723,-2.363539862072828
East Uttar Pradesh,2000,2.6,5.3,2.9,10.5,38.6,199.1,240.9,204.7,222.7,1.3,18.1,0.2,946.8,7.9,52.0,867.4,19.5,975.8649572649572,-29.06495726495723,-2.97837903170713
East Uttar Pradesh,2001,1.1,1.4,1.3,4.2,26.7,229.0,294.0,185.9,152.1,75.3,2.8,0.0,973.8,2.6,32.2,860.9,78.1,975.8649572649572,-2.064957264957229,-0.2116027683527704
East Uttar Pradesh,2002,15.0,26.1,0.6,2.5,29.2,50.6,101.7,212.1,226.7,20.6,1.4,2.7,689.1,41.1,32.2,591.1,24.7,975.8649572649572,-286.76495726495716,-29.385721367500402
East Uttar Pradesh,2003,13.8,36.9,2.6,8.8,2.0,124.9,255.2,301.4,333.8,7.6,0.0,9.3,1096.4,50.7,13.4,1015.3,16.9,975.8649572649572,120.53504273504291,12.351610931174816
East Uttar Pradesh,2004,22.8,1.8,0.0,8.7,25.8,161.0,219.5,147.6,126.5,33.0,0.1,0.1,746.9,24.6,34.5,654.6,33.2,975.8649572649572,-228.9649572649572,-23.462770700023295
East Uttar Pradesh,2005,14.0,14.0,10.3,0.9,8.0,57.5,290.3,227.3,119.7,25.2,0.0,2.9,770.3,28.0,19.2,694.8,28.2,975.8649572649572,-205.56495726495723,-21.064897938449516
East Uttar Pradesh,2006,0.0,0.0,10.7,7.8,27.1,107.4,269.1,146.7,51.5,9.1,1.2,1.5,632.1,0.0,45.6,574.8,11.8,975.8649572649572,-343.76495726495716,-35.22669347902627
East Uttar Pradesh,2007,0.1,46.6,25.8,3.2,28.3,64.5,265.2,180.4,111.5,14.6,0.0,1.1,741.2,46.7,57.2,621.6,15.7,975.8649572649572,-234.66495726495714,-24.046867911175873
East Uttar Pradesh,2008,3.1,2.4,0.2,3.0,16.1,223.7,341.6,239.6,112.7,10.3,0.6,0.0,953.4,5.5,19.3,917.6,10.9,975.8649572649572,-22.464957264957206,-2.3020559451093954
East Uttar Pradesh,2009,0.0,1.1,0.8,0.6,22.8,29.9,149.4,177.0,139.6,80.9,4.9,3.0,610.2,1.1,24.2,496.0,88.9,975.8649572649572,-365.66495726495714,-37.47085644819147
East Uttar Pradesh,2010,2.2,10.0,0.0,0.0,14.7,23.9,220.8,215.9,184.5,15.5,4.5,0.1,692.2,12.2,14.7,645.2,20.1,975.8649572649572,-283.66495726495714,-29.06805446318934
East Uttar Pradesh,2011,1.0,2.7,1.6,2.9,32.2,163.8,197.9,232.1,146.4,0.6,0.0,0.0,781.2,3.7,36.7,740.2,0.6,975.8649572649572,-194.66495726495714,-19.94794011361386
East Uttar Pradesh,2012,20.3,1.2,3.4,2.8,0.2,18.5,234.2,156.0,164.4,0.7,0.3,0.7,602.7,21.5,6.4,573.1,1.8,975.8649572649572,-373.16495726495714,-38.23940541023435
East Uttar Pradesh,2013,6.1,59.6,2.7,8.7,1.1,309.7,230.0,246.1,78.2,97.4,0.5,1.1,1041.4,65.8,12.6,864.0,99.0,975.8649572649572,65.53504273504291,6.715585209527047
East Uttar Pradesh,2014,47.4,25.8,15.4,1.7,10.7,47.8,224.5,138.1,106.7,74.7,0.0,8.4,701.2,73.3,27.7,517.1,83.1,975.8649572649572,-274.66495726495714,-28.145795708737886
East Uttar Pradesh,2015,30.0,4.1,48.2,23.2,8.6,95.3,179.0,175.8,21.9,11.8,0.5,4.9,603.3,34.1,80.0,472.0,17.2,975.8649572649572,-372.56495726495723,-38.17792149327093
East Uttar Pradesh,2016,5.3,1.3,9.5,0.0,39.3,77.1,338.1,224.4,150.7,25.9,0.0,0.0,871.7,6.6,48.8,790.3,25.9,975.8649572649572,-104.16495726495714,-10.674115971629803
East Uttar Pradesh,2017,9.7,0.1,4.3,2.0,25.8,50.8,328.9,185.1,85.2,3.0,0.0,0.0,695.0,9.8,32.2,650.0,3.0,975.8649572649572,-280.8649572649572,-28.781129517360004
West Uttar Pradesh,1901,51.4,25.6,9.5,0.7,5.6,23.8,201.9,374.3,67.7,7.6,0.0,7.9,775.9,76.9,15.8,667.7,15.4,823.8991452991453,-47.99914529914531,-5.8258520564088645
West Uttar Pradesh,1902,4.6,4.6,0.6,4.8,7.2,54.5,325.9,180.6,143.1,9.6,0.9,0.2,736.6,9.2,12.7,704.1,10.6,823.8991452991453,-87.29914529914527,-10.595853363514324
West Uttar Pradesh,1903,13.4,0.4,1.2,0.0,8.2,32.7,145.4,279.1,150.4,177.3,0.0,0.4,808.4,13.7,9.4,607.6,177.6,823.8991452991453,-15.499145299145312,-1.8811944869196104
West Uttar Pradesh,1904,6.3,2.0,29.7,0.4,24.8,68.5,358.8,311.1,97.1,2.7,15.7,28.2,945.2,8.2,54.9,835.5,46.6,823.8991452991453,121.30085470085476,14.722779528653627
West Uttar Pradesh,1905,32.3,26.6,14.8,3.6,7.1,18.9,139.8,95.0,92.2,0.2,0.0,2.9,433.5,59.0,25.5,345.9,3.1,823.8991452991453,-390.3991452991453,-47.38433672696642
West Uttar Pradesh,1906,3.3,63.2,21.5,0.2,3.4,206.5,240.5,172.6,260.6,1.1,0.0,5.7,978.7,66.5,25.2,880.2,6.8,823.8991452991453,154.80085470085476,18.78881117720409
West Uttar Pradesh,1907,13.8,64.8,17.6,27.2,9.6,15.8,176.5,263.9,0.5,0.0,0.0,0.0,589.5,78.6,54.4,456.6,0.0,823.8991452991453,-234.3991452991453,-28.449980393417995
West Uttar Pradesh,1908,22.4,11.4,1.7,1.9,12.0,44.4,325.2,409.1,35.8,0.2,0.7,1.3,866.3,33.9,15.7,814.6,2.2,823.8991452991453,42.400854700854666,5.146364690724319
West Uttar Pradesh,1909,16.7,6.1,0.1,69.0,2.8,163.3,350.6,155.1,106.8,1.1,0.0,31.4,903.0,22.8,71.9,775.8,32.5,823.8991452991453,79.10085470085471,9.600793392270651
West Uttar Pradesh,1910,11.1,2.5,0.0,1.4,13.5,88.0,120.3,274.5,205.4,149.5,9.1,0.4,875.9,13.6,15.0,688.3,159.0,823.8991452991453,52.00085470085469,6.311555849711917
West Uttar Pradesh,1911,63.8,0.5,31.6,0.8,0.3,58.8,57.4,135.6,346.2,17.2,38.9,0.6,751.6,64.3,32.6,598.0,56.7,823.8991452991453,-72.29914529914527,-8.775242177596208
West Uttar Pradesh,1912,24.5,6.0,8.5,4.1,5.0,27.5,238.1,224.8,254.8,0.1,9.5,1.4,804.5,30.5,17.7,745.2,11.0,823.8991452991453,-19.39914529914529,-2.3545533952583177
West Uttar Pradesh,1913,0.2,37.4,27.0,1.8,52.0,124.2,123.7,101.2,19.7,0.9,0.7,6.4,495.3,37.6,80.8,368.9,8.0,823.8991452991453,-328.5991452991453,-39.88341864098377
West Uttar Pradesh,1914,0.1,8.5,21.8,17.9,30.5,48.3,335.2,195.6,212.8,11.3,5.5,0.0,887.5,8.5,70.2,791.9,16.9,823.8991452991453,63.60085470085471,7.71949516682193
West Uttar Pradesh,1915,20.2,60.7,50.3,7.4,11.9,58.5,196.0,241.3,136.0,18.4,0.0,1.8,802.5,80.9,69.6,631.7,20.2,823.8991452991453,-21.39914529914529,-2.5973015533807335
West Uttar Pradesh,1916,0.1,17.9,0.0,2.5,10.4,139.9,299.7,356.9,230.5,48.9,7.4,0.0,1114.2,18.0,13.0,1027.0,56.3,823.8991452991453,290.30085470085476,35.23499888999775
West Uttar Pradesh,1917,9.7,25.6,11.7,16.8,48.5,101.8,298.1,235.5,288.9,80.1,0.0,3.5,1120.2,35.3,77.0,924.3,83.6,823.8991452991453,296.30085470085476,35.96324336436499
West Uttar Pradesh,1918,7.2,0.7,10.9,4.9,5.5,83.6,72.9,161.0,20.3,0.2,4.1,0.6,371.9,7.9,21.4,337.8,4.8,823.8991452991453,-451.9991452991453,-54.860979997136816
West Uttar Pradesh,1919,68.6,4.4,3.3,5.8,14.2,19.5,311.4,381.6,129.6,12.1,3.7,14.7,969.1,73.0,23.4,842.1,30.5,823.8991452991453,145.20085470085473,17.623620018216492
West Uttar Pradesh,1920,5.2,9.3,9.7,0.4,19.6,128.1,332.4,88.2,28.1,1.8,0.0,0.0,622.8,14.5,29.7,576.8,1.8,823.8991452991453,-201.09914529914533,-24.408223560679783
West Uttar Pradesh,1921,50.0,0.7,1.1,3.4,0.5,141.8,164.5,384.6,232.7,12.6,0.0,0.3,992.3,50.7,5.1,923.7,12.9,823.8991452991453,168.40085470085467,20.4394986524365
West Uttar Pradesh,1922,36.8,4.1,0.0,1.6,2.6,77.6,326.3,336.9,190.7,2.9,0.9,20.4,1000.8,40.9,4.1,931.6,24.2,823.8991452991453,176.90085470085467,21.47117832445677
West Uttar Pradesh,1923,4.9,39.7,0.3,0.0,7.4,8.1,209.8,350.4,204.1,39.7,1.4,36.4,902.3,44.6,7.8,772.4,77.5,823.8991452991453,78.40085470085467,9.5158315369278
West Uttar Pradesh,1924,29.1,20.3,2.2,0.2,7.7,17.8,308.8,256.6,354.7,41.7,1.6,23.4,1064.1,49.4,10.2,938.0,66.6,823.8991452991453,240.20085470085462,29.154157529031217
West Uttar Pradesh,1925,4.2,0.2,0.1,5.5,12.5,207.5,403.3,227.0,58.5,5.3,19.8,0.0,943.8,4.4,18.1,896.3,25.1,823.8991452991453,119.90085470085467,14.552855817967924
West Uttar Pradesh,1926,13.0,8.2,53.7,14.6,24.9,15.9,282.3,312.4,168.2,22.2,1.3,0.4,917.0,21.1,93.2,778.8,23.8,823.8991452991453,93.10085470085471,11.30003049912756
West Uttar Pradesh,1927,0.0,23.0,19.2,4.4,19.1,73.4,252.6,316.0,66.7,104.4,42.0,13.4,934.2,23.0,42.7,708.6,159.9,823.8991452991453,110.30085470085476,13.38766465898034
West Uttar Pradesh,1928,28.6,89.9,1.9,7.8,8.6,55.9,262.4,85.1,33.7,43.2,8.6,18.9,644.6,118.5,18.4,437.1,70.7,823.8991452991453,-179.29914529914527,-21.762268637145443
West Uttar Pradesh,1929,26.3,2.5,1.9,5.7,1.5,83.0,210.7,234.7,32.7,18.4,0.8,32.2,650.1,28.7,9.1,561.0,51.3,823.8991452991453,-173.79914529914527,-21.0947112023088
West Uttar Pradesh,1930,23.8,18.3,0.6,2.6,4.3,64.0,369.6,219.7,50.4,30.9,0.2,4.0,788.1,42.1,7.4,703.6,35.1,823.8991452991453,-35.799145299145266,-4.345088291862123
West Uttar Pradesh,1931,0.5,25.9,6.3,0.4,6.3,16.2,217.0,224.3,349.5,84.0,0.2,0.2,930.8,26.4,12.9,807.0,84.4,823.8991452991453,106.90085470085467,12.974992790172223
West Uttar Pradesh,1932,0.0,4.2,13.0,4.2,2.9,24.3,175.3,178.7,286.7,0.1,8.6,7.9,706.0,4.2,20.1,665.1,16.6,823.8991452991453,-117.89914529914529,-14.309900182787288
West Uttar Pradesh,1933,5.5,14.7,6.0,19.6,33.3,239.0,205.5,224.0,199.6,85.9,1.0,1.4,1035.3,20.2,58.9,868.0,88.3,823.8991452991453,211.40085470085467,25.658584052068438
West Uttar Pradesh,1934,28.1,1.8,27.7,1.0,0.9,120.7,217.2,343.3,144.1,1.0,0.8,11.1,897.7,29.9,29.6,825.3,12.9,823.8991452991453,73.80085470085476,8.957510773246256
West Uttar Pradesh,1935,28.4,22.0,2.8,15.9,0.2,16.8,321.4,170.9,174.6,2.3,2.9,26.5,784.6,50.3,19.0,683.7,31.7,823.8991452991453,-39.299145299145266,-4.769897568576351
West Uttar Pradesh,1936,3.5,16.9,11.9,2.5,17.5,291.2,353.9,284.1,194.1,1.5,12.9,28.6,1218.4,20.3,31.9,1123.3,42.9,823.8991452991453,394.5008547008548,47.88217792817561
West Uttar Pradesh,1937,0.3,64.6,1.8,11.5,10.5,66.1,211.8,164.8,131.7,2.2,0.9,10.7,676.7,64.9,23.7,574.3,13.8,823.8991452991453,-147.19914529914524,-17.86616069928067
West Uttar Pradesh,1938,39.2,5.9,0.1,1.1,7.9,158.8,273.6,182.2,42.6,18.5,0.5,0.0,730.4,45.1,9.1,657.2,19.0,823.8991452991453,-93.49914529914531,-11.34837265369382
West Uttar Pradesh,1939,8.0,21.2,6.3,0.6,2.9,130.2,235.5,101.7,211.5,3.2,0.0,0.0,721.1,29.2,9.8,678.9,3.2,823.8991452991453,-102.79914529914527,-12.477151588963046
West Uttar Pradesh,1940,21.1,39.3,19.1,5.8,5.7,40.4,232.4,348.7,53.9,1.5,0.2,15.8,783.9,60.4,30.6,675.5,17.4,823.8991452991453,-39.99914529914531,-4.854859423919201
West Uttar Pradesh,1941,35.6,8.3,1.6,0.0,16.0,87.6,56.2,221.6,83.0,4.4,0.0,2.0,516.4,43.9,17.6,448.4,6.5,823.8991452991453,-307.4991452991453,-37.32242557279229
West Uttar Pradesh,1942,33.2,54.3,1.3,5.9,5.4,98.0,362.4,320.1,193.9,0.0,0.0,13.7,1088.2,87.5,12.6,974.4,13.7,823.8991452991453,264.30085470085476,32.07927283440634
West Uttar Pradesh,1943,25.8,0.5,2.8,13.9,11.2,75.7,186.6,379.5,149.8,4.5,0.0,0.1,850.4,26.2,27.9,791.7,4.6,823.8991452991453,26.50085470085469,3.2165168336511174
West Uttar Pradesh,1944,32.3,43.2,44.4,25.1,0.4,76.5,255.4,183.2,87.1,21.0,0.6,1.2,770.3,75.6,69.9,602.2,22.7,823.8991452991453,-53.599145299145334,-6.50554689915163
West Uttar Pradesh,1945,35.5,0.0,0.5,4.6,4.4,31.0,309.5,260.0,278.8,41.6,0.0,0.1,966.0,35.5,9.5,879.4,41.7,823.8991452991453,142.1008547008547,17.247360373126742
West Uttar Pradesh,1946,0.1,19.3,0.7,11.9,20.4,92.2,378.2,277.6,40.0,31.5,18.2,6.7,896.6,19.4,33.0,787.9,56.4,823.8991452991453,72.70085470085473,8.823999286278923
West Uttar Pradesh,1947,18.1,12.2,11.0,0.2,2.9,47.4,237.3,197.8,263.6,11.1,0.0,7.4,809.2,30.4,14.1,746.1,18.5,823.8991452991453,-14.699145299145243,-1.784095223670636
West Uttar Pradesh,1948,37.2,18.8,11.9,0.3,5.3,9.2,310.3,422.8,179.7,22.5,9.6,0.5,1028.1,56.0,17.4,922.0,32.7,823.8991452991453,204.20085470085462,24.784690682827737
West Uttar Pradesh,1949,0.6,38.3,3.4,3.2,10.7,14.5,339.0,267.7,207.8,21.3,0.0,0.1,906.7,38.9,17.4,829.0,21.4,823.8991452991453,82.80085470085476,10.049877484797126
West Uttar Pradesh,1950,21.1,5.8,21.2,0.7,7.1,47.7,265.9,311.2,138.4,0.2,0.0,14.8,834.0,26.8,28.9,763.3,15.0,823.8991452991453,10.100854700854711,1.2259819370473122
West Uttar Pradesh,1951,16.4,8.2,34.9,6.6,11.5,31.7,141.0,253.4,199.9,6.5,18.7,0.0,728.9,24.6,53.1,626.0,25.2,823.8991452991453,-94.99914529914531,-11.530433772285631
West Uttar Pradesh,1952,6.6,20.0,23.4,2.6,8.1,190.8,198.8,379.1,36.2,2.3,0.1,7.3,875.3,26.5,34.2,804.8,9.7,823.8991452991453,51.400854700854666,6.238731402275189
West Uttar Pradesh,1953,36.9,0.5,0.0,5.9,7.4,64.6,366.8,192.8,85.1,1.1,0.0,0.5,761.8,37.5,13.3,709.4,1.7,823.8991452991453,-62.099145299145334,-7.537226571171897
West Uttar Pradesh,1954,34.9,67.6,11.0,0.1,0.7,40.8,232.5,222.7,169.0,99.9,0.0,0.0,879.3,102.5,11.8,665.0,99.9,823.8991452991453,55.400854700854666,6.72422771852002
West Uttar Pradesh,1955,44.8,5.7,2.4,3.3,2.1,98.1,199.4,295.2,216.2,193.7,0.0,0.0,1060.9,50.5,7.7,808.9,193.7,823.8991452991453,237.0008547008548,28.765760476035375
West Uttar Pradesh,1956,23.1,4.3,22.2,0.4,12.4,67.2,334.7,289.8,96.8,206.5,4.5,2.6,1064.4,27.4,35.0,788.5,213.6,823.8991452991453,240.5008547008548,29.1905697527496
West Uttar Pradesh,1957,59.7,0.3,29.1,5.4,2.4,42.3,282.3,271.1,278.9,18.2,3.2,12.3,1005.2,60.0,36.8,874.6,33.8,823.8991452991453,181.30085470085476,22.005224272326092
West Uttar Pradesh,1958,7.7,2.8,3.5,5.5,0.7,42.1,397.1,327.3,246.7,122.4,0.2,9.4,1165.3,10.5,9.6,1013.2,132.0,823.8991452991453,341.40085470085467,41.437214330025455
West Uttar Pradesh,1959,46.3,3.9,5.7,1.3,34.1,18.9,203.5,281.1,106.8,50.2,16.5,0.0,768.3,50.2,41.1,610.3,66.6,823.8991452991453,-55.599145299145334,-6.7482950572740465
West Uttar Pradesh,1960,11.6,0.0,33.9,2.3,5.8,64.9,334.9,391.9,94.7,187.7,0.0,1.9,1129.8,11.7,42.1,886.4,189.7,823.8991452991453,305.90085470085467,37.128434523352574
West Uttar Pradesh,1961,44.5,33.1,0.1,2.1,7.6,73.4,302.5,467.5,113.5,141.4,1.9,10.5,1198.3,77.7,9.8,956.9,153.9,823.8991452991453,374.40085470085467,45.44255893904531
West Uttar Pradesh,1962,34.0,18.6,15.1,0.8,2.2,45.9,221.2,238.0,214.6,0.1,1.6,6.1,798.2,52.6,18.1,719.7,7.8,823.8991452991453,-25.699145299145243,-3.1192100933439217
West Uttar Pradesh,1963,13.6,5.0,5.2,3.5,9.7,70.9,165.4,361.4,279.5,0.3,10.9,4.3,929.7,18.5,18.4,877.2,15.6,823.8991452991453,105.80085470085476,12.841481303204905
West Uttar Pradesh,1964,2.3,0.8,1.9,0.6,20.2,38.8,416.3,246.7,261.0,1.6,0.2,11.6,1002.0,3.1,22.6,962.9,13.4,823.8991452991453,178.1008547008547,21.616827219330222
West Uttar Pradesh,1965,8.0,10.4,10.6,21.1,10.6,3.7,215.4,219.4,148.4,25.3,0.0,0.7,673.5,18.4,42.2,586.9,26.0,823.8991452991453,-150.3991452991453,-18.25455775227654
West Uttar Pradesh,1966,6.0,13.0,0.8,0.2,20.5,143.3,146.5,356.5,49.3,9.3,7.8,2.9,756.0,19.0,21.5,695.6,19.9,823.8991452991453,-67.89914529914529,-8.241196229726896
West Uttar Pradesh,1967,0.5,0.1,34.4,1.3,3.8,51.8,263.6,509.6,223.5,4.8,2.1,61.6,1157.2,0.6,39.4,1048.6,68.5,823.8991452991453,333.30085470085476,40.454084289629684
West Uttar Pradesh,1968,21.8,8.4,10.0,0.3,0.1,46.4,319.3,205.0,64.7,15.6,0.0,1.5,693.3,30.2,10.4,635.5,17.2,823.8991452991453,-130.59914529914533,-15.851350986864631
West Uttar Pradesh,1969,5.8,3.0,10.0,4.8,16.6,17.1,311.4,262.4,231.2,0.4,15.4,0.0,878.1,8.8,31.4,822.2,15.8,823.8991452991453,54.200854700854734,6.578578823646579
West Uttar Pradesh,1970,37.8,44.6,9.3,0.1,15.5,129.0,133.6,316.3,160.8,16.9,0.0,0.0,863.8,82.3,24.8,739.7,16.9,823.8991452991453,39.900854700854666,4.8429294930713
West Uttar Pradesh,1971,10.9,12.5,2.9,11.5,44.7,139.1,284.6,280.5,125.7,84.3,6.2,0.0,1003.1,23.4,59.2,830.0,90.6,823.8991452991453,179.20085470085473,21.750338706297555
West Uttar Pradesh,1972,4.0,26.3,4.5,3.1,0.4,31.9,165.9,211.5,119.0,7.5,9.4,1.6,585.1,30.3,8.0,528.3,18.5,823.8991452991453,-238.79914529914527,-28.98402634128731
West Uttar Pradesh,1973,7.5,12.7,2.6,0.0,7.9,79.9,263.5,292.0,87.1,51.0,0.1,1.7,805.9,20.2,10.5,722.4,52.8,823.8991452991453,-17.99914529914531,-2.18462968457263
West Uttar Pradesh,1974,0.2,0.7,0.8,0.1,7.9,25.8,356.6,191.5,27.6,39.1,0.0,18.6,668.9,0.9,8.7,601.5,57.7,823.8991452991453,-154.9991452991453,-18.8128785159581
West Uttar Pradesh,1975,13.4,7.8,7.0,0.8,2.5,159.7,273.1,245.6,256.9,22.6,0.0,0.0,989.5,21.2,10.3,935.3,22.6,823.8991452991453,165.6008547008547,20.099651231065128
West Uttar Pradesh,1976,1.5,11.9,2.9,2.3,11.0,69.8,228.8,246.1,75.2,2.6,0.6,0.3,653.2,13.4,16.2,620.0,3.6,823.8991452991453,-170.69914529914524,-20.718451557219055
West Uttar Pradesh,1977,15.9,2.8,0.2,20.0,22.7,78.5,440.6,192.3,176.1,27.8,0.3,17.2,994.3,18.7,42.8,887.5,45.3,823.8991452991453,170.40085470085467,20.68224681055892
West Uttar Pradesh,1978,6.0,31.7,57.1,8.3,0.7,206.2,279.7,397.0,244.9,3.5,2.7,6.2,1244.2,37.7,66.1,1127.9,12.5,823.8991452991453,420.30085470085476,51.01362916795477
West Uttar Pradesh,1979,45.1,48.6,10.6,2.3,29.9,56.7,240.8,69.7,26.6,1.7,18.6,7.4,558.0,93.7,42.8,393.7,27.8,823.8991452991453,-265.8991452991453,-32.27326388384604
West Uttar Pradesh,1980,4.5,4.8,19.3,0.4,2.2,104.7,349.4,364.4,99.3,16.1,1.4,18.1,984.7,9.2,21.9,917.9,35.6,823.8991452991453,160.80085470085476,19.517055651571336
West Uttar Pradesh,1981,19.0,5.2,13.4,1.3,22.7,102.2,314.5,131.4,101.9,3.1,20.6,4.2,739.6,24.3,37.5,650.0,27.9,823.8991452991453,-84.29914529914527,-10.231731126330702
West Uttar Pradesh,1982,30.5,8.3,61.8,23.8,40.5,53.1,231.1,403.4,81.8,8.7,14.4,11.6,969.1,38.8,126.2,769.4,34.7,823.8991452991453,145.20085470085473,17.623620018216492
West Uttar Pradesh,1983,28.1,5.4,5.5,59.8,33.7,89.7,306.7,385.5,212.6,50.7,0.0,14.0,1191.7,33.5,99.0,994.4,64.7,823.8991452991453,367.80085470085476,44.64149001724135
West Uttar Pradesh,1984,24.7,27.5,0.6,7.4,0.3,134.5,200.2,268.3,116.6,0.4,0.0,0.7,781.3,52.2,8.3,719.6,1.1,823.8991452991453,-42.599145299145334,-5.170432029478345
West Uttar Pradesh,1985,7.5,0.0,1.7,6.9,6.1,44.3,305.5,221.8,204.4,143.8,0.0,15.2,957.2,7.5,14.7,776.0,159.0,823.8991452991453,133.30085470085476,16.17926847738812
West Uttar Pradesh,1986,14.8,46.5,5.7,3.9,29.8,95.3,202.6,181.0,105.5,15.1,2.1,13.0,715.2,61.3,39.5,584.3,30.1,823.8991452991453,-108.69914529914524,-13.19325865542417
West Uttar Pradesh,1987,15.2,13.1,2.7,1.8,39.8,34.6,105.0,124.2,92.4,30.8,0.0,7.3,466.8,28.4,44.2,356.1,38.1,823.8991452991453,-357.0991452991453,-43.342579894228194
West Uttar Pradesh,1988,3.5,11.4,26.6,8.0,6.1,85.6,318.0,412.7,139.6,14.9,0.0,9.1,1035.6,14.9,40.7,956.0,24.0,823.8991452991453,211.70085470085462,25.694996275786796
West Uttar Pradesh,1989,24.6,1.1,15.4,0.0,1.6,88.5,132.1,222.0,153.6,0.4,4.1,14.0,657.3,25.7,17.0,596.1,18.4,823.8991452991453,-166.59914529914533,-20.220817833068114
West Uttar Pradesh,1990,0.0,67.5,9.2,0.7,29.8,45.9,334.2,195.9,250.4,3.7,3.5,17.4,958.0,67.5,39.7,826.4,24.5,823.8991452991453,134.1008547008547,16.27636774063708
West Uttar Pradesh,1991,2.9,18.9,7.5,2.9,2.7,44.8,108.6,406.2,124.7,0.0,7.9,21.7,748.7,21.8,13.1,684.3,29.6,823.8991452991453,-75.19914529914524,-9.127227006873708
West Uttar Pradesh,1992,14.2,9.7,4.0,0.3,7.9,25.9,196.9,306.1,179.4,67.4,8.9,0.0,820.6,23.9,12.1,708.3,76.3,823.8991452991453,-3.299145299145266,-0.40043072237286964
West Uttar Pradesh,1993,3.7,13.5,21.2,1.0,15.2,82.0,156.6,136.9,326.8,15.1,0.1,0.0,771.9,17.1,37.4,702.2,15.1,823.8991452991453,-51.99914529914531,-6.311348372653695
West Uttar Pradesh,1994,24.0,17.3,0.0,12.4,6.5,72.5,364.3,290.2,19.7,0.0,0.0,0.1,806.8,41.2,18.9,746.6,0.2,823.8991452991453,-17.099145299145334,-2.075393013417546
West Uttar Pradesh,1995,30.1,11.2,7.9,3.7,0.0,72.2,188.3,389.2,122.1,0.1,0.2,1.9,826.8,41.3,11.6,771.7,2.2,823.8991452991453,2.9008547008546657,0.3520885678066105
West Uttar Pradesh,1996,24.8,55.8,2.7,0.4,3.7,86.1,210.3,350.4,170.7,36.2,0.0,0.0,941.2,80.6,6.9,817.5,36.2,823.8991452991453,117.30085470085476,14.237283212408794
West Uttar Pradesh,1997,3.8,0.7,2.4,19.2,22.8,79.9,235.7,34.6,24.0,7.5,3.2,11.4,445.2,4.5,44.3,374.2,22.1,823.8991452991453,-378.6991452991453,-45.96426000195029
West Uttar Pradesh,1998,3.3,8.1,23.5,9.0,10.4,71.4,273.4,343.7,84.2,39.6,0.7,0.0,867.2,11.4,42.9,772.7,40.2,823.8991452991453,43.30085470085476,5.255601361879417
West Uttar Pradesh,1999,19.3,1.1,0.0,0.0,8.3,66.3,215.1,180.5,261.6,33.4,0.1,0.7,786.4,20.5,8.3,723.5,34.2,823.8991452991453,-37.49914529914531,-4.551424226266182
West Uttar Pradesh,2000,8.8,22.9,1.7,2.1,23.6,143.0,251.2,238.9,79.1,0.0,0.0,0.0,771.4,31.7,27.4,712.2,0.1,823.8991452991453,-52.49914529914531,-6.372035412184299
West Uttar Pradesh,2001,2.5,2.3,2.6,12.0,29.6,164.4,282.0,122.1,26.7,16.3,1.1,0.1,661.7,4.8,44.2,595.2,17.6,823.8991452991453,-162.19914529914524,-19.686771885198787
West Uttar Pradesh,2002,16.8,37.6,2.0,0.7,21.5,29.0,29.6,252.3,218.1,6.7,0.4,10.5,625.2,54.5,24.2,529.0,17.6,823.8991452991453,-198.69914529914524,-24.116925770932873
West Uttar Pradesh,2003,18.6,40.4,2.5,4.4,5.9,74.1,315.6,214.2,356.6,0.7,0.8,13.6,1047.5,59.0,12.9,960.5,15.1,823.8991452991453,223.6008547008547,27.139347816615178
West Uttar Pradesh,2004,20.6,0.7,0.0,20.0,21.7,59.3,124.2,250.5,84.0,60.5,0.7,0.2,642.3,21.3,41.7,517.9,61.4,823.8991452991453,-181.59914529914533,-22.041429018986232
West Uttar Pradesh,2005,10.1,17.9,22.6,1.2,6.9,67.1,298.2,96.0,202.5,2.5,0.0,0.6,725.7,28.0,30.7,663.9,3.1,823.8991452991453,-98.19914529914524,-11.918830825281487
West Uttar Pradesh,2006,0.5,0.0,20.2,4.0,34.1,66.6,241.6,78.1,65.7,16.7,0.7,1.0,529.3,0.5,58.3,452.0,18.4,823.8991452991453,-294.59914529914533,-35.756699952902714
West Uttar Pradesh,2007,0.4,66.9,37.4,0.9,11.0,88.4,155.1,152.2,57.0,1.8,0.0,1.4,572.5,67.3,49.3,452.7,3.2,823.8991452991453,-251.3991452991453,-30.513339737458526
West Uttar Pradesh,2008,0.9,0.2,0.0,4.0,24.8,193.8,258.5,217.4,90.9,5.1,4.0,0.0,799.8,1.2,28.8,760.7,9.1,823.8991452991453,-24.099145299145334,-2.9250115668460004
West Uttar Pradesh,2009,1.3,3.9,1.2,8.7,12.8,17.1,118.3,184.5,125.4,59.3,13.9,2.8,549.2,5.2,22.7,445.3,76.0,823.8991452991453,-274.69914529914524,-33.34135577958467
West Uttar Pradesh,2010,3.2,13.7,0.2,0.4,9.3,12.5,282.0,213.8,263.9,4.7,12.8,4.1,820.7,16.8,10.0,772.3,21.6,823.8991452991453,-3.1991452991452434,-0.3882933144667461
West Uttar Pradesh,2011,2.1,10.4,3.9,2.8,29.6,175.9,215.9,232.3,101.7,0.7,0.5,1.5,777.4,12.5,36.3,725.9,2.7,823.8991452991453,-46.49914529914531,-5.6437909378170525
West Uttar Pradesh,2012,14.5,0.1,1.4,4.7,0.3,4.0,145.1,149.1,67.8,0.5,0.1,2.0,389.6,14.5,6.4,366.0,2.7,823.8991452991453,-434.29914529914527,-52.712658797753434
West Uttar Pradesh,2013,20.4,69.5,3.5,1.6,2.1,190.6,233.9,287.1,52.2,61.2,1.7,8.9,932.8,89.9,7.2,763.8,71.8,823.8991452991453,108.90085470085467,13.217740948294637
West Uttar Pradesh,2014,48.3,29.4,22.6,5.3,11.0,22.0,151.6,81.0,84.7,14.6,0.0,16.3,486.9,77.7,39.0,339.4,30.8,823.8991452991453,-336.9991452991453,-40.90296090509792
West Uttar Pradesh,2015,31.6,7.2,66.8,21.0,8.1,72.0,194.2,143.5,26.5,6.9,2.0,3.0,582.7,38.8,95.9,436.1,11.9,823.8991452991453,-241.19914529914524,-29.275324131034203
West Uttar Pradesh,2016,2.1,2.0,10.4,0.5,28.3,60.0,352.5,182.9,44.7,9.6,0.0,0.0,692.8,4.0,39.2,640.1,9.6,823.8991452991453,-131.09914529914533,-15.912038026395237
West Uttar Pradesh,2017,22.0,1.1,8.5,1.4,13.5,85.1,181.0,129.8,140.7,0.6,0.0,1.6,585.2,23.1,23.4,536.5,2.2,823.8991452991453,-238.69914529914524,-28.971888933381184
Uttarakhand,1901,134.5,81.4,44.5,5.9,60.8,33.6,381.1,612.3,167.1,16.3,0.0,24.9,1562.5,215.9,111.3,1194.1,41.3,1464.4418803418805,98.0581196581195,6.695937952500197
Uttarakhand,1902,0.0,17.0,52.2,63.7,52.1,113.1,444.1,327.5,220.4,31.9,2.1,0.0,1324.2,17.1,168.1,1105.1,34.0,1464.4418803418805,-140.24188034188046,-9.576472936511509
Uttarakhand,1903,68.0,7.9,87.6,10.3,37.5,83.0,251.6,442.7,249.3,57.5,0.0,11.3,1306.5,75.9,135.4,1026.5,68.7,1464.4418803418805,-157.9418803418805,-10.785124521637437
Uttarakhand,1904,40.0,5.2,78.3,13.6,61.1,180.1,449.6,417.2,174.1,6.3,35.6,31.0,1492.0,45.2,153.0,1221.0,72.9,1464.4418803418805,27.558119658119494,1.8818172320833877
Uttarakhand,1905,115.4,80.7,99.8,26.1,70.3,111.5,299.9,349.5,129.5,0.0,1.0,18.5,1302.1,196.0,196.2,890.4,19.5,1464.4418803418805,-162.3418803418806,-11.085580282911682
Uttarakhand,1906,26.1,162.0,36.8,10.1,44.6,195.6,363.9,440.9,232.2,11.6,0.4,13.8,1537.9,188.1,91.5,1232.6,25.8,1464.4418803418805,73.45811965811959,5.01611710537604
Uttarakhand,1907,49.4,131.6,144.4,41.7,57.6,74.8,342.3,323.8,28.2,0.4,0.0,0.1,1194.4,181.0,243.7,769.1,0.5,1464.4418803418805,-270.0418803418804,-18.439917894101605
Uttarakhand,1908,49.4,74.6,6.3,31.8,46.3,144.9,411.4,423.5,56.2,2.5,2.6,6.6,1256.2,124.0,84.4,1036.1,11.7,1464.4418803418805,-208.24188034188046,-14.219880156204317
Uttarakhand,1909,75.8,43.1,8.7,64.6,16.5,306.5,565.8,464.2,94.4,8.0,0.7,69.5,1717.7,118.9,89.8,1430.8,78.2,1464.4418803418805,253.25811965811954,17.29383207744614
Uttarakhand,1910,34.6,38.8,12.1,21.4,59.3,231.0,505.6,526.8,253.9,264.6,8.4,7.4,1963.9,73.3,92.8,1517.3,280.5,1464.4418803418805,499.4581196581196,34.105697628745695
Uttarakhand,1911,211.4,4.2,190.3,20.4,19.5,204.1,149.3,381.9,266.4,19.7,75.7,0.0,1542.9,215.5,230.2,1001.7,95.4,1464.4418803418805,78.45811965811959,5.357544106824041
Uttarakhand,1912,79.0,31.1,44.5,27.8,51.4,103.1,333.5,423.2,259.3,2.2,26.9,12.3,1394.5,110.2,123.7,1119.2,41.5,1464.4418803418805,-69.9418803418805,-4.776009296152624
Uttarakhand,1913,11.4,91.8,70.3,24.4,98.3,289.1,261.8,188.7,49.5,12.1,7.3,32.9,1137.6,103.2,193.0,789.1,52.3,1464.4418803418805,-326.8418803418806,-22.3185286305509
Uttarakhand,1914,0.9,119.9,115.7,50.2,82.3,141.3,563.3,377.8,439.6,27.1,22.3,0.5,1940.9,120.8,248.2,1522.0,49.9,1464.4418803418805,476.4581196581196,32.53513342208489
Uttarakhand,1915,32.4,126.3,101.0,40.6,57.2,129.8,370.2,539.9,178.3,12.9,0.0,12.6,1601.3,158.7,198.9,1218.2,25.6,1464.4418803418805,136.85811965811945,9.34541148373668
Uttarakhand,1916,3.9,35.6,1.9,20.6,49.0,373.8,432.3,397.7,280.1,83.8,0.0,0.0,1678.8,39.6,71.4,1483.9,83.8,1464.4418803418805,214.35811965811945,14.637530006180688
Uttarakhand,1917,7.6,55.4,64.9,80.1,118.2,298.1,561.2,372.7,405.7,115.8,0.0,23.3,2102.9,63.0,263.2,1637.6,139.1,1464.4418803418805,638.4581196581196,43.59736826900011
Uttarakhand,1918,17.2,0.0,73.9,85.6,46.5,237.6,225.8,397.2,101.0,4.0,18.4,8.2,1215.2,17.2,205.9,961.5,30.6,1464.4418803418805,-249.24188034188046,-17.019581568077925
Uttarakhand,1919,158.9,46.7,44.1,40.2,51.0,278.4,372.5,295.9,242.6,14.2,9.7,29.1,1583.1,205.6,135.2,1189.4,52.9,1464.4418803418805,118.6581196581194,8.102617198465953
Uttarakhand,1920,6.1,52.7,100.7,10.0,65.3,221.7,472.5,307.1,76.9,12.9,0.0,2.6,1328.4,58.8,176.0,1078.1,15.4,1464.4418803418805,-136.04188034188041,-9.289674255295187
Uttarakhand,1921,101.0,5.6,12.5,19.7,3.6,364.1,329.3,652.8,299.5,55.8,0.2,4.7,1848.7,106.6,35.8,1645.7,60.6,1464.4418803418805,384.25811965811954,26.239219515383756
Uttarakhand,1922,86.4,34.4,11.7,21.0,12.1,125.1,507.1,685.2,320.9,3.8,1.3,51.1,1860.0,120.8,44.8,1638.3,56.2,1464.4418803418805,395.5581196581195,27.010844538656237
Uttarakhand,1923,80.5,146.6,18.5,10.8,26.9,84.8,372.5,427.9,289.9,69.4,10.0,45.1,1582.9,227.1,56.2,1175.1,124.5,1464.4418803418805,118.45811965811959,8.088960118408044
Uttarakhand,1924,42.5,60.1,27.7,6.8,43.4,39.4,450.2,414.0,651.5,128.1,0.6,62.8,1927.1,102.7,77.9,1555.1,191.5,1464.4418803418805,462.6581196581194,31.592794898088393
Uttarakhand,1925,34.3,17.7,11.7,43.5,57.0,309.1,554.5,384.5,65.9,20.1,36.7,0.0,1535.0,52.0,112.1,1314.0,56.8,1464.4418803418805,70.5581196581195,4.818089444536193
Uttarakhand,1926,22.0,28.2,143.0,52.0,57.8,34.8,475.3,400.7,133.3,10.2,22.0,2.0,1381.2,50.2,252.8,1044.1,34.2,1464.4418803418805,-83.24188034188046,-5.684205120004303
Uttarakhand,1927,13.7,121.8,53.2,24.5,66.8,210.2,308.9,516.8,159.9,120.8,43.7,9.5,1649.9,135.5,144.5,1195.9,174.0,1464.4418803418805,185.45811965811959,12.664081937811252
Uttarakhand,1928,89.5,150.1,27.2,40.2,18.6,114.5,468.0,251.4,29.7,6.3,17.4,28.9,1241.9,239.6,86.0,863.6,52.6,1464.4418803418805,-222.54188034188041,-15.196361380345596
Uttarakhand,1929,52.9,33.2,16.9,21.7,20.6,138.7,279.7,403.2,65.2,44.5,0.0,135.5,1212.2,86.1,59.3,886.9,180.0,1464.4418803418805,-252.24188034188046,-17.224437768946725
Uttarakhand,1930,65.7,72.7,52.1,34.8,39.6,126.5,399.7,348.3,76.5,21.6,8.1,25.6,1271.2,138.4,126.5,950.9,55.3,1464.4418803418805,-193.24188034188046,-13.195599151860316
Uttarakhand,1931,7.8,89.9,45.1,1.9,56.9,55.0,319.1,307.2,335.3,105.8,6.8,3.4,1334.1,97.7,103.9,1016.5,116.1,1464.4418803418805,-130.3418803418806,-8.900447473644478
Uttarakhand,1932,1.9,18.5,34.3,12.8,27.0,95.7,343.5,438.9,326.9,6.3,5.5,58.4,1369.6,20.3,74.2,1204.9,70.2,1464.4418803418805,-94.8418803418806,-6.476315763363674
Uttarakhand,1933,51.7,67.2,23.4,52.6,89.4,227.0,466.8,337.3,151.2,128.0,0.0,1.2,1595.8,118.9,165.3,1182.3,129.2,1464.4418803418805,131.35811965811945,8.969841782143877
Uttarakhand,1934,66.3,10.4,21.0,8.6,20.6,201.7,459.4,410.4,97.1,1.6,0.5,41.5,1339.0,76.7,50.2,1168.6,43.5,1464.4418803418805,-125.4418803418805,-8.565849012225431
Uttarakhand,1935,93.0,34.5,26.7,37.8,4.2,44.0,385.1,308.1,174.8,3.6,8.8,16.5,1137.2,127.5,68.7,912.1,29.0,1464.4418803418805,-327.24188034188046,-22.345842790666733
Uttarakhand,1936,6.9,54.7,42.2,33.6,92.8,345.1,570.8,390.4,241.2,19.8,2.1,112.7,1912.3,61.6,168.6,1547.5,134.6,1464.4418803418805,447.85811965811945,30.58217097380232
Uttarakhand,1937,10.5,149.3,7.2,43.9,47.6,172.7,398.7,439.6,211.7,15.8,2.0,34.5,1533.6,159.8,98.6,1222.9,52.3,1464.4418803418805,69.1581196581194,4.722489884130747
Uttarakhand,1938,122.5,85.4,7.5,4.5,37.0,293.6,459.2,396.4,110.8,11.4,0.8,0.1,1529.3,208.0,49.0,1260.0,12.3,1464.4418803418805,64.85811965811945,4.42886266288547
Uttarakhand,1939,21.1,82.1,39.2,15.5,9.1,213.1,352.9,199.3,186.2,24.2,0.0,0.0,1142.6,103.2,63.7,951.5,24.2,1464.4418803418805,-321.8418803418806,-21.9771016291029
Uttarakhand,1940,49.2,100.5,57.3,21.8,44.2,136.0,395.1,300.0,82.6,1.4,0.4,35.3,1223.7,149.7,123.3,913.7,37.0,1464.4418803418805,-240.74188034188046,-16.439155665616322
Uttarakhand,1941,58.2,37.3,14.0,4.4,67.4,200.3,171.5,354.1,95.7,32.3,0.5,25.9,1061.6,95.5,85.8,821.5,58.8,1464.4418803418805,-402.8418803418806,-27.508219052560513
Uttarakhand,1942,109.0,81.8,17.6,53.4,34.9,191.5,481.0,455.8,223.8,1.0,0.1,61.6,1711.4,190.8,105.9,1352.1,62.7,1464.4418803418805,246.95811965811959,16.863634055621663
Uttarakhand,1943,61.2,17.6,27.8,53.5,15.9,134.4,283.2,590.9,181.4,0.2,0.1,0.3,1366.7,78.8,97.2,1190.0,0.7,1464.4418803418805,-97.74188034188046,-6.674343424203505
Uttarakhand,1944,76.6,72.0,62.6,51.2,18.4,192.0,354.4,194.7,144.5,21.4,0.7,10.3,1198.9,148.7,132.2,885.6,32.5,1464.4418803418805,-265.5418803418804,-18.132633592798403
Uttarakhand,1945,120.2,4.5,39.3,42.7,16.5,90.6,468.6,379.8,391.8,92.0,0.1,1.8,1648.0,124.8,98.6,1330.8,93.9,1464.4418803418805,183.5581196581195,12.53433967726101
Uttarakhand,1946,0.5,47.9,20.4,64.8,121.5,193.1,565.1,311.5,114.9,48.7,18.2,20.1,1526.7,48.4,206.7,1184.6,86.9,1464.4418803418805,62.25811965811954,4.251320622132515
Uttarakhand,1947,46.8,52.2,47.7,1.6,49.0,126.8,383.4,274.2,350.5,16.6,0.4,10.8,1359.8,98.9,98.3,1134.8,27.8,1464.4418803418805,-104.64188034188055,-7.145512686201752
Uttarakhand,1948,1.6,103.0,121.6,23.8,35.1,53.2,337.1,592.5,205.1,50.7,3.1,8.7,1535.4,104.5,180.5,1187.8,62.5,1464.4418803418805,70.95811965811959,4.84540360465204
Uttarakhand,1949,7.3,135.5,32.4,29.0,59.7,52.4,450.2,414.5,204.0,22.2,0.2,4.8,1412.1,142.8,121.1,1121.1,27.2,1464.4418803418805,-52.3418803418806,-3.574186251055669
Uttarakhand,1950,59.5,30.3,55.0,2.7,40.2,240.1,492.8,493.4,160.8,2.7,0.0,6.6,1584.1,89.8,97.8,1387.2,9.3,1464.4418803418805,119.6581196581194,8.170902598755553
Uttarakhand,1951,54.0,41.8,46.8,30.7,61.7,74.0,200.9,403.0,204.2,13.5,43.8,0.1,1174.3,95.7,139.1,882.0,57.4,1464.4418803418805,-290.14188034188055,-19.812454439922575
Uttarakhand,1952,39.4,61.1,125.5,19.9,34.8,241.0,346.1,506.4,82.4,11.2,3.6,6.4,1477.8,100.5,180.2,1175.9,21.2,1464.4418803418805,13.358119658119449,0.912164547971063
Uttarakhand,1953,118.1,14.8,18.3,34.7,71.2,181.8,617.5,338.9,125.8,9.8,0.0,35.0,1565.8,132.9,124.2,1263.9,44.8,1464.4418803418805,101.35811965811945,6.921279773455874
Uttarakhand,1954,117.9,155.7,22.3,5.2,27.6,111.6,472.6,567.3,217.2,148.6,3.4,13.4,1862.9,273.6,55.0,1368.7,165.5,1464.4418803418805,398.4581196581196,27.20887219949608
Uttarakhand,1955,84.7,14.2,51.9,41.1,19.8,151.4,356.1,429.0,236.3,271.2,0.0,11.3,1666.9,98.9,112.8,1172.8,282.4,1464.4418803418805,202.45811965811959,13.824933742734455
Uttarakhand,1956,40.5,24.9,105.3,15.1,132.4,213.9,466.4,359.3,182.7,370.4,5.9,26.1,1943.0,65.4,252.8,1222.3,402.4,1464.4418803418805,478.5581196581195,32.678532762693045
Uttarakhand,1957,166.4,6.6,77.5,73.3,75.9,113.4,532.1,286.5,308.3,57.7,20.1,62.9,1780.7,173.0,226.7,1240.3,140.6,1464.4418803418805,316.25811965811954,21.595812295690948
Uttarakhand,1958,59.2,16.5,38.7,23.3,26.3,95.3,436.6,436.2,233.4,78.9,2.5,52.1,1499.0,75.6,88.3,1201.5,133.6,1464.4418803418805,34.558119658119494,2.359815034110589
Uttarakhand,1959,68.0,93.3,58.1,20.3,49.0,118.8,483.5,442.3,294.6,87.9,26.2,0.9,1743.0,161.2,127.4,1339.3,115.0,1464.4418803418805,278.5581196581195,19.02145270477302
Uttarakhand,1960,80.0,1.4,97.1,33.5,24.0,132.4,466.7,420.7,189.2,76.6,2.2,16.3,1540.1,81.5,154.6,1209.0,95.1,1464.4418803418805,75.6581196581194,5.166344986013148
Uttarakhand,1961,126.3,133.7,24.1,20.5,41.0,181.2,490.1,511.6,226.4,122.7,13.1,57.5,1948.3,260.0,85.6,1409.4,193.3,1464.4418803418805,483.85811965811945,33.04044538422792
Uttarakhand,1962,79.5,86.3,68.7,27.3,21.5,150.9,402.2,398.2,341.5,8.6,29.0,33.9,1647.4,165.8,117.4,1292.8,71.5,1464.4418803418805,182.95811965811959,12.493368437087254
Uttarakhand,1963,17.4,35.5,130.9,51.4,49.3,193.1,360.9,523.4,345.1,10.8,43.9,40.2,1802.0,52.8,231.6,1422.5,95.0,1464.4418803418805,337.5581196581195,23.050291321859426
Uttarakhand,1964,89.7,72.5,75.0,48.4,95.2,162.7,463.8,402.0,327.6,1.3,0.0,31.3,1769.6,162.2,218.6,1356.2,32.6,1464.4418803418805,305.1581196581194,20.837844352476374
Uttarakhand,1965,44.4,159.5,119.3,62.1,44.1,50.3,388.0,302.8,87.5,33.0,11.8,2.9,1305.7,204.0,225.4,828.6,47.7,1464.4418803418805,-158.74188034188046,-10.839752841869114
Uttarakhand,1966,3.2,86.6,48.9,17.8,76.7,270.0,363.0,410.3,125.7,35.1,15.3,13.3,1465.8,89.8,143.5,1168.9,63.6,1464.4418803418805,1.358119658119449,0.09273974449586145
Uttarakhand,1967,11.0,35.0,112.5,26.0,23.2,122.6,436.3,518.7,146.5,22.0,22.4,79.9,1556.2,46.1,161.7,1224.0,124.3,1464.4418803418805,91.75811965811954,6.2657399306757195
Uttarakhand,1968,173.1,122.8,62.9,49.0,15.0,218.6,393.6,280.6,109.6,13.0,1.4,38.9,1478.6,296.0,126.9,1002.4,53.3,1464.4418803418805,14.158119658119404,0.9667928682027399
Uttarakhand,1969,79.8,43.1,49.0,60.7,77.0,89.6,381.0,483.5,345.6,25.3,0.2,1.0,1635.7,122.9,186.7,1299.6,26.5,1464.4418803418805,171.25811965811954,11.69442925369893
Uttarakhand,1970,85.9,44.0,32.7,5.7,68.9,192.9,319.2,355.3,157.8,30.0,0.8,0.2,1293.5,129.9,107.3,1025.3,31.1,1464.4418803418805,-170.9418803418805,-11.672834725402236
Uttarakhand,1971,52.4,101.4,45.3,69.0,270.2,297.8,332.8,377.0,155.9,79.5,22.0,0.3,1803.8,153.9,384.5,1163.6,101.9,1464.4418803418805,339.35811965811945,23.173205042380705
Uttarakhand,1972,30.3,91.7,44.7,50.5,7.4,62.8,315.4,218.8,212.6,18.8,7.9,17.0,1077.8,122.0,102.6,809.6,43.6,1464.4418803418805,-386.64188034188055,-26.401995567868987
Uttarakhand,1973,73.0,65.7,47.8,1.8,44.8,254.3,265.9,297.9,130.8,46.8,1.6,9.2,1239.7,138.7,94.5,948.9,57.6,1464.4418803418805,-224.74188034188046,-15.346589260982721
Uttarakhand,1974,56.8,28.0,18.2,12.2,22.1,86.5,392.9,347.3,102.6,46.9,4.5,43.6,1161.8,84.8,52.5,929.4,95.1,1464.4418803418805,-302.64188034188055,-20.666021943542574
Uttarakhand,1975,75.4,70.5,69.6,1.1,36.4,219.9,403.1,359.6,322.8,21.8,0.0,0.0,1580.3,145.8,107.1,1305.5,21.9,1464.4418803418805,115.85811965811945,7.911418077655076
Uttarakhand,1976,12.7,58.4,31.2,22.1,40.5,87.6,269.2,328.5,129.3,5.6,0.1,1.1,986.3,71.1,93.8,814.6,6.8,1464.4418803418805,-478.14188034188055,-32.650109694367394
Uttarakhand,1977,47.0,7.8,4.5,65.2,101.1,122.0,487.0,292.3,208.3,30.1,2.9,48.1,1416.3,54.7,170.8,1109.6,81.1,1464.4418803418805,-48.14188034188055,-3.2873875698393453
Uttarakhand,1978,34.6,83.1,187.3,51.2,51.8,291.0,414.3,528.4,324.8,16.9,43.7,4.3,2031.4,117.7,290.2,1558.5,65.0,1464.4418803418805,566.9581196581196,38.7149621482937
Uttarakhand,1979,50.6,68.4,65.9,23.6,64.0,110.2,323.5,276.1,37.7,11.7,8.2,32.4,1072.3,119.0,153.5,747.5,52.3,1464.4418803418805,-392.14188034188055,-26.77756526946179
Uttarakhand,1980,21.7,55.7,60.3,15.6,21.3,175.0,466.0,322.7,133.5,37.3,2.4,21.9,1333.5,77.4,97.3,1097.2,61.6,1464.4418803418805,-130.9418803418805,-8.941418713818232
Uttarakhand,1981,67.6,27.8,81.3,23.7,77.4,162.1,488.1,263.5,103.1,4.6,42.1,15.0,1356.1,95.4,182.3,1016.7,61.7,1464.4418803418805,-108.3418803418806,-7.398168667273275
Uttarakhand,1982,61.9,58.6,143.2,78.2,77.1,90.6,264.0,435.1,110.7,17.8,1.4,33.5,1372.1,120.5,298.5,900.4,52.7,1464.4418803418805,-92.3418803418806,-6.305602262639673
Uttarakhand,1983,80.9,45.5,92.1,132.9,101.0,114.1,261.3,312.9,320.0,53.8,1.6,9.1,1525.3,126.4,326.1,1008.3,64.5,1464.4418803418805,60.85811965811945,4.1557210617270695
Uttarakhand,1984,19.6,128.9,14.6,42.0,27.5,300.1,359.3,237.7,173.5,3.2,2.6,30.1,1339.1,148.5,84.0,1070.6,35.9,1464.4418803418805,-125.3418803418806,-8.559020472196478
Uttarakhand,1985,54.3,9.6,14.0,40.9,63.5,104.4,451.7,389.4,228.2,220.5,3.0,74.1,1653.7,63.9,118.4,1173.8,297.6,1464.4418803418805,189.25811965811954,12.923566458911731
Uttarakhand,1986,3.8,68.4,85.4,70.7,149.7,141.6,418.3,281.7,155.5,61.6,13.8,63.9,1514.5,72.2,305.9,997.1,139.3,1464.4418803418805,50.058119658119494,3.4182387385993906
Uttarakhand,1987,29.8,61.7,30.3,48.8,148.0,55.9,190.3,261.0,123.9,20.2,0.2,17.1,987.3,91.5,227.1,631.1,37.5,1464.4418803418805,-477.14188034188055,-32.5818242940778
Uttarakhand,1988,18.1,81.6,136.5,26.3,45.3,129.7,490.9,390.8,202.0,16.6,0.9,63.7,1602.4,99.7,208.1,1213.4,81.2,1464.4418803418805,137.95811965811959,9.42052542405525
Uttarakhand,1989,91.0,14.7,30.3,9.9,28.5,117.9,333.4,386.6,183.5,12.3,17.3,38.2,1263.8,105.7,68.7,1021.4,67.9,1464.4418803418805,-200.64188034188055,-13.700911114003365
Uttarakhand,1990,0.8,97.1,91.3,20.4,81.6,120.3,473.0,413.6,179.1,14.6,6.1,67.1,1564.9,97.9,193.3,1185.8,87.8,1464.4418803418805,100.45811965811959,6.859822913195243
Uttarakhand,1991,13.2,58.0,52.0,51.6,21.2,81.8,219.8,346.7,126.4,0.5,10.1,39.4,1020.7,71.2,124.8,774.6,50.1,1464.4418803418805,-443.74188034188046,-30.30109192440515
Uttarakhand,1992,71.3,32.5,46.1,2.9,31.5,117.5,254.4,385.1,152.4,9.0,5.4,0.0,1108.1,103.8,80.5,909.4,14.5,1464.4418803418805,-356.3418803418806,-24.332947939094108
Uttarakhand,1993,77.1,70.3,162.8,19.8,71.7,144.7,309.4,282.3,447.0,1.5,7.4,0.0,1594.1,147.3,254.4,1183.5,8.8,1464.4418803418805,129.6581196581194,8.853756601651556
Uttarakhand,1994,56.7,84.2,11.0,69.8,75.6,112.1,476.9,428.2,98.0,5.3,1.7,22.3,1441.7,140.9,156.4,1115.1,29.3,1464.4418803418805,-22.74188034188046,-1.5529384024834954
Uttarakhand,1995,98.9,123.6,79.9,41.4,34.6,138.5,358.3,430.7,282.8,5.1,2.1,20.2,1616.1,222.6,155.8,1210.2,27.5,1464.4418803418805,151.6581196581194,10.356035408022757
Uttarakhand,1996,49.7,89.6,67.1,28.4,18.3,181.6,308.1,441.1,185.6,31.4,0.5,0.0,1401.4,139.4,113.8,1116.4,31.9,1464.4418803418805,-63.041880341880415,-4.3048400341543775
Uttarakhand,1997,42.1,14.9,31.2,90.5,56.1,129.8,290.0,73.3,36.4,9.9,10.8,18.5,803.4,57.0,177.9,529.5,39.1,1464.4418803418805,-661.0418803418805,-45.13950940733526
Uttarakhand,1998,9.6,68.4,106.2,73.0,78.5,163.3,242.9,260.0,120.0,75.5,1.2,0.0,1198.6,78.0,257.7,786.2,76.7,1464.4418803418805,-265.8418803418806,-18.153119212885297
Uttarakhand,1999,33.0,11.4,1.4,1.2,50.5,158.9,389.0,285.5,217.9,32.0,0.1,4.7,1185.5,44.4,53.1,1051.2,36.8,1464.4418803418805,-278.9418803418805,-19.04765795667905
Uttarakhand,2000,29.9,69.4,37.9,18.1,83.3,313.9,420.1,536.1,195.3,1.1,7.0,0.7,1712.9,99.3,139.4,1465.4,8.8,1464.4418803418805,248.45811965811959,16.96606215605606
Uttarakhand,2001,22.7,27.9,83.4,48.2,109.1,297.3,493.0,371.7,68.3,6.3,1.4,15.1,1544.4,50.6,240.7,1230.3,22.9,1464.4418803418805,79.95811965811959,5.459972207258441
Uttarakhand,2002,53.8,123.2,100.0,76.3,82.3,139.6,205.7,465.4,301.3,19.9,3.0,4.2,1574.7,177.0,258.5,1112.1,27.1,1464.4418803418805,110.25811965811954,7.529019836033321
Uttarakhand,2003,40.7,126.0,99.7,54.1,67.1,145.2,515.3,416.2,239.9,1.8,4.8,23.6,1734.3,166.7,220.9,1316.6,30.2,1464.4418803418805,269.85811965811945,18.427369722253495
Uttarakhand,2004,58.5,11.7,0.0,51.5,66.0,130.7,400.9,326.3,96.8,70.7,0.8,5.7,1219.6,70.2,117.6,954.7,77.1,1464.4418803418805,-244.8418803418806,-16.719125806803692
Uttarakhand,2005,64.1,83.2,54.2,12.8,52.1,74.0,400.1,249.2,337.9,14.1,2.2,4.3,1348.2,147.3,119.1,1061.3,20.5,1464.4418803418805,-116.24188034188046,-7.937623329561107
Uttarakhand,2006,48.7,9.6,71.7,52.2,120.5,104.2,345.6,294.7,79.1,18.8,6.8,27.0,1178.9,58.3,244.4,823.7,52.6,1464.4418803418805,-285.5418803418804,-19.498341598590404
Uttarakhand,2007,1.7,138.9,123.1,41.1,78.8,139.9,522.9,502.8,325.6,25.1,7.8,16.7,1924.3,140.6,243.0,1491.2,49.6,1464.4418803418805,459.85811965811945,31.401595777277517
Uttarakhand,2008,55.6,11.7,18.1,93.0,67.3,332.4,313.3,245.8,190.8,23.1,11.9,0.6,1363.7,67.3,178.4,1082.3,35.7,1464.4418803418805,-100.74188034188046,-6.879199625072305
Uttarakhand,2009,1.8,27.6,18.8,18.4,77.6,41.9,157.5,202.6,206.6,81.3,12.6,0.9,847.8,29.4,114.8,608.7,94.9,1464.4418803418805,-616.6418803418806,-42.107637634477015
Uttarakhand,2010,11.4,62.1,3.8,13.8,47.0,72.7,455.8,335.7,389.7,8.0,4.5,19.5,1424.0,73.6,64.5,1253.9,32.0,1464.4418803418805,-40.441880341880506,-2.7615899876094208
Uttarakhand,2011,30.9,65.2,18.0,30.9,84.2,223.1,433.3,523.7,148.4,3.4,1.2,2.3,1564.7,96.1,133.1,1328.5,6.9,1464.4418803418805,100.25811965811954,6.84616583313732
Uttarakhand,2012,38.8,11.9,28.1,39.2,9.1,46.0,387.1,419.5,220.6,4.7,3.4,15.5,1223.9,50.8,76.4,1073.1,23.6,1464.4418803418805,-240.54188034188041,-16.425498585558397
Uttarakhand,2013,73.0,188.3,22.0,24.7,18.2,488.9,413.4,359.4,111.3,29.1,3.2,3.8,1735.4,261.3,65.0,1373.0,36.2,1464.4418803418805,270.9581196581196,18.502483662572065
Uttarakhand,2014,45.9,99.9,68.4,37.6,52.9,62.9,462.7,264.2,107.9,40.8,0.0,44.3,1287.4,145.8,158.8,897.7,85.1,1464.4418803418805,-177.04188034188041,-12.089375667168792
Uttarakhand,2015,54.5,62.6,127.3,57.3,38.0,186.6,337.0,305.3,52.6,16.8,2.4,7.2,1247.6,117.0,222.6,881.5,26.4,1464.4418803418805,-216.8418803418806,-14.80713459869489
Uttarakhand,2016,5.4,29.3,45.8,9.9,99.3,174.4,508.4,308.5,111.4,12.7,0.0,3.5,1308.6,34.6,155.0,1102.7,16.2,1464.4418803418805,-155.8418803418806,-10.641725181029281
Uttarakhand,2017,36.6,13.5,44.5,52.8,108.2,175.6,460.9,349.0,213.4,2.8,0.2,18.3,1476.0,50.1,205.6,1199.0,21.3,1464.4418803418805,11.558119658119494,0.7892508274497858
Haryana Delhi & Chandigarh,1901,35.4,28.9,11.1,0.0,5.1,13.2,126.4,151.5,10.5,2.0,0.0,6.1,390.1,64.3,16.2,301.6,8.1,528.4393162393162,-138.3393162393162,-26.17884627204119
Haryana Delhi & Chandigarh,1902,0.0,0.7,2.9,10.2,15.8,74.6,149.3,97.1,59.8,9.3,0.0,0.0,419.8,0.7,28.9,380.9,9.3,528.4393162393162,-108.6393162393162,-20.558522596777472
Haryana Delhi & Chandigarh,1903,14.7,0.5,2.3,0.5,8.5,8.6,151.6,138.2,97.7,4.0,0.0,2.3,428.9,15.2,11.3,396.1,6.2,528.4393162393162,-99.53931623931624,-18.836470561595668
Haryana Delhi & Chandigarh,1904,7.6,0.7,48.0,0.5,29.3,34.3,109.7,162.9,102.3,1.5,10.4,20.3,527.8,8.3,77.8,409.3,32.3,528.4393162393162,-0.6393162393162584,-0.12098195945487314
Haryana Delhi & Chandigarh,1905,44.8,20.8,14.0,1.3,7.4,20.1,93.6,23.1,92.6,0.0,0.0,5.1,322.9,65.7,22.7,229.4,5.1,528.4393162393162,-205.53931623931624,-38.89553822415305
Haryana Delhi & Chandigarh,1906,3.6,64.1,31.4,0.1,1.4,70.2,128.9,103.8,185.2,0.0,0.0,5.0,593.6,67.7,32.9,488.0,5.0,528.4393162393162,65.16068376068381,12.330778910321325
Haryana Delhi & Chandigarh,1907,14.3,42.8,25.9,33.5,7.8,20.0,123.2,175.3,1.0,0.1,0.0,0.0,443.9,57.1,67.2,319.5,0.1,528.4393162393162,-84.53931623931624,-15.997923250856417
Haryana Delhi & Chandigarh,1908,31.4,6.1,0.1,7.6,22.4,14.5,196.6,398.2,10.1,0.3,1.1,0.6,689.0,37.5,30.1,619.5,2.0,528.4393162393162,160.5606837606838,30.383939806622962
Haryana Delhi & Chandigarh,1909,5.9,13.1,0.0,78.1,2.8,123.7,228.7,118.9,162.4,3.1,0.0,32.7,769.3,19.0,80.9,633.7,35.8,528.4393162393162,240.86068376068374,45.57962974344708
Haryana Delhi & Chandigarh,1910,19.7,5.1,0.1,2.1,3.1,69.0,107.9,150.4,159.7,87.3,0.0,0.8,605.2,24.8,5.3,487.0,88.1,528.4393162393162,76.76068376068383,14.525922163959681
Haryana Delhi & Chandigarh,1911,66.5,1.3,53.3,0.7,0.1,53.1,26.3,49.3,208.7,10.7,39.7,0.0,509.7,67.8,54.1,337.4,50.4,528.4393162393162,-18.739316239316224,-3.5461623810802303
Haryana Delhi & Chandigarh,1912,43.4,12.5,9.0,9.2,2.8,26.5,161.1,134.2,119.5,0.0,10.5,0.5,529.3,55.9,21.0,441.4,11.0,528.4393162393162,0.8606837606837416,0.16287277161905203
Haryana Delhi & Chandigarh,1913,1.1,42.9,22.4,1.9,69.7,111.8,142.9,82.3,22.6,0.7,0.9,9.3,508.4,43.9,94.0,359.6,10.9,528.4393162393162,-20.039316239316236,-3.7921698146776346
Haryana Delhi & Chandigarh,1914,2.3,7.0,4.7,22.7,21.0,51.1,252.0,100.0,182.9,18.7,2.0,0.3,664.7,9.3,48.4,586.0,21.0,528.4393162393162,136.26068376068383,25.785493163225382
Haryana Delhi & Chandigarh,1915,30.7,49.1,40.9,7.1,8.0,39.9,66.9,69.9,101.7,6.4,0.0,1.8,422.4,79.9,55.9,278.4,8.2,528.4393162393162,-106.03931623931624,-20.06650772958268
Haryana Delhi & Chandigarh,1916,0.5,15.7,0.2,2.3,12.5,71.2,139.7,217.7,107.8,61.6,0.0,0.0,629.1,16.2,14.9,536.4,61.6,528.4393162393162,100.66068376068381,19.048674212404222
Haryana Delhi & Chandigarh,1917,6.1,7.4,3.2,34.5,25.8,64.6,164.3,210.9,361.5,101.0,0.0,7.5,986.7,13.5,63.5,801.2,108.5,528.4393162393162,458.26068376068383,86.71964210042799
Haryana Delhi & Chandigarh,1918,10.0,0.0,11.1,9.9,1.1,34.3,20.0,142.1,5.0,0.3,0.8,0.0,234.7,10.1,22.2,201.4,1.1,528.4393162393162,-293.7393162393162,-55.58619641129985
Haryana Delhi & Chandigarh,1919,61.0,2.7,8.4,2.3,14.8,7.0,208.7,172.1,50.6,0.0,3.4,22.8,553.7,63.8,25.4,438.3,26.2,528.4393162393162,25.260683760683833,4.780243063754918
Haryana Delhi & Chandigarh,1920,11.2,12.9,13.2,0.2,21.6,73.0,194.8,30.8,9.6,1.4,0.0,0.1,368.8,24.1,35.1,308.1,1.5,528.4393162393162,-159.6393162393162,-30.20958345329093
Haryana Delhi & Chandigarh,1921,21.3,1.2,0.5,1.4,0.0,13.7,100.2,189.5,86.1,29.5,0.0,3.0,446.5,22.5,2.0,389.5,32.5,528.4393162393162,-81.93931623931621,-15.505908383661609
Haryana Delhi & Chandigarh,1922,14.3,4.5,0.6,0.6,1.4,86.7,139.6,99.7,176.5,1.7,0.0,27.1,552.9,18.8,2.7,502.6,28.7,528.4393162393162,24.460683760683764,4.628853873848812
Haryana Delhi & Chandigarh,1923,17.0,52.7,0.8,0.1,19.7,24.8,183.7,221.3,17.6,9.1,0.3,34.4,581.5,69.7,20.6,447.4,43.8,528.4393162393162,53.06068376068379,10.041017412991657
Haryana Delhi & Chandigarh,1924,48.5,18.9,2.0,1.3,5.5,18.5,98.3,151.3,247.5,45.5,2.5,15.0,654.8,67.4,8.8,515.6,63.0,528.4393162393162,126.36068376068374,23.91205193813746
Haryana Delhi & Chandigarh,1925,4.8,0.1,0.1,3.1,11.2,153.8,247.0,108.6,10.2,5.7,12.2,0.3,557.2,5.0,14.4,519.6,18.2,528.4393162393162,28.760683760683833,5.442570769594077
Haryana Delhi & Chandigarh,1926,9.4,9.3,39.2,10.3,33.4,18.4,190.0,257.4,45.5,0.6,2.4,0.1,615.9,18.7,82.8,511.3,3.0,528.4393162393162,87.46068376068376,16.55075257895367
Haryana Delhi & Chandigarh,1927,0.2,34.1,14.8,7.4,13.9,12.2,160.9,163.9,42.7,18.1,1.7,32.5,502.5,34.3,36.1,379.7,52.4,528.4393162393162,-25.939316239316213,-4.908665090235069
Haryana Delhi & Chandigarh,1928,21.5,28.3,3.4,5.9,3.7,36.5,131.0,77.6,35.6,7.6,20.3,16.8,388.2,49.8,13.0,280.7,44.6,528.4393162393162,-140.23931623931622,-26.53839559806817
Haryana Delhi & Chandigarh,1929,15.2,0.1,0.0,9.5,3.7,18.7,135.2,82.8,11.4,3.8,0.0,26.2,306.6,15.4,13.2,248.1,30.0,528.4393162393162,-221.8393162393162,-41.98009296848969
Haryana Delhi & Chandigarh,1930,28.4,11.4,4.0,1.8,3.4,68.6,266.5,78.4,32.3,2.8,0.9,2.1,500.5,39.8,9.2,445.9,5.7,528.4393162393162,-27.939316239316213,-5.287138065000303
Haryana Delhi & Chandigarh,1931,0.4,17.0,14.2,0.3,7.8,11.1,198.7,122.5,109.5,37.4,0.0,0.1,519.2,17.5,22.4,441.9,37.5,528.4393162393162,-9.239316239316167,-1.7484157509453602
Haryana Delhi & Chandigarh,1932,3.0,2.0,26.2,4.8,6.1,14.3,136.8,113.4,117.5,0.0,0.0,15.8,440.1,5.1,37.1,382.1,15.8,528.4393162393162,-88.33931623931619,-16.71702190291035
Haryana Delhi & Chandigarh,1933,1.1,19.5,10.8,6.7,43.2,105.1,131.4,227.3,293.1,17.0,0.4,1.3,856.9,20.6,60.7,756.8,18.7,528.4393162393162,328.46068376068376,62.156746038164314
Haryana Delhi & Chandigarh,1934,21.6,1.0,47.6,0.7,2.0,64.6,140.8,199.1,18.3,0.0,0.0,5.6,501.4,22.6,50.4,422.8,5.6,528.4393162393162,-27.039316239316236,-5.116825226355952
Haryana Delhi & Chandigarh,1935,35.1,25.1,7.1,29.2,0.7,5.3,208.9,132.3,97.0,7.5,6.0,14.2,568.3,60.2,37.0,443.5,27.7,528.4393162393162,39.86068376068374,7.543095779541106
Haryana Delhi & Chandigarh,1936,1.6,18.2,6.8,0.7,3.3,141.3,124.4,125.7,61.3,0.1,1.2,26.5,511.1,19.8,10.8,452.7,27.7,528.4393162393162,-17.33931623931619,-3.2812312987445607
Haryana Delhi & Chandigarh,1937,0.8,75.8,5.3,20.3,5.2,43.7,171.6,39.3,109.8,0.4,0.3,9.1,481.7,76.7,30.8,364.4,9.8,528.4393162393162,-46.739316239316224,-8.844784027793501
Haryana Delhi & Chandigarh,1938,38.2,7.7,0.4,1.1,7.4,61.7,89.7,56.9,8.1,7.6,0.1,0.0,278.8,45.9,8.9,216.3,7.7,528.4393162393162,-249.6393162393162,-47.24086731772644
Haryana Delhi & Chandigarh,1939,1.9,38.5,20.2,0.5,0.3,88.8,62.7,32.9,63.3,1.2,0.0,0.0,310.2,40.5,20.9,247.6,1.2,528.4393162393162,-218.23931623931622,-41.29884161391228
Haryana Delhi & Chandigarh,1940,28.2,35.6,11.9,6.7,1.7,38.7,117.4,142.3,12.6,0.2,0.0,0.4,395.7,63.8,20.3,311.1,0.5,528.4393162393162,-132.73931623931622,-25.11912194269854
Haryana Delhi & Chandigarh,1941,59.2,5.1,2.2,0.0,16.2,96.3,41.0,90.1,46.4,3.9,0.0,3.5,363.9,64.3,18.4,273.8,7.4,528.4393162393162,-164.53931623931624,-31.136842241465757
Haryana Delhi & Chandigarh,1942,24.9,48.6,2.2,11.7,7.3,48.2,257.5,237.6,154.2,0.3,0.0,11.9,804.5,73.6,21.2,697.6,12.2,528.4393162393162,276.0606837606838,52.240754099315204
Haryana Delhi & Chandigarh,1943,19.6,2.1,2.4,14.7,8.5,28.8,129.6,112.4,89.7,0.0,0.0,0.1,407.9,21.7,25.6,360.4,0.1,528.4393162393162,-120.53931623931624,-22.810436796630622
Haryana Delhi & Chandigarh,1944,21.5,32.9,35.1,27.6,0.5,52.2,150.7,99.0,38.8,24.8,0.6,0.6,484.2,54.4,63.1,340.7,26.0,528.4393162393162,-44.239316239316224,-8.371692809336958
Haryana Delhi & Chandigarh,1945,41.5,0.0,2.4,6.5,7.9,36.5,120.0,122.3,312.5,5.1,0.0,0.0,654.6,41.5,16.8,591.2,5.1,528.4393162393162,126.16068376068381,23.87420464066095
Haryana Delhi & Chandigarh,1946,0.1,9.7,1.7,3.4,27.0,72.0,122.9,155.4,17.3,15.6,1.0,11.6,437.8,9.8,32.1,367.6,28.3,528.4393162393162,-90.6393162393162,-17.15226582389037
Haryana Delhi & Chandigarh,1947,17.2,15.8,7.2,0.6,3.0,13.7,22.9,80.6,292.9,4.5,0.0,6.2,464.5,33.0,10.8,410.0,10.7,528.4393162393162,-63.93931623931621,-12.099651610774506
Haryana Delhi & Chandigarh,1948,34.4,31.4,18.8,1.1,4.8,16.0,212.4,233.0,34.6,4.3,0.9,0.3,592.1,65.9,24.7,496.1,5.4,528.4393162393162,63.66068376068381,12.046924179247398
Haryana Delhi & Chandigarh,1949,3.4,27.9,0.7,1.2,5.9,12.1,287.9,58.3,84.7,1.2,0.0,2.0,485.3,31.3,7.8,442.9,3.2,528.4393162393162,-43.1393162393162,-8.163532673216075
Haryana Delhi & Chandigarh,1950,22.2,6.5,18.1,0.5,6.1,9.7,220.4,147.6,118.7,0.0,0.0,1.4,551.1,28.7,24.7,496.4,1.4,528.4393162393162,22.66068376068381,4.288228196560111
Haryana Delhi & Chandigarh,1951,8.2,0.4,33.6,11.6,9.1,21.3,56.0,135.4,35.0,0.2,27.4,0.0,338.2,8.7,54.2,247.7,27.7,528.4393162393162,-190.23931623931622,-36.00021996719901
Haryana Delhi & Chandigarh,1952,8.2,17.8,12.0,2.6,10.8,67.1,122.5,311.0,1.3,0.0,0.0,3.2,556.3,26.0,25.3,501.9,3.2,528.4393162393162,27.86068376068374,5.2722579309497055
Haryana Delhi & Chandigarh,1953,39.5,1.6,0.0,4.1,5.9,58.9,241.0,154.9,48.4,0.9,0.0,6.6,561.9,41.1,10.0,503.3,7.5,528.4393162393162,33.460683760683764,6.331982260292364
Haryana Delhi & Chandigarh,1954,26.1,91.0,10.1,0.4,3.9,26.7,152.3,45.6,136.6,43.9,0.3,0.0,537.0,117.1,14.5,361.2,44.2,528.4393162393162,8.560683760683787,1.6199937244652098
Haryana Delhi & Chandigarh,1955,32.8,1.9,7.7,7.3,12.7,66.1,100.3,173.1,159.3,129.4,2.8,0.6,694.1,34.7,27.7,498.8,132.8,528.4393162393162,165.6606837606838,31.349045892274308
Haryana Delhi & Chandigarh,1956,16.6,3.1,25.6,0.8,2.4,50.8,239.1,159.5,19.5,131.3,4.4,0.6,653.8,19.7,28.9,468.9,136.3,528.4393162393162,125.36068376068374,23.72281545075484
Haryana Delhi & Chandigarh,1957,53.2,0.2,28.9,2.8,6.9,24.4,190.6,101.6,149.6,26.6,7.7,24.7,617.2,53.4,38.7,466.2,58.9,528.4393162393162,88.76068376068383,16.796760012551086
Haryana Delhi & Chandigarh,1958,4.1,0.7,5.4,1.9,4.4,17.0,150.0,182.7,273.4,21.8,1.0,10.6,673.0,4.8,11.7,623.1,33.4,528.4393162393162,144.5606837606838,27.35615600850109
Haryana Delhi & Chandigarh,1959,28.4,8.0,3.8,0.4,13.2,25.3,103.8,163.8,102.8,16.1,19.3,0.1,484.9,36.4,17.4,395.7,35.4,528.4393162393162,-43.539316239316236,-8.23922726816913
Haryana Delhi & Chandigarh,1960,11.3,0.0,24.4,4.2,1.3,33.1,249.9,339.0,15.6,35.2,0.0,8.9,722.9,11.3,30.0,637.5,44.1,528.4393162393162,194.46068376068376,36.79905672889367
Haryana Delhi & Chandigarh,1961,40.2,29.9,0.4,4.6,11.0,46.2,150.1,251.4,52.4,25.8,6.6,9.2,627.9,70.2,16.0,500.1,41.6,528.4393162393162,99.46068376068376,18.821590427545072
Haryana Delhi & Chandigarh,1962,21.1,10.4,7.7,1.3,1.5,14.0,144.7,111.5,189.4,0.0,2.9,6.5,511.0,31.5,10.5,459.6,9.4,528.4393162393162,-17.439316239316213,-3.3001549474828265
Haryana Delhi & Chandigarh,1963,3.1,4.1,4.4,2.0,3.9,40.7,55.3,307.6,85.3,0.0,9.0,6.3,521.8,7.2,10.4,488.9,15.4,528.4393162393162,-6.639316239316258,-1.2564008837505738
Haryana Delhi & Chandigarh,1964,4.7,1.5,0.9,0.4,14.6,8.8,370.7,191.5,111.2,0.6,0.1,6.0,710.9,6.2,15.9,682.1,6.7,528.4393162393162,182.46068376068376,34.52821888030226
Haryana Delhi & Chandigarh,1965,6.2,11.5,7.3,8.6,20.4,2.1,120.3,133.3,60.9,11.0,0.1,0.2,381.9,17.7,36.3,316.7,11.3,528.4393162393162,-146.53931623931624,-27.730585468578656
Haryana Delhi & Chandigarh,1966,3.3,34.0,6.7,1.7,45.3,128.9,98.2,312.8,69.1,6.7,1.0,0.2,707.7,37.3,53.7,609.0,7.8,528.4393162393162,179.26068376068383,33.922662120677906
Haryana Delhi & Chandigarh,1967,0.0,2.4,43.4,0.9,13.0,33.1,224.3,336.0,96.3,7.8,13.8,68.9,839.9,2.4,57.3,689.7,90.5,528.4393162393162,311.46068376068376,58.93972575265983
Haryana Delhi & Chandigarh,1968,14.1,15.9,17.3,0.0,2.3,28.3,211.2,90.1,0.1,7.0,0.0,2.0,388.3,30.0,19.6,329.6,9.1,528.4393162393162,-140.1393162393162,-26.519471949329905
Haryana Delhi & Chandigarh,1969,1.5,6.8,9.7,3.6,21.0,11.3,130.9,132.7,158.8,0.3,0.6,0.0,477.2,8.3,34.3,433.7,1.0,528.4393162393162,-51.239316239316224,-9.696348221015276
Haryana Delhi & Chandigarh,1970,35.4,35.4,9.4,0.0,11.5,67.2,65.7,207.9,104.9,0.8,0.0,0.0,538.2,70.8,20.9,445.7,0.8,528.4393162393162,9.760683760683833,1.8470775093243585
Haryana Delhi & Chandigarh,1971,17.0,18.9,1.1,7.5,58.7,61.3,148.4,259.2,51.6,11.3,1.8,0.0,636.8,35.9,67.4,520.5,13.1,528.4393162393162,108.36068376068374,20.50579516525036
Haryana Delhi & Chandigarh,1972,6.8,12.1,5.6,11.6,0.1,24.9,137.1,186.0,12.6,7.7,33.1,3.2,440.8,18.9,17.4,360.6,44.0,528.4393162393162,-87.6393162393162,-16.58455636174252
Haryana Delhi & Chandigarh,1973,15.8,5.2,3.2,0.5,32.9,75.1,118.3,189.8,57.6,19.7,0.0,9.0,527.2,21.0,36.7,440.8,28.6,528.4393162393162,-1.2393162393161674,-0.234523851884426
Haryana Delhi & Chandigarh,1974,0.5,1.3,1.6,0.9,4.6,37.9,201.5,94.5,12.2,16.4,0.0,13.5,384.9,1.8,7.0,346.1,29.9,528.4393162393162,-143.53931623931624,-27.162876006430807
Haryana Delhi & Chandigarh,1975,20.3,2.9,9.3,0.3,5.6,57.9,182.6,180.1,142.4,20.6,0.0,0.0,622.1,23.2,15.3,563.0,20.6,528.4393162393162,93.66068376068381,17.7240188007259
Haryana Delhi & Chandigarh,1976,8.8,23.1,6.8,2.7,32.4,80.2,216.2,317.4,38.0,0.2,0.1,0.8,726.7,31.8,41.9,651.8,1.1,528.4393162393162,198.26068376068383,37.51815538094762
Haryana Delhi & Chandigarh,1977,50.1,1.5,0.8,22.8,23.6,50.6,288.4,165.7,118.3,8.4,0.5,9.4,740.1,51.6,47.2,623.1,18.3,528.4393162393162,211.6606837606838,40.05392431187468
Haryana Delhi & Chandigarh,1978,0.2,24.8,51.7,4.2,1.5,71.5,202.7,184.8,104.5,2.1,2.8,0.5,651.1,25.0,57.4,563.4,5.3,528.4393162393162,122.66068376068381,23.211876934821788
Haryana Delhi & Chandigarh,1979,23.2,45.5,10.7,3.5,30.0,33.6,122.7,39.7,19.9,3.6,2.8,6.3,341.5,68.7,44.1,215.9,12.7,528.4393162393162,-186.9393162393162,-35.37573955883637
Haryana Delhi & Chandigarh,1980,5.8,2.3,22.0,0.4,8.9,45.5,236.5,102.0,50.2,13.4,4.9,21.4,513.2,8.0,31.2,434.3,39.7,528.4393162393162,-15.239316239316167,-2.883834675241061
Haryana Delhi & Chandigarh,1981,25.7,13.3,34.6,0.5,18.0,63.3,196.7,63.7,34.7,0.1,42.1,0.6,493.4,39.0,53.2,358.4,42.9,528.4393162393162,-35.039316239316236,-6.630717125416886
Haryana Delhi & Chandigarh,1982,21.4,20.0,70.7,33.1,57.3,29.9,99.2,150.4,5.4,3.2,2.4,13.6,506.6,41.4,161.1,284.9,19.2,528.4393162393162,-21.83931623931619,-4.132795491966336
Haryana Delhi & Chandigarh,1983,38.0,5.3,6.4,82.5,35.3,29.5,218.3,240.7,79.8,5.4,0.0,3.3,744.5,43.2,124.3,568.2,8.7,528.4393162393162,216.0606837606838,40.88656485635819
Haryana Delhi & Chandigarh,1984,1.9,14.5,0.4,2.7,0.7,48.6,154.2,179.5,75.5,0.9,0.0,0.3,479.2,16.4,3.8,457.8,1.1,528.4393162393162,-49.239316239316224,-9.317875246250042
Haryana Delhi & Chandigarh,1985,3.5,0.3,1.1,8.1,3.1,44.2,256.9,152.4,35.9,42.6,0.0,24.3,572.4,3.8,12.3,489.4,66.9,528.4393162393162,43.960683760683764,8.318965377809839
Haryana Delhi & Chandigarh,1986,7.2,31.0,12.7,3.3,36.0,85.1,92.5,108.9,52.9,11.2,0.7,9.5,450.9,38.2,52.1,339.3,21.4,528.4393162393162,-77.53931623931624,-14.6732678391781
Haryana Delhi & Chandigarh,1987,21.3,27.8,12.4,6.4,62.5,27.7,26.4,106.6,18.0,3.2,0.0,6.3,318.6,49.1,81.3,178.7,9.5,528.4393162393162,-209.8393162393162,-39.70925511989829
Haryana Delhi & Chandigarh,1988,1.5,13.2,34.5,3.6,3.4,82.4,288.5,222.5,183.4,0.0,0.1,12.0,845.0,14.7,41.5,776.7,12.1,528.4393162393162,316.5606837606838,59.90483183831118
Haryana Delhi & Chandigarh,1989,40.1,0.4,11.7,0.6,2.3,31.6,90.8,152.5,68.7,0.2,5.2,12.4,416.5,40.5,14.6,343.6,17.8,528.4393162393162,-111.93931623931621,-21.18300300514011
Haryana Delhi & Chandigarh,1990,0.0,79.5,4.9,2.2,21.9,25.3,201.2,137.7,194.5,2.7,14.1,19.2,703.1,79.5,28.9,558.7,36.0,528.4393162393162,174.6606837606838,33.052174278717864
Haryana Delhi & Chandigarh,1991,0.1,19.7,2.9,13.2,6.0,50.4,55.3,187.9,36.9,1.4,3.8,16.2,393.9,19.7,22.2,330.5,21.4,528.4393162393162,-134.53931623931624,-25.459747619987255
Haryana Delhi & Chandigarh,1992,20.3,16.4,0.5,1.2,7.8,17.2,124.5,171.6,59.0,3.8,7.2,0.0,429.7,36.7,9.6,372.3,11.1,528.4393162393162,-98.73931623931622,-18.68508137168957
Haryana Delhi & Chandigarh,1993,4.5,16.1,11.3,5.4,8.8,42.0,274.6,35.6,125.4,0.0,0.0,0.0,523.8,20.7,25.5,477.6,0.0,528.4393162393162,-4.639316239316258,-0.8779279089853401
Haryana Delhi & Chandigarh,1994,20.1,11.3,0.6,7.6,8.5,51.3,275.8,160.6,28.2,0.0,0.1,0.2,564.4,31.4,16.7,515.9,0.3,528.4393162393162,35.960683760683764,6.805073478748905
Haryana Delhi & Chandigarh,1995,38.8,21.7,9.8,4.9,0.6,47.2,115.0,405.3,175.3,0.2,0.1,0.3,819.1,60.5,15.3,742.7,0.7,528.4393162393162,290.6606837606838,55.0036068151014
Haryana Delhi & Chandigarh,1996,16.0,30.5,11.6,0.6,5.1,109.4,85.8,249.2,116.3,19.9,0.0,0.3,644.6,46.5,17.3,560.7,20.2,528.4393162393162,116.16068376068381,21.981839766834778
Haryana Delhi & Chandigarh,1997,6.6,2.2,14.6,35.3,38.0,60.2,133.6,226.8,36.9,53.7,13.4,47.3,668.6,8.8,87.9,457.5,114.4,528.4393162393162,140.1606837606838,26.52351546401758
Haryana Delhi & Chandigarh,1998,0.4,24.6,25.4,9.1,6.1,68.4,154.8,161.6,150.9,78.2,5.8,0.0,685.3,25.0,40.6,535.6,84.0,528.4393162393162,156.86068376068374,29.683764803307273
Haryana Delhi & Chandigarh,1999,31.7,0.7,1.4,0.0,20.1,42.2,109.8,78.7,54.7,4.8,0.0,0.4,344.4,32.4,21.5,285.4,5.1,528.4393162393162,-184.03931623931624,-34.826953745426785
Haryana Delhi & Chandigarh,2000,17.1,29.1,1.4,1.3,22.8,58.9,146.8,87.9,17.5,0.0,0.4,1.2,384.4,46.2,25.6,311.1,1.6,528.4393162393162,-144.03931623931624,-27.257494250122114
Haryana Delhi & Chandigarh,2001,17.8,5.2,7.2,19.8,47.8,117.2,145.2,103.5,10.3,11.1,0.1,0.2,485.5,23.0,74.8,376.3,11.4,528.4393162393162,-42.93931623931621,-8.125685375739554
Haryana Delhi & Chandigarh,2002,11.6,31.1,9.0,1.1,52.0,21.2,19.4,78.2,123.0,1.9,0.0,8.8,357.2,42.7,62.1,241.8,10.7,528.4393162393162,-171.23931623931622,-32.40472670692929
Haryana Delhi & Chandigarh,2003,14.7,29.9,4.0,1.8,7.5,26.6,277.6,165.3,58.9,0.0,0.1,11.0,597.6,44.6,13.3,528.5,11.2,528.4393162393162,69.16068376068381,13.08772485985179
Haryana Delhi & Chandigarh,2004,25.4,0.3,0.0,18.1,40.7,52.5,19.9,252.9,22.1,54.1,0.0,1.2,487.3,25.7,58.8,347.5,55.3,528.4393162393162,-41.1393162393162,-7.785059698450842
Haryana Delhi & Chandigarh,2005,13.9,35.7,29.9,2.7,7.6,53.9,175.6,52.6,146.7,0.0,0.8,0.0,519.5,49.6,40.3,428.8,0.8,528.4393162393162,-8.939316239316213,-1.6916448047305837
Haryana Delhi & Chandigarh,2006,2.3,0.1,30.4,0.6,24.8,45.4,135.2,32.1,49.9,3.8,1.2,5.2,330.9,2.4,55.7,262.6,10.2,528.4393162393162,-197.53931623931624,-37.38164632509211
Haryana Delhi & Chandigarh,2007,0.5,76.0,40.1,2.0,12.4,88.7,82.0,87.9,55.2,0.1,0.3,1.4,446.6,76.5,54.6,313.7,1.7,528.4393162393162,-81.83931623931619,-15.486984734923343
Haryana Delhi & Chandigarh,2008,2.4,0.4,0.6,13.4,72.9,193.5,124.3,174.2,114.5,8.4,5.5,0.2,710.4,2.8,86.9,606.6,14.1,528.4393162393162,181.96068376068376,34.433600636610954
Haryana Delhi & Chandigarh,2009,4.1,5.9,5.7,11.7,17.7,15.2,106.4,63.8,160.8,2.5,1.1,0.4,395.4,10.0,35.2,346.3,4.0,528.4393162393162,-133.03931623931624,-25.17589288891333
Haryana Delhi & Chandigarh,2010,4.8,10.2,0.5,0.8,5.9,29.1,189.3,198.5,183.9,1.1,3.5,12.8,640.5,15.0,7.2,600.8,17.5,528.4393162393162,112.06068376068379,21.205970168566047
Haryana Delhi & Chandigarh,2011,0.7,26.7,6.9,8.9,28.7,94.4,85.0,127.3,133.1,0.0,0.0,0.4,512.0,27.5,44.4,439.8,0.4,528.4393162393162,-16.439316239316213,-3.11091846010021
Haryana Delhi & Chandigarh,2012,8.2,0.2,0.1,11.8,3.8,5.3,68.1,196.6,90.7,2.4,0.6,3.5,391.4,8.4,15.8,360.7,6.5,528.4393162393162,-137.03931623931624,-25.932838838443793
Haryana Delhi & Chandigarh,2013,21.1,52.2,5.3,3.3,1.4,62.1,96.5,161.9,42.8,10.9,1.7,2.1,461.2,73.2,10.0,363.3,14.7,528.4393162393162,-67.23931623931622,-12.724132019137144
Haryana Delhi & Chandigarh,2014,13.0,17.3,26.8,7.5,20.3,25.9,72.3,34.8,67.3,10.5,0.2,9.6,305.5,30.3,54.6,200.2,20.3,528.4393162393162,-222.9393162393162,-42.188253104610574
Haryana Delhi & Chandigarh,2015,12.4,6.6,71.8,34.8,8.4,43.7,130.3,89.2,32.1,3.7,2.3,0.2,435.3,18.9,114.9,295.2,6.2,528.4393162393162,-93.1393162393162,-17.625357042346916
Haryana Delhi & Chandigarh,2016,0.0,1.1,20.7,0.6,26.7,35.8,159.8,133.0,14.8,5.2,0.0,1.0,398.7,1.2,48.1,343.3,6.2,528.4393162393162,-129.73931623931622,-24.551412480550695
Haryana Delhi & Chandigarh,2017,34.2,0.3,7.2,4.3,10.3,121.2,69.2,76.5,92.5,0.0,1.8,4.2,421.6,34.5,21.8,359.4,6.0,528.4393162393162,-106.83931623931619,-20.217896919488762
Punjab,1901,55.7,50.1,25.2,2.1,25.2,10.4,178.2,145.0,24.4,3.7,0.0,3.3,523.5,105.9,52.5,358.1,7.0,591.4367521367521,-67.93675213675215,-11.48673157210964
Punjab,1902,0.0,0.8,9.9,10.9,29.6,49.9,125.6,94.9,67.2,9.0,0.0,0.1,398.0,0.8,50.4,337.7,9.1,591.4367521367521,-193.43675213675215,-32.70624482464114
Punjab,1903,29.5,0.5,45.0,1.3,9.2,5.2,212.2,119.1,132.5,6.9,0.0,9.5,571.0,29.9,55.5,469.1,16.4,591.4367521367521,-20.436752136752148,-3.4554416956534952
Punjab,1904,24.2,1.7,87.8,1.2,13.8,22.0,59.9,124.0,73.8,7.4,9.8,25.9,451.5,25.9,102.9,279.7,43.1,591.4367521367521,-139.93675213675215,-23.66047622694843
Punjab,1905,53.0,40.3,24.3,0.5,2.2,19.2,122.6,50.3,111.1,1.2,0.0,9.4,434.3,93.3,27.0,303.2,10.7,591.4367521367521,-157.13675213675214,-26.568648561159915
Punjab,1906,5.3,83.1,50.5,1.5,4.7,38.3,99.4,190.5,181.5,0.5,0.0,22.2,677.5,88.4,56.6,509.8,22.7,591.4367521367521,86.06324786324785,14.551555606295546
Punjab,1907,27.3,95.4,53.1,50.7,3.3,20.2,82.8,249.0,6.8,0.4,0.0,0.0,589.2,122.6,107.2,358.9,0.4,591.4367521367521,-2.236752136752102,-0.37818957456923813
Punjab,1908,46.9,11.8,0.3,31.3,12.1,13.0,183.8,399.1,37.3,1.2,1.7,2.0,740.4,58.7,43.7,633.1,4.9,591.4367521367521,148.96324786324783,25.186674200592208
Punjab,1909,34.0,21.0,0.2,48.6,1.8,81.3,240.9,178.7,197.2,1.5,0.0,40.5,846.1,55.1,50.7,698.2,42.1,591.4367521367521,254.66324786324788,43.05840767304305
Punjab,1910,27.1,5.6,1.1,2.7,1.4,111.4,143.9,217.9,79.5,21.0,0.0,4.8,616.3,32.7,5.2,552.6,25.7,591.4367521367521,24.863247863247807,4.203872649682569
Punjab,1911,112.1,7.3,108.5,3.7,1.0,64.9,26.4,103.5,34.0,11.7,32.6,0.1,505.6,119.4,113.1,228.8,44.4,591.4367521367521,-85.83675213675212,-14.513259757132058
Punjab,1912,53.3,5.2,8.5,19.9,10.0,10.6,173.3,197.4,37.5,0.0,18.5,2.2,536.4,58.5,38.3,418.9,20.7,591.4367521367521,-55.03675213675217,-9.305602321451028
Punjab,1913,0.9,58.7,47.5,0.6,52.8,86.9,111.5,159.0,22.6,2.2,2.6,15.8,561.2,59.6,100.9,380.1,20.6,591.4367521367521,-30.236752136752102,-5.112423607006545
Punjab,1914,19.8,26.9,15.8,44.6,17.3,58.9,290.9,75.6,193.1,34.7,8.1,8.7,794.4,46.7,77.7,618.5,51.5,591.4367521367521,202.96324786324783,34.3169826917213
Punjab,1915,28.7,59.8,48.3,9.3,4.3,22.5,54.1,67.4,105.5,19.3,0.0,2.4,421.7,88.5,61.9,249.6,21.7,591.4367521367521,-169.73675213675216,-28.699053875756707
Punjab,1916,2.8,20.9,2.8,4.4,8.2,33.9,238.3,184.1,71.3,21.1,0.0,0.6,588.4,23.7,15.4,527.6,21.6,591.4367521367521,-3.0367521367521704,-0.5134534040674584
Punjab,1917,6.5,3.1,12.5,71.9,31.3,82.6,172.4,211.4,369.1,156.5,0.0,9.4,1126.7,9.6,115.7,835.5,165.9,591.4367521367521,535.2632478632479,90.50219586953978
Punjab,1918,3.1,1.2,61.4,38.5,0.6,31.9,38.7,140.5,15.5,0.2,3.5,4.5,339.6,4.4,100.5,226.5,8.3,591.4367521367521,-251.83675213675212,-42.580504378010374
Punjab,1919,81.4,12.3,11.1,4.9,11.9,6.4,202.0,137.0,46.2,0.4,3.3,32.9,549.9,93.7,27.9,391.7,36.5,591.4367521367521,-41.53675213675217,-7.023025198668755
Punjab,1920,25.7,18.3,21.3,0.6,20.0,42.7,148.0,81.3,23.3,0.4,0.0,1.5,383.1,44.0,41.9,295.3,1.9,591.4367521367521,-208.33675213675212,-35.225533649045275
Punjab,1921,19.3,3.9,0.7,0.7,1.0,19.9,116.8,113.9,46.6,27.0,0.0,20.5,370.4,23.2,2.5,297.2,47.6,591.4367521367521,-221.03675213675217,-37.372846942329346
Punjab,1922,23.8,14.0,3.1,3.0,1.7,65.1,132.8,85.6,148.5,2.5,0.0,33.5,513.6,37.8,7.7,432.1,36.0,591.4367521367521,-77.83675213675212,-13.16062146214997
Punjab,1923,36.4,63.0,7.3,4.9,38.0,21.8,222.2,279.1,12.8,5.7,2.5,44.1,737.9,99.4,50.2,536.0,52.3,591.4367521367521,146.46324786324783,24.763974733410304
Punjab,1924,39.1,42.3,2.6,1.1,17.7,2.3,185.8,109.0,155.0,0.5,1.1,34.4,590.8,81.4,21.3,452.1,36.0,591.4367521367521,-0.6367521367521931,-0.10766191557283594
Punjab,1925,18.1,2.1,1.1,7.7,21.1,104.7,284.4,158.8,14.4,7.5,9.8,0.0,629.6,20.2,29.8,562.3,17.3,591.4367521367521,38.163247863247875,6.4526338150903
Punjab,1926,14.1,7.5,50.2,16.2,34.9,7.2,189.0,228.4,54.1,0.1,1.3,4.4,607.3,21.6,101.2,478.7,5.8,591.4367521367521,15.863247863247807,2.6821545678277197
Punjab,1927,0.7,39.8,15.7,6.6,18.1,18.6,226.1,95.2,24.8,5.5,2.3,27.7,481.0,40.5,40.4,364.7,35.5,591.4367521367521,-110.43675213675215,-18.67262251420198
Punjab,1928,25.6,21.3,6.3,10.2,2.8,34.9,92.3,120.2,58.8,1.0,27.0,36.9,437.1,46.9,19.2,306.1,64.9,591.4367521367521,-154.33675213675212,-26.095225157916186
Punjab,1929,8.9,1.1,0.0,11.5,1.7,45.6,163.3,111.6,8.5,10.2,0.0,60.6,423.0,10.0,13.2,329.0,70.8,591.4367521367521,-168.43675213675215,-28.479250152822118
Punjab,1930,25.6,27.0,6.7,13.3,7.1,55.0,258.4,57.4,91.7,1.1,0.2,13.9,557.2,52.5,27.1,462.4,15.1,591.4367521367521,-34.2367521367521,-5.788742754497589
Punjab,1931,12.6,27.1,21.1,2.0,19.4,9.5,183.8,222.1,68.8,21.8,0.0,0.5,588.6,39.6,42.5,484.2,22.3,591.4367521367521,-2.836752136752125,-0.4796374466928985
Punjab,1932,19.0,13.2,28.8,7.3,11.6,19.9,190.7,136.1,32.0,1.5,0.3,29.9,490.3,32.2,47.7,378.7,31.6,591.4367521367521,-101.13675213675214,-17.100180496285304
Punjab,1933,6.2,26.4,35.7,7.2,25.7,37.1,180.0,327.3,202.7,8.4,2.9,0.9,860.6,32.6,68.6,747.2,12.2,591.4367521367521,269.1632478632479,45.51006458269808
Punjab,1934,18.3,1.7,37.5,2.4,6.0,51.0,150.9,136.6,14.9,0.0,0.0,9.9,429.2,20.0,46.0,353.3,9.9,591.4367521367521,-162.23675213675216,-27.430955474211
Punjab,1935,73.7,40.9,12.8,44.2,2.1,8.2,203.9,144.6,45.1,2.7,11.6,8.2,598.2,114.5,59.1,401.9,22.6,591.4367521367521,6.763247863247898,1.1435285072856105
Punjab,1936,1.3,58.8,17.3,10.9,5.4,105.0,170.2,165.5,57.7,6.2,0.2,27.9,626.4,60.1,33.7,498.4,34.3,591.4367521367521,34.96324786324783,5.911578497097458
Punjab,1937,5.8,96.0,10.2,41.8,8.8,55.4,218.6,30.5,70.2,7.3,0.3,26.2,571.1,101.8,60.8,374.7,33.8,591.4367521367521,-20.336752136752125,-3.4385337169662153
Punjab,1938,77.5,22.2,1.8,9.1,3.4,112.8,102.3,85.4,5.8,9.9,0.0,0.6,430.9,99.7,14.3,306.4,10.5,591.4367521367521,-160.53675213675217,-27.143519836527307
Punjab,1939,6.2,61.0,58.1,8.3,0.8,49.8,100.5,78.6,37.9,2.6,0.0,0.0,403.7,67.2,67.2,266.8,2.6,591.4367521367521,-187.73675213675216,-31.742490039466404
Punjab,1940,36.8,45.1,13.7,2.9,6.5,60.3,159.3,179.6,27.4,0.1,0.1,0.5,532.2,81.9,23.0,426.6,0.7,591.4367521367521,-59.2367521367521,-10.015737426316612
Punjab,1941,55.3,8.5,12.4,1.0,15.2,89.5,111.4,152.1,41.0,9.8,0.0,10.2,506.3,63.8,28.6,394.0,19.9,591.4367521367521,-85.13675213675214,-14.394903906321128
Punjab,1942,27.2,57.2,15.4,19.6,13.4,52.4,253.3,256.4,131.7,5.1,0.0,39.8,871.6,84.4,48.4,693.9,44.9,591.4367521367521,280.1632478632479,47.36994223829845
Punjab,1943,55.6,1.9,7.9,7.8,9.8,29.2,130.4,132.6,46.6,0.4,0.0,0.2,422.3,57.4,25.5,338.9,0.6,591.4367521367521,-169.13675213675214,-28.597606003633047
Punjab,1944,32.3,54.6,49.5,46.5,0.6,21.8,183.8,145.8,67.2,14.6,1.6,8.4,626.9,86.9,96.7,418.7,24.7,591.4367521367521,35.46324786324783,5.996118390533838
Punjab,1945,71.4,0.0,14.5,15.9,3.2,38.3,156.9,138.6,359.8,6.0,0.5,0.2,805.3,71.4,33.6,693.6,6.7,591.4367521367521,213.8632478632478,36.15995236863439
Punjab,1946,2.6,16.1,7.0,4.2,19.3,63.1,129.5,150.5,7.4,32.0,7.6,38.7,478.1,18.7,30.6,350.5,78.3,591.4367521367521,-113.33675213675212,-19.162953896132983
Punjab,1947,23.2,14.5,9.4,0.0,5.4,3.5,57.4,177.4,270.8,3.0,0.0,36.3,600.9,37.7,14.8,509.1,39.3,591.4367521367521,9.46324786324783,1.6000439318420534
Punjab,1948,19.9,53.1,66.5,6.7,2.2,11.2,195.7,209.6,38.3,0.6,0.3,16.2,620.2,73.0,75.3,454.8,17.2,591.4367521367521,28.763247863247898,4.863283818486352
Punjab,1949,9.3,58.4,4.8,5.2,9.8,26.9,320.0,93.7,51.0,1.4,0.0,4.5,584.9,67.7,19.8,491.5,5.9,591.4367521367521,-6.53675213675217,-1.105232658122122
Punjab,1950,53.1,25.4,50.1,2.4,8.1,14.1,209.2,232.3,396.8,0.4,0.0,0.1,992.0,78.5,60.5,852.4,0.6,591.4367521367521,400.56324786324785,67.72714857777886
Punjab,1951,23.9,4.3,53.5,10.4,21.5,5.1,207.8,122.2,12.5,1.9,34.5,1.9,499.5,28.2,85.3,347.6,38.3,591.4367521367521,-91.93675213675215,-15.544646457055903
Punjab,1952,19.7,20.4,34.0,0.7,6.4,59.8,137.0,282.3,1.7,0.1,0.1,3.8,565.9,40.1,41.1,480.8,4.0,591.4367521367521,-25.53675213675217,-4.317748608704579
Punjab,1953,47.1,1.5,0.0,8.2,2.2,54.3,262.7,153.3,72.1,0.5,0.4,9.3,611.5,48.6,10.4,542.3,10.2,591.4367521367521,20.063247863247852,3.3922896726933236
Punjab,1954,30.8,92.2,9.5,0.1,2.4,27.6,181.8,45.7,226.5,16.6,0.0,0.0,633.2,123.0,11.9,481.6,16.6,591.4367521367521,41.7632478632479,7.0613210478322435
Punjab,1955,33.0,3.6,24.9,20.5,18.6,38.0,148.7,169.7,144.2,370.3,0.0,2.6,973.9,36.5,64.0,500.6,372.8,591.4367521367521,382.46324786324783,64.66680443538189
Punjab,1956,21.6,6.8,45.3,5.1,0.7,53.5,236.5,208.7,26.7,140.1,0.2,5.3,750.4,28.4,51.2,525.3,145.6,591.4367521367521,158.96324786324783,26.87747206931982
Punjab,1957,105.0,4.0,26.6,10.6,10.8,19.5,197.5,167.4,106.1,17.2,10.3,35.5,710.5,109.1,47.9,490.5,63.1,591.4367521367521,119.06324786324785,20.131188573096658
Punjab,1958,9.5,3.5,6.9,4.4,0.4,28.0,186.2,128.4,372.3,43.4,0.0,45.0,828.0,13.0,11.7,714.8,88.5,591.4367521367521,236.56324786324785,39.99806353064607
Punjab,1959,43.3,21.4,10.0,4.8,20.3,21.5,188.0,210.1,133.9,24.0,21.9,0.5,699.8,64.7,35.2,553.5,46.4,591.4367521367521,108.3632478632478,18.322034853558108
Punjab,1960,14.2,0.1,33.3,4.7,4.0,44.1,243.1,234.1,8.6,0.5,0.0,20.3,606.9,14.3,42.0,529.9,20.8,591.4367521367521,15.46324786324783,2.614522653078619
Punjab,1961,51.7,39.5,3.0,14.2,4.6,43.0,216.1,199.3,87.0,22.8,2.8,6.1,690.1,91.2,21.8,545.4,31.7,591.4367521367521,98.66324786324788,16.68196092089234
Punjab,1962,39.6,14.2,43.2,4.2,4.7,26.0,167.5,126.8,321.2,0.5,14.8,6.7,769.3,53.8,52.1,641.5,22.0,591.4367521367521,177.8632478632478,30.073080041214993
Punjab,1963,0.4,14.5,34.3,3.0,12.7,31.3,116.7,199.4,42.6,0.6,7.0,13.6,476.2,14.9,50.0,390.0,21.3,591.4367521367521,-115.23675213675216,-19.484205491191236
Punjab,1964,11.0,5.7,3.9,5.2,19.2,10.2,359.3,189.8,95.0,0.0,0.0,9.6,708.8,16.7,28.2,654.3,9.6,591.4367521367521,117.3632478632478,19.843752935412954
Punjab,1965,13.1,23.9,15.3,21.3,34.3,1.6,192.6,91.6,14.2,10.4,4.5,0.5,423.2,37.0,70.9,300.0,15.3,591.4367521367521,-168.23675213675216,-28.445434195447568
Punjab,1966,0.2,38.9,18.5,3.6,37.6,85.1,109.8,200.0,132.6,9.5,0.0,2.3,638.2,39.1,59.6,527.5,11.9,591.4367521367521,46.7632478632479,7.906719982196049
Punjab,1967,0.2,13.1,84.8,1.8,1.1,14.7,211.6,197.8,61.5,14.2,1.9,77.6,680.4,13.3,87.8,485.6,93.6,591.4367521367521,88.96324786324783,15.04188698822655
Punjab,1968,24.7,30.5,32.7,2.1,1.6,42.6,239.4,142.1,0.5,11.7,0.5,7.8,536.2,55.2,36.4,424.6,20.0,591.4367521367521,-55.2367521367521,-9.339418278825569
Punjab,1969,14.2,21.7,24.4,12.0,17.2,10.8,145.9,122.9,120.9,1.1,3.7,0.0,494.8,35.9,53.6,400.5,4.9,591.4367521367521,-96.63675213675214,-16.339321455357876
Punjab,1970,40.1,20.6,7.3,0.3,12.8,119.8,75.4,260.7,109.4,4.2,0.0,0.0,650.6,60.7,20.3,565.3,4.2,591.4367521367521,59.163247863247875,10.00330933941828
Punjab,1971,5.2,42.0,3.3,11.8,42.6,99.0,251.4,255.9,27.2,1.6,8.1,0.0,748.0,47.2,57.6,633.5,9.6,591.4367521367521,156.56324786324785,26.471680580825197
Punjab,1972,9.1,31.9,10.8,6.5,0.1,23.8,192.9,132.3,26.1,7.9,19.6,10.1,470.9,40.9,17.4,375.1,37.5,591.4367521367521,-120.53675213675217,-20.38032836161687
Punjab,1973,26.0,32.4,8.2,1.8,41.2,111.4,170.5,256.3,43.3,19.6,0.0,32.4,743.1,58.4,51.2,581.5,51.9,591.4367521367521,151.66324786324788,25.643189625148672
Punjab,1974,3.2,2.0,3.1,1.3,6.9,71.0,136.7,101.3,14.4,0.6,0.0,15.8,356.2,5.1,11.3,323.4,16.3,591.4367521367521,-235.23675213675216,-39.77377991592255
Punjab,1975,21.1,20.4,20.0,1.3,3.3,60.0,230.6,195.1,148.8,5.2,0.0,0.0,705.9,41.4,24.7,634.5,5.3,591.4367521367521,114.46324786324783,19.353421553481954
Punjab,1976,29.2,53.7,22.7,9.4,12.5,63.1,195.3,318.7,85.1,4.4,0.0,0.5,794.7,82.8,44.6,662.2,5.0,591.4367521367521,203.2632478632479,34.36770662778314
Punjab,1977,37.7,0.5,1.0,37.1,41.9,62.3,208.1,175.9,120.1,6.6,0.4,21.1,712.6,38.2,80.0,566.4,28.0,591.4367521367521,121.16324786324788,20.486256125529458
Punjab,1978,4.1,30.0,65.1,2.8,1.9,99.2,229.4,231.6,45.7,2.3,8.1,0.5,720.6,34.2,69.7,605.8,10.9,591.4367521367521,129.16324786324788,21.838894420511547
Punjab,1979,25.9,71.9,45.7,6.8,22.2,37.3,147.5,46.6,45.1,2.0,7.8,5.1,464.0,97.8,74.8,276.5,14.9,591.4367521367521,-127.43675213675215,-21.54697889103892
Punjab,1980,19.4,12.4,24.3,3.7,1.4,53.5,316.7,122.2,39.1,11.6,16.2,41.2,661.7,31.7,29.3,531.6,69.1,591.4367521367521,70.2632478632479,11.88009497370593
Punjab,1981,48.1,20.6,53.8,2.2,9.6,21.7,215.5,58.3,23.0,0.3,50.7,0.0,503.7,68.7,65.5,318.5,51.0,591.4367521367521,-87.73675213675216,-14.83451135219031
Punjab,1982,35.8,27.7,87.5,49.9,57.2,17.0,83.5,172.7,3.7,4.0,9.8,22.6,571.3,63.5,194.6,276.9,36.3,591.4367521367521,-20.136752136752193,-3.4047177595916747
Punjab,1983,65.3,26.7,27.4,113.2,48.2,26.6,151.9,208.1,69.7,12.2,0.0,1.7,751.1,92.0,188.8,456.3,13.9,591.4367521367521,159.66324786324788,26.995827920130754
Punjab,1984,2.4,67.2,13.9,9.3,1.3,50.2,220.2,214.5,125.7,0.2,0.6,4.9,710.5,69.6,24.5,610.7,5.7,591.4367521367521,119.06324786324785,20.131188573096658
Punjab,1985,4.8,0.9,3.6,21.2,6.2,55.7,269.5,243.3,51.9,50.2,0.6,45.1,752.9,5.7,31.0,620.4,95.8,591.4367521367521,161.46324786324783,27.300171536501715
Punjab,1986,0.7,42.1,24.6,18.9,32.3,92.2,156.4,153.0,55.1,16.0,9.5,11.2,611.9,42.8,75.7,456.7,36.7,591.4367521367521,20.46324786324783,3.4599215874424236
Punjab,1987,23.1,30.8,23.3,14.9,98.3,44.7,44.1,82.2,10.5,34.1,0.2,3.3,409.6,54.0,136.4,181.5,37.6,591.4367521367521,-181.83675213675212,-30.74491929691711
Punjab,1988,5.0,22.5,86.4,3.3,3.6,42.7,356.1,234.3,434.1,0.4,0.7,33.5,1222.6,27.5,93.3,1067.2,34.6,591.4367521367521,631.1632478632478,106.71694743063753
Punjab,1989,45.7,4.1,17.6,1.7,4.9,39.6,164.1,151.9,20.7,0.3,8.0,21.8,480.3,49.8,24.2,376.2,30.1,591.4367521367521,-111.13675213675214,-18.79097836501291
Punjab,1990,1.9,57.7,32.7,4.2,13.8,18.6,200.3,188.8,194.4,0.6,5.6,36.1,754.7,59.7,50.7,602.0,42.2,591.4367521367521,163.2632478632479,27.6045151528727
Punjab,1991,0.1,39.8,16.0,34.8,10.8,73.5,86.8,144.3,41.7,1.0,0.2,26.8,475.9,39.9,61.7,346.3,28.0,591.4367521367521,-115.53675213675217,-19.534929427253065
Punjab,1992,38.8,34.2,11.9,2.2,8.6,24.7,144.5,146.5,50.0,3.2,13.0,0.5,478.2,73.0,22.7,365.7,16.8,591.4367521367521,-113.23675213675216,-19.146045917445715
Punjab,1993,8.5,12.7,29.5,9.4,13.3,38.7,352.6,17.4,98.4,0.3,2.1,0.0,583.1,21.2,52.3,507.2,2.4,591.4367521367521,-8.336752136752125,-1.4095762744930838
Punjab,1994,27.6,23.3,2.8,6.4,7.2,29.5,167.4,222.2,89.0,0.4,0.0,5.1,580.9,50.9,16.5,508.0,5.5,591.4367521367521,-10.53675213675217,-1.7815518056131654
Punjab,1995,50.8,56.0,17.2,8.8,1.3,51.0,160.0,375.5,145.6,1.3,1.4,0.3,869.1,106.8,27.3,732.0,2.9,591.4367521367521,277.6632478632479,46.94724277111655
Punjab,1996,32.7,38.9,19.0,2.8,3.7,118.6,87.9,194.1,72.4,18.8,0.0,0.7,589.7,71.6,25.5,473.0,19.6,591.4367521367521,-1.7367521367521022,-0.2936496811328576
Punjab,1997,14.5,5.4,8.9,35.8,30.4,55.3,144.1,261.5,24.3,39.0,28.8,42.1,690.1,19.9,75.1,485.1,110.0,591.4367521367521,98.66324786324788,16.68196092089234
Punjab,1998,2.8,55.8,25.5,19.1,2.7,42.4,160.6,90.1,139.5,49.9,0.0,0.2,588.6,58.7,47.3,432.6,50.1,591.4367521367521,-2.836752136752125,-0.4796374466928985
Punjab,1999,43.4,5.6,4.3,0.0,22.6,35.6,139.6,82.0,30.7,0.5,0.1,0.2,364.4,49.0,26.8,287.9,0.7,591.4367521367521,-227.03675213675217,-38.38732566356591
Punjab,2000,25.4,26.6,6.9,1.3,15.3,50.1,164.8,70.0,42.0,0.0,0.7,2.2,405.3,52.0,23.5,326.9,2.9,591.4367521367521,-186.13675213675214,-31.471962380469982
Punjab,2001,8.0,2.1,6.2,24.5,36.9,93.8,173.9,69.5,19.9,1.5,0.9,3.8,441.0,10.1,67.5,357.1,6.2,591.4367521367521,-150.43675213675215,-25.43581398911242
Punjab,2002,2.4,6.6,6.8,3.3,20.8,24.7,50.4,58.4,95.0,2.6,0.0,3.7,274.7,9.0,31.0,228.4,6.3,591.4367521367521,-316.73675213675216,-53.55378254605257
Punjab,2003,10.6,56.4,19.4,3.0,3.9,40.7,136.7,94.7,52.2,0.0,2.2,5.0,424.6,67.0,26.2,324.3,7.1,591.4367521367521,-166.83675213675212,-28.208722493825693
Punjab,2004,32.4,5.7,0.0,15.5,27.2,48.8,52.1,124.2,8.9,31.2,0.8,5.0,351.7,38.0,42.7,234.0,37.0,591.4367521367521,-239.73675213675216,-40.534638956849975
Punjab,2005,35.8,60.3,28.6,8.4,5.2,34.6,176.7,95.3,106.7,0.4,0.0,0.0,552.0,96.1,42.2,413.4,0.4,591.4367521367521,-39.43675213675215,-6.667957646235953
Punjab,2006,15.0,3.7,46.1,1.3,32.1,73.0,220.3,90.8,120.7,24.6,13.4,6.7,647.7,18.7,79.5,504.8,44.7,591.4367521367521,56.2632478632479,9.512977957487276
Punjab,2007,1.2,68.8,48.2,10.0,5.9,64.4,95.1,215.4,73.7,0.6,0.9,10.6,594.8,70.0,64.1,448.6,12.1,591.4367521367521,3.363247863247807,0.5686572319182078
Punjab,2008,12.0,4.1,0.0,19.7,40.6,155.5,101.9,312.2,59.8,9.9,0.6,0.9,717.1,16.1,60.3,629.3,11.4,591.4367521367521,125.66324786324788,21.247115166456883
Punjab,2009,9.4,14.4,10.5,14.0,5.6,10.6,158.0,76.8,54.7,4.0,2.7,0.4,361.2,23.9,30.1,300.1,7.1,591.4367521367521,-230.23675213675216,-38.928380981558746
Punjab,2010,3.8,13.8,1.9,0.7,6.0,41.8,143.8,96.7,112.8,4.7,1.1,24.4,451.5,17.6,8.6,395.1,30.2,591.4367521367521,-139.93675213675215,-23.66047622694843
Punjab,2011,3.5,35.6,8.2,17.8,18.9,162.9,120.9,193.5,140.2,0.0,1.0,2.6,705.2,39.2,44.9,617.5,3.6,591.4367521367521,113.7632478632479,19.235065702671033
Punjab,2012,62.6,3.2,1.9,31.1,1.6,11.9,120.2,135.1,112.3,2.2,0.4,11.0,493.6,65.8,34.7,379.6,13.6,591.4367521367521,-97.83675213675212,-16.54221719960519
Punjab,2013,9.3,50.1,11.6,3.4,3.6,120.3,117.9,217.1,24.4,16.2,6.1,6.6,586.6,59.4,18.6,479.7,28.9,591.4367521367521,-4.836752136752125,-0.8177970204384204
Punjab,2014,21.8,20.1,30.3,24.5,20.8,20.6,76.3,41.9,105.8,6.0,0.7,14.1,382.7,41.9,75.5,244.6,20.7,591.4367521367521,-208.73675213675216,-35.29316556379439
Punjab,2015,17.7,31.3,68.5,29.8,16.7,48.3,130.2,88.6,69.2,9.0,0.8,0.7,510.8,49.0,115.0,336.3,10.5,591.4367521367521,-80.63675213675214,-13.634044865393701
Punjab,2016,6.5,6.0,34.6,0.8,24.8,52.6,153.1,144.8,17.4,1.9,0.5,1.1,444.0,12.5,60.2,367.9,3.4,591.4367521367521,-147.43675213675215,-24.928574628494136
Punjab,2017,42.4,3.0,14.5,12.3,12.3,110.8,94.4,122.2,62.7,0.0,5.2,17.7,497.5,45.5,39.1,390.1,22.9,591.4367521367521,-93.93675213675215,-15.882806030801424
Himachal Pradesh,1901,137.8,174.5,75.0,19.2,89.6,32.7,280.5,459.7,53.0,3.9,0.0,19.1,1345.1,312.3,183.8,825.9,23.0,1256.7811965811966,88.31880341880333,7.0273810317226
Himachal Pradesh,1902,6.5,27.0,104.4,76.2,61.3,78.8,258.6,199.3,113.4,23.6,2.5,0.0,951.6,33.6,241.9,650.0,26.1,1256.7811965811966,-305.18119658119656,-24.28276277615996
Himachal Pradesh,1903,76.5,21.4,213.7,25.4,54.7,32.2,157.7,256.5,107.9,5.8,0.2,41.4,993.3,97.9,293.7,554.2,47.4,1256.7811965811966,-263.4811965811966,-20.964762784320822
Himachal Pradesh,1904,79.3,22.4,131.7,48.0,90.3,33.1,241.1,184.3,56.4,51.6,17.3,32.0,987.6,101.7,270.0,515.0,100.9,1256.7811965811966,-269.18119658119656,-21.41830235155063
Himachal Pradesh,1905,81.3,76.8,160.2,39.3,50.4,43.6,191.1,132.8,119.1,0.3,0.9,34.4,930.2,158.1,249.8,486.6,35.6,1256.7811965811966,-326.58119658119654,-25.985525361899953
Himachal Pradesh,1906,44.1,143.9,89.5,5.3,29.9,152.6,168.7,433.7,230.9,2.9,0.0,15.9,1317.5,188.0,124.7,986.0,18.8,1256.7811965811966,60.71880341880342,4.831294706188785
Himachal Pradesh,1907,124.2,145.1,144.9,73.0,34.2,23.7,95.7,200.6,18.9,14.9,0.0,0.0,875.4,269.4,252.1,338.9,14.9,1256.7811965811966,-381.3811965811966,-30.345870674916387
Himachal Pradesh,1908,38.4,76.1,12.3,181.7,43.6,46.8,225.6,287.4,43.0,2.8,7.3,22.5,987.6,114.5,237.6,602.9,32.6,1256.7811965811966,-269.18119658119656,-21.41830235155063
Himachal Pradesh,1909,111.0,82.1,25.4,31.7,19.0,107.6,292.4,234.5,105.9,17.6,0.0,49.9,1077.0,193.0,76.1,740.4,67.5,1256.7811965811966,-179.78119658119658,-14.304892297104121
Himachal Pradesh,1910,49.9,48.9,42.7,48.9,46.8,133.5,408.3,355.4,174.2,37.0,5.5,55.8,1406.9,98.8,138.4,1071.4,98.3,1256.7811965811966,150.1188034188035,11.944704760635302
Himachal Pradesh,1911,246.3,21.9,277.3,35.1,8.8,121.0,103.2,240.9,174.4,24.0,75.2,5.8,1333.8,268.1,321.3,639.5,104.9,1256.7811965811966,77.01880341880337,6.128258731775785
Himachal Pradesh,1912,95.6,34.7,55.7,60.1,54.3,36.9,357.6,346.8,126.6,1.0,26.9,11.4,1207.6,130.3,170.1,867.9,39.3,1256.7811965811966,-49.18119658119667,-3.9132664233824914
Himachal Pradesh,1913,21.3,126.6,72.4,35.5,114.6,168.0,215.4,239.0,40.3,14.1,20.3,51.8,1119.3,147.9,222.5,662.7,86.2,1256.7811965811966,-137.48119658119663,-10.939151298188158
Himachal Pradesh,1914,15.9,88.8,105.5,110.8,76.1,135.1,495.4,292.7,269.6,71.6,22.5,51.9,1735.9,104.7,292.4,1192.8,146.1,1256.7811965811966,479.1188034188035,38.122690307759484
Himachal Pradesh,1915,62.2,100.4,90.0,66.6,19.4,67.5,249.0,380.6,157.7,23.4,0.0,20.0,1236.8,162.6,176.0,854.8,43.4,1256.7811965811966,-19.981196581196627,-1.589870745643807
Himachal Pradesh,1916,10.4,75.3,33.7,41.8,35.3,238.9,275.8,254.9,118.9,86.9,0.0,0.2,1172.1,85.7,110.8,888.5,87.1,1256.7811965811966,-84.68119658119667,-6.7379426754278064
Himachal Pradesh,1917,20.4,30.0,61.8,162.9,79.8,135.1,376.3,309.8,330.3,174.4,0.0,22.7,1703.6,50.5,304.5,1151.5,197.1,1256.7811965811966,446.8188034188033,35.55263276012388
Himachal Pradesh,1918,21.2,22.3,171.2,103.4,14.3,135.6,200.6,208.9,21.5,7.9,51.0,26.9,984.7,43.4,288.9,566.6,85.8,1256.7811965811966,-272.08119658119654,-21.649050552421933
Himachal Pradesh,1919,141.3,47.4,75.6,60.4,43.5,80.1,417.3,227.8,66.5,0.7,9.8,42.9,1213.1,188.6,179.4,791.7,53.3,1256.7811965811966,-43.68119658119667,-3.4756405251782883
Himachal Pradesh,1920,53.0,58.1,126.1,32.8,109.4,55.6,385.1,168.0,76.0,3.3,0.0,17.4,1084.8,111.1,268.3,684.7,20.7,1256.7811965811966,-171.98119658119663,-13.684259205105434
Himachal Pradesh,1921,87.8,20.9,9.1,29.6,32.0,42.6,264.1,465.6,195.7,57.9,0.0,106.1,1311.2,108.7,70.6,968.0,164.0,1256.7811965811966,54.41880341880346,4.330014131882155
Himachal Pradesh,1922,106.6,57.5,68.2,87.7,13.0,106.8,425.8,508.1,274.0,14.2,6.5,50.2,1718.6,164.1,169.0,1314.7,70.9,1256.7811965811966,461.8188034188033,36.74615793704443
Himachal Pradesh,1923,113.4,151.2,51.0,27.2,93.0,64.3,320.1,512.1,125.5,60.1,17.5,85.6,1620.9,264.6,171.1,1021.9,163.2,1256.7811965811966,364.1188034188035,28.972330618035226
Himachal Pradesh,1924,50.2,135.1,63.0,26.6,86.7,26.6,419.3,345.5,418.6,12.4,14.9,61.7,1660.7,185.3,176.3,1210.0,89.0,1256.7811965811966,403.91880341880346,32.139150754131094
Himachal Pradesh,1925,86.2,61.7,33.5,65.4,86.6,167.5,450.2,388.1,48.5,33.2,88.5,0.0,1509.3,147.8,185.5,1054.3,121.6,1256.7811965811966,252.51880341880337,20.092503301746284
Himachal Pradesh,1926,52.9,48.6,179.7,86.3,114.4,23.9,349.6,422.9,127.9,4.2,25.1,14.3,1450.0,101.5,380.5,924.3,43.7,1256.7811965811966,193.21880341880342,15.374100435653693
Himachal Pradesh,1927,17.5,132.5,48.2,51.4,79.1,37.9,384.7,542.4,78.0,37.9,5.8,19.3,1435.0,150.0,178.8,1043.1,63.1,1256.7811965811966,178.21880341880342,14.180575258733136
Himachal Pradesh,1928,129.0,112.9,48.1,94.6,14.5,82.9,276.5,329.2,67.3,2.0,59.9,91.9,1308.9,241.9,157.2,756.0,153.8,1256.7811965811966,52.11880341880351,4.1470069380876735
Himachal Pradesh,1929,109.0,52.3,17.6,48.0,24.9,101.7,363.9,423.7,50.3,57.3,0.0,176.0,1424.7,161.2,90.5,939.6,233.3,1256.7811965811966,167.91880341880346,13.361021303914358
Himachal Pradesh,1930,98.8,64.1,52.7,87.7,28.2,120.8,424.5,307.0,77.7,13.0,5.2,25.7,1305.5,163.0,168.6,930.0,43.9,1256.7811965811966,48.71880341880342,3.876474564652341
Himachal Pradesh,1931,58.5,149.6,79.9,14.6,84.5,25.0,263.6,339.6,202.5,47.8,0.2,0.6,1266.3,208.1,179.0,830.7,48.5,1256.7811965811966,9.518803418803373,0.7573954356332856
Himachal Pradesh,1932,43.0,52.8,62.1,17.1,61.4,54.6,409.2,451.3,183.1,6.1,9.5,68.4,1418.9,95.9,140.7,1098.3,84.1,1256.7811965811966,162.1188034188035,12.899524902171747
Himachal Pradesh,1933,60.2,93.6,109.4,80.2,54.7,106.0,259.3,244.2,172.7,49.1,8.2,2.8,1240.4,153.8,244.3,782.2,60.2,1256.7811965811966,-16.38119658119649,-1.3034247031828627
Himachal Pradesh,1934,91.8,12.8,40.3,82.3,59.9,70.7,281.0,241.1,30.4,0.9,1.3,69.5,982.1,104.7,182.5,623.2,71.7,1256.7811965811966,-274.68119658119656,-21.855928249754832
Himachal Pradesh,1935,136.7,73.4,60.3,83.6,18.4,40.3,233.6,216.6,88.0,28.5,26.5,22.1,1027.9,210.1,162.3,578.5,77.1,1256.7811965811966,-228.8811965811965,-18.21169804289073
Himachal Pradesh,1936,11.5,111.1,118.2,61.0,42.8,193.6,240.9,173.8,107.9,9.1,0.5,87.5,1158.0,122.7,221.9,716.2,97.1,1256.7811965811966,-98.78119658119658,-7.859856341733121
Himachal Pradesh,1937,57.3,141.0,53.7,60.3,35.1,116.4,282.9,325.7,227.3,53.8,9.5,101.9,1465.0,198.3,149.1,952.3,165.2,1256.7811965811966,208.21880341880342,16.567625612574247
Himachal Pradesh,1938,175.5,124.3,48.1,38.9,11.1,125.3,211.8,156.5,16.8,6.7,6.7,5.7,927.5,299.8,98.1,510.4,19.2,1256.7811965811966,-329.2811965811966,-26.200359893745656
Himachal Pradesh,1939,56.4,112.3,97.9,47.1,9.9,103.0,201.0,110.5,108.6,30.9,0.0,0.0,877.8,168.7,155.0,523.2,30.9,1256.7811965811966,-378.9811965811966,-30.1549066466091
Himachal Pradesh,1940,64.1,79.9,69.4,60.4,56.4,103.3,321.6,220.7,84.8,1.4,2.3,24.3,1088.6,144.0,186.2,730.4,28.0,1256.7811965811966,-168.18119658119667,-13.3818994936189
Himachal Pradesh,1941,44.5,49.4,70.1,21.5,70.6,92.8,182.0,231.6,83.5,12.5,2.9,34.1,895.5,93.9,162.3,589.9,49.5,1256.7811965811966,-361.2811965811966,-28.746546937842844
Himachal Pradesh,1942,74.8,156.8,28.3,84.6,73.5,66.6,273.8,348.6,153.6,7.8,0.0,59.8,1328.3,231.6,186.4,842.7,67.6,1256.7811965811966,71.51880341880337,5.6906328335715815
Himachal Pradesh,1943,171.1,26.1,96.7,74.8,78.1,36.6,237.2,377.7,111.5,0.0,0.2,13.1,1223.1,197.2,249.6,763.0,13.3,1256.7811965811966,-33.68119658119667,-2.679957073897918
Himachal Pradesh,1944,108.3,112.5,106.2,51.0,16.9,51.0,277.4,226.7,80.2,23.9,7.2,67.4,1128.8,220.8,174.2,635.3,98.5,1256.7811965811966,-127.98119658119663,-10.183252019471805
Himachal Pradesh,1945,196.0,10.3,105.0,81.0,24.5,74.2,424.4,352.5,331.0,40.0,2.9,5.2,1646.9,206.3,210.4,1182.0,48.2,1256.7811965811966,390.1188034188035,31.04110759136419
Himachal Pradesh,1946,45.2,85.9,77.9,42.0,56.6,159.3,462.3,379.1,41.1,79.1,49.0,61.5,1539.0,131.0,176.5,1041.9,189.6,1256.7811965811966,282.2188034188034,22.455683152048987
Himachal Pradesh,1947,78.0,38.2,82.8,4.5,32.2,50.3,260.1,257.3,438.1,14.6,0.0,57.3,1313.2,116.2,119.4,1005.7,71.9,1256.7811965811966,56.41880341880346,4.489150822138229
Himachal Pradesh,1948,33.5,185.0,382.0,47.5,13.7,55.5,380.0,456.6,115.4,16.5,0.0,73.0,1758.7,218.5,443.2,1007.5,89.5,1256.7811965811966,501.91880341880346,39.93684857667873
Himachal Pradesh,1949,28.0,140.0,81.6,45.0,35.2,48.2,548.7,265.2,99.5,4.7,0.0,15.0,1310.9,168.0,161.7,961.5,19.7,1256.7811965811966,54.11880341880351,4.306143628343747
Himachal Pradesh,1950,211.0,67.0,155.0,51.7,65.1,83.6,392.8,319.3,329.8,2.2,0.0,7.0,1684.4,278.0,271.7,1125.6,9.2,1256.7811965811966,427.6188034188035,34.02492053366558
Himachal Pradesh,1951,112.3,69.4,87.4,90.4,89.1,38.8,217.3,309.3,124.5,19.3,69.6,11.1,1238.5,181.7,266.8,690.0,100.0,1256.7811965811966,-18.281196581196582,-1.4546045589261403
Himachal Pradesh,1952,86.4,82.8,191.4,35.2,66.8,146.9,198.1,371.1,26.7,12.9,2.8,42.5,1263.7,169.2,293.4,742.8,58.2,1256.7811965811966,6.9188034188034635,0.5505177383003965
Himachal Pradesh,1953,149.2,51.9,98.3,86.6,36.9,107.6,390.9,330.3,90.2,11.6,9.3,62.8,1425.7,201.1,221.8,919.1,83.7,1256.7811965811966,168.91880341880346,13.440589649042394
Himachal Pradesh,1954,196.4,271.8,87.2,13.0,52.2,47.5,336.6,348.9,293.4,46.2,7.6,16.7,1717.6,468.3,152.4,1026.4,70.5,1256.7811965811966,460.8188034188033,36.66658959191639
Himachal Pradesh,1955,165.0,42.0,141.4,87.7,114.7,86.2,320.9,337.5,194.4,413.6,0.3,15.5,1919.2,207.0,343.8,939.0,429.4,1256.7811965811966,662.4188034188035,52.707567969728665
Himachal Pradesh,1956,96.5,44.7,206.5,58.0,26.8,118.8,293.9,266.1,113.1,222.3,8.3,86.6,1541.6,141.2,291.4,791.9,317.1,1256.7811965811966,284.8188034188033,22.662560849381876
Himachal Pradesh,1957,181.0,37.9,133.8,146.4,151.9,79.0,321.3,253.9,263.7,84.5,56.3,112.9,1822.7,218.9,432.2,917.9,253.8,1256.7811965811966,565.9188034188035,45.029222664873096
Himachal Pradesh,1958,84.0,22.4,72.8,61.7,65.0,34.7,452.0,265.3,265.9,75.2,2.2,171.1,1572.3,106.4,199.4,1017.9,248.6,1256.7811965811966,315.5188034188034,25.105309044812618
Himachal Pradesh,1959,136.1,243.1,94.7,43.3,52.8,52.0,418.6,243.7,219.5,81.7,53.9,1.0,1640.3,379.2,190.8,933.8,136.5,1256.7811965811966,383.5188034188034,30.515956513519132
Himachal Pradesh,1960,82.9,0.7,134.2,66.2,20.8,78.3,355.3,226.8,72.9,7.2,3.8,66.2,1115.1,83.6,221.1,733.3,77.2,1256.7811965811966,-141.68119658119667,-11.273338347725916
Himachal Pradesh,1961,153.8,157.2,68.8,104.2,34.2,88.7,320.3,314.3,153.1,46.2,37.6,37.2,1515.5,311.0,207.1,876.3,121.0,1256.7811965811966,258.7188034188034,20.585827041540117
Himachal Pradesh,1962,45.0,102.9,82.9,102.6,55.4,86.5,242.7,255.8,303.7,5.8,66.5,43.8,1393.5,147.9,240.9,888.6,116.1,1256.7811965811966,136.71880341880342,10.878488935919599
Himachal Pradesh,1963,14.1,57.2,201.2,49.5,47.2,108.9,325.7,308.1,111.3,2.4,76.8,52.2,1354.5,71.3,297.9,854.0,131.3,1256.7811965811966,97.71880341880342,7.775323475926155
Himachal Pradesh,1964,176.6,58.8,83.6,97.7,86.8,86.2,278.9,246.8,197.1,0.1,1.8,39.6,1354.1,235.5,268.2,809.1,41.4,1256.7811965811966,97.31880341880333,7.743496137874933
Himachal Pradesh,1965,52.5,209.1,170.9,126.6,143.9,24.9,278.3,117.3,39.9,25.8,12.8,18.3,1220.4,261.6,441.4,460.4,57.0,1256.7811965811966,-36.38119658119649,-2.8947916057436034
Himachal Pradesh,1966,0.3,145.0,78.4,77.2,95.7,187.1,250.5,298.0,153.3,30.8,13.9,40.8,1371.0,145.3,251.2,888.9,85.6,1256.7811965811966,114.21880341880342,9.088201170538767
Himachal Pradesh,1967,30.8,99.1,181.5,31.4,48.1,99.3,386.3,403.3,105.7,36.9,23.8,112.4,1558.5,129.9,260.9,994.5,173.2,1256.7811965811966,301.7188034188034,24.007265882045708
Himachal Pradesh,1968,188.5,114.1,80.8,50.9,44.9,99.3,277.2,181.1,16.3,47.2,9.1,58.8,1168.2,302.6,176.6,573.8,115.2,1256.7811965811966,-88.58119658119654,-7.0482592214271405
Himachal Pradesh,1969,66.0,78.6,72.7,130.4,111.0,31.0,201.8,306.7,117.2,8.4,2.4,1.5,1127.6,144.6,314.1,656.6,12.3,1256.7811965811966,-129.18119658119667,-10.278734033625454
Himachal Pradesh,1970,116.5,39.0,37.9,7.3,43.5,163.2,223.4,280.4,164.4,6.6,0.2,0.3,1082.5,155.4,88.6,831.4,7.1,1256.7811965811966,-174.28119658119658,-13.867266398899917
Himachal Pradesh,1971,53.1,76.5,13.7,57.5,71.8,252.7,352.8,301.2,67.0,13.8,12.2,2.6,1275.1,129.6,143.1,973.7,28.6,1256.7811965811966,18.318803418803327,1.4575968727600077
Himachal Pradesh,1972,55.0,77.0,55.0,82.1,21.3,43.8,184.2,159.9,57.6,31.1,21.3,54.0,842.3,132.0,158.4,445.5,106.4,1256.7811965811966,-414.4811965811966,-32.979582898654414
Himachal Pradesh,1973,116.8,80.6,68.4,15.7,40.0,99.1,167.8,213.9,86.3,32.1,5.4,29.1,955.2,197.3,124.1,567.1,66.6,1256.7811965811966,-301.58119658119654,-23.99631673369903
Himachal Pradesh,1974,75.0,44.6,33.7,24.6,41.8,76.4,168.8,204.6,30.5,28.8,2.4,45.1,776.1,119.6,100.0,480.2,76.3,1256.7811965811966,-480.68119658119656,-38.24700734613046
Himachal Pradesh,1975,137.8,124.7,126.3,25.4,35.1,86.9,214.0,191.8,95.3,13.8,0.2,2.7,1054.1,262.5,186.8,587.9,16.8,1256.7811965811966,-202.68119658119667,-16.127007400536176
Himachal Pradesh,1976,66.7,105.5,126.6,49.1,30.1,85.5,368.9,238.0,72.6,20.2,1.7,14.6,1179.3,172.2,205.7,765.0,36.4,1256.7811965811966,-77.48119658119663,-6.1650505905059365
Himachal Pradesh,1977,85.5,4.7,12.9,97.5,87.2,86.1,339.7,236.4,197.1,18.8,9.9,69.2,1245.0,90.2,197.6,859.3,97.9,1256.7811965811966,-11.781196581196582,-0.9374103155938996
Himachal Pradesh,1978,63.7,102.6,157.9,53.5,31.1,156.1,280.0,300.1,137.7,3.6,75.9,9.0,1371.2,166.3,242.5,873.9,88.4,1256.7811965811966,114.41880341880346,9.104114839564376
Himachal Pradesh,1979,170.0,115.3,157.4,31.9,85.1,64.8,163.4,119.0,43.5,7.0,34.0,29.6,1021.0,285.2,274.4,390.7,70.7,1256.7811965811966,-235.78119658119658,-18.760719624274195
Himachal Pradesh,1980,83.2,87.1,71.7,28.5,26.1,106.8,477.1,128.8,52.5,25.3,27.3,40.5,1155.0,170.4,126.4,765.3,93.0,1256.7811965811966,-101.78119658119658,-8.098561377117232
Himachal Pradesh,1981,114.5,96.3,162.0,54.4,67.1,94.7,233.5,163.4,71.6,11.4,70.4,7.9,1147.1,210.8,283.4,563.3,89.6,1256.7811965811966,-109.68119658119667,-8.727151303628732
Himachal Pradesh,1982,187.3,147.7,228.9,146.2,152.5,58.3,160.4,170.2,31.5,42.5,21.8,75.7,1423.0,335.0,527.6,420.4,140.0,1256.7811965811966,166.21880341880342,13.225755117196691
Himachal Pradesh,1983,91.7,97.6,162.8,136.7,86.1,59.2,166.7,204.2,121.5,48.2,1.0,13.9,1189.6,189.3,385.5,551.6,63.2,1256.7811965811966,-67.18119658119667,-5.345496635687158
Himachal Pradesh,1984,24.3,134.5,38.7,68.6,14.7,105.0,194.4,192.5,121.5,10.6,25.1,38.4,968.3,158.8,122.0,613.3,74.2,1256.7811965811966,-288.4811965811966,-22.95397141252175
Himachal Pradesh,1985,70.4,23.0,36.2,65.6,54.3,54.1,301.3,252.7,118.0,127.6,2.8,88.0,1193.9,93.4,156.1,726.1,218.3,1256.7811965811966,-62.88119658119649,-5.0033527516365845
Himachal Pradesh,1986,7.3,119.3,159.4,105.3,99.1,86.4,240.9,246.9,52.4,43.4,72.7,89.5,1322.6,126.6,363.7,626.6,205.6,1256.7811965811966,65.81880341880333,5.237093266341766
Himachal Pradesh,1987,68.1,84.6,77.9,132.1,214.2,81.0,90.4,147.8,50.3,76.7,0.8,11.6,1035.6,152.7,424.2,369.6,89.1,1256.7811965811966,-221.18119658119667,-17.59902178540486
Himachal Pradesh,1988,41.6,128.3,353.9,27.2,39.3,84.0,411.3,304.7,360.2,2.2,4.9,123.5,1881.1,169.8,420.4,1160.3,130.6,1256.7811965811966,624.3188034188033,49.67601402035044
Himachal Pradesh,1989,111.0,62.5,89.2,39.4,92.5,59.7,291.1,247.3,64.9,7.3,52.9,59.4,1177.2,173.5,221.2,663.0,119.6,1256.7811965811966,-79.58119658119654,-6.332144115274807
Himachal Pradesh,1990,36.2,161.2,217.7,52.5,61.8,80.2,302.3,221.8,162.8,15.6,10.1,140.6,1462.7,197.4,332.0,767.0,166.3,1256.7811965811966,205.91880341880346,16.384618418779766
Himachal Pradesh,1991,24.0,143.1,120.6,104.5,69.7,67.1,141.6,258.3,128.5,2.2,4.3,40.9,1104.8,167.1,294.8,595.6,47.4,1256.7811965811966,-151.98119658119663,-12.092892302544694
Himachal Pradesh,1992,123.9,75.8,199.4,36.9,83.9,53.0,277.5,374.0,127.6,7.0,19.4,4.7,1383.1,199.7,320.1,832.2,31.1,1256.7811965811966,126.31880341880333,10.050978146588006
Himachal Pradesh,1993,109.2,69.7,164.1,20.6,56.7,70.9,386.9,89.1,143.1,0.3,17.7,0.0,1128.3,178.8,241.5,690.0,18.0,1256.7811965811966,-128.48119658119663,-10.223036192035824
Himachal Pradesh,1994,88.7,124.7,29.0,131.3,65.5,114.2,367.0,311.0,92.7,8.5,0.1,77.6,1410.2,213.4,225.8,884.8,86.2,1256.7811965811966,153.41880341880346,12.207280299557821
Himachal Pradesh,1995,61.5,140.0,96.7,85.8,44.2,66.5,332.4,345.1,284.5,5.4,13.9,17.7,1493.9,201.5,226.7,1028.6,37.1,1256.7811965811966,237.1188034188035,18.867150786774527
Himachal Pradesh,1996,118.6,117.8,112.5,50.6,68.5,173.7,210.6,348.3,138.5,38.3,0.6,6.4,1384.4,236.4,231.6,871.1,45.3,1256.7811965811966,127.61880341880351,10.15441699525447
Himachal Pradesh,1997,50.9,58.5,60.4,97.4,66.1,92.3,198.7,476.1,113.8,44.4,87.4,108.5,1454.5,109.3,223.8,881.0,240.3,1256.7811965811966,197.71880341880342,15.732157988729858
Himachal Pradesh,1998,13.5,133.8,139.4,71.5,41.3,152.3,210.7,239.8,251.5,119.4,5.9,2.4,1381.6,147.3,252.3,854.3,127.7,1256.7811965811966,124.81880341880333,9.93162562889595
Himachal Pradesh,1999,109.2,54.3,33.4,7.1,98.3,104.7,304.1,284.6,111.4,6.4,28.9,2.5,1144.9,163.5,138.8,804.8,37.8,1256.7811965811966,-111.88119658119649,-8.902201662910398
Himachal Pradesh,2000,118.2,119.0,68.1,25.6,79.9,198.0,265.1,126.7,50.1,0.0,10.5,6.9,1068.4,237.2,173.7,640.0,17.5,1256.7811965811966,-188.3811965811965,-14.989180065205232
Himachal Pradesh,2001,30.5,35.7,105.8,66.9,67.3,153.8,239.5,202.3,26.9,5.0,20.8,37.3,991.8,66.2,240.0,622.5,63.1,1256.7811965811966,-264.9811965811966,-21.08411530201288
Himachal Pradesh,2002,66.7,136.5,136.9,124.0,27.0,56.1,81.8,225.6,123.1,8.2,0.7,3.9,990.4,203.2,287.9,486.6,12.8,1256.7811965811966,-266.3811965811966,-21.19551098519213
Himachal Pradesh,2003,39.5,116.6,113.0,52.9,35.9,61.4,187.7,228.7,135.5,0.3,22.5,40.4,1034.5,156.1,201.9,613.3,63.2,1256.7811965811966,-222.28119658119658,-17.686546965045693
Himachal Pradesh,2004,86.2,43.0,5.9,54.7,57.6,76.1,141.3,202.5,47.6,104.7,9.3,49.4,878.5,129.3,118.3,467.5,163.5,1256.7811965811966,-378.2811965811966,-30.099208805019472
Himachal Pradesh,2005,147.8,222.9,143.3,35.2,52.4,52.6,317.2,114.2,156.3,1.8,0.3,4.5,1248.5,370.7,230.9,640.3,6.6,1256.7811965811966,-8.281196581196582,-0.6589211076457699
Himachal Pradesh,2006,102.5,38.2,137.3,44.3,68.4,104.8,260.3,274.2,92.8,17.5,26.9,51.2,1218.4,140.7,250.0,732.1,95.6,1256.7811965811966,-38.38119658119649,-3.053928295999677
Himachal Pradesh,2007,1.3,121.0,177.0,9.6,39.3,155.7,155.2,234.3,85.7,18.7,1.0,35.6,1034.5,122.3,225.9,631.0,55.4,1256.7811965811966,-222.28119658119658,-17.686546965045693
Himachal Pradesh,2008,129.9,63.2,6.3,44.4,42.9,187.3,194.9,224.7,142.6,33.9,5.3,38.9,1114.2,193.1,93.6,749.4,78.0,1256.7811965811966,-142.58119658119654,-11.34494985834114
Himachal Pradesh,2009,54.8,45.9,43.4,91.2,53.5,45.5,170.2,162.6,172.1,16.4,93.1,7.8,956.5,100.7,188.2,550.3,117.2,1256.7811965811966,-300.2811965811966,-23.892877885032583
Himachal Pradesh,2010,25.5,96.6,45.1,60.3,81.4,108.5,291.8,274.1,176.7,30.5,10.8,58.1,1259.4,122.1,186.8,851.2,99.4,1256.7811965811966,2.618803418803509,0.2083738542498409
Himachal Pradesh,2011,43.9,97.4,49.7,62.4,45.1,118.3,177.7,380.2,120.3,6.0,0.3,6.9,1108.3,141.3,157.3,796.6,13.2,1256.7811965811966,-148.48119658119663,-11.814403094596566
Himachal Pradesh,2012,92.3,51.3,28.4,55.9,9.4,31.1,241.5,280.6,133.1,3.1,3.2,21.8,951.6,143.5,93.7,686.3,28.1,1256.7811965811966,-305.18119658119656,-24.28276277615996
Himachal Pradesh,2013,79.9,182.6,76.6,28.9,32.6,233.6,208.8,240.0,65.8,21.8,16.6,24.8,1211.9,262.5,138.1,748.2,63.2,1256.7811965811966,-44.88119658119649,-3.571122539331918
Himachal Pradesh,2014,69.6,124.9,125.2,60.6,68.9,51.7,203.6,146.7,84.6,19.3,4.5,49.3,1008.7,194.5,254.6,486.6,73.0,1256.7811965811966,-248.08119658119654,-19.739410269349044
Himachal Pradesh,2015,67.2,156.6,192.5,84.9,45.0,85.8,249.9,195.9,75.5,17.7,14.5,25.0,1210.5,223.9,322.3,607.2,57.2,1256.7811965811966,-46.28119658119658,-3.6825182225111766
Himachal Pradesh,2016,18.7,38.4,114.4,47.5,70.2,101.3,194.0,272.7,56.8,5.3,0.0,2.2,921.5,57.2,232.1,624.8,7.5,1256.7811965811966,-335.2811965811966,-26.677769964513875
Himachal Pradesh,2017,157.6,46.3,57.4,88.0,62.0,123.1,216.1,273.1,103.4,0.3,6.9,48.0,1182.2,204.0,207.3,715.7,55.2,1256.7811965811966,-74.58119658119654,-5.934302389634621
Jammu & Kashmir,1901,66.4,69.3,69.6,132.2,105.8,53.4,171.7,181.3,101.8,24.1,0.0,4.4,979.9,135.6,307.6,508.2,28.5,1138.8422413793105,-158.94224137931053,-13.956475761454668
Jammu & Kashmir,1902,6.5,9.7,91.3,100.5,70.7,113.3,108.4,136.9,62.2,15.1,44.0,1.8,760.5,16.2,262.5,420.9,60.9,1138.8422413793105,-378.3422413793105,-33.22165508377005
Jammu & Kashmir,1903,96.2,21.5,238.6,58.7,57.3,18.9,332.5,218.6,176.9,10.7,15.0,41.8,1286.6,117.7,354.6,746.9,67.5,1138.8422413793105,147.7577586206894,12.974383391481192
Jammu & Kashmir,1904,110.6,17.3,145.2,64.5,67.8,25.9,182.3,132.2,62.3,50.0,24.8,99.2,982.2,128.0,277.5,402.7,174.0,1138.8422413793105,-156.64224137931046,-13.754516269926286
Jammu & Kashmir,1905,146.7,76.3,161.4,71.7,65.2,43.3,145.2,111.5,239.7,5.8,0.6,90.2,1157.7,223.0,298.4,539.7,96.7,1138.8422413793105,18.857758620689538,1.6558710184344703
Jammu & Kashmir,1906,81.0,160.4,167.2,49.3,39.4,52.2,107.0,257.4,237.0,5.3,0.0,36.9,1193.1,241.4,255.9,653.6,42.1,1138.8422413793105,54.2577586206894,4.764291018479876
Jammu & Kashmir,1907,99.6,195.8,132.2,151.0,57.0,85.9,85.1,220.3,24.9,13.9,3.1,0.8,1069.6,295.4,340.2,416.3,17.8,1138.8422413793105,-69.2422413793106,-6.0800555918480645
Jammu & Kashmir,1908,86.4,51.4,28.1,195.8,45.3,26.1,233.3,345.9,118.9,9.0,1.2,86.0,1227.3,137.7,269.1,724.3,96.2,1138.8422413793105,88.45775862068945,7.767340849032232
Jammu & Kashmir,1909,91.9,149.3,56.1,48.0,43.1,68.2,252.2,264.7,237.7,55.2,0.1,73.4,1339.9,241.2,147.2,822.9,128.7,1138.8422413793105,201.05775862068958,17.654575086464845
Jammu & Kashmir,1910,123.6,85.1,65.6,99.7,33.0,126.2,193.7,276.1,39.4,0.4,0.1,66.7,1109.4,208.7,198.3,635.4,67.1,1138.8422413793105,-29.442241379310417,-2.585278303661392
Jammu & Kashmir,1911,344.8,52.3,285.4,53.1,18.7,76.7,95.1,144.4,72.8,15.1,93.6,28.1,1280.2,397.1,357.2,389.0,136.9,1138.8422413793105,141.35775862068954,12.412409154184857
Jammu & Kashmir,1912,169.8,39.7,107.5,102.8,61.1,22.9,192.7,152.9,14.0,4.6,21.4,47.3,936.7,209.5,271.4,382.5,73.3,1138.8422413793105,-202.14224137931046,-17.749801863205004
Jammu & Kashmir,1913,68.4,141.9,95.0,81.0,54.4,99.1,152.2,173.9,24.4,12.8,33.4,63.7,1000.2,210.3,230.4,449.6,109.8,1138.8422413793105,-138.64224137931046,-12.173963727530312
Jammu & Kashmir,1914,47.8,228.9,155.4,153.7,91.9,86.1,369.9,159.3,103.3,157.3,43.0,95.6,1692.1,276.7,400.9,718.6,295.9,1138.8422413793105,553.2577586206894,48.58071983267941
Jammu & Kashmir,1915,47.4,218.3,109.7,132.3,18.2,54.4,87.7,174.6,71.7,27.6,0.0,21.9,963.9,265.8,260.2,388.4,49.5,1138.8422413793105,-174.94224137931053,-15.361411354695534
Jammu & Kashmir,1916,37.5,159.4,69.0,67.7,58.6,92.9,244.3,216.5,46.9,30.9,3.4,7.2,1034.3,196.8,195.3,600.6,41.6,1138.8422413793105,-104.54224137931055,-9.179694744435722
Jammu & Kashmir,1917,63.6,34.2,92.7,145.0,67.9,155.4,170.3,231.4,219.5,129.6,0.0,76.5,1386.1,97.8,305.6,776.7,206.0,1138.8422413793105,247.2577586206894,21.711326611947833
Jammu & Kashmir,1918,25.8,27.7,269.0,173.9,4.7,59.6,95.3,118.1,19.0,14.9,19.6,88.9,916.5,53.5,447.6,292.0,123.4,1138.8422413793105,-222.3422413793105,-19.523533049671602
Jammu & Kashmir,1919,187.7,98.3,121.6,73.3,49.5,36.9,247.2,208.5,37.7,1.4,0.3,126.8,1189.2,285.9,244.4,530.4,128.5,1138.8422413793105,50.35775862068954,4.421837967627427
Jammu & Kashmir,1920,82.9,126.4,199.8,97.2,63.3,40.2,81.2,98.1,48.0,17.3,0.8,34.7,889.9,209.2,360.4,267.5,52.8,1138.8422413793105,-248.94224137931053,-21.859238473434544
Jammu & Kashmir,1921,140.6,71.3,60.4,44.9,21.8,56.7,137.7,209.3,65.8,76.8,3.1,169.3,1057.6,211.9,127.1,469.5,249.2,1138.8422413793105,-81.2422413793106,-7.133757286778715
Jammu & Kashmir,1922,87.9,60.6,82.4,67.4,26.5,63.4,163.9,99.1,149.7,28.7,1.5,59.7,890.8,148.5,176.3,476.1,89.8,1138.8422413793105,-248.04224137931055,-21.780210846314745
Jammu & Kashmir,1923,185.9,163.2,106.9,60.9,135.7,23.8,176.7,244.9,33.0,71.4,9.3,52.6,1264.3,349.2,303.5,478.3,133.3,1138.8422413793105,125.45775862068945,11.016254408401737
Jammu & Kashmir,1924,89.2,218.7,91.6,87.6,132.2,4.0,138.2,203.9,103.2,1.3,22.3,89.8,1182.2,307.9,311.5,449.5,113.4,1138.8422413793105,43.35775862068954,3.8071786455845475
Jammu & Kashmir,1925,90.4,86.8,45.7,70.9,106.1,80.7,242.3,179.3,25.9,32.7,52.5,0.0,1013.3,177.3,222.7,528.2,85.2,1138.8422413793105,-125.54224137931055,-11.02367271056436
Jammu & Kashmir,1926,52.6,61.7,182.4,123.9,92.0,33.9,185.8,245.1,109.2,0.3,2.5,34.1,1123.6,114.4,398.3,574.0,36.9,1138.8422413793105,-15.242241379310599,-1.338397964660139
Jammu & Kashmir,1927,84.6,117.3,80.8,53.2,82.6,27.9,226.2,220.3,27.7,7.6,4.5,40.3,973.1,202.0,216.6,502.2,52.3,1138.8422413793105,-165.74224137931049,-14.553573388582034
Jammu & Kashmir,1928,142.9,192.2,125.9,109.2,18.4,46.2,115.7,177.1,121.6,1.2,102.4,138.3,1291.0,335.1,253.4,460.6,241.9,1138.8422413793105,152.1577586206895,13.360740679622438
Jammu & Kashmir,1929,121.2,66.4,40.3,53.0,42.6,60.0,182.6,266.7,20.9,60.4,2.0,186.6,1102.7,187.6,135.9,530.2,249.0,1138.8422413793105,-36.14224137931046,-3.1735950833310094
Jammu & Kashmir,1930,201.8,116.1,114.6,209.2,53.1,55.1,211.0,105.9,49.0,43.7,0.9,7.6,1168.0,317.9,376.9,421.1,52.2,1138.8422413793105,29.157758620689492,2.5602983065832743
Jammu & Kashmir,1931,124.7,142.4,47.1,35.5,109.0,11.1,205.0,192.6,30.4,43.9,7.9,5.3,955.0,267.1,191.7,439.1,57.2,1138.8422413793105,-183.8422413793105,-16.142906778435766
Jammu & Kashmir,1932,99.4,102.7,122.7,32.8,87.1,58.6,255.0,174.1,11.5,9.9,1.6,84.0,1039.4,202.1,242.6,499.2,95.5,1138.8422413793105,-99.44224137931042,-8.731871524090185
Jammu & Kashmir,1933,104.0,137.4,187.1,107.2,31.1,63.7,175.2,217.7,101.9,48.1,12.2,2.1,1187.7,241.4,325.4,558.5,62.4,1138.8422413793105,48.85775862068954,4.290125255761096
Jammu & Kashmir,1934,110.1,27.2,71.1,96.8,36.2,60.7,146.3,158.9,16.8,3.5,2.0,73.5,803.1,137.3,204.1,382.7,79.0,1138.8422413793105,-335.7422413793105,-29.481014066766242
Jammu & Kashmir,1935,193.3,95.7,129.9,145.5,20.1,44.7,154.3,183.4,30.4,19.5,48.9,19.7,1085.5,289.0,295.6,412.8,88.1,1138.8422413793105,-53.34224137931051,-4.683900846064945
Jammu & Kashmir,1936,59.9,168.9,242.1,62.4,21.8,96.0,163.6,140.2,54.7,16.7,19.9,94.7,1140.8,228.8,326.3,454.4,131.3,1138.8422413793105,1.9577586206894466,0.1719077980737968
Jammu & Kashmir,1937,67.9,160.0,91.0,80.7,19.5,32.2,133.0,73.5,57.5,88.7,14.7,121.1,939.6,227.8,191.2,296.2,224.4,1138.8422413793105,-199.24224137931049,-17.495157286930095
Jammu & Kashmir,1938,183.1,194.2,132.6,76.4,14.8,118.7,123.0,136.7,11.2,31.0,11.1,29.0,1061.7,377.3,223.7,389.6,71.0,1138.8422413793105,-77.14224137931046,-6.77374254101073
Jammu & Kashmir,1939,89.1,221.0,179.9,68.5,19.6,34.6,164.2,95.2,72.7,57.4,0.0,1.1,1003.5,310.2,268.1,366.7,58.6,1138.8422413793105,-135.3422413793105,-11.884195761424387
Jammu & Kashmir,1940,96.8,61.1,108.9,71.9,69.0,85.2,127.4,151.9,69.9,8.5,8.6,19.2,878.3,157.8,249.8,434.3,36.4,1138.8422413793105,-260.54224137931055,-22.877816778534175
Jammu & Kashmir,1941,81.7,52.5,109.6,40.1,41.3,44.0,120.2,100.8,163.2,11.4,19.9,87.0,871.6,134.2,191.0,428.1,118.3,1138.8422413793105,-267.2422413793105,-23.46613355820378
Jammu & Kashmir,1942,127.7,196.9,39.4,85.9,88.0,35.5,200.0,274.5,80.3,21.7,9.8,80.2,1239.8,324.6,213.3,590.2,111.7,1138.8422413793105,100.95775862068945,8.86494678125166
Jammu & Kashmir,1943,245.5,37.5,145.0,94.9,124.8,27.6,135.1,228.8,94.0,1.1,3.6,29.8,1167.7,283.1,364.6,485.5,34.5,1138.8422413793105,28.857758620689538,2.5339557642100123
Jammu & Kashmir,1944,114.9,142.5,98.8,72.5,26.4,37.2,193.9,183.2,51.1,18.4,37.8,74.2,1051.0,257.4,197.7,465.5,130.4,1138.8422413793105,-87.84224137931051,-7.713293218990564
Jammu & Kashmir,1945,131.7,23.0,138.2,101.8,37.8,49.8,129.7,104.1,94.3,26.1,9.5,10.3,856.2,154.7,277.8,377.8,45.8,1138.8422413793105,-282.64224137931046,-24.818384066698112
Jammu & Kashmir,1946,36.6,89.7,87.1,26.0,32.4,82.6,159.0,173.8,16.3,43.5,70.8,104.5,922.3,126.2,145.6,431.7,218.8,1138.8422413793105,-216.54224137931055,-19.01424389712179
Jammu & Kashmir,1947,64.7,81.9,68.3,5.7,61.3,39.2,130.0,182.0,177.9,14.6,8.9,79.4,914.0,146.6,135.3,529.2,102.9,1138.8422413793105,-224.8422413793105,-19.743054236115487
Jammu & Kashmir,1948,47.9,133.7,261.1,43.4,21.4,66.9,278.3,182.0,60.6,6.2,5.5,76.1,1183.1,181.6,325.9,587.8,87.9,1138.8422413793105,44.2577586206894,3.8862062727043343
Jammu & Kashmir,1949,101.3,194.0,127.7,59.1,54.9,69.2,144.6,85.1,38.6,24.0,11.0,37.5,946.9,295.3,241.6,337.5,72.4,1138.8422413793105,-191.94224137931053,-16.854155422513955
Jammu & Kashmir,1950,367.8,96.1,115.4,119.3,55.5,20.9,182.2,175.6,371.1,12.8,0.7,5.7,1523.1,463.9,290.2,749.8,19.2,1138.8422413793105,384.2577586206894,33.74108762907275
Jammu & Kashmir,1951,107.3,99.3,120.6,90.1,94.6,64.8,116.9,160.6,27.4,23.0,25.4,32.8,963.0,206.6,305.3,369.8,81.3,1138.8422413793105,-175.8422413793105,-15.440438981815333
Jammu & Kashmir,1952,88.2,94.1,199.5,42.7,62.8,77.4,175.9,216.9,19.4,1.4,16.0,75.2,1069.6,182.3,305.0,489.6,92.6,1138.8422413793105,-69.2422413793106,-6.0800555918480645
Jammu & Kashmir,1953,135.5,46.6,98.6,97.2,29.6,75.4,248.7,257.5,117.5,51.3,16.0,55.8,1229.6,182.0,225.4,699.1,123.1,1138.8422413793105,90.7577586206894,7.969300340560603
Jammu & Kashmir,1954,308.4,250.6,60.7,16.2,73.7,26.1,96.1,123.2,286.0,38.1,15.9,12.3,1307.1,559.0,150.5,531.4,66.2,1138.8422413793105,168.2577586206894,14.774457120321053
Jammu & Kashmir,1955,47.9,14.9,124.4,64.4,113.5,20.8,160.0,329.4,89.2,170.6,0.0,21.4,1156.4,62.8,302.2,599.3,192.0,1138.8422413793105,17.557758620689583,1.5417200014836538
Jammu & Kashmir,1956,136.4,63.9,180.9,115.1,18.5,113.0,356.8,292.5,49.3,134.0,2.5,57.8,1520.8,200.3,314.5,811.6,194.4,1138.8422413793105,381.95775862068945,33.53912813754438
Jammu & Kashmir,1957,184.1,144.7,110.9,222.7,144.4,73.5,143.8,203.2,29.9,113.6,86.9,62.6,1520.3,328.7,478.0,450.4,263.1,1138.8422413793105,381.45775862068945,33.4952239002556
Jammu & Kashmir,1958,38.7,85.8,116.0,101.0,91.6,34.5,253.5,265.1,229.3,25.3,16.3,93.3,1350.4,124.5,308.6,782.5,134.8,1138.8422413793105,211.55775862068958,18.576564069529162
Jammu & Kashmir,1959,113.5,120.8,114.6,33.3,57.4,19.8,454.6,243.7,243.0,47.3,85.2,17.0,1550.3,234.3,205.3,961.2,149.6,1138.8422413793105,411.45775862068945,36.12947813758223
Jammu & Kashmir,1960,48.2,9.9,144.7,47.0,29.3,23.3,202.3,183.3,34.2,1.1,4.1,39.0,766.4,58.0,221.0,443.1,44.2,1138.8422413793105,-372.44224137931053,-32.70358508376248
Jammu & Kashmir,1961,103.3,57.9,54.5,107.5,55.1,107.3,199.6,217.4,118.3,28.8,53.2,35.0,1138.2,161.2,217.2,642.7,117.1,1138.8422413793105,-0.6422413793104624,-0.056394235827836064
Jammu & Kashmir,1962,20.5,97.0,51.0,117.5,34.0,41.1,132.7,137.1,171.3,11.9,52.7,63.5,930.3,117.4,202.5,482.3,128.1,1138.8422413793105,-208.54224137931055,-18.311776100501355
Jammu & Kashmir,1963,0.0,36.4,251.8,188.9,82.4,24.8,68.4,67.0,32.9,12.8,83.5,60.2,909.2,36.4,523.1,193.1,156.5,1138.8422413793105,-229.64224137931046,-20.164534914087742
Jammu & Kashmir,1964,126.2,60.7,96.0,134.6,41.3,92.7,167.4,99.4,64.0,1.3,4.6,58.0,946.2,186.9,272.0,423.5,63.9,1138.8422413793105,-192.64224137931046,-16.915621354718237
Jammu & Kashmir,1965,62.2,138.1,99.9,179.8,153.4,32.4,83.9,62.0,16.4,26.2,33.0,25.2,912.6,200.4,433.1,194.7,84.4,1138.8422413793105,-226.24224137931049,-19.86598610052406
Jammu & Kashmir,1966,1.5,199.3,155.2,148.5,114.0,59.9,169.7,203.9,217.4,83.6,3.5,22.4,1378.9,200.9,417.6,650.9,109.5,1138.8422413793105,240.05775862068958,21.079105594989457
Jammu & Kashmir,1967,17.5,114.0,156.9,88.1,54.5,52.0,137.9,160.6,115.9,47.1,15.7,131.2,1091.3,131.5,299.5,466.3,194.0,1138.8422413793105,-47.54224137931055,-4.174611693515135
Jammu & Kashmir,1968,117.2,72.4,85.2,63.0,58.6,52.1,259.3,183.2,20.9,65.6,29.8,58.2,1065.6,189.7,206.8,515.5,153.6,1138.8422413793105,-73.2422413793106,-6.431289490158281
Jammu & Kashmir,1969,81.2,139.7,112.1,174.1,107.7,33.3,156.6,176.4,45.0,62.8,5.6,1.1,1095.6,220.9,393.9,411.3,69.5,1138.8422413793105,-43.2422413793106,-3.7970352528316558
Jammu & Kashmir,1970,51.7,44.5,94.1,36.0,37.5,79.5,67.2,99.8,84.4,57.3,0.0,4.9,657.0,96.2,167.5,331.0,62.2,1138.8422413793105,-481.8422413793105,-42.30983220254691
Jammu & Kashmir,1971,28.1,112.0,10.4,111.0,34.5,93.2,117.6,192.7,13.5,3.6,27.1,20.8,764.7,140.2,155.9,417.1,51.5,1138.8422413793105,-374.14224137931046,-32.85285949054432
Jammu & Kashmir,1972,70.2,128.5,169.3,119.5,84.1,31.8,122.4,142.8,67.5,96.7,25.8,87.1,1145.6,198.7,372.9,364.5,209.6,1138.8422413793105,6.757758620689401,0.5933884760460528
Jammu & Kashmir,1973,134.1,83.4,131.3,65.9,57.2,29.1,180.9,299.7,45.5,21.6,0.0,51.8,1100.5,217.5,254.4,555.2,73.4,1138.8422413793105,-38.34224137931051,-3.3667737274016325
Jammu & Kashmir,1974,118.1,100.6,64.3,46.2,76.0,122.3,90.1,49.1,44.0,12.0,0.6,79.2,802.6,218.7,186.5,305.5,91.9,1138.8422413793105,-336.2422413793105,-29.52491830405502
Jammu & Kashmir,1975,71.5,94.3,180.1,83.5,98.4,39.6,262.7,256.5,73.5,1.8,12.8,5.8,1180.4,165.8,362.0,632.2,20.3,1138.8422413793105,41.55775862068958,3.649123391344954
Jammu & Kashmir,1976,96.6,156.4,116.8,72.4,41.1,47.6,108.2,266.9,58.8,35.1,0.0,23.5,1023.7,253.1,230.4,481.6,58.7,1138.8422413793105,-115.14224137931046,-10.110464574957788
Jammu & Kashmir,1977,150.2,21.3,21.1,145.3,68.8,56.5,183.7,115.0,63.2,36.1,20.8,73.1,955.0,171.5,235.2,418.4,130.0,1138.8422413793105,-183.8422413793105,-16.142906778435766
Jammu & Kashmir,1978,50.2,73.0,253.6,60.6,40.4,76.7,172.0,173.4,70.1,1.1,89.7,0.8,1061.6,123.2,354.5,492.3,91.6,1138.8422413793105,-77.2422413793106,-6.782523388468498
Jammu & Kashmir,1979,65.6,98.4,228.6,58.4,147.1,51.6,103.8,115.9,71.0,7.6,89.9,39.5,1077.4,164.0,434.0,342.3,137.1,1138.8422413793105,-61.44224137931042,-5.395149490143126
Jammu & Kashmir,1980,84.1,171.6,136.8,36.1,61.4,106.9,161.9,68.7,57.8,28.0,47.3,57.1,1017.9,255.7,234.4,395.3,132.4,1138.8422413793105,-120.94224137931053,-10.619753727507609
Jammu & Kashmir,1981,146.1,131.2,227.3,88.9,76.7,72.3,216.0,90.3,26.7,15.3,37.4,7.3,1135.5,277.3,392.8,405.3,60.1,1138.8422413793105,-3.342241379310508,-0.29347711718723635
Jammu & Kashmir,1982,91.9,139.0,222.4,128.7,104.6,42.0,89.6,134.5,33.3,64.2,55.9,96.0,1202.2,230.9,455.8,299.4,216.2,1138.8422413793105,63.35775862068954,5.563348137135631
Jammu & Kashmir,1983,118.8,97.2,318.8,207.8,108.8,67.1,154.0,222.1,115.1,39.7,14.6,21.2,1485.2,216.0,635.4,558.2,75.6,1138.8422413793105,346.35775862068954,30.41314644258346
Jammu & Kashmir,1984,33.6,181.2,90.5,128.2,52.3,63.2,159.6,234.7,96.4,2.0,45.4,70.2,1157.4,214.8,271.0,553.9,117.7,1138.8422413793105,18.557758620689583,1.629528476061208
Jammu & Kashmir,1985,80.1,23.7,42.1,71.4,106.9,54.4,295.5,154.8,54.7,90.0,13.9,179.7,1167.1,103.9,220.4,559.4,283.5,1138.8422413793105,28.2577586206894,2.4812706794634676
Jammu & Kashmir,1986,20.9,110.9,235.0,163.7,72.4,63.5,230.8,217.9,36.9,45.5,164.1,159.5,1521.0,131.8,471.1,548.9,369.2,1138.8422413793105,382.1577586206895,33.556689832459895
Jammu & Kashmir,1987,45.0,150.1,140.4,134.7,234.4,125.1,71.9,128.4,47.0,122.8,0.3,15.9,1216.0,195.1,509.5,372.5,139.0,1138.8422413793105,77.15775862068949,6.775105086305874
Jammu & Kashmir,1988,78.2,155.5,280.2,46.8,39.9,76.3,413.8,165.7,308.6,5.4,7.0,93.6,1670.9,233.6,366.9,964.4,106.0,1138.8422413793105,532.0577586206896,46.71918017163528
Jammu & Kashmir,1989,74.9,78.2,134.1,114.6,139.0,69.1,293.8,114.9,39.3,40.3,50.7,67.1,1216.0,153.1,387.7,517.1,158.1,1138.8422413793105,77.15775862068949,6.775105086305874
Jammu & Kashmir,1990,110.2,206.5,309.8,98.4,28.6,69.1,193.3,133.5,115.6,38.6,10.5,259.7,1574.0,316.7,436.9,511.5,308.9,1138.8422413793105,435.1577586206895,38.21053898507027
Jammu & Kashmir,1991,71.3,216.5,176.1,233.2,93.5,75.6,162.8,204.4,148.9,10.6,5.6,50.5,1448.8,287.8,502.7,591.6,66.7,1138.8422413793105,309.95775862068945,27.21691796796048
Jammu & Kashmir,1992,161.9,91.2,194.7,86.8,110.7,44.6,168.8,306.1,226.6,22.6,36.4,27.6,1478.1,253.2,392.2,746.1,86.6,1138.8422413793105,339.2577586206894,29.789706273082817
Jammu & Kashmir,1993,114.9,123.6,233.1,31.8,106.5,93.6,324.7,63.4,84.3,13.2,54.4,0.2,1243.8,238.5,371.4,566.0,67.8,1138.8422413793105,104.95775862068945,9.216180679561877
Jammu & Kashmir,1994,139.9,133.0,82.3,136.6,99.2,107.9,344.7,329.1,88.6,32.4,2.7,236.0,1732.5,273.0,318.1,870.3,271.1,1138.8422413793105,593.6577586206895,52.1281822056126
Jammu & Kashmir,1995,101.4,210.2,129.3,124.9,74.4,56.0,408.0,241.3,140.1,38.8,45.6,49.6,1619.6,311.6,328.5,845.4,134.1,1138.8422413793105,480.7577586206894,42.21460542580673
Jammu & Kashmir,1996,127.5,115.7,213.6,85.4,125.5,182.0,136.0,441.5,52.3,96.4,25.8,18.8,1620.4,243.2,424.4,811.8,141.0,1138.8422413793105,481.5577586206896,42.284852205468795
Jammu & Kashmir,1997,68.4,55.6,164.1,144.5,89.1,81.2,126.6,270.2,75.4,77.3,84.3,59.2,1295.9,124.0,397.7,553.4,220.8,1138.8422413793105,157.05775862068958,13.791002205052461
Jammu & Kashmir,1998,75.0,297.2,185.4,192.8,75.1,59.3,161.0,131.1,97.9,49.2,1.8,0.0,1325.9,372.2,453.3,449.3,51.1,1138.8422413793105,187.05775862068958,16.425256442379084
Jammu & Kashmir,1999,183.5,56.0,91.6,24.3,47.6,51.9,133.8,145.0,84.8,3.5,68.4,0.2,890.3,239.4,163.5,415.5,72.0,1138.8422413793105,-248.54224137931055,-21.824115083603523
Jammu & Kashmir,2000,159.5,106.6,90.4,30.4,51.1,95.5,193.7,123.6,73.2,1.4,21.0,38.2,984.6,266.2,171.9,485.9,60.6,1138.8422413793105,-154.24224137931049,-13.543775930940157
Jammu & Kashmir,2001,17.4,54.3,81.7,92.8,69.6,121.7,243.9,126.7,53.9,12.7,51.6,26.4,952.7,71.7,244.1,546.3,90.6,1138.8422413793105,-186.14224137931046,-16.344866269964132
Jammu & Kashmir,2002,58.7,101.2,105.5,86.3,33.0,94.2,78.7,217.4,97.9,15.2,0.7,14.6,903.5,159.9,224.8,488.3,30.5,1138.8422413793105,-235.3422413793105,-20.665043219179804
Jammu & Kashmir,2003,26.9,267.2,170.9,117.5,111.3,41.0,136.0,185.5,126.1,13.3,33.7,81.7,1311.1,294.2,399.7,488.5,128.8,1138.8422413793105,172.2577586206894,15.125691018631269
Jammu & Kashmir,2004,176.0,70.6,21.2,118.9,87.5,95.2,118.0,77.9,40.5,73.3,23.3,42.4,944.9,246.6,227.6,331.8,138.9,1138.8422413793105,-193.94224137931053,-17.029772371669065
Jammu & Kashmir,2005,296.0,403.5,189.7,64.9,92.0,41.6,440.3,77.7,50.0,14.6,21.8,0.5,1692.7,699.5,346.6,609.7,37.0,1138.8422413793105,553.8577586206895,48.633404917425956
Jammu & Kashmir,2006,200.3,92.3,96.8,34.4,43.8,74.3,209.0,331.5,203.0,46.2,72.5,115.8,1519.8,292.5,174.9,817.8,234.5,1138.8422413793105,380.95775862068945,33.451319662966824
Jammu & Kashmir,2007,12.3,116.7,259.3,15.0,65.6,143.9,132.4,196.8,33.0,1.6,0.0,47.0,1023.5,129.0,339.8,506.1,48.6,1138.8422413793105,-115.34224137931051,-10.128026269873304
Jammu & Kashmir,2008,153.5,130.8,9.9,97.7,63.3,134.9,266.3,166.0,44.7,42.4,25.2,89.8,1224.5,284.2,170.8,612.0,157.4,1138.8422413793105,85.65775862068949,7.521477120215085
Jammu & Kashmir,2010,30.9,142.2,34.9,63.9,128.3,67.4,137.3,253.2,65.0,25.0,13.6,36.1,997.9,173.2,227.1,522.9,74.7,1138.8422413793105,-140.94224137931053,-12.375923219058693
Jammu & Kashmir,2011,43.4,211.6,97.8,89.0,32.4,72.5,81.6,131.2,72.0,19.4,12.9,23.8,887.6,254.9,219.2,357.3,56.1,1138.8422413793105,-251.24224137931049,-22.061197964962915
Jammu & Kashmir,2012,150.9,95.8,45.2,86.6,48.9,32.6,118.8,264.9,106.7,15.7,10.8,57.8,1034.7,246.7,180.7,523.0,84.3,1138.8422413793105,-104.14224137931046,-9.144571354604693
Jammu & Kashmir,2013,52.2,136.4,41.9,47.4,47.4,80.5,125.1,219.1,41.2,34.4,13.4,20.3,859.3,188.6,136.7,465.8,68.1,1138.8422413793105,-279.54224137931055,-24.546177795507703
Jammu & Kashmir,2014,75.8,64.0,153.1,76.1,52.7,25.3,100.5,134.6,362.8,32.2,14.1,2.3,1093.4,139.8,281.9,623.2,48.5,1138.8422413793105,-45.44224137931042,-3.990213896902259
Jammu & Kashmir,2015,27.9,187.2,341.4,173.3,64.6,121.4,233.2,129.2,130.2,87.1,38.1,39.3,1572.8,215.1,579.3,614.0,164.5,1138.8422413793105,433.95775862068945,38.1051688155772
Jammu & Kashmir,2016,34.5,44.4,191.4,82.0,58.4,62.9,193.0,181.8,45.1,3.3,0.0,6.1,902.8,78.8,331.8,482.7,9.4,1138.8422413793105,-236.04224137931055,-20.726509151384096
Jammu & Kashmir,2017,255.5,106.4,85.0,156.7,38.5,158.5,180.7,161.4,43.3,0.3,11.3,81.5,1278.9,361.8,280.1,543.9,93.1,1138.8422413793105,140.05775862068958,12.29825813723404
West Rajasthan,1901,6.7,0.0,1.1,0.0,6.1,3.0,79.0,59.2,1.0,2.1,0.0,0.6,158.9,6.7,7.2,142.2,2.7,294.125641025641,-135.225641025641,-45.97546835906511
West Rajasthan,1902,0.0,0.0,0.0,0.5,4.0,49.1,27.0,71.3,41.8,1.8,0.0,0.0,195.6,0.0,4.5,189.2,1.8,294.125641025641,-98.52564102564102,-33.49780749548859
West Rajasthan,1903,1.7,1.3,5.5,0.0,4.2,2.7,154.8,87.1,49.3,0.1,0.0,0.5,307.0,3.0,9.7,293.8,0.5,294.125641025641,12.874358974358984,4.377163082234178
West Rajasthan,1904,3.8,2.9,16.3,0.7,11.4,14.6,39.8,45.6,21.4,1.4,2.9,7.1,167.9,6.6,28.5,121.4,11.4,294.125641025641,-126.22564102564101,-42.91555152603544
West Rajasthan,1905,6.3,4.8,0.7,1.3,0.3,4.9,30.1,0.6,64.5,0.0,0.0,0.9,114.4,11.0,2.4,100.1,0.9,294.125641025641,-179.725641025641,-61.105057144600686
West Rajasthan,1906,0.1,39.1,7.8,0.0,0.2,19.9,53.7,58.6,87.1,0.7,0.0,2.4,269.5,39.1,8.0,219.3,3.1,294.125641025641,-24.625641025641016,-8.372490388722765
West Rajasthan,1907,0.6,24.5,6.3,7.3,6.8,12.8,52.2,242.5,0.2,0.1,0.0,0.0,353.2,25.0,20.3,307.7,0.1,294.125641025641,59.07435897435897,20.08473615845313
West Rajasthan,1908,8.5,0.2,0.0,3.8,6.6,28.4,208.9,265.8,56.8,2.0,1.0,0.0,581.9,8.6,10.4,559.9,3.0,294.125641025641,287.77435897435896,97.8406227933292
West Rajasthan,1909,1.9,6.5,0.0,23.7,2.3,29.2,158.2,73.9,114.5,0.6,0.0,15.4,426.2,8.4,25.9,375.8,16.0,294.125641025641,132.07435897435897,44.904061581915975
West Rajasthan,1910,2.2,0.2,0.0,3.6,0.3,67.3,50.5,156.6,12.2,0.5,0.0,0.0,293.2,2.3,3.9,286.5,0.5,294.125641025641,-0.9256410256410277,-0.3147093950779807
West Rajasthan,1911,2.8,0.3,37.3,1.9,0.1,26.0,3.2,14.8,44.5,5.9,2.1,0.0,138.8,3.1,39.2,88.5,8.0,294.125641025641,-155.325641025641,-52.809282619498035
West Rajasthan,1912,16.3,0.0,0.1,2.2,2.9,19.7,119.7,96.8,13.4,5.0,3.7,0.0,279.9,16.3,5.3,249.6,8.7,294.125641025641,-14.225641025641039,-4.83658649277738
West Rajasthan,1913,0.1,8.5,2.7,0.5,26.8,53.4,52.0,58.2,31.1,0.1,0.6,14.1,248.3,8.6,30.0,194.7,14.9,294.125641025641,-45.825641025641005,-15.580294484303753
West Rajasthan,1914,2.6,1.8,0.1,8.4,3.0,51.6,125.3,54.1,48.3,4.0,3.1,0.0,302.3,4.4,11.5,279.3,7.2,294.125641025641,8.174358974358995,2.779206513874245
West Rajasthan,1915,7.0,19.7,15.4,0.1,0.6,16.3,25.8,19.0,12.3,31.1,0.0,0.0,147.2,26.7,16.0,73.4,31.1,294.125641025641,-146.92564102564103,-49.95336024200368
West Rajasthan,1916,1.5,0.3,0.2,1.7,16.4,21.2,66.1,191.5,102.8,20.0,0.0,0.0,421.7,1.8,18.4,381.6,20.0,294.125641025641,127.57435897435897,43.374103165401145
West Rajasthan,1917,1.3,1.2,1.1,12.2,56.8,73.9,97.1,243.4,203.0,78.3,0.0,0.5,768.8,2.5,70.2,617.3,78.9,294.125641025641,474.67435897435894,161.38489569257862
West Rajasthan,1918,0.4,0.0,2.7,0.5,0.7,5.6,5.1,40.8,5.9,0.2,0.2,0.1,62.3,0.4,4.0,57.4,0.5,294.125641025641,-231.825641025641,-78.8185757002502
West Rajasthan,1919,13.7,1.6,0.7,5.4,7.2,1.1,95.7,151.9,21.3,0.0,4.4,2.0,305.0,15.3,13.3,270.0,6.4,294.125641025641,10.874358974358984,3.6971815637831416
West Rajasthan,1920,2.7,1.5,0.9,1.5,49.2,60.3,94.7,37.2,0.6,0.0,0.0,0.0,248.7,4.2,51.6,192.8,0.0,294.125641025641,-45.42564102564103,-15.444298180613552
West Rajasthan,1921,0.1,0.0,0.0,0.0,0.0,4.3,119.2,46.7,46.6,0.6,0.1,0.4,218.0,0.1,0.0,216.8,1.1,294.125641025641,-76.12564102564102,-25.88201448883697
West Rajasthan,1922,0.4,0.6,0.0,0.8,4.6,18.1,90.8,33.9,91.7,1.5,0.0,2.5,244.8,1.0,5.4,234.5,4.0,294.125641025641,-49.325641025641005,-16.77026214159307
West Rajasthan,1923,3.3,4.9,0.7,0.4,9.6,7.8,118.9,118.3,4.7,0.4,0.0,4.4,273.4,8.2,10.7,249.8,4.8,294.125641025641,-20.72564102564104,-7.046526427743251
West Rajasthan,1924,4.4,2.2,0.1,0.5,8.6,11.5,86.0,68.8,103.6,0.9,0.3,10.1,297.1,6.6,9.3,270.0,11.3,294.125641025641,2.9743589743590064,1.011254565901553
West Rajasthan,1925,0.0,0.0,0.0,0.0,8.2,62.6,71.7,20.0,4.5,0.8,1.8,0.0,169.7,0.0,8.2,158.8,2.6,294.125641025641,-124.42564102564103,-42.30356815942952
West Rajasthan,1926,5.4,0.3,19.4,0.8,21.4,4.0,95.6,179.4,113.6,0.0,0.0,0.3,440.2,5.7,41.6,392.6,0.3,294.125641025641,146.07435897435897,49.66393221107324
West Rajasthan,1927,0.0,7.7,0.0,0.1,5.4,12.4,135.7,124.8,23.7,4.1,0.4,18.2,332.5,7.7,5.5,296.6,22.7,294.125641025641,38.374358974358984,13.0469274424849
West Rajasthan,1928,0.4,0.8,1.0,2.0,2.1,10.2,79.9,140.4,16.8,14.7,3.3,0.5,272.0,1.2,5.2,247.3,18.5,294.125641025641,-22.125641025641016,-7.5225134906589695
West Rajasthan,1929,2.3,0.0,0.0,1.8,12.2,11.1,163.5,103.8,3.9,0.3,0.0,4.4,303.3,2.3,14.0,282.3,4.7,294.125641025641,9.174358974358995,3.119197273099764
West Rajasthan,1930,2.5,1.2,0.7,1.8,16.7,47.1,100.3,45.2,8.1,6.3,0.1,0.0,230.1,3.7,19.2,200.7,6.4,294.125641025641,-64.02564102564102,-21.768126302208195
West Rajasthan,1931,0.1,1.1,1.3,0.0,12.1,10.2,73.5,270.7,9.3,16.8,0.0,0.2,395.4,1.2,13.4,363.7,17.0,294.125641025641,101.27435897435896,34.43234619777001
West Rajasthan,1932,0.7,0.2,6.3,1.8,4.4,10.8,118.6,115.5,6.2,0.0,0.0,0.6,265.3,0.9,12.5,251.2,0.6,294.125641025641,-28.825641025641005,-9.80045157746994
West Rajasthan,1933,0.0,7.6,4.0,13.0,15.3,46.4,46.1,211.3,31.9,0.5,0.1,0.0,376.4,7.7,32.3,335.8,0.6,294.125641025641,82.27435897435896,27.972521772485155
West Rajasthan,1934,0.8,0.0,8.2,0.2,1.6,60.7,46.8,185.3,16.4,0.0,0.0,2.4,322.4,0.8,10.0,309.2,2.4,294.125641025641,28.27435897435896,9.613020774307156
West Rajasthan,1935,9.2,2.7,2.5,8.4,0.8,4.1,137.4,38.2,47.2,4.5,0.7,1.0,256.6,11.9,11.6,227.0,6.2,294.125641025641,-37.525641025640994,-12.758371182731945
West Rajasthan,1936,0.1,4.6,1.8,0.3,0.4,56.6,33.3,119.0,37.7,0.0,9.6,2.0,265.5,4.7,2.4,246.7,11.6,294.125641025641,-28.625641025641016,-9.732453425624838
West Rajasthan,1937,0.0,25.5,0.7,1.9,1.2,17.5,171.8,1.1,60.4,0.7,0.0,11.6,292.5,25.5,3.9,250.9,12.3,294.125641025641,-1.6256410256410163,-0.5527029265358396
West Rajasthan,1938,2.1,0.5,0.0,0.6,4.3,52.6,75.5,45.1,1.6,1.1,0.0,0.1,183.5,2.6,4.9,174.8,1.2,294.125641025641,-110.62564102564102,-37.61169568211736
West Rajasthan,1939,0.3,25.0,7.8,0.2,0.3,22.3,15.9,53.5,12.1,0.0,0.0,0.0,137.4,25.3,8.3,103.8,0.0,294.125641025641,-156.725641025641,-53.28526968241376
West Rajasthan,1940,18.1,8.5,6.8,1.2,2.2,34.5,55.7,160.4,2.9,1.4,0.7,0.0,292.4,26.6,10.2,253.5,2.1,294.125641025641,-1.725641025641039,-0.5867020024583993
West Rajasthan,1941,8.7,0.5,1.2,0.0,10.2,21.9,74.0,86.3,18.6,0.4,0.0,2.8,224.8,9.2,11.5,200.9,3.2,294.125641025641,-69.325641025641,-23.57007732610344
West Rajasthan,1942,3.6,12.2,0.0,3.7,16.4,19.4,124.3,80.5,75.2,0.3,0.0,3.3,338.9,15.9,20.2,299.3,3.5,294.125641025641,44.77435897435896,15.22286830152821
West Rajasthan,1943,1.5,0.0,0.1,2.0,1.0,20.8,195.2,22.3,52.3,0.0,0.0,0.3,295.6,1.5,3.1,290.7,0.3,294.125641025641,1.4743589743590064,0.5012684270632753
West Rajasthan,1944,14.2,5.7,9.7,11.2,0.9,15.1,137.0,325.3,4.7,1.1,0.0,0.1,525.1,19.8,21.8,482.2,1.3,294.125641025641,230.974358974359,78.52914766931977
West Rajasthan,1945,18.3,0.0,0.6,6.1,15.0,40.9,174.5,73.0,35.1,0.4,0.0,0.0,364.0,18.3,21.8,323.5,0.5,294.125641025641,69.87435897435898,23.756636358088734
West Rajasthan,1946,0.0,1.1,0.0,0.0,3.0,45.5,41.7,117.0,10.1,1.0,0.0,3.6,223.1,1.1,3.0,214.3,4.7,294.125641025641,-71.02564102564102,-24.148061616786826
West Rajasthan,1947,2.5,1.5,0.2,0.0,0.7,0.6,18.3,140.5,82.4,5.7,0.0,0.8,253.2,4.0,0.9,241.7,6.5,294.125641025641,-40.92564102564103,-13.91433976409872
West Rajasthan,1948,21.4,15.4,6.7,0.1,0.8,6.0,111.3,57.5,11.9,1.2,0.3,0.9,233.5,36.8,7.6,186.7,2.4,294.125641025641,-60.625641025641016,-20.61215772084143
West Rajasthan,1949,1.8,2.9,0.0,0.1,3.6,20.5,123.1,42.8,28.5,1.2,0.0,0.2,224.8,4.7,3.8,214.8,1.4,294.125641025641,-69.325641025641,-23.57007732610344
West Rajasthan,1950,1.4,0.3,1.7,0.0,1.9,6.6,131.5,64.8,70.1,0.0,0.0,0.0,278.3,1.7,3.6,273.0,0.0,294.125641025641,-15.825641025641005,-5.3805717075381985
West Rajasthan,1951,0.1,0.0,6.4,5.1,16.4,20.2,33.6,83.3,0.8,0.2,13.8,0.0,179.8,0.1,27.9,137.9,13.9,294.125641025641,-114.325641025641,-38.869661491251776
West Rajasthan,1952,0.0,3.7,0.5,0.4,2.0,20.6,156.9,81.6,0.8,0.2,0.3,0.2,267.1,3.7,2.9,259.9,0.6,294.125641025641,-27.025641025640994,-9.188468210864002
West Rajasthan,1953,5.9,0.0,0.0,0.8,6.5,15.7,70.9,180.5,23.6,0.1,0.0,0.3,304.4,5.9,7.3,290.7,0.5,294.125641025641,10.274358974358961,3.493187108247823
West Rajasthan,1954,1.6,13.4,0.6,0.0,0.8,16.2,97.0,35.6,82.3,2.0,1.0,0.0,250.4,15.0,1.4,231.1,3.0,294.125641025641,-43.72564102564101,-14.866313889930167
West Rajasthan,1955,2.4,2.1,3.3,0.9,8.7,22.6,7.7,230.6,91.7,21.0,0.0,0.3,391.3,4.6,12.9,352.5,21.3,294.125641025641,97.174358974359,33.03838408494539
West Rajasthan,1956,3.1,0.2,6.1,1.0,0.1,20.6,208.0,76.4,12.1,45.1,0.0,1.4,374.2,3.3,7.3,317.1,46.5,294.125641025641,80.07435897435897,27.22454210218902
West Rajasthan,1957,19.7,0.0,5.1,0.2,15.3,28.9,78.3,104.7,5.4,2.3,5.9,1.5,267.1,19.7,20.5,217.2,9.6,294.125641025641,-27.025641025640994,-9.188468210864002
West Rajasthan,1958,2.2,0.0,0.3,0.4,3.2,15.5,69.2,25.0,123.6,4.5,14.7,5.5,264.1,2.2,3.8,233.3,24.7,294.125641025641,-30.025641025640994,-10.208440488540557
West Rajasthan,1959,0.7,2.8,0.8,5.0,8.7,15.1,119.2,77.3,94.6,6.1,5.1,0.0,335.3,3.5,14.5,306.1,11.2,294.125641025641,41.174358974358995,13.998901568316354
West Rajasthan,1960,0.2,0.0,3.0,0.2,1.6,25.1,102.3,76.1,3.2,0.0,0.0,6.1,217.8,0.2,4.9,206.7,6.1,294.125641025641,-76.325641025641,-25.95001264068207
West Rajasthan,1961,5.2,12.5,0.2,5.6,6.5,102.8,72.2,66.5,123.9,2.0,1.1,1.8,400.3,17.7,12.2,365.5,4.9,294.125641025641,106.174358974359,36.09830091797506
West Rajasthan,1962,0.8,0.2,7.8,2.3,2.1,3.3,126.5,62.1,55.0,0.0,0.2,2.1,262.5,1.0,12.3,247.0,2.3,294.125641025641,-31.625641025641016,-10.752425703301395
West Rajasthan,1963,0.1,0.6,5.7,1.5,3.3,6.3,23.3,96.4,27.0,4.9,5.1,0.3,174.5,0.7,10.5,153.0,10.3,294.125641025641,-119.62564102564102,-40.67161251514702
West Rajasthan,1964,0.6,0.3,0.5,0.4,13.7,25.4,138.9,140.5,16.4,0.1,0.0,0.6,337.3,0.9,14.6,321.2,0.7,294.125641025641,43.174358974358995,14.678883086767394
West Rajasthan,1965,3.6,1.3,3.2,2.7,7.1,6.0,128.0,52.0,7.8,3.4,0.1,0.0,215.3,4.9,13.0,193.9,3.5,294.125641025641,-78.825641025641,-26.799989538745866
West Rajasthan,1966,0.1,11.4,1.5,0.1,11.7,34.9,51.3,91.5,48.3,1.8,0.3,0.0,252.9,11.5,13.2,226.0,2.2,294.125641025641,-41.22564102564101,-14.016336991866371
West Rajasthan,1967,0.0,0.0,59.0,2.1,2.0,25.2,63.1,96.0,64.2,3.3,3.7,21.7,340.3,0.0,63.2,248.5,28.7,294.125641025641,46.174358974358995,15.698855364443947
West Rajasthan,1968,2.9,6.2,2.9,0.0,7.0,0.4,96.8,24.5,0.6,0.7,0.0,0.0,142.2,9.1,9.9,122.4,0.7,294.125641025641,-151.92564102564103,-51.65331403813127
West Rajasthan,1969,1.0,1.2,1.1,1.0,2.7,3.0,48.8,43.5,15.5,1.0,0.1,0.0,119.0,2.2,4.8,110.8,1.1,294.125641025641,-175.12564102564102,-59.5410996521633
West Rajasthan,1970,4.5,18.4,2.3,0.2,3.9,32.9,63.0,162.8,67.5,0.2,0.0,0.0,355.7,22.9,6.4,326.2,0.2,294.125641025641,61.57435897435897,20.934713056516927
West Rajasthan,1971,3.4,0.4,0.2,1.1,23.9,69.9,83.7,46.4,20.5,2.2,0.0,0.0,251.5,3.8,25.1,220.4,2.2,294.125641025641,-42.625641025641016,-14.492324054782099
West Rajasthan,1972,1.1,0.8,0.0,2.4,1.4,35.0,39.1,102.4,2.2,0.5,0.6,0.4,185.9,1.9,3.8,178.7,1.5,294.125641025641,-108.22564102564101,-36.79571785997611
West Rajasthan,1973,0.6,0.4,0.0,0.0,10.9,15.8,64.8,311.3,48.8,0.4,0.0,1.8,454.8,0.9,10.9,440.8,2.2,294.125641025641,160.674358974359,54.62779729576581
West Rajasthan,1974,0.0,0.0,0.0,1.0,23.0,21.2,87.1,18.5,6.0,6.7,0.0,0.8,164.3,0.0,24.0,132.8,7.5,294.125641025641,-129.825641025641,-44.1395182592473
West Rajasthan,1975,1.1,0.3,0.8,0.1,2.7,56.8,184.6,145.6,135.2,26.2,0.0,0.5,553.8,1.3,3.6,522.2,26.7,294.125641025641,259.67435897435894,88.28688245909213
West Rajasthan,1976,4.2,4.7,0.4,2.0,10.2,39.7,93.6,163.7,93.4,0.1,13.1,0.0,425.2,9.0,12.6,390.4,13.3,294.125641025641,131.07435897435897,44.56407082269046
West Rajasthan,1977,8.1,0.6,0.1,4.9,11.7,91.4,146.4,51.1,73.6,0.2,0.7,0.4,389.4,8.7,16.7,362.6,1.4,294.125641025641,95.27435897435896,32.39240164241689
West Rajasthan,1978,0.1,11.6,4.4,5.3,0.0,32.6,215.4,74.2,23.4,1.4,10.5,0.7,379.7,11.7,9.7,345.6,12.6,294.125641025641,85.57435897435897,29.094491277929368
West Rajasthan,1979,2.9,25.5,1.7,0.7,31.6,19.0,118.6,71.9,16.7,10.6,7.5,1.7,308.2,28.4,34.0,226.1,19.7,294.125641025641,14.074358974358972,4.785151993304797
West Rajasthan,1980,0.4,0.1,5.4,0.4,6.2,39.6,129.7,22.9,14.6,3.8,2.0,13.2,238.4,0.5,12.1,206.8,19.0,294.125641025641,-55.72564102564101,-18.946203000636388
West Rajasthan,1981,5.3,2.6,7.3,0.0,9.2,15.3,108.9,40.5,22.6,0.2,34.8,1.8,248.5,7.9,16.6,187.3,36.8,294.125641025641,-45.625641025641016,-15.512296332458654
West Rajasthan,1982,11.3,4.0,12.3,27.7,41.3,17.7,77.0,100.6,7.7,7.3,3.5,1.4,311.8,15.4,81.3,202.9,12.2,294.125641025641,17.674358974358995,6.009118726516672
West Rajasthan,1983,2.8,0.8,2.1,36.1,37.3,33.4,183.8,111.4,51.6,10.0,0.0,0.0,469.3,3.6,75.5,380.1,10.1,294.125641025641,175.174358974359,59.557663304535836
West Rajasthan,1984,0.1,2.8,0.1,1.1,0.0,8.7,50.4,85.3,54.5,0.1,0.2,0.0,203.2,2.8,1.2,198.9,0.2,294.125641025641,-90.92564102564103,-30.913877725374643
West Rajasthan,1985,0.3,0.0,0.6,8.9,10.9,12.3,97.6,55.2,4.2,4.2,0.3,2.8,197.4,0.4,20.4,169.3,7.3,294.125641025641,-96.72564102564101,-32.885824128882646
West Rajasthan,1986,0.5,10.4,2.4,0.3,26.0,20.5,95.1,44.9,3.5,0.5,0.0,0.1,204.2,10.9,28.7,164.0,0.6,294.125641025641,-89.92564102564103,-30.57388696614913
West Rajasthan,1987,6.7,0.5,5.7,0.9,34.8,36.7,22.9,29.3,1.8,0.6,0.0,3.1,143.0,7.2,41.5,90.7,3.6,294.125641025641,-151.12564102564102,-51.38132143075086
West Rajasthan,1988,0.8,0.5,6.9,3.2,0.6,32.1,112.6,73.1,46.8,3.7,0.0,0.1,280.4,1.3,10.6,264.7,3.8,294.125641025641,-13.725641025641039,-4.666591113164621
West Rajasthan,1989,8.6,0.0,1.3,1.0,0.2,25.8,81.0,109.1,20.3,0.2,0.2,0.5,248.1,8.6,2.4,236.2,0.9,294.125641025641,-46.02564102564102,-15.648292636148863
West Rajasthan,1990,0.0,25.2,0.2,1.4,17.7,19.6,164.4,169.2,42.9,2.5,1.1,0.8,445.0,25.2,19.2,396.1,4.4,294.125641025641,150.87435897435898,51.29588785535573
West Rajasthan,1991,0.2,4.0,0.0,13.6,7.0,19.3,60.6,55.5,17.1,0.1,0.1,1.6,179.0,4.2,20.7,152.4,1.8,294.125641025641,-115.12564102564102,-39.14165409863219
West Rajasthan,1992,9.6,7.4,1.3,0.7,5.5,8.1,126.2,117.2,143.4,5.4,0.9,0.1,425.8,17.0,7.5,394.9,6.4,294.125641025641,131.674358974359,44.76806527822578
West Rajasthan,1993,2.2,3.3,2.0,3.0,5.9,48.6,172.1,6.8,47.9,1.5,0.2,0.0,293.5,5.4,10.9,275.4,1.7,294.125641025641,-0.6256410256410163,-0.21271216731032122
West Rajasthan,1994,10.7,0.3,0.4,9.9,2.7,31.9,188.5,100.6,70.4,0.0,0.0,0.0,415.5,11.0,13.0,391.4,0.0,294.125641025641,121.37435897435898,41.26616045820293
West Rajasthan,1995,8.2,8.0,2.2,3.0,1.3,18.8,194.8,101.6,16.3,13.6,0.0,0.0,367.9,16.3,6.6,331.5,13.6,294.125641025641,73.77435897435896,25.08260031906825
West Rajasthan,1996,2.2,3.2,2.5,2.3,22.0,143.2,47.6,64.2,16.9,3.7,0.0,0.0,307.9,5.4,26.8,271.9,3.8,294.125641025641,13.774358974358961,4.683154765537138
West Rajasthan,1997,1.1,0.2,5.5,10.6,20.3,65.9,56.4,103.9,20.6,51.5,3.6,5.6,345.1,1.3,36.4,246.7,60.7,294.125641025641,50.974358974359006,17.33081100872644
West Rajasthan,1998,0.0,8.7,4.5,5.6,0.9,51.1,55.0,32.5,63.0,58.2,0.1,0.0,279.6,8.7,11.0,201.6,58.3,294.125641025641,-14.525641025640994,-4.9385837205450205
West Rajasthan,1999,6.4,3.1,0.2,0.0,39.3,23.8,55.9,61.5,6.5,7.6,0.0,0.0,204.3,9.5,39.6,147.6,7.6,294.125641025641,-89.825641025641,-30.53988789022657
West Rajasthan,2000,0.5,0.5,0.3,3.1,4.3,8.2,171.6,39.6,5.7,1.1,0.5,0.0,235.3,1.0,7.7,225.1,1.5,294.125641025641,-58.825641025641005,-20.000174354235494
West Rajasthan,2001,0.5,1.1,0.1,9.5,23.8,48.6,122.9,68.7,2.8,7.3,0.0,0.0,285.3,1.5,33.4,243.1,7.3,294.125641025641,-8.825641025641005,-3.000636392959569
West Rajasthan,2002,0.3,2.6,1.0,1.4,11.2,26.9,2.4,17.2,20.6,0.1,2.5,6.0,92.4,3.0,13.7,67.2,8.6,294.125641025641,-201.725641025641,-68.58485384756209
West Rajasthan,2003,2.5,21.2,0.8,0.4,1.8,45.2,188.4,93.6,13.9,0.2,0.0,0.1,368.1,23.7,3.0,341.1,0.3,294.125641025641,73.974358974359,25.150598470913366
West Rajasthan,2004,2.4,0.0,0.0,4.8,6.0,33.5,26.9,94.3,8.6,18.7,0.0,1.6,196.7,2.4,10.8,163.3,20.3,294.125641025641,-97.42564102564103,-33.123817660340514
West Rajasthan,2005,1.4,14.2,8.7,6.3,14.5,29.2,86.1,24.3,75.8,0.0,0.1,0.0,260.8,15.6,29.6,215.4,0.1,294.125641025641,-33.325641025641005,-11.330409993984771
West Rajasthan,2006,0.0,0.0,16.9,3.4,8.3,36.9,52.7,203.6,31.3,5.3,0.4,2.5,361.3,0.0,28.6,324.4,8.3,294.125641025641,67.174358974359,22.838661308179837
West Rajasthan,2007,0.0,34.9,22.0,2.3,3.8,41.2,90.5,69.4,45.6,0.0,0.1,0.9,310.8,35.0,28.1,246.7,1.0,294.125641025641,16.674358974358995,5.6691279672911525
West Rajasthan,2008,1.6,0.2,0.8,18.2,24.7,56.1,57.1,133.3,23.0,0.4,0.4,8.3,324.1,1.8,43.6,269.5,9.1,294.125641025641,29.974358974359006,10.191005064990552
West Rajasthan,2009,2.9,2.8,5.3,1.6,7.6,26.1,79.1,27.1,7.5,0.3,0.1,0.1,160.4,5.7,14.5,139.8,0.5,294.125641025641,-133.725641025641,-45.46548222022683
West Rajasthan,2010,1.9,1.7,0.6,0.6,3.0,49.5,129.9,163.4,96.5,0.9,20.1,5.2,473.2,3.6,4.1,439.2,26.2,294.125641025641,179.07435897435897,60.88362726551535
West Rajasthan,2011,0.0,11.8,1.5,1.5,7.8,24.4,88.5,166.8,116.3,0.1,0.0,0.0,418.7,11.8,10.7,396.1,0.1,294.125641025641,124.57435897435897,42.35413088772459
West Rajasthan,2012,0.5,0.0,0.0,9.5,10.4,5.3,40.4,166.7,92.0,1.9,0.0,0.6,327.3,0.5,19.9,304.3,2.5,294.125641025641,33.174358974358995,11.278975494512208
West Rajasthan,2013,8.6,21.8,4.2,3.1,1.7,37.6,104.5,138.2,58.7,10.1,1.0,0.0,389.4,30.4,8.9,339.0,11.1,294.125641025641,95.27435897435896,32.39240164241689
West Rajasthan,2014,0.8,2.2,4.7,8.4,23.0,13.8,94.3,69.6,84.9,0.5,0.2,0.0,302.4,3.0,36.0,262.6,0.7,294.125641025641,8.274358974358961,2.8132055897967856
West Rajasthan,2015,1.4,0.9,30.3,25.2,15.5,53.2,234.6,60.5,35.7,1.1,0.1,0.0,458.4,2.3,71.0,384.0,1.2,294.125641025641,164.27435897435896,55.85176402897767
West Rajasthan,2016,0.1,1.6,6.7,0.4,4.0,33.2,80.0,191.9,11.0,18.1,0.0,0.0,347.0,1.7,11.1,316.1,18.1,294.125641025641,52.874358974358984,17.97679345125492
West Rajasthan,2017,6.0,0.3,4.2,3.3,26.1,81.9,219.7,43.1,21.2,0.0,0.6,1.8,408.3,6.3,33.6,365.9,2.4,294.125641025641,114.174358974359,38.818226991779206
East Rajasthan,1901,21.6,8.9,2.9,0.7,5.0,15.0,164.8,175.6,7.5,9.8,0.0,0.8,412.5,30.5,8.5,362.9,10.6,656.5017094017094,-244.00170940170938,-37.166957207784854
East Rajasthan,1902,4.1,0.7,0.0,1.8,9.9,34.6,247.6,116.7,145.6,14.4,0.0,2.8,578.3,4.8,11.7,544.5,17.2,656.5017094017094,-78.20170940170942,-11.911882068513895
East Rajasthan,1903,1.9,0.7,1.3,0.1,12.9,15.6,238.2,229.1,168.5,17.8,0.0,0.0,686.1,2.7,14.2,651.4,17.8,656.5017094017094,29.598290598290646,4.508486447851674
East Rajasthan,1904,4.3,5.5,21.7,0.2,27.5,49.9,289.7,223.5,50.2,1.5,5.8,14.7,694.5,9.8,49.4,613.3,22.0,656.5017094017094,37.99829059829062,5.7879956828931425
East Rajasthan,1905,4.1,8.8,3.2,1.6,2.0,14.4,130.5,30.9,83.8,0.0,0.0,0.6,279.8,12.8,6.8,259.6,0.6,656.5017094017094,-376.70170940170937,-57.38015667088049
East Rajasthan,1906,0.2,23.1,6.2,0.0,1.6,61.9,262.5,95.5,191.4,1.9,0.0,3.0,647.4,23.4,7.8,611.3,4.9,656.5017094017094,-9.1017094017094,-1.3863953850179724
East Rajasthan,1907,6.3,35.7,7.0,14.3,12.7,18.5,134.1,319.8,3.3,0.0,0.0,0.0,551.8,42.0,34.0,475.7,0.0,656.5017094017094,-104.70170940170942,-15.948429060013778
East Rajasthan,1908,13.9,0.8,1.6,0.4,6.2,42.6,395.2,349.0,58.7,0.2,1.4,0.1,870.2,14.7,8.3,845.6,1.7,656.5017094017094,213.69829059829067,32.551063849177275
East Rajasthan,1909,4.9,1.4,0.0,43.2,5.2,115.3,299.4,207.4,82.5,1.7,0.0,20.8,781.6,6.2,48.3,704.6,22.4,656.5017094017094,125.09829059829065,19.055287870049366
East Rajasthan,1910,7.9,1.1,0.0,1.9,1.2,124.6,114.0,250.2,134.2,48.2,2.0,0.0,685.3,9.0,3.2,622.9,50.2,656.5017094017094,28.798290598290578,4.386628425466761
East Rajasthan,1911,13.6,0.5,18.3,0.7,0.1,69.3,42.6,73.8,173.6,6.4,21.2,0.2,420.4,14.1,19.2,359.3,27.8,656.5017094017094,-236.1017094017094,-35.963609236733944
East Rajasthan,1912,9.7,5.2,1.7,2.7,5.5,30.8,304.7,237.6,48.5,2.0,5.1,1.8,655.4,14.9,10.0,621.6,9.0,656.5017094017094,-1.1017094017093996,-0.1678151611689514
East Rajasthan,1913,0.0,9.5,0.8,0.1,46.0,111.6,160.7,107.0,44.0,1.5,0.4,16.6,498.3,9.5,46.9,423.3,18.5,656.5017094017094,-158.20170940170937,-24.097684307004098
East Rajasthan,1914,0.0,0.9,0.9,2.0,5.8,88.3,325.3,125.6,107.8,11.3,8.6,0.0,676.6,0.9,8.7,647.0,20.0,656.5017094017094,20.098290598290646,3.0614224320309615
East Rajasthan,1915,19.0,30.2,33.2,2.3,5.0,33.7,70.0,108.8,29.5,69.1,0.0,0.8,401.8,49.2,40.6,242.0,69.9,656.5017094017094,-254.70170940170937,-38.79680825718291
East Rajasthan,1916,0.0,3.2,0.0,0.3,10.0,87.6,159.4,435.8,122.3,24.7,1.9,0.0,845.3,3.2,10.3,805.1,26.6,656.5017094017094,188.79829059829058,28.758232902447183
East Rajasthan,1917,3.6,8.8,4.1,11.0,90.9,149.2,265.4,383.5,333.9,99.8,0.0,0.3,1350.4,12.4,105.9,1132.0,100.1,656.5017094017094,693.8982905982907,105.69634178571476
East Rajasthan,1918,4.0,0.0,2.4,0.7,2.6,28.3,49.6,163.3,19.0,0.1,3.5,0.1,273.6,4.0,5.6,260.2,3.7,656.5017094017094,-382.90170940170935,-58.32455634436348
East Rajasthan,1919,29.2,0.0,0.7,5.3,14.1,31.4,265.0,356.4,53.0,0.3,23.2,8.3,787.0,29.3,20.2,705.8,31.8,656.5017094017094,130.49829059829062,19.87782952114745
East Rajasthan,1920,8.6,3.7,2.8,0.5,45.8,150.5,295.4,78.3,10.8,0.1,0.0,0.0,596.7,12.3,49.2,535.0,0.1,656.5017094017094,-59.80170940170933,-9.109147553661133
East Rajasthan,1921,18.3,0.0,0.0,0.2,0.0,22.3,178.9,153.2,173.1,1.0,0.0,0.7,547.8,18.3,0.2,527.6,1.6,656.5017094017094,-108.70170940170942,-16.557719171938288
East Rajasthan,1922,6.0,0.4,0.0,0.3,9.0,83.9,242.2,144.3,169.3,0.8,1.6,12.1,669.9,6.3,9.4,639.7,14.5,656.5017094017094,13.3982905982906,2.040861494557399
East Rajasthan,1923,2.0,8.5,3.7,0.6,12.8,9.4,325.3,262.7,52.8,1.2,0.4,10.6,690.1,10.5,17.2,650.2,12.2,656.5017094017094,33.598290598290646,5.117776559776185
East Rajasthan,1924,13.6,5.8,0.0,0.1,5.2,33.4,271.8,262.8,262.2,40.4,3.7,25.4,924.4,19.5,5.3,830.2,69.4,656.5017094017094,267.8982905982906,40.80694486575438
East Rajasthan,1925,0.1,0.0,0.0,0.1,14.7,163.2,209.3,56.2,16.9,3.7,19.5,0.0,483.7,0.1,14.8,445.7,23.2,656.5017094017094,-172.8017094017094,-26.321593215528566
East Rajasthan,1926,6.1,1.1,28.7,2.5,18.6,13.9,216.1,342.6,202.3,0.2,0.0,0.2,832.4,7.3,49.8,774.9,0.4,656.5017094017094,175.8982905982906,26.793272291490638
East Rajasthan,1927,0.0,9.4,0.5,1.9,5.7,19.0,272.9,283.7,69.9,7.7,26.0,29.3,725.8,9.4,8.0,645.4,63.0,656.5017094017094,69.29829059829058,10.555690808702431
East Rajasthan,1928,2.9,16.4,0.6,0.1,2.2,23.4,236.7,187.1,37.9,84.2,10.4,6.4,608.3,19.3,2.9,485.2,100.9,656.5017094017094,-48.20170940170942,-7.342206229080067
East Rajasthan,1929,3.6,1.5,0.0,4.0,6.9,50.9,270.8,194.0,34.4,0.6,0.0,9.1,576.0,5.1,10.9,550.3,9.7,656.5017094017094,-80.50170940170938,-12.262223882870483
East Rajasthan,1930,16.7,1.0,0.2,0.4,22.2,72.7,296.9,158.7,40.4,51.9,0.1,0.0,661.3,17.7,22.8,568.8,52.1,656.5017094017094,4.798290598290578,0.7308877539196982
East Rajasthan,1931,0.4,2.2,2.2,0.1,9.8,11.5,224.5,401.4,60.4,60.5,0.3,1.1,774.2,2.5,12.1,697.8,61.9,656.5017094017094,117.69829059829067,17.928101162989023
East Rajasthan,1932,0.3,0.6,14.0,5.4,3.9,21.7,219.0,187.1,88.9,2.3,0.0,0.6,543.8,0.9,23.3,516.7,2.8,656.5017094017094,-112.70170940170942,-17.1670092838628
East Rajasthan,1933,0.3,5.8,1.5,22.3,30.1,209.1,170.7,284.9,185.6,13.4,12.3,1.9,937.8,6.1,54.0,850.2,27.6,656.5017094017094,281.2982905982906,42.84806674070149
East Rajasthan,1934,4.5,0.0,13.3,0.3,0.2,118.3,136.1,420.4,105.0,0.0,2.0,8.7,808.9,4.5,13.8,779.8,10.7,656.5017094017094,152.3982905982906,23.21369288393414
East Rajasthan,1935,14.8,5.8,0.7,10.5,1.3,34.2,299.4,119.7,170.1,16.5,1.1,10.7,684.8,20.6,12.5,623.4,28.3,656.5017094017094,28.298290598290578,4.310467161476198
East Rajasthan,1936,1.7,4.9,13.8,0.3,3.8,133.6,115.5,140.0,107.1,0.0,18.4,3.1,542.1,6.5,17.9,496.2,21.5,656.5017094017094,-114.40170940170935,-17.42595758143071
East Rajasthan,1937,0.0,12.2,0.5,1.0,7.8,98.7,365.4,60.5,113.6,3.3,0.6,6.8,670.5,12.2,9.4,638.2,10.7,656.5017094017094,13.998290598290623,2.1322550113460794
East Rajasthan,1938,6.2,0.0,0.1,0.1,5.5,140.3,213.5,117.5,10.9,9.0,0.0,0.0,503.1,6.2,5.7,482.3,9.0,656.5017094017094,-153.40170940170935,-23.366536172694683
East Rajasthan,1939,1.6,12.7,9.3,0.0,0.1,62.0,108.3,112.7,92.9,1.1,0.0,0.0,400.7,14.3,9.4,375.9,1.1,656.5017094017094,-255.8017094017094,-38.96436303796216
East Rajasthan,1940,26.0,16.9,15.9,2.1,5.7,61.3,189.5,290.7,33.7,2.5,8.3,0.4,652.8,42.9,23.6,575.1,11.2,656.5017094017094,-3.7017094017094223,-0.5638537339198867
East Rajasthan,1941,11.7,9.0,2.0,0.0,10.1,39.9,110.2,247.6,70.8,1.1,0.0,3.3,505.9,20.7,12.2,468.6,4.4,656.5017094017094,-150.6017094017094,-22.940033094347534
East Rajasthan,1942,15.9,9.9,0.0,2.1,8.0,61.3,399.5,320.8,120.7,0.0,0.0,1.1,939.3,25.8,10.2,902.3,1.1,656.5017094017094,282.7982905982906,43.07655053267318
East Rajasthan,1943,7.4,0.1,0.0,4.8,6.6,52.6,400.2,111.1,133.6,0.1,0.0,0.1,716.6,7.4,11.5,697.5,0.2,656.5017094017094,60.098290598290646,9.154323551276066
East Rajasthan,1944,20.1,6.9,24.4,7.9,1.7,75.5,309.9,411.9,31.7,14.5,0.9,1.5,906.9,27.0,34.0,829.1,16.9,656.5017094017094,250.3982905982906,38.14130062608465
East Rajasthan,1945,15.5,0.0,0.1,6.8,11.2,125.9,346.0,215.1,138.0,3.2,0.0,0.0,861.6,15.5,18.0,824.9,3.2,656.5017094017094,205.09829059829065,31.241090108539577
East Rajasthan,1946,0.0,10.3,0.0,1.4,7.8,124.6,184.3,429.8,84.5,8.7,12.7,23.5,887.7,10.3,9.3,823.2,44.9,656.5017094017094,231.19829059829067,35.21670808884701
East Rajasthan,1947,6.6,2.5,0.6,0.5,0.8,14.2,118.3,284.1,272.0,10.3,0.1,4.9,714.8,9.1,1.9,688.5,15.2,656.5017094017094,58.29829059829058,8.880143000910026
East Rajasthan,1948,39.2,11.9,1.9,0.3,0.9,29.7,221.2,243.0,94.9,12.2,8.3,0.0,663.6,51.1,3.1,588.9,20.6,656.5017094017094,7.098290598290646,1.081229568276302
East Rajasthan,1949,1.1,0.9,0.1,0.2,5.2,32.5,279.8,81.0,101.0,5.9,1.5,0.0,509.2,2.0,5.5,494.3,7.4,656.5017094017094,-147.3017094017094,-22.43736875200981
East Rajasthan,1950,0.9,0.2,3.4,0.0,6.4,13.3,318.8,174.7,221.5,0.0,0.0,0.7,740.1,1.1,9.9,728.4,0.7,656.5017094017094,83.59829059829065,12.733902958832566
East Rajasthan,1951,1.9,0.0,6.2,2.8,8.0,51.8,97.8,156.3,18.8,0.7,18.6,0.0,362.9,2.0,17.0,324.6,19.3,656.5017094017094,-293.6017094017094,-44.72215459564878
East Rajasthan,1952,0.7,3.3,0.9,2.1,0.3,109.2,360.4,224.1,7.5,0.2,0.0,3.9,712.7,4.0,3.4,701.2,4.2,656.5017094017094,56.19829059829067,8.560265692149672
East Rajasthan,1953,32.3,0.0,0.0,1.4,2.3,59.8,164.3,272.2,50.3,2.2,0.0,1.0,585.9,32.3,3.8,546.6,3.3,656.5017094017094,-70.6017094017094,-10.754230855857323
East Rajasthan,1954,3.9,19.6,4.8,0.0,0.1,42.5,253.4,77.6,240.1,23.6,0.4,0.0,665.9,23.5,4.9,613.5,24.0,656.5017094017094,9.3982905982906,1.4315713826328889
East Rajasthan,1955,9.5,3.6,0.7,0.0,3.4,100.3,61.1,358.6,233.0,74.3,0.0,0.1,844.6,13.1,4.1,752.9,74.5,656.5017094017094,188.09829059829065,28.651607132860402
East Rajasthan,1956,6.0,0.6,9.8,0.2,1.7,35.1,440.6,215.4,51.5,161.9,0.8,5.3,928.8,6.5,11.7,742.6,168.0,656.5017094017094,272.2982905982906,41.47716398887134
East Rajasthan,1957,26.5,0.1,13.4,0.6,3.7,63.4,243.6,222.4,71.2,12.6,1.6,3.2,662.2,26.6,17.7,600.6,17.4,656.5017094017094,5.698290598290669,0.867978029102727
East Rajasthan,1958,3.9,0.7,0.8,0.5,1.4,46.2,288.8,153.9,224.8,14.5,6.1,1.1,742.7,4.6,2.7,713.7,21.7,656.5017094017094,86.19829059829067,13.129941531583503
East Rajasthan,1959,6.0,0.1,0.2,3.8,34.8,36.8,252.3,248.9,152.6,43.0,7.5,0.3,786.2,6.1,38.9,690.5,50.8,656.5017094017094,129.69829059829067,19.755971498762552
East Rajasthan,1960,1.8,0.0,7.0,1.2,5.3,63.1,152.1,332.0,20.2,7.4,0.0,1.5,591.6,1.8,13.5,567.3,8.9,656.5017094017094,-64.90170940170935,-9.885992446364886
East Rajasthan,1961,11.9,7.0,0.0,0.6,5.0,39.2,227.8,225.7,337.2,23.0,6.0,0.9,884.2,18.9,5.6,829.8,29.9,656.5017094017094,227.69829059829067,34.68357924091306
East Rajasthan,1962,1.1,1.5,3.6,2.1,2.9,5.1,262.4,176.0,139.9,0.0,1.7,7.8,604.1,2.6,8.6,583.4,9.5,656.5017094017094,-52.401709401709354,-7.981960846600793
East Rajasthan,1963,0.4,1.4,1.0,2.7,2.0,33.2,130.3,283.9,97.3,6.9,17.6,0.9,577.7,1.9,5.7,544.7,25.4,656.5017094017094,-78.80170940170933,-12.003275585302559
East Rajasthan,1964,0.0,0.0,0.0,0.1,30.6,42.0,211.1,289.6,71.7,0.1,0.0,1.0,646.3,0.0,30.7,614.5,1.2,656.5017094017094,-10.201709401709422,-1.5539501657972163
East Rajasthan,1965,4.6,4.2,1.9,3.1,3.3,7.0,201.7,106.9,83.4,7.8,0.0,0.0,423.8,8.8,8.3,399.0,7.8,656.5017094017094,-232.70170940170937,-35.44571264159811
East Rajasthan,1966,0.1,2.6,0.0,0.0,12.7,74.8,141.7,156.2,81.3,0.6,3.1,0.2,473.4,2.8,12.8,454.0,3.9,656.5017094017094,-183.1017094017094,-27.890515253734183
East Rajasthan,1967,0.0,0.0,57.4,1.4,2.6,87.3,157.3,250.9,163.1,1.1,1.3,37.7,759.9,0.0,61.3,658.5,40.1,656.5017094017094,103.3982905982906,15.749889012858887
East Rajasthan,1968,8.6,1.5,6.6,0.1,4.2,5.2,296.2,181.3,10.7,4.9,0.0,0.2,519.6,10.1,11.0,493.4,5.1,656.5017094017094,-136.90170940170935,-20.85321446100608
East Rajasthan,1969,3.5,1.1,1.7,1.9,4.9,16.7,226.4,258.5,117.2,0.1,2.1,0.0,634.1,4.6,8.5,618.8,2.2,656.5017094017094,-22.401709401709354,-3.4122850071669633
East Rajasthan,1970,6.7,25.3,1.7,0.1,5.8,91.7,146.3,318.9,117.3,4.6,0.0,0.0,718.4,32.0,7.6,674.2,4.6,656.5017094017094,61.8982905982906,9.428504101642089
East Rajasthan,1971,2.8,0.7,0.1,1.2,33.0,171.3,288.9,155.0,117.2,13.6,0.6,0.0,784.4,3.5,34.3,732.4,14.2,656.5017094017094,127.8982905982906,19.48179094839651
East Rajasthan,1972,0.4,4.4,0.0,1.1,0.8,72.4,86.7,259.9,21.9,3.3,3.3,0.1,454.3,4.8,2.0,440.9,6.6,656.5017094017094,-202.20170940170937,-30.799875538173715
East Rajasthan,1973,3.3,3.2,0.6,0.1,12.8,36.1,260.2,380.9,242.4,6.7,0.0,1.9,948.2,6.5,13.5,919.5,8.6,656.5017094017094,291.69829059829067,44.43222103170523
East Rajasthan,1974,0.0,0.0,0.4,0.2,18.1,30.6,297.8,165.4,19.2,77.0,0.0,3.2,611.8,0.0,18.7,512.9,80.2,656.5017094017094,-44.70170940170942,-6.809077381146119
East Rajasthan,1975,1.2,0.5,1.4,0.2,2.3,87.1,271.0,317.6,173.9,42.6,0.1,0.0,897.9,1.7,3.9,849.6,42.7,656.5017094017094,241.3982905982906,36.7703978742545
East Rajasthan,1976,8.7,6.4,0.1,1.4,12.2,90.8,201.2,318.0,126.2,0.2,50.2,0.0,815.3,15.1,13.7,736.1,50.4,656.5017094017094,158.79829059829058,24.188557063013356
East Rajasthan,1977,10.8,2.3,0.1,6.4,18.9,112.7,394.9,223.1,115.1,1.1,1.9,0.2,887.5,13.1,25.3,845.8,3.2,656.5017094017094,230.99829059829062,35.18624358325078
East Rajasthan,1978,0.3,10.3,4.1,2.5,0.0,83.4,302.9,249.5,55.9,4.7,8.0,5.6,727.1,10.5,6.6,691.7,18.3,656.5017094017094,70.59829059829065,10.753710095077906
East Rajasthan,1979,6.6,25.8,2.8,0.9,16.5,47.6,206.5,129.7,14.7,3.3,58.1,2.7,515.1,32.4,20.1,398.5,64.1,656.5017094017094,-141.40170940170935,-21.53866583692115
East Rajasthan,1980,0.7,0.5,3.6,0.1,1.7,141.2,203.0,150.5,28.0,1.0,0.8,16.3,547.5,1.2,5.4,522.7,18.1,656.5017094017094,-109.00170940170938,-16.60341593033262
East Rajasthan,1981,4.4,0.8,4.7,0.2,7.7,57.7,299.4,141.8,64.6,8.7,23.8,1.5,615.3,5.2,12.6,563.5,34.0,656.5017094017094,-41.20170940170942,-6.275948533212174
East Rajasthan,1982,16.7,4.4,7.1,16.6,32.0,28.6,178.1,294.3,19.4,10.7,48.4,4.0,660.2,21.0,55.8,520.4,63.1,656.5017094017094,3.6982905982906686,0.5633329731404717
East Rajasthan,1983,3.6,1.6,0.1,29.4,31.9,72.4,256.5,240.0,127.9,31.8,0.0,0.1,795.3,5.2,61.3,696.7,32.0,656.5017094017094,138.79829059829058,21.1421065033908
East Rajasthan,1984,1.2,0.3,0.0,0.3,0.3,32.5,147.9,272.0,108.8,0.1,0.0,0.0,563.3,1.5,0.5,561.1,0.1,656.5017094017094,-93.20170940170942,-14.19671998823081
East Rajasthan,1985,0.9,0.1,0.6,3.9,6.0,21.0,176.8,245.0,37.5,87.6,0.2,8.5,588.1,1.0,10.5,480.3,96.4,656.5017094017094,-68.40170940170935,-10.419121294298835
East Rajasthan,1986,3.7,21.3,1.1,0.6,24.4,54.3,312.6,146.6,18.7,6.6,0.0,0.1,590.1,25.1,26.1,532.2,6.7,656.5017094017094,-66.40170940170935,-10.11447623833658
East Rajasthan,1987,11.2,4.6,1.5,0.1,20.9,44.2,57.1,226.2,27.9,19.0,0.0,23.2,435.7,15.8,22.4,355.4,42.1,656.5017094017094,-220.8017094017094,-33.63307455862269
East Rajasthan,1988,1.9,1.4,6.4,4.3,2.2,96.4,229.8,204.3,82.3,10.3,0.1,0.7,640.1,3.3,12.9,612.8,11.1,656.5017094017094,-16.401709401709354,-2.498349839280197
East Rajasthan,1989,6.8,0.1,2.2,0.1,0.4,52.5,130.6,283.7,33.1,0.0,0.5,0.5,510.5,6.9,2.7,500.0,1.0,656.5017094017094,-146.00170940170938,-22.23934946563434
East Rajasthan,1990,0.0,27.5,1.0,0.7,18.9,75.4,229.0,253.3,162.3,6.1,5.1,0.8,780.1,27.5,20.6,720.0,11.9,656.5017094017094,123.59829059829065,18.82680407807767
East Rajasthan,1991,0.2,2.5,0.4,11.0,3.0,18.1,274.6,214.4,43.1,0.3,5.2,5.9,578.6,2.7,14.4,550.1,11.4,656.5017094017094,-77.90170940170935,-11.866185310119546
East Rajasthan,1992,7.1,2.3,2.9,0.5,10.4,18.0,244.9,260.2,125.8,42.2,8.5,0.7,723.6,9.4,13.8,649.0,51.4,656.5017094017094,67.09829059829065,10.22058124714396
East Rajasthan,1993,0.2,8.8,4.0,4.0,4.5,98.5,262.8,92.1,113.9,5.9,0.4,0.1,595.2,9.0,12.5,567.3,6.4,656.5017094017094,-61.30170940170933,-9.337631345632824
East Rajasthan,1994,23.3,0.9,0.5,7.1,4.5,116.6,319.3,259.8,106.8,0.0,0.4,0.0,839.2,24.1,12.1,802.5,0.4,656.5017094017094,182.69829059829067,27.829065481762317
East Rajasthan,1995,29.8,2.9,7.0,0.7,0.8,22.6,275.4,310.8,92.4,6.5,0.0,5.3,754.3,32.7,8.5,701.3,11.8,656.5017094017094,97.79829059829058,14.896882856164567
East Rajasthan,1996,3.8,5.2,1.4,3.0,8.5,118.2,202.6,256.0,103.4,13.2,0.3,0.0,715.7,9.0,12.9,680.2,13.5,656.5017094017094,59.19829059829067,9.017233276093055
East Rajasthan,1997,0.8,0.2,1.7,10.2,14.2,52.1,143.2,196.6,78.7,45.8,11.8,18.5,573.9,1.0,26.1,470.6,76.1,656.5017094017094,-82.6017094017094,-12.582101191630853
East Rajasthan,1998,0.0,1.8,3.7,3.4,2.2,46.4,145.9,118.1,114.8,36.7,2.7,0.0,475.8,1.8,9.3,425.2,39.5,656.5017094017094,-180.70170940170937,-27.524941186579472
East Rajasthan,1999,1.6,4.9,0.1,0.1,6.3,53.4,190.5,70.9,65.1,15.5,0.0,0.1,408.4,6.5,6.4,379.9,15.6,656.5017094017094,-248.1017094017094,-37.79147957250748
East Rajasthan,2000,0.3,0.6,0.4,2.3,21.0,20.2,270.6,95.5,28.7,0.4,0.0,0.1,440.0,0.8,23.7,415.0,0.5,656.5017094017094,-216.50170940170938,-32.978087688303845
East Rajasthan,2001,0.9,0.1,0.3,6.4,22.9,100.2,271.4,126.4,7.7,9.2,0.0,5.8,551.2,1.0,29.5,505.7,15.0,656.5017094017094,-105.30170940170933,-16.03982257680244
East Rajasthan,2002,1.6,11.0,0.1,1.2,8.6,71.4,13.5,130.6,41.2,0.8,0.8,4.5,285.3,12.6,9.8,256.8,6.0,656.5017094017094,-371.20170940170937,-56.54238276698429
East Rajasthan,2003,4.1,21.4,0.5,0.2,3.5,76.6,245.8,178.5,93.6,0.1,0.0,2.3,626.6,25.4,4.2,594.4,2.5,656.5017094017094,-29.901709401709354,-4.554703967025421
East Rajasthan,2004,2.5,0.0,0.0,2.2,9.3,52.8,105.8,380.9,24.7,27.5,0.4,0.1,606.2,2.5,11.5,564.2,28.0,656.5017094017094,-50.30170940170933,-7.662083537840421
East Rajasthan,2005,0.4,3.6,5.7,6.2,4.8,55.6,239.0,80.0,172.5,0.0,0.0,0.0,567.9,4.1,16.7,547.1,0.0,656.5017094017094,-88.6017094017094,-13.49603635951762
East Rajasthan,2006,0.0,0.0,11.9,0.4,13.1,73.8,215.9,341.5,88.9,2.4,0.1,0.5,748.4,0.0,25.4,720.0,3.0,656.5017094017094,91.8982905982906,13.99817994107592
East Rajasthan,2007,0.7,16.8,10.6,1.5,5.5,63.0,223.0,167.9,86.1,0.0,0.0,0.5,575.7,17.5,17.6,540.1,0.5,656.5017094017094,-80.80170940170933,-12.307920641264813
East Rajasthan,2008,0.1,0.0,0.5,9.0,22.1,160.6,166.1,167.9,112.7,3.0,2.4,0.1,644.6,0.1,31.6,607.3,5.5,656.5017094017094,-11.901709401709354,-1.8128984633651228
East Rajasthan,2009,0.5,0.2,2.4,0.2,5.7,38.9,189.1,113.3,45.5,10.9,7.0,0.5,414.1,0.7,8.4,386.7,18.4,656.5017094017094,-242.40170940170935,-36.92324116301504
East Rajasthan,2010,1.9,2.4,0.5,0.4,0.7,27.3,196.2,275.9,128.9,0.8,49.5,5.0,689.4,4.3,1.6,628.3,55.2,656.5017094017094,32.8982905982906,5.0111507901893875
East Rajasthan,2011,0.0,11.2,0.2,0.5,5.1,140.9,193.6,284.1,166.4,0.0,0.0,0.0,802.1,11.2,5.9,784.9,0.0,656.5017094017094,145.59829059829065,22.17789969366248
East Rajasthan,2012,1.9,0.0,0.0,3.6,9.5,11.2,170.5,365.0,131.3,0.5,0.0,0.1,693.6,1.9,13.1,678.0,0.6,656.5017094017094,37.098290598290646,5.650905407710131
East Rajasthan,2013,1.4,21.7,0.4,3.2,1.0,90.6,319.0,278.5,88.0,30.6,1.3,0.3,836.1,23.1,4.6,776.1,32.2,656.5017094017094,179.59829059829065,27.356865645020818
East Rajasthan,2014,28.4,10.0,6.4,7.3,8.4,23.5,197.1,261.0,136.9,3.2,0.0,1.1,683.3,38.4,22.1,618.4,4.4,656.5017094017094,26.798290598290578,4.081983369504506
East Rajasthan,2015,12.1,0.1,55.9,15.9,3.5,96.4,297.6,142.8,20.1,5.0,0.5,0.8,650.7,12.1,75.3,557.0,6.3,656.5017094017094,-5.801709401709331,-0.8837310426802408
East Rajasthan,2016,0.6,0.4,3.8,0.0,9.5,61.7,326.2,385.6,40.2,32.6,0.0,0.0,860.6,1.0,13.3,813.7,32.6,656.5017094017094,204.09829059829065,31.088767580558446
East Rajasthan,2017,8.4,0.0,5.5,0.7,15.1,89.9,293.3,137.3,46.4,0.0,0.4,3.4,600.3,8.4,21.3,566.9,3.8,656.5017094017094,-56.20170940170942,-8.560786452929088
West Madhya Pradesh,1901,25.8,5.8,5.8,2.8,2.1,41.2,228.9,349.9,47.9,5.6,0.0,2.4,718.2,31.6,10.7,667.9,7.9,944.1715517241379,-225.97155172413784,-23.93331501160933
West Madhya Pradesh,1902,22.1,8.4,0.0,2.0,5.9,35.9,401.9,179.4,194.1,37.9,10.0,14.2,911.7,30.5,8.0,811.2,62.0,944.1715517241379,-32.47155172413784,-3.439158028521619
West Madhya Pradesh,1903,5.3,0.0,0.0,0.0,22.3,50.6,304.9,261.1,250.2,55.1,0.0,0.0,949.6,5.3,22.3,866.8,55.1,944.1715517241379,5.428448275862138,0.5749430033079611
West Madhya Pradesh,1904,3.2,15.5,14.8,0.0,12.0,96.6,273.0,218.6,125.9,3.3,1.8,9.6,774.4,18.7,26.9,714.1,14.7,944.1715517241379,-169.7715517241379,-17.98100688525518
West Madhya Pradesh,1905,3.5,4.4,1.1,0.8,3.0,36.1,326.3,137.6,183.5,0.3,0.0,0.0,696.5,7.9,4.9,683.5,0.3,944.1715517241379,-247.67155172413788,-26.231626156482733
West Madhya Pradesh,1906,0.0,11.0,6.8,0.0,0.5,180.0,344.5,198.6,266.2,1.5,0.2,0.9,1010.2,11.0,7.3,989.3,2.6,944.1715517241379,66.02844827586216,6.993268135995898
West Madhya Pradesh,1907,5.2,25.1,0.6,12.3,2.8,48.7,202.2,328.5,17.3,0.0,7.8,0.0,650.4,30.3,15.7,596.6,7.8,944.1715517241379,-293.7715517241379,-31.114213427388908
West Madhya Pradesh,1908,12.1,0.6,10.1,1.5,1.9,104.5,368.8,281.9,48.5,0.5,0.4,1.8,832.6,12.7,13.6,803.6,2.7,944.1715517241379,-111.57155172413786,-11.81687284693112
West Madhya Pradesh,1909,3.5,2.1,0.4,24.8,9.8,150.0,246.2,257.9,106.8,0.9,0.0,27.9,830.2,5.6,35.0,760.8,28.8,944.1715517241379,-113.97155172413784,-12.071063941294996
West Madhya Pradesh,1910,1.5,0.0,0.3,0.3,0.7,171.0,183.5,273.9,244.1,50.3,33.8,0.0,959.5,1.5,1.3,872.6,84.1,944.1715517241379,15.328448275862115,1.6234812675589578
West Madhya Pradesh,1911,16.2,0.5,3.5,0.0,0.8,112.2,111.1,154.2,222.3,11.8,43.7,0.0,676.5,16.7,4.3,599.9,55.6,944.1715517241379,-267.6715517241379,-28.349885276181723
West Madhya Pradesh,1912,2.1,8.4,0.1,0.4,2.2,48.0,322.3,264.4,94.8,2.0,60.6,1.9,807.3,10.5,2.7,729.6,64.5,944.1715517241379,-136.87155172413793,-14.496470633350347
West Madhya Pradesh,1913,0.0,7.6,3.0,0.0,28.2,168.7,290.0,220.4,58.5,0.4,0.3,13.4,790.5,7.6,31.2,737.7,14.1,944.1715517241379,-153.67155172413788,-16.27580829389749
West Madhya Pradesh,1914,0.0,2.6,7.4,4.1,13.4,127.7,352.6,155.2,154.7,6.3,10.7,1.7,836.3,2.6,24.9,790.2,18.7,944.1715517241379,-107.87155172413793,-11.424994909786815
West Madhya Pradesh,1915,9.5,24.5,34.3,5.4,6.6,124.2,179.0,215.2,90.1,75.5,3.8,4.6,772.7,34.0,46.3,608.5,83.9,944.1715517241379,-171.47155172413784,-18.16105891042959
West Madhya Pradesh,1916,0.0,8.6,0.0,0.2,17.7,220.0,242.5,474.4,153.4,76.8,25.5,0.0,1219.2,8.6,17.9,1090.4,102.3,944.1715517241379,275.02844827586216,29.129075936850324
West Madhya Pradesh,1917,8.3,23.1,4.5,1.9,62.7,184.3,316.6,338.0,275.4,94.4,0.0,0.1,1309.3,31.4,69.1,1114.3,94.5,944.1715517241379,365.12844827586207,38.67183327109426
West Madhya Pradesh,1918,0.3,1.5,2.0,0.1,10.2,100.5,124.2,202.9,50.6,0.5,14.2,2.5,509.4,1.8,12.2,478.1,17.2,944.1715517241379,-434.7715517241379,-46.04794022126678
West Madhya Pradesh,1919,43.8,1.7,0.4,4.2,10.9,163.9,330.2,545.1,69.9,39.0,22.0,1.8,1232.8,45.5,15.5,1109.1,62.7,944.1715517241379,288.62844827586207,30.569492138245625
West Madhya Pradesh,1920,54.1,1.0,2.1,0.2,23.4,120.1,303.3,146.4,64.2,0.0,0.0,0.0,714.8,55.1,25.7,634.0,0.0,944.1715517241379,-229.37155172413793,-24.29341906195817
West Madhya Pradesh,1921,28.6,0.3,0.0,0.0,0.0,136.8,187.3,215.3,238.9,1.3,0.0,0.0,808.7,29.0,0.0,778.3,1.3,944.1715517241379,-135.47155172413784,-14.348192494971407
West Madhya Pradesh,1922,31.5,3.5,0.0,0.0,6.7,130.7,311.7,147.7,243.4,1.7,32.7,8.5,918.2,35.0,6.8,833.5,42.9,944.1715517241379,-25.97155172413784,-2.750723814619448
West Madhya Pradesh,1923,0.9,2.7,8.4,2.6,3.5,12.1,561.6,296.2,173.6,0.7,1.2,7.6,1071.0,3.7,14.4,1043.4,9.5,944.1715517241379,126.82844827586212,13.432775859880817
West Madhya Pradesh,1924,11.9,3.4,0.5,0.6,2.0,34.3,346.5,335.6,208.4,68.2,0.2,19.5,1031.3,15.4,3.2,924.9,87.9,944.1715517241379,87.12844827586207,9.22803150727832
West Madhya Pradesh,1925,0.0,0.0,0.0,0.0,34.9,165.7,260.1,146.6,37.8,1.2,45.5,1.6,693.5,0.0,34.9,610.2,48.3,944.1715517241379,-250.67155172413788,-26.54936502443758
West Madhya Pradesh,1926,16.0,0.8,8.8,2.5,8.5,21.9,268.3,429.0,143.5,12.8,0.2,1.5,913.8,16.8,19.8,862.8,14.5,944.1715517241379,-30.37155172413793,-3.2167408209532353
West Madhya Pradesh,1927,0.0,1.7,6.5,0.5,1.6,78.3,334.2,217.7,74.1,36.8,101.2,20.2,872.9,1.7,8.6,704.4,158.2,944.1715517241379,-71.27155172413791,-7.548580720737663
West Madhya Pradesh,1928,0.4,31.9,2.8,0.0,2.5,75.6,395.0,217.6,49.5,66.9,1.6,51.9,895.6,32.3,5.3,737.7,120.3,944.1715517241379,-48.57155172413786,-5.144356619879307
West Madhya Pradesh,1929,6.3,8.8,0.1,4.8,0.7,108.5,288.0,215.5,88.8,1.6,0.0,5.5,728.7,15.1,5.6,700.8,7.1,944.1715517241379,-215.47155172413784,-22.82122897376736
West Madhya Pradesh,1930,3.0,0.3,0.0,2.2,5.1,96.4,392.8,183.5,167.1,36.9,0.6,0.3,888.2,3.3,7.3,839.8,37.8,944.1715517241379,-55.97155172413784,-5.92811249416793
West Madhya Pradesh,1931,2.2,1.4,0.4,0.1,1.5,48.2,281.6,424.1,226.0,132.1,10.4,3.7,1131.6,3.5,2.0,979.9,146.2,944.1715517241379,187.42844827586202,19.85110099256874
West Madhya Pradesh,1932,0.0,2.9,12.7,2.6,1.8,57.0,467.0,128.3,289.8,24.8,1.4,0.0,988.3,2.9,17.1,942.1,26.2,944.1715517241379,44.12844827586207,4.673774399925496
West Madhya Pradesh,1933,0.2,5.0,2.1,11.7,36.7,196.5,276.9,351.8,288.1,22.7,11.4,8.5,1211.6,5.2,50.5,1113.3,42.7,944.1715517241379,267.428448275862,28.324137471364697
West Madhya Pradesh,1934,7.0,0.0,6.0,0.8,0.1,124.7,237.6,415.7,340.5,2.9,24.8,4.8,1164.9,7.0,6.9,1118.5,32.6,944.1715517241379,220.7284482758622,23.378002426867575
West Madhya Pradesh,1935,5.3,2.9,0.0,7.8,0.7,94.3,361.2,157.5,213.6,17.8,0.6,9.5,871.1,8.2,8.4,826.6,27.9,944.1715517241379,-73.07155172413786,-7.7392240415105675
West Madhya Pradesh,1936,2.6,6.0,17.5,2.5,11.2,192.2,152.8,211.6,198.4,0.6,104.1,1.6,901.2,8.7,31.2,755.0,106.3,944.1715517241379,-42.97155172413784,-4.551244066363588
West Madhya Pradesh,1937,1.0,12.1,6.1,8.1,3.6,177.6,442.0,163.9,201.9,30.0,1.0,6.2,1053.4,13.1,17.8,985.4,37.2,944.1715517241379,109.2284482758622,11.568707834545718
West Madhya Pradesh,1938,8.7,0.0,1.5,0.8,24.5,306.3,345.5,206.1,38.6,69.0,0.0,0.0,1001.2,8.7,26.8,896.5,69.1,944.1715517241379,57.02844827586216,6.040051532131353
West Madhya Pradesh,1939,6.2,0.9,8.2,0.2,0.3,64.1,284.8,312.4,119.6,3.9,1.4,0.6,802.5,7.1,8.8,780.8,5.8,944.1715517241379,-141.67155172413788,-15.0048528220781
West Madhya Pradesh,1940,10.4,4.5,6.1,1.8,10.8,157.6,393.9,347.7,63.9,40.8,23.6,3.8,1064.7,14.9,18.7,963.1,68.1,944.1715517241379,120.52844827586216,12.76552423717564
West Madhya Pradesh,1941,19.2,19.9,5.5,0.7,2.1,52.7,195.6,349.8,93.0,0.9,0.0,0.0,739.4,39.1,8.3,691.1,0.9,944.1715517241379,-204.7715517241379,-21.68796034472841
West Madhya Pradesh,1942,28.2,28.3,0.7,1.5,1.2,122.7,558.0,286.0,163.5,0.1,0.0,11.5,1201.7,56.5,3.5,1130.1,11.6,944.1715517241379,257.52844827586216,27.27559920711371
West Madhya Pradesh,1943,25.1,0.0,0.0,3.5,25.2,122.3,359.8,179.1,187.2,60.5,0.1,0.0,962.9,25.1,28.7,848.4,60.6,944.1715517241379,18.728448275862092,1.9835853179077834
West Madhya Pradesh,1944,15.8,14.8,34.1,2.6,0.8,87.9,500.6,519.5,118.7,49.2,1.1,2.6,1347.7,30.7,37.5,1226.8,52.8,944.1715517241379,403.52844827586216,42.73889078091632
West Madhya Pradesh,1945,22.2,0.0,0.0,3.6,3.2,190.3,377.4,235.9,211.1,3.6,0.0,0.0,1047.4,22.2,6.9,1014.7,3.6,944.1715517241379,103.2284482758622,10.93323009863602
West Madhya Pradesh,1946,0.0,10.9,0.1,3.0,3.2,256.8,341.4,387.5,100.4,5.9,117.9,23.6,1250.7,10.9,6.3,1086.1,147.5,944.1715517241379,306.52844827586216,32.465334050376235
West Madhya Pradesh,1947,18.3,3.9,2.3,3.8,1.9,48.1,319.5,350.5,282.2,14.0,3.5,16.7,1064.7,22.3,7.9,1000.2,34.2,944.1715517241379,120.52844827586216,12.76552423717564
West Madhya Pradesh,1948,36.6,6.7,0.7,0.9,0.7,145.0,382.5,369.7,225.8,17.8,61.1,0.2,1247.6,43.3,2.3,1122.9,79.1,944.1715517241379,303.428448275862,32.137003886822875
West Madhya Pradesh,1949,0.0,3.4,0.4,0.3,19.7,90.3,326.9,137.2,334.7,50.8,2.4,0.0,966.2,3.4,20.4,889.1,53.2,944.1715517241379,22.02844827586216,2.3330980726581236
West Madhya Pradesh,1950,2.4,2.0,15.0,0.3,5.8,34.8,411.3,182.6,230.4,2.9,0.0,16.9,904.5,4.4,21.2,859.2,19.8,944.1715517241379,-39.671551724137885,-4.201731311613259
West Madhya Pradesh,1951,5.3,0.4,6.0,0.5,3.5,88.0,231.7,205.5,85.5,18.9,4.4,0.0,649.7,5.7,10.0,610.7,23.2,944.1715517241379,-294.47155172413784,-31.188352496578364
West Madhya Pradesh,1952,0.7,8.9,1.7,1.7,0.8,163.6,367.7,239.4,35.8,1.4,0.0,7.6,829.1,9.5,4.2,806.4,9.0,944.1715517241379,-115.07155172413786,-12.187568192878443
West Madhya Pradesh,1953,19.1,0.0,0.0,2.0,1.1,72.6,273.0,304.2,107.1,14.5,0.0,0.1,793.7,19.1,3.1,756.9,14.6,944.1715517241379,-150.47155172413784,-15.93688683474565
West Madhya Pradesh,1954,12.3,11.9,5.4,0.1,1.0,70.6,318.7,183.2,480.1,16.9,0.3,0.0,1100.7,24.2,6.6,1052.6,17.3,944.1715517241379,156.52844827586216,16.57839065263382
West Madhya Pradesh,1955,26.8,2.2,0.6,1.5,1.5,188.8,97.7,441.1,249.5,139.5,0.0,0.0,1149.2,29.0,3.6,977.1,139.5,944.1715517241379,205.02844827586216,21.715169017903865
West Madhya Pradesh,1956,10.9,0.8,3.5,0.4,49.1,112.1,411.4,235.5,127.8,95.8,12.8,5.7,1065.8,11.7,53.0,886.8,114.3,944.1715517241379,121.62844827586207,12.882028488759076
West Madhya Pradesh,1957,12.5,0.1,30.4,5.6,4.0,89.3,223.2,339.9,112.7,12.5,1.2,1.6,832.9,12.6,40.0,765.0,15.2,944.1715517241379,-111.27155172413791,-11.78509896013564
West Madhya Pradesh,1958,3.2,1.3,1.4,3.2,0.9,82.5,383.6,284.0,271.1,57.7,10.1,0.7,1099.7,4.5,5.6,1021.2,68.5,944.1715517241379,155.52844827586216,16.47247769664887
West Madhya Pradesh,1959,23.0,0.1,0.2,4.0,22.0,78.9,395.5,325.8,254.3,70.7,7.0,0.0,1181.4,23.1,26.1,1054.5,77.8,944.1715517241379,237.2284482758622,25.125566200619243
West Madhya Pradesh,1960,25.2,0.0,12.4,1.4,6.6,132.5,203.2,392.9,53.6,53.2,0.0,1.5,882.3,25.2,20.3,782.1,54.6,944.1715517241379,-61.87155172413793,-6.552998934479142
West Madhya Pradesh,1961,22.0,1.8,0.5,0.7,6.9,74.0,311.3,318.8,559.4,128.5,8.3,1.3,1433.7,23.9,8.2,1263.5,138.2,944.1715517241379,489.52844827586216,51.84740499562197
West Madhya Pradesh,1962,6.7,4.9,7.8,8.4,4.1,16.4,308.7,207.0,313.3,0.1,8.2,20.3,905.9,11.6,20.3,845.5,28.6,944.1715517241379,-38.27155172413791,-4.053453173234333
West Madhya Pradesh,1963,6.1,5.5,2.5,3.0,3.9,71.0,235.2,363.1,155.4,26.8,30.6,2.2,905.4,11.6,9.4,824.8,59.5,944.1715517241379,-38.77155172413791,-4.106409651226808
West Madhya Pradesh,1964,0.0,0.0,2.2,0.0,7.7,111.7,278.8,312.2,163.3,2.8,0.0,1.2,880.1,0.1,10.0,866.0,4.1,944.1715517241379,-64.07155172413786,-6.786007437646023
West Madhya Pradesh,1965,4.8,0.7,1.6,2.0,0.6,31.1,270.8,142.5,124.0,5.9,1.0,9.6,594.7,5.5,4.2,568.5,16.5,944.1715517241379,-349.47155172413784,-37.013565075750584
West Madhya Pradesh,1966,4.0,0.9,2.2,0.1,2.8,69.2,267.7,200.6,104.0,0.6,23.8,4.1,680.0,4.9,5.1,641.5,28.5,944.1715517241379,-264.1715517241379,-27.979189930234398
West Madhya Pradesh,1967,0.0,0.0,31.9,2.5,0.9,125.9,223.5,253.8,222.2,2.3,0.1,82.5,945.6,0.0,35.3,825.4,84.9,944.1715517241379,1.428448275862138,0.1512911793681635
West Madhya Pradesh,1968,9.2,2.0,9.7,1.2,0.2,34.4,404.1,291.9,94.1,14.1,0.0,0.4,861.2,11.2,11.1,824.4,14.5,944.1715517241379,-82.97155172413784,-8.787762305761564
West Madhya Pradesh,1969,5.7,0.3,0.0,0.2,0.8,47.9,393.4,395.9,226.5,0.0,45.8,0.3,1117.0,6.1,1.1,1063.7,46.1,944.1715517241379,172.82844827586212,18.30477183518849
West Madhya Pradesh,1970,19.9,12.1,8.3,0.5,12.2,254.4,186.5,346.6,265.8,6.8,0.0,0.0,1113.2,32.0,21.0,1053.4,6.8,944.1715517241379,169.02844827586216,17.902302602445687
West Madhya Pradesh,1971,5.4,2.0,1.2,2.8,17.7,183.9,446.9,220.3,209.6,45.6,0.2,0.0,1135.7,7.3,21.8,1060.8,45.8,944.1715517241379,191.52844827586216,20.285344112107047
West Madhya Pradesh,1972,0.1,3.7,0.1,0.1,1.9,92.0,161.5,421.3,74.4,3.9,10.1,1.1,770.3,3.8,2.1,749.3,15.1,944.1715517241379,-173.87155172413793,-18.415250004793478
West Madhya Pradesh,1973,0.1,5.2,0.0,0.3,2.6,74.0,553.1,478.8,256.6,26.2,0.2,9.8,1406.9,5.3,2.9,1362.5,36.2,944.1715517241379,462.7284482758622,49.008937775225334
West Madhya Pradesh,1974,0.2,0.6,0.3,0.7,14.6,40.8,289.5,372.9,65.3,89.0,0.8,1.9,876.6,0.8,15.7,768.5,91.6,944.1715517241379,-67.57155172413786,-7.156702783593345
West Madhya Pradesh,1975,1.2,3.4,0.6,0.2,3.4,136.2,265.4,357.7,245.3,51.0,0.0,0.3,1064.6,4.6,4.2,1004.6,51.2,944.1715517241379,120.42844827586202,12.754932941577133
West Madhya Pradesh,1976,7.3,0.7,3.4,3.8,8.4,158.9,261.3,350.5,183.3,1.2,46.8,2.0,1027.7,8.0,15.6,954.0,50.1,944.1715517241379,83.52844827586216,8.846744865732513
West Madhya Pradesh,1977,2.5,5.3,4.9,3.0,10.3,157.3,265.3,316.1,188.8,12.5,35.2,1.6,1002.7,7.8,18.2,927.4,49.4,944.1715517241379,58.52844827586216,6.198920966108777
West Madhya Pradesh,1978,3.5,15.7,5.5,4.0,0.0,138.0,318.7,409.3,61.8,7.3,21.9,17.5,1003.3,19.3,9.5,927.8,46.8,944.1715517241379,59.12844827586207,6.262468739699738
West Madhya Pradesh,1979,21.3,35.2,8.5,0.2,9.3,110.1,195.7,260.0,34.9,6.1,97.7,2.8,781.9,56.5,18.1,600.7,106.6,944.1715517241379,-162.2715517241379,-17.186659715368062
West Madhya Pradesh,1980,0.4,0.7,0.5,0.2,0.9,254.4,186.8,345.7,50.3,3.4,1.8,28.9,873.9,1.1,1.6,837.2,34.0,944.1715517241379,-70.27155172413791,-7.442667764752714
West Madhya Pradesh,1981,4.3,0.4,10.1,0.1,10.7,118.1,268.7,297.2,122.5,20.6,19.1,18.4,890.2,4.7,20.9,806.3,58.2,944.1715517241379,-53.97155172413784,-5.716286582198031
West Madhya Pradesh,1982,44.8,4.7,3.2,2.7,8.3,61.5,247.2,386.7,89.3,23.3,60.0,2.4,934.1,49.6,14.1,784.7,85.6,944.1715517241379,-10.071551724137862,-1.0667078144587547
West Madhya Pradesh,1983,4.8,0.6,0.1,13.7,13.9,88.3,238.2,364.4,291.5,55.2,0.0,1.1,1071.9,5.4,27.7,982.5,56.3,944.1715517241379,127.7284482758622,13.528097520267282
West Madhya Pradesh,1984,15.2,6.1,0.0,0.1,0.0,63.5,165.3,536.0,60.3,12.5,0.0,0.5,859.5,21.3,0.1,825.2,13.0,944.1715517241379,-84.67155172413788,-8.967814330935983
West Madhya Pradesh,1985,2.1,0.0,0.2,4.5,4.2,55.4,211.7,294.4,144.4,157.8,0.0,0.0,874.7,2.1,8.9,705.9,157.8,944.1715517241379,-69.47155172413784,-7.357937399964746
West Madhya Pradesh,1986,9.5,40.5,2.5,0.2,5.3,129.8,470.6,237.5,33.4,6.5,0.1,1.2,937.1,50.0,8.0,871.3,7.8,944.1715517241379,-7.071551724137862,-0.7489689465039064
West Madhya Pradesh,1987,25.7,13.2,0.6,0.0,7.1,74.3,144.2,362.7,77.7,55.1,8.1,15.3,783.9,38.9,7.7,658.9,78.5,944.1715517241379,-160.2715517241379,-16.97483380339816
West Madhya Pradesh,1988,3.5,0.6,2.2,5.1,4.7,136.0,313.6,278.9,146.5,59.5,0.4,0.1,951.2,4.1,12.0,875.0,60.1,944.1715517241379,7.028448275862161,0.7444037328838826
West Madhya Pradesh,1989,2.3,0.2,9.4,0.2,2.9,129.8,150.5,369.5,88.2,0.6,0.0,4.8,758.5,2.5,12.5,738.1,5.4,944.1715517241379,-185.67155172413788,-19.665022885415873
West Madhya Pradesh,1990,0.7,9.3,1.3,1.0,29.4,161.2,265.0,384.2,258.3,23.2,2.8,7.6,1144.0,10.0,31.8,1068.7,33.6,944.1715517241379,199.82844827586212,21.164421646782124
West Madhya Pradesh,1991,0.1,3.6,1.3,3.3,1.3,96.4,344.7,262.2,25.1,0.0,3.8,3.6,745.5,3.7,5.9,728.5,7.4,944.1715517241379,-198.67155172413788,-21.041891313220216
West Madhya Pradesh,1992,0.1,0.2,0.1,0.1,5.8,51.0,211.8,314.4,105.9,62.7,2.2,0.0,754.2,0.2,6.0,683.1,64.9,944.1715517241379,-189.97155172413784,-20.12044859615115
West Madhya Pradesh,1993,0.0,5.0,7.2,0.6,2.9,113.5,337.7,236.9,300.5,22.1,1.3,4.1,1031.9,5.0,10.7,988.7,27.5,944.1715517241379,87.7284482758622,9.291579280869303
West Madhya Pradesh,1994,14.7,5.4,0.2,5.5,1.3,221.1,352.9,385.8,187.2,2.6,2.9,0.0,1179.5,20.1,6.9,1147.0,5.5,944.1715517241379,235.32844827586212,24.924331584247827
West Madhya Pradesh,1995,14.7,0.8,15.6,1.4,1.3,67.2,320.2,252.1,163.6,19.6,0.0,8.1,864.7,15.5,18.3,803.1,27.7,944.1715517241379,-79.47155172413784,-8.41706695981424
West Madhya Pradesh,1996,10.3,4.7,2.2,0.4,1.4,48.6,438.5,366.3,154.7,57.3,1.1,0.0,1085.4,15.0,4.0,1008.0,58.4,944.1715517241379,141.2284482758622,14.9579224260641
West Madhya Pradesh,1997,3.0,0.0,0.7,4.0,1.7,89.7,345.9,334.8,97.2,36.1,51.4,93.9,1058.3,3.0,6.4,867.6,181.4,944.1715517241379,114.12844827586207,12.087681318871955
West Madhya Pradesh,1998,2.5,0.6,8.9,1.9,0.6,92.9,279.0,208.4,286.6,39.1,6.4,0.0,926.9,3.1,11.3,867.0,45.5,944.1715517241379,-17.271551724137908,-1.8292810975503953
West Madhya Pradesh,1999,0.9,31.0,0.0,0.0,4.5,127.0,284.0,188.0,330.8,86.2,0.3,0.0,1052.7,32.0,4.5,929.8,86.5,944.1715517241379,108.52844827586216,11.494568765356247
West Madhya Pradesh,2001,2.1,0.0,1.1,6.0,16.4,203.6,269.2,198.9,27.5,62.2,0.0,0.0,787.0,2.2,23.5,699.1,62.2,944.1715517241379,-157.17155172413788,-16.646503639844816
West Madhya Pradesh,2002,0.4,19.7,1.5,1.7,3.9,138.9,46.9,317.7,141.0,5.9,5.9,0.8,684.1,20.1,7.1,644.4,12.6,944.1715517241379,-260.07155172413786,-27.544946810696107
West Madhya Pradesh,2003,1.1,21.1,0.1,1.0,0.3,128.7,307.5,228.0,254.9,0.9,0.2,2.5,946.4,22.2,1.4,919.2,3.6,944.1715517241379,2.2284482758620925,0.23602154415611817
West Madhya Pradesh,2004,16.8,0.0,0.0,0.4,4.8,83.7,218.0,421.9,55.7,43.7,2.2,0.8,848.1,16.8,5.3,779.2,46.7,944.1715517241379,-96.07155172413786,-10.175222029164404
West Madhya Pradesh,2005,13.7,3.1,12.3,6.1,1.9,81.2,345.7,130.5,155.1,1.3,0.0,1.4,752.2,16.8,20.3,712.4,2.7,944.1715517241379,-191.97155172413784,-20.332274508121053
West Madhya Pradesh,2006,0.0,0.0,44.3,3.3,22.8,74.5,299.0,501.9,198.1,13.7,8.6,3.0,1169.2,0.0,70.4,1073.5,25.2,944.1715517241379,225.02844827586216,23.833428137602855
West Madhya Pradesh,2007,1.7,11.5,2.6,0.6,14.6,99.9,305.6,220.6,138.3,0.0,10.5,0.6,806.5,13.3,17.8,764.3,11.1,944.1715517241379,-137.67155172413788,-14.581200998138302
West Madhya Pradesh,2008,0.4,0.0,2.5,2.5,3.8,194.2,221.8,205.8,139.7,12.9,7.5,0.0,791.1,0.4,8.8,761.5,20.5,944.1715517241379,-153.07155172413786,-16.212260520306522
West Madhya Pradesh,2009,5.5,0.0,0.1,1.3,6.5,56.8,320.3,172.7,139.6,89.9,65.1,19.1,877.0,5.5,7.9,689.4,174.1,944.1715517241379,-67.17155172413788,-7.1143376011993675
West Madhya Pradesh,2010,2.2,5.4,0.8,0.1,0.4,62.2,258.5,291.5,136.1,13.6,4.6,0.8,776.3,7.6,1.4,748.3,19.0,944.1715517241379,-167.87155172413793,-17.77977226888378
West Madhya Pradesh,2011,0.0,1.7,0.1,1.8,3.6,241.5,306.7,343.3,165.0,0.2,0.0,0.0,1063.9,1.7,5.5,1056.5,0.2,944.1715517241379,119.7284482758622,12.680793872387685
West Madhya Pradesh,2012,6.2,0.0,0.0,0.9,3.1,48.2,439.2,341.2,194.3,2.1,0.0,0.0,1035.2,6.2,4.0,1023.0,2.1,944.1715517241379,91.02844827586216,9.641092035619634
West Madhya Pradesh,2013,1.7,31.1,8.5,2.8,0.4,263.7,485.1,432.6,98.9,68.7,0.3,2.4,1396.3,32.8,11.7,1280.4,71.4,944.1715517241379,452.12844827586207,47.886260441784856
West Madhya Pradesh,2014,25.6,34.4,4.6,1.4,1.4,30.6,337.4,211.0,192.6,7.0,3.0,15.8,864.9,60.0,7.5,771.6,25.8,944.1715517241379,-79.27155172413791,-8.395884368617258
West Madhya Pradesh,2015,40.2,6.4,53.5,13.3,2.0,154.1,428.2,276.6,55.6,11.0,0.3,1.0,1042.3,46.6,68.9,914.5,12.4,944.1715517241379,98.12844827586207,10.393074023112764
West Madhya Pradesh,2016,5.2,0.2,2.4,0.0,10.0,111.1,432.9,394.8,100.8,40.6,0.0,0.0,1098.0,5.3,12.4,1039.6,40.6,944.1715517241379,153.82844827586212,16.29242567147445
West Madhya Pradesh,2017,4.6,1.9,1.5,0.2,6.9,120.0,292.8,173.7,151.4,13.5,0.4,2.0,769.0,6.5,8.5,738.0,16.0,944.1715517241379,-175.17155172413788,-18.552936847573903
East Madhya Pradesh,1901,48.5,38.1,15.7,10.7,6.2,61.0,367.5,589.2,189.9,5.9,0.0,0.0,1332.7,86.5,32.7,1207.7,5.9,1203.0350427350427,129.66495726495737,10.778152976339765
East Madhya Pradesh,1902,14.9,8.9,0.0,3.6,2.7,28.0,411.9,227.0,236.6,17.0,27.6,6.1,984.2,23.8,6.2,903.5,50.7,1203.0350427350427,-218.83504273504263,-18.190246747719968
East Madhya Pradesh,1903,5.6,2.9,0.3,0.9,37.5,67.5,261.4,366.7,257.4,177.9,0.0,0.0,1178.1,8.5,38.7,953.0,177.9,1203.0350427350427,-24.93504273504277,-2.0726780059834455
East Madhya Pradesh,1904,2.0,15.3,48.2,0.0,8.6,109.9,443.2,316.6,135.6,44.8,3.2,16.9,1144.2,17.3,56.7,1005.2,65.0,1203.0350427350427,-58.835042735042634,-4.890551035095701
East Madhya Pradesh,1905,15.9,8.0,14.3,12.3,10.2,34.4,292.4,243.3,250.9,2.9,0.0,1.6,886.0,23.9,36.7,821.0,4.4,1203.0350427350427,-317.0350427350427,-26.35293499134312
East Madhya Pradesh,1906,12.1,28.3,30.8,0.0,3.5,226.1,444.2,190.1,417.0,7.1,1.7,8.8,1369.7,40.4,34.4,1277.3,17.6,1203.0350427350427,166.66495726495737,13.853707609884127
East Madhya Pradesh,1907,7.0,103.1,4.5,30.5,5.1,90.9,221.9,512.3,20.1,0.0,13.0,1.2,1009.6,110.1,40.1,845.2,14.2,1203.0350427350427,-193.43504273504266,-16.078920053340866
East Madhya Pradesh,1908,18.2,17.0,9.4,1.4,3.4,117.7,528.9,588.6,127.5,13.0,0.4,5.0,1430.6,35.2,14.1,1362.8,18.4,1203.0350427350427,227.56495726495723,18.91590429050173
East Madhya Pradesh,1909,19.8,16.3,5.3,72.4,6.2,208.5,387.0,240.5,123.6,0.2,0.0,42.2,1122.0,36.1,83.9,959.6,42.4,1203.0350427350427,-81.03504273504268,-6.735883815222321
East Madhya Pradesh,1910,10.0,0.1,0.2,2.6,9.6,221.3,225.6,377.5,258.0,49.0,68.3,0.0,1222.2,10.1,12.4,1082.4,117.3,1203.0350427350427,19.164957264957366,1.5930506248086298
East Madhya Pradesh,1911,22.7,0.8,15.9,0.8,3.9,204.7,175.9,362.6,296.4,62.9,50.5,0.0,1197.1,23.5,20.6,1039.6,113.3,1203.0350427350427,-5.935042735042771,-0.4933391401093134
East Madhya Pradesh,1912,8.4,46.0,0.2,4.8,3.1,35.6,460.4,373.5,165.8,1.0,49.2,2.5,1150.6,54.3,8.1,1035.4,52.7,1203.0350427350427,-52.43504273504277,-4.358563206590741
East Madhya Pradesh,1913,1.3,58.4,22.7,0.0,24.2,201.6,262.5,281.3,63.1,2.7,0.7,17.7,936.4,59.8,46.9,808.5,21.2,1203.0350427350427,-266.6350427350427,-22.163530841866475
East Madhya Pradesh,1914,0.1,9.3,56.1,19.8,21.3,107.6,544.5,339.8,138.4,8.4,1.9,2.8,1250.1,9.4,97.2,1130.4,13.1,1203.0350427350427,47.06495726495723,3.912185064697475
East Madhya Pradesh,1915,16.2,36.7,52.6,8.3,10.4,178.2,378.4,416.2,159.7,116.2,6.7,2.8,1382.3,52.9,71.3,1132.6,125.6,1203.0350427350427,179.26495726495727,14.90105864725328
East Madhya Pradesh,1916,0.0,26.6,0.1,2.2,6.3,286.0,250.5,452.7,253.2,177.4,25.2,0.0,1480.2,26.6,8.5,1242.4,202.6,1203.0350427350427,277.16495726495737,23.038809961415264
East Madhya Pradesh,1917,5.8,39.3,25.4,6.4,63.2,223.8,396.4,466.3,345.9,63.0,0.0,3.8,1639.3,45.0,95.0,1432.4,66.8,1203.0350427350427,436.2649572649573,36.26369488565601
East Madhya Pradesh,1918,1.2,6.5,2.3,1.2,29.1,233.1,191.9,331.9,102.9,0.2,18.7,11.5,930.5,7.7,32.6,859.8,30.4,1203.0350427350427,-272.5350427350427,-22.653957121269492
East Madhya Pradesh,1919,120.7,29.7,10.8,9.2,23.2,158.9,479.8,713.0,105.6,82.3,10.8,3.3,1747.1,150.3,43.1,1457.3,96.4,1203.0350427350427,544.0649572649572,45.22436487203661
East Madhya Pradesh,1920,12.2,1.7,17.0,6.3,12.7,93.8,426.4,237.8,91.6,0.1,0.0,0.0,899.5,13.9,36.0,849.6,0.1,1203.0350427350427,-303.5350427350427,-25.230773165590442
East Madhya Pradesh,1921,24.4,3.4,0.0,0.5,0.0,216.6,255.1,379.5,251.6,0.9,0.0,0.0,1132.1,27.8,0.6,1102.8,0.9,1203.0350427350427,-70.93504273504277,-5.896340523362922
East Madhya Pradesh,1922,39.1,6.1,0.5,2.5,0.9,132.7,459.2,321.0,231.1,6.6,35.0,3.2,1238.0,45.2,4.0,1144.1,44.8,1203.0350427350427,34.96495726495732,2.9063955764302727
East Madhya Pradesh,1923,5.1,9.8,20.0,2.1,2.3,27.2,466.7,676.3,193.4,31.5,0.2,9.2,1443.9,14.9,24.5,1363.6,40.9,1203.0350427350427,240.8649572649574,20.021441496613633
East Madhya Pradesh,1924,29.4,9.0,7.2,1.1,1.4,43.5,547.3,377.7,244.6,29.9,13.8,10.5,1315.3,38.4,9.7,1213.2,54.1,1203.0350427350427,112.26495726495727,9.331811067591868
East Madhya Pradesh,1925,0.1,0.0,0.0,0.2,29.8,191.9,575.0,287.6,204.0,11.7,53.8,0.3,1354.5,0.1,30.1,1258.6,65.8,1203.0350427350427,151.46495726495732,12.590236517184817
East Madhya Pradesh,1926,21.1,3.1,49.2,41.0,31.0,26.3,327.2,551.4,538.7,135.9,1.2,0.9,1726.8,24.2,121.2,1443.6,138.0,1203.0350427350427,523.7649572649573,43.536965978497406
East Madhya Pradesh,1927,8.4,18.7,44.4,1.8,2.5,100.1,430.4,382.8,93.6,67.1,77.7,8.4,1235.9,27.1,48.8,1006.9,153.2,1203.0350427350427,32.86495726495741,2.7318370702020864
East Madhya Pradesh,1928,15.7,52.8,9.1,1.0,2.5,152.7,475.0,185.0,63.1,96.6,0.0,53.5,1106.9,68.5,12.6,875.7,150.1,1203.0350427350427,-96.13504273504259,-7.991042598101229
East Madhya Pradesh,1929,30.0,17.4,0.2,11.2,1.7,94.3,524.9,399.2,103.0,17.7,0.0,47.9,1247.4,47.4,13.1,1121.4,65.6,1203.0350427350427,44.36495726495741,3.687752699546956
East Madhya Pradesh,1930,2.1,3.5,3.0,31.3,6.9,134.0,597.9,268.4,109.2,33.9,5.2,8.5,1203.9,5.5,41.3,1109.5,47.6,1203.0350427350427,0.8649572649574111,0.07189792767723309
East Madhya Pradesh,1931,13.7,29.5,9.0,3.3,3.2,69.6,294.5,458.1,290.9,151.6,16.2,2.6,1342.2,43.2,15.4,1113.1,170.5,1203.0350427350427,139.16495726495737,11.56782240927683
East Madhya Pradesh,1932,0.0,22.5,13.9,2.4,6.3,105.1,534.5,198.0,242.8,22.5,3.1,0.0,1150.9,22.5,22.5,1080.3,25.6,1203.0350427350427,-52.13504273504259,-4.3336262771295555
East Madhya Pradesh,1933,8.4,44.0,18.8,29.5,74.2,143.8,360.6,321.1,294.4,61.4,8.9,3.3,1368.4,52.4,122.5,1120.0,73.5,1203.0350427350427,165.3649572649574,13.745647582219059
East Madhya Pradesh,1934,15.9,0.1,10.5,2.2,0.2,228.5,320.7,447.1,395.1,19.9,20.9,12.1,1473.3,16.0,12.9,1391.4,53.0,1203.0350427350427,270.2649572649573,22.465260583808334
East Madhya Pradesh,1935,21.5,17.2,0.2,19.1,0.5,88.3,624.4,292.6,200.6,2.4,0.2,12.9,1279.9,38.7,19.8,1205.9,15.5,1203.0350427350427,76.86495726495741,6.38925339117376
East Madhya Pradesh,1936,10.2,31.6,22.0,10.4,15.7,233.3,421.9,415.2,217.0,49.0,71.8,6.1,1504.2,41.8,48.1,1287.3,126.9,1203.0350427350427,301.16495726495737,25.033764318308904
East Madhya Pradesh,1937,0.1,59.7,11.2,43.5,2.4,186.9,465.5,344.7,179.4,100.0,3.6,1.1,1398.0,59.8,57.0,1176.5,104.7,1203.0350427350427,194.96495726495732,16.20609128905454
East Madhya Pradesh,1938,52.3,11.5,6.4,2.6,22.3,300.7,403.4,322.0,158.2,94.3,0.0,0.0,1373.8,63.8,31.4,1184.4,94.3,1203.0350427350427,170.76495726495727,14.194512312520116
East Madhya Pradesh,1939,36.4,19.3,20.0,6.4,0.0,186.6,496.0,393.9,180.8,7.9,0.0,0.0,1347.2,55.7,26.4,1257.2,7.9,1203.0350427350427,144.16495726495737,11.98343790029634
East Madhya Pradesh,1940,3.4,15.9,16.0,6.6,10.6,117.0,447.2,431.0,81.9,35.0,2.8,25.4,1192.8,19.3,33.3,1077.0,63.2,1203.0350427350427,-10.235042735042725,-0.8507684623860869
East Madhya Pradesh,1941,30.0,35.7,15.2,3.1,8.1,124.8,190.2,300.5,111.2,9.2,0.0,0.1,828.1,65.7,26.4,726.8,9.3,1203.0350427350427,-374.93504273504266,-31.165762377349022
East Madhya Pradesh,1942,40.8,79.8,10.2,5.0,0.9,166.4,605.6,381.8,196.5,1.2,0.0,20.1,1508.4,120.6,16.1,1350.3,21.3,1203.0350427350427,305.3649572649574,25.382881330765294
East Madhya Pradesh,1943,115.6,1.8,0.0,10.7,28.5,119.2,421.8,386.5,238.3,58.8,1.3,0.0,1382.4,117.4,39.3,1165.7,60.1,1203.0350427350427,179.3649572649574,14.909370957073682
East Madhya Pradesh,1944,29.6,68.4,87.3,10.7,1.8,103.1,533.7,379.5,150.5,50.5,6.3,5.7,1427.0,97.9,99.7,1166.8,62.5,1203.0350427350427,223.96495726495732,18.61666113696769
East Madhya Pradesh,1945,42.5,0.7,0.0,30.0,6.0,224.9,410.0,287.1,256.2,26.6,0.0,2.2,1286.3,43.2,36.0,1178.2,28.9,1203.0350427350427,83.26495726495727,6.92124121967872
East Madhya Pradesh,1946,0.0,23.2,0.9,13.5,8.1,346.0,376.3,480.8,95.6,32.6,108.9,8.6,1494.3,23.2,22.4,1298.7,150.0,1203.0350427350427,291.2649572649573,24.210845646090267
East Madhya Pradesh,1947,50.5,26.5,19.6,1.7,2.4,91.4,487.9,438.7,269.5,29.3,0.3,1.8,1419.5,77.0,23.6,1287.5,31.4,1203.0350427350427,216.46495726495732,17.993237900438427
East Madhya Pradesh,1948,66.1,11.0,3.6,3.2,1.2,189.2,355.8,371.2,302.8,22.6,103.8,0.0,1430.4,77.1,7.9,1219.0,126.4,1203.0350427350427,227.3649572649574,18.899279670860963
East Madhya Pradesh,1949,2.0,15.4,2.8,1.5,24.3,114.4,351.0,302.7,296.2,124.7,0.0,0.4,1235.5,17.4,28.7,1064.3,125.1,1203.0350427350427,32.46495726495732,2.6985878309205185
East Madhya Pradesh,1950,15.1,27.7,35.9,1.7,2.5,75.3,461.1,408.4,114.3,13.1,0.2,22.6,1177.9,42.8,40.2,1059.1,35.9,1203.0350427350427,-25.13504273504259,-2.0893026256242107
East Madhya Pradesh,1951,19.3,21.0,44.5,16.5,9.9,138.5,285.8,382.4,221.6,35.9,0.0,0.0,1175.6,40.3,70.9,1028.4,35.9,1203.0350427350427,-27.43504273504277,-2.2804857514931993
East Madhya Pradesh,1952,1.1,27.1,8.8,2.9,2.6,196.4,386.8,400.3,117.1,8.3,0.0,4.0,1155.3,28.1,14.3,1100.6,12.3,1203.0350427350427,-47.735042735042725,-3.9678846450323997
East Madhya Pradesh,1953,16.4,4.8,0.0,7.1,2.0,42.7,408.3,348.0,160.8,16.3,0.0,0.6,1007.1,21.3,9.1,959.8,16.9,1203.0350427350427,-195.93504273504266,-16.286727798850624
East Madhya Pradesh,1954,16.6,12.2,6.4,3.1,0.1,80.5,329.7,289.5,332.0,5.8,0.0,0.6,1076.7,28.9,9.6,1031.8,6.4,1203.0350427350427,-126.33504273504263,-10.501360163859063
East Madhya Pradesh,1955,70.9,3.0,1.6,3.0,3.4,236.4,260.2,427.1,295.7,119.6,0.0,0.0,1421.0,73.9,8.1,1219.4,119.6,1203.0350427350427,217.96495726495732,18.11792254774428
East Madhya Pradesh,1956,14.1,5.5,6.6,1.7,25.9,187.9,525.3,415.2,184.9,73.3,53.7,21.8,1515.8,19.6,34.1,1313.3,148.8,1203.0350427350427,312.7649572649573,25.997992257474156
East Madhya Pradesh,1957,20.8,0.9,63.8,17.9,6.2,61.3,349.7,359.5,113.6,6.6,0.0,0.5,1000.8,21.8,87.9,884.1,7.1,1203.0350427350427,-202.23504273504273,-16.810403317535208
East Madhya Pradesh,1958,8.1,17.0,14.2,6.0,1.3,65.7,435.8,273.6,236.6,109.6,3.5,0.1,1171.6,25.1,21.5,1011.8,113.1,1203.0350427350427,-31.43504273504277,-2.6129781443088063
East Madhya Pradesh,1959,49.1,3.8,1.4,8.1,30.2,81.3,437.8,397.3,231.2,61.7,0.3,0.0,1302.4,52.9,39.8,1147.7,62.0,1203.0350427350427,99.36495726495741,8.259523100761548
East Madhya Pradesh,1960,46.8,0.1,24.6,6.2,1.3,113.1,376.3,495.3,82.7,104.8,0.0,0.8,1252.0,46.9,32.1,1067.4,105.6,1203.0350427350427,48.96495726495732,4.070118951284896
East Madhya Pradesh,1961,29.0,11.2,3.8,5.8,8.4,132.9,499.4,462.9,358.4,65.7,7.5,13.7,1598.8,40.3,18.0,1453.7,86.8,1203.0350427350427,395.7649572649573,32.89720940839799
East Madhya Pradesh,1962,12.8,23.1,21.5,9.5,9.5,55.5,327.2,325.7,229.5,1.4,1.7,51.0,1068.4,36.0,40.4,937.9,54.1,1203.0350427350427,-134.6350427350426,-11.191281878951443
East Madhya Pradesh,1963,7.2,13.5,5.7,16.2,10.7,147.9,274.2,364.4,243.6,27.9,7.7,1.2,1120.1,20.7,32.5,1030.1,36.8,1203.0350427350427,-82.93504273504277,-6.893817701809743
East Madhya Pradesh,1964,0.2,8.1,2.2,1.3,2.5,131.5,360.1,433.0,226.0,21.3,0.9,0.2,1187.3,8.3,6.0,1150.6,22.4,1203.0350427350427,-15.735042735042725,-1.3079455025075462
East Madhya Pradesh,1965,4.6,0.9,15.3,12.5,0.6,68.5,205.9,185.0,184.2,11.2,0.1,9.1,697.8,5.4,28.4,643.5,20.5,1203.0350427350427,-505.2350427350427,-41.996702073317415
East Madhya Pradesh,1966,13.2,3.8,1.9,0.7,7.6,210.7,253.4,262.0,51.0,2.2,34.0,8.8,849.1,17.0,10.1,777.0,45.0,1203.0350427350427,-353.93504273504266,-29.420177315067086
East Madhya Pradesh,1967,0.2,0.0,53.3,1.1,2.1,118.5,396.5,481.2,262.0,5.8,1.1,86.0,1407.8,0.2,56.5,1258.3,92.9,1203.0350427350427,204.76495726495727,17.020697651452775
East Madhya Pradesh,1968,35.7,12.1,8.8,3.5,1.2,101.9,355.8,281.3,151.5,20.4,0.0,1.5,973.6,47.8,13.4,890.4,22.0,1203.0350427350427,-229.43504273504266,-19.071351588681328
East Madhya Pradesh,1969,8.3,2.7,1.1,0.7,9.7,41.7,553.4,392.8,198.3,0.0,33.2,0.0,1242.1,11.1,11.6,1186.3,33.2,1203.0350427350427,39.06495726495723,3.247200279066262
East Madhya Pradesh,1970,60.6,29.4,36.3,1.4,12.5,198.2,268.5,481.2,250.6,3.6,0.0,0.0,1342.2,90.0,50.1,1198.5,3.6,1203.0350427350427,139.16495726495737,11.56782240927683
East Madhya Pradesh,1971,34.6,8.3,11.4,13.6,30.0,356.6,507.9,286.3,159.2,110.9,0.0,0.0,1518.7,42.9,55.0,1309.9,110.9,1203.0350427350427,315.66495726495737,26.239049242265477
East Madhya Pradesh,1972,0.4,10.4,0.1,2.3,0.2,54.1,207.7,555.7,140.8,25.4,34.9,6.2,1038.3,10.9,2.7,958.3,66.5,1203.0350427350427,-164.73504273504273,-13.693287134888896
East Madhya Pradesh,1973,1.0,29.3,0.1,1.0,1.1,54.8,440.4,430.2,205.2,81.7,0.0,7.6,1252.3,30.3,2.3,1130.5,89.2,1203.0350427350427,49.264957264957275,4.095055880746063
East Madhya Pradesh,1974,0.2,6.8,1.3,0.1,4.2,98.8,303.2,420.0,55.0,76.3,5.1,0.2,971.1,7.0,5.6,876.9,81.6,1203.0350427350427,-231.93504273504266,-19.279159334191082
East Madhya Pradesh,1975,11.8,11.3,13.1,0.1,1.4,190.4,371.8,568.5,171.8,94.0,0.1,0.0,1434.5,23.1,14.6,1302.5,94.2,1203.0350427350427,231.46495726495732,19.240084373496952
East Madhya Pradesh,1976,13.5,2.4,5.6,14.6,10.7,84.7,370.6,366.6,173.5,0.3,12.3,0.9,1055.6,15.9,30.9,995.3,13.5,1203.0350427350427,-147.43504273504277,-12.2552575359614
East Madhya Pradesh,1977,10.3,4.6,4.6,7.4,7.7,275.8,340.2,420.5,167.9,61.7,66.6,4.9,1372.2,14.9,19.7,1204.4,133.2,1203.0350427350427,169.16495726495737,14.06151535539388
East Madhya Pradesh,1978,22.3,73.6,30.5,5.0,0.2,209.1,338.2,428.7,215.7,8.1,14.3,46.8,1392.6,95.8,35.8,1191.8,69.3,1203.0350427350427,189.56495726495723,15.757226558753464
East Madhya Pradesh,1979,47.5,45.4,2.5,0.4,11.2,98.9,243.8,226.7,64.5,6.0,61.3,1.5,809.8,93.0,14.2,633.9,68.8,1203.0350427350427,-393.2350427350427,-32.686915074480424
East Madhya Pradesh,1980,9.5,4.0,4.0,0.6,1.3,250.1,372.0,516.7,174.9,2.4,0.3,33.3,1369.2,13.5,5.9,1313.7,36.0,1203.0350427350427,166.16495726495737,13.812146060782176
East Madhya Pradesh,1981,13.6,1.1,24.3,2.1,14.8,152.0,338.9,270.2,193.8,4.0,5.5,15.8,1036.0,14.7,41.1,954.9,25.4,1203.0350427350427,-167.03504273504268,-13.884470260757867
East Madhya Pradesh,1982,86.0,13.4,9.7,1.7,21.4,97.1,271.7,585.4,160.6,26.5,22.2,1.5,1297.3,99.4,32.8,1114.9,50.2,1203.0350427350427,94.26495726495727,7.835595299921638
East Madhya Pradesh,1983,10.5,12.4,0.2,7.9,10.3,98.1,350.9,319.8,396.4,64.9,0.0,4.1,1275.5,22.9,18.4,1165.2,69.0,1203.0350427350427,72.46495726495732,6.023511759076585
East Madhya Pradesh,1984,53.7,37.6,0.0,3.4,2.0,91.4,202.0,590.3,114.0,14.8,0.0,1.5,1110.6,91.3,5.3,997.6,16.4,1203.0350427350427,-92.43504273504277,-7.683487134746808
East Madhya Pradesh,1985,42.7,6.2,0.3,5.5,3.2,94.9,398.1,340.2,127.0,97.2,0.0,0.0,1115.4,48.9,9.1,960.2,97.2,1203.0350427350427,-87.63504273504259,-7.284496263368065
East Madhya Pradesh,1986,11.7,99.0,19.8,1.4,11.6,186.8,317.2,243.0,82.5,14.0,1.1,41.1,1029.2,110.6,32.9,829.4,56.2,1203.0350427350427,-173.83504273504263,-14.449707328544392
East Madhya Pradesh,1987,37.7,44.9,8.0,0.1,8.2,45.2,248.6,307.2,314.3,81.4,16.9,3.6,1116.1,82.6,16.2,915.4,101.9,1203.0350427350427,-86.93504273504277,-7.226310094625349
East Madhya Pradesh,1988,7.1,17.6,4.6,5.6,4.1,199.1,363.7,338.1,107.5,19.9,0.0,2.2,1069.4,24.7,14.3,1008.3,22.1,1203.0350427350427,-133.6350427350426,-11.10815878074754
East Madhya Pradesh,1989,0.4,0.0,18.5,0.0,3.4,190.3,197.7,358.9,125.3,1.4,1.5,23.6,920.9,0.4,21.9,872.2,26.5,1203.0350427350427,-282.1350427350427,-23.45193886402695
East Madhya Pradesh,1990,0.8,31.1,2.2,2.1,32.0,315.2,334.7,285.7,331.3,37.3,0.0,7.5,1380.0,31.9,36.4,1266.9,44.9,1203.0350427350427,176.96495726495732,14.70987552138431
East Madhya Pradesh,1991,3.5,7.8,16.1,3.4,2.6,98.6,319.3,488.1,67.3,5.1,2.9,2.1,1016.9,11.3,22.0,973.4,10.2,1203.0350427350427,-186.1350427350427,-15.47212143645239
East Madhya Pradesh,1992,0.0,0.0,0.5,0.4,7.1,38.4,295.4,465.7,235.6,7.9,0.1,0.0,1051.1,0.1,8.0,1035.1,8.0,1203.0350427350427,-151.93504273504277,-12.629311477878957
East Madhya Pradesh,1993,0.0,12.2,15.8,1.0,5.5,105.6,252.9,288.1,415.9,21.7,0.1,0.0,1118.9,12.2,22.3,1062.5,21.9,1203.0350427350427,-84.13504273504259,-6.993565419654408
East Madhya Pradesh,1994,9.5,10.7,0.0,9.9,1.0,264.7,550.2,512.1,150.5,24.8,0.4,0.0,1533.7,20.2,10.9,1477.5,25.1,1203.0350427350427,330.66495726495737,27.485895715324
East Madhya Pradesh,1995,24.1,8.9,47.0,3.2,2.1,81.0,361.9,355.3,128.7,5.2,2.1,12.8,1032.3,33.1,52.3,926.9,20.1,1203.0350427350427,-170.73504273504273,-14.192025724112305
East Madhya Pradesh,1996,39.1,15.9,3.5,1.9,0.9,67.2,312.4,369.5,129.0,47.3,0.0,0.0,986.6,55.0,6.2,878.1,47.3,1203.0350427350427,-216.43504273504266,-17.990751312030607
East Madhya Pradesh,1997,4.0,0.0,0.6,7.4,3.3,95.1,449.1,358.9,198.0,61.6,76.4,102.6,1357.1,4.0,11.3,1101.1,240.6,1203.0350427350427,154.06495726495723,12.806356572514954
East Madhya Pradesh,1998,29.7,5.7,24.1,5.2,2.9,84.4,297.2,323.3,187.1,20.4,33.4,0.0,1013.4,35.4,32.2,892.1,53.8,1203.0350427350427,-189.6350427350427,-15.763052280166045
East Madhya Pradesh,1999,1.5,21.2,0.0,0.0,4.8,122.5,336.3,355.9,522.7,79.0,0.0,0.0,1443.9,22.7,4.8,1337.4,79.0,1203.0350427350427,240.8649572649574,20.021441496613633
East Madhya Pradesh,2000,0.1,0.0,0.1,0.1,7.4,167.5,377.7,208.2,111.4,1.8,0.0,0.0,874.2,0.1,7.5,864.9,1.8,1203.0350427350427,-328.83504273504263,-27.333787550149154
East Madhya Pradesh,2001,2.3,0.8,2.4,23.0,12.4,255.5,468.4,243.9,50.4,110.0,1.0,0.0,1170.1,3.1,37.7,1018.2,111.0,1203.0350427350427,-32.93504273504277,-2.7376627916146585
East Madhya Pradesh,2002,1.8,29.6,1.2,0.2,5.2,93.5,84.7,491.8,192.1,43.1,5.6,1.2,950.2,31.5,6.6,862.2,49.9,1203.0350427350427,-252.83504273504263,-21.016432086652625
East Madhya Pradesh,2003,0.7,59.6,2.2,1.0,0.4,119.9,366.8,370.2,493.3,20.5,0.5,2.9,1438.1,60.3,3.7,1350.2,23.8,1203.0350427350427,235.06495726495723,19.539327527030988
East Madhya Pradesh,2004,19.8,0.4,0.0,1.7,3.9,208.1,203.1,369.1,119.9,25.2,4.1,0.0,955.3,20.2,5.7,900.2,29.3,1203.0350427350427,-247.73504273504273,-20.592504285812733
East Madhya Pradesh,2005,35.2,10.6,27.4,3.4,41.7,163.9,597.2,256.6,198.4,27.6,0.0,4.4,1366.4,45.8,72.5,1216.1,32.0,1203.0350427350427,163.3649572649574,13.579401385811254
East Madhya Pradesh,2006,0.0,0.0,50.3,14.2,18.0,56.3,373.8,328.3,74.1,13.0,12.3,3.0,943.4,0.0,82.5,832.6,28.4,1203.0350427350427,-259.6350427350427,-21.58166915443916
East Madhya Pradesh,2007,7.0,26.3,8.6,2.9,6.2,74.8,207.8,162.6,130.1,3.1,22.8,1.5,653.8,33.3,17.7,575.3,27.5,1203.0350427350427,-549.2350427350427,-45.65411839428909
East Madhya Pradesh,2008,1.4,4.1,8.9,2.5,5.3,307.6,268.2,270.2,116.1,15.5,3.0,0.4,1003.2,5.5,16.7,962.2,18.9,1203.0350427350427,-199.83504273504263,-16.610907881845836
East Madhya Pradesh,2009,14.8,1.0,1.8,2.7,3.7,35.3,317.6,191.3,208.7,68.9,79.2,19.0,943.9,15.7,8.2,752.8,167.1,1203.0350427350427,-259.1350427350427,-21.540107605337212
East Madhya Pradesh,2010,2.9,10.4,0.1,0.7,1.7,58.4,363.3,271.9,213.4,23.6,10.9,3.3,960.4,13.2,2.4,907.0,37.8,1203.0350427350427,-242.6350427350427,-20.16857648497283
East Madhya Pradesh,2011,0.6,1.9,0.3,7.1,4.7,332.5,323.6,326.9,276.5,1.1,0.0,0.0,1275.2,2.5,12.1,1259.4,1.1,1203.0350427350427,72.16495726495737,5.998574829615419
East Madhya Pradesh,2012,39.4,0.7,0.6,1.1,1.2,67.8,398.9,351.7,172.6,12.7,3.8,2.7,1053.1,40.0,2.9,990.9,19.2,1203.0350427350427,-149.93504273504277,-12.463065281471154
East Madhya Pradesh,2013,2.0,43.4,14.1,9.5,0.3,311.9,456.2,480.8,78.0,124.2,0.5,1.0,1521.9,45.4,23.9,1326.9,125.7,1203.0350427350427,318.8649572649574,26.505043156517967
East Madhya Pradesh,2014,32.1,49.7,17.8,5.1,2.5,91.8,283.4,231.8,139.6,56.4,1.9,12.9,924.9,81.8,25.3,746.6,71.2,1203.0350427350427,-278.1350427350427,-23.119446471211344
East Madhya Pradesh,2015,37.3,11.0,73.4,25.8,6.3,139.2,262.2,272.1,71.6,38.2,1.2,0.9,939.2,48.3,105.5,745.1,40.3,1203.0350427350427,-263.83504273504263,-21.930786166895544
East Madhya Pradesh,2016,20.2,2.1,17.6,0.1,17.9,99.0,552.2,462.3,139.6,29.0,0.0,0.0,1340.0,22.3,35.6,1253.1,29.0,1203.0350427350427,136.96495726495732,11.384951593228243
East Madhya Pradesh,2017,4.6,6.7,2.0,0.0,11.4,119.0,353.8,179.1,144.0,18.8,0.7,0.0,840.1,11.3,13.4,795.8,19.5,1203.0350427350427,-362.93504273504266,-30.1682851989022
Gujarat Region,1901,4.2,0.0,0.6,1.6,7.0,60.3,240.2,205.4,18.1,16.6,0.0,0.3,554.3,4.2,9.2,524.0,17.0,917.8273504273504,-363.5273504273505,-39.60737825671551
Gujarat Region,1902,3.9,0.0,0.0,0.6,1.0,32.8,229.8,299.0,281.2,2.3,1.5,11.9,863.9,3.9,1.5,842.8,15.7,917.8273504273504,-53.92735042735046,-5.875544066347696
Gujarat Region,1903,0.3,0.1,1.4,0.0,12.3,30.1,452.9,202.0,183.2,5.4,0.0,0.0,887.6,0.3,13.6,868.2,5.4,917.8273504273504,-30.227350427350416,-3.2933590847206977
Gujarat Region,1904,0.8,10.6,16.8,0.2,3.9,48.3,194.8,71.8,138.0,6.1,0.1,1.2,492.6,11.3,20.9,453.0,7.4,917.8273504273504,-425.2273504273504,-46.32977544517059
Gujarat Region,1905,0.1,0.7,1.1,0.3,0.0,20.1,668.3,37.9,81.3,1.4,0.2,0.1,811.5,0.8,1.3,807.6,1.7,917.8273504273504,-106.32735042735044,-11.584678793658009
Gujarat Region,1906,0.0,12.7,0.0,0.0,0.1,177.5,311.5,247.1,134.8,5.9,0.0,0.9,890.6,12.7,0.2,870.9,6.8,917.8273504273504,-27.227350427350416,-2.9665002262869007
Gujarat Region,1907,0.3,14.6,0.2,2.1,0.4,72.4,325.0,564.4,17.5,0.0,0.0,0.0,997.0,15.0,2.7,979.3,0.0,917.8273504273504,79.17264957264956,8.62609395283175
Gujarat Region,1908,5.2,0.3,0.2,0.0,0.1,67.5,562.1,366.0,25.1,1.0,0.0,0.0,1027.5,5.5,0.3,1020.7,1.0,917.8273504273504,109.67264957264956,11.94915901357535
Gujarat Region,1909,0.1,0.5,0.1,5.5,2.6,160.5,415.6,242.6,143.3,1.5,0.0,5.5,977.8,0.6,8.2,962.0,7.0,917.8273504273504,59.972649572649516,6.534197258855448
Gujarat Region,1910,0.6,0.0,0.0,0.1,0.0,262.6,290.2,338.5,44.7,23.1,14.8,0.0,974.6,0.6,0.1,936.0,37.9,917.8273504273504,56.772649572649584,6.185547809859406
Gujarat Region,1911,3.5,0.0,18.9,0.0,0.9,158.0,66.7,93.4,57.7,0.5,3.8,0.1,403.5,3.5,19.8,375.8,4.4,917.8273504273504,-514.3273504273504,-56.03748354065436
Gujarat Region,1912,0.1,0.0,0.0,0.2,0.6,105.1,624.9,291.1,38.9,13.6,44.1,0.0,1118.5,0.1,0.8,1060.0,57.7,917.8273504273504,200.67264957264956,21.863877719400516
Gujarat Region,1913,0.0,0.0,0.1,0.0,13.5,364.5,423.2,213.8,146.0,1.1,0.1,0.3,1162.6,0.0,13.7,1147.5,1.4,917.8273504273504,244.77264957264947,26.668702938377315
Gujarat Region,1914,0.0,3.7,0.0,0.2,5.4,222.3,488.8,137.7,234.9,8.5,6.0,0.0,1107.5,3.7,5.6,1083.7,14.4,917.8273504273504,189.67264957264956,20.665395238476595
Gujarat Region,1915,7.5,1.9,12.1,1.6,2.3,128.7,128.9,116.3,52.7,112.3,2.8,0.2,567.3,9.4,16.0,426.6,115.3,917.8273504273504,-350.5273504273505,-38.19098987016906
Gujarat Region,1916,0.0,0.0,0.2,0.1,8.7,126.7,168.3,418.9,193.6,32.4,4.0,0.0,952.9,0.0,9.0,907.5,36.4,917.8273504273504,35.07264957264954,3.8212687338549376
Gujarat Region,1917,0.4,7.4,0.0,5.3,98.3,126.8,320.1,379.2,353.7,233.7,0.0,0.0,1524.9,7.8,103.6,1179.8,233.7,917.8273504273504,607.0726495726497,66.14235774189883
Gujarat Region,1918,0.4,0.0,0.2,0.0,12.1,37.8,110.5,213.4,17.6,0.2,0.5,0.0,392.6,0.4,12.3,379.3,0.7,917.8273504273504,-525.2273504273504,-57.22507072629715
Gujarat Region,1919,6.1,0.1,0.0,1.3,2.1,110.0,335.9,481.2,78.1,33.0,19.6,0.0,1067.4,6.2,3.5,1005.2,52.6,917.8273504273504,149.57264957264965,16.296381830744856
Gujarat Region,1920,44.1,1.8,0.0,0.2,63.2,189.3,268.1,110.4,31.7,0.0,0.0,0.0,708.9,45.9,63.4,599.5,0.0,917.8273504273504,-208.92735042735046,-22.763251752093854
Gujarat Region,1921,0.8,0.0,0.0,0.0,0.0,31.1,529.7,205.4,405.1,0.4,0.0,0.2,1172.8,0.8,0.0,1171.3,0.6,917.8273504273504,254.97264957264952,27.780023057052226
Gujarat Region,1922,2.1,0.0,0.0,0.0,0.0,130.8,314.8,106.8,314.3,5.0,4.1,0.7,878.7,2.1,0.0,866.8,9.8,917.8273504273504,-39.12735042735039,-4.2630403647409585
Gujarat Region,1923,0.0,5.2,1.5,4.0,4.6,2.6,295.0,157.5,81.9,0.9,0.0,0.0,553.2,5.2,10.1,537.0,1.0,917.8273504273504,-364.6273504273504,-39.727226504807895
Gujarat Region,1924,1.4,0.0,0.4,0.0,5.5,117.3,297.3,267.0,198.7,21.0,0.0,1.0,909.6,1.4,6.0,880.3,22.0,917.8273504273504,-8.227350427350416,-0.8963941228728554
Gujarat Region,1925,0.0,0.0,0.1,0.0,25.8,264.6,199.3,81.8,14.2,0.4,6.6,0.2,593.1,0.0,26.0,559.9,7.2,917.8273504273504,-324.7273504273504,-35.3800036876384
Gujarat Region,1926,6.5,0.0,0.9,2.0,8.5,20.1,406.1,471.0,359.1,0.1,0.1,0.0,1274.5,6.5,11.5,1256.4,0.2,917.8273504273504,356.67264957264956,38.86053835795794
Gujarat Region,1927,0.0,4.9,0.0,0.2,1.9,139.4,903.3,199.2,113.9,26.2,18.3,14.8,1422.1,4.9,2.1,1355.8,59.3,917.8273504273504,504.27264957264947,54.94199419290072
Gujarat Region,1928,0.0,0.2,0.0,0.0,0.0,51.5,372.7,220.5,138.3,19.6,16.4,1.8,821.0,0.2,0.0,783.0,37.8,917.8273504273504,-96.82735042735044,-10.549625741950985
Gujarat Region,1929,1.9,0.0,0.0,5.5,0.9,123.6,353.7,150.7,20.6,7.2,0.6,11.6,676.3,1.9,6.4,648.6,19.4,917.8273504273504,-241.52735042735048,-26.315118013741113
Gujarat Region,1930,2.0,0.2,0.2,0.1,1.1,160.2,426.0,152.9,102.8,48.2,0.0,0.9,894.7,2.2,1.5,841.9,49.1,917.8273504273504,-23.127350427350393,-2.5197931197607093
Gujarat Region,1931,0.0,0.1,0.0,0.0,1.7,18.4,332.5,546.3,86.4,113.6,4.2,1.3,1104.6,0.1,1.7,983.7,119.1,917.8273504273504,186.77264957264947,20.349431675323913
Gujarat Region,1932,0.0,0.0,0.8,0.4,0.4,57.9,540.0,146.6,129.2,30.1,0.9,0.3,906.6,0.0,1.6,873.7,31.3,917.8273504273504,-11.227350427350416,-1.223252981306652
Gujarat Region,1933,0.0,3.4,0.7,3.5,44.3,118.3,241.3,473.6,227.5,15.1,1.4,7.9,1137.1,3.4,48.6,1060.6,24.4,917.8273504273504,219.27264957264947,23.890402641690045
Gujarat Region,1934,0.1,0.0,0.7,0.3,0.0,219.7,266.1,392.9,81.2,0.9,17.6,0.0,979.6,0.1,1.1,959.9,18.5,917.8273504273504,61.772649572649584,6.730312573915732
Gujarat Region,1935,7.3,0.0,0.0,1.6,0.4,82.4,356.0,107.1,187.6,14.2,0.1,0.3,756.9,7.3,1.9,733.1,14.6,917.8273504273504,-160.92735042735046,-17.53351001715311
Gujarat Region,1936,0.0,1.8,1.3,0.0,0.8,189.4,133.4,52.9,175.8,1.3,52.5,0.0,609.3,1.8,2.1,551.5,53.9,917.8273504273504,-308.5273504273505,-33.61496585209591
Gujarat Region,1937,0.0,4.0,0.2,0.1,0.0,260.6,577.8,32.0,320.1,3.3,0.1,4.8,1203.1,4.0,0.3,1190.6,8.2,917.8273504273504,285.27264957264947,31.08129752723357
Gujarat Region,1938,0.0,0.1,0.0,0.0,15.8,265.0,342.6,134.6,26.3,30.3,0.0,0.0,814.9,0.1,15.8,768.6,30.4,917.8273504273504,-102.92735042735046,-11.214238754099707
Gujarat Region,1939,0.0,1.1,3.1,0.0,0.0,30.3,210.3,265.3,91.6,1.3,2.4,0.2,605.6,1.1,3.1,597.5,3.9,917.8273504273504,-312.2273504273504,-34.01809177749758
Gujarat Region,1940,11.3,4.4,10.1,2.0,1.5,152.6,208.3,241.8,119.8,91.5,26.7,0.0,870.1,15.7,13.5,722.6,118.2,917.8273504273504,-47.727350427350416,-5.200035758917845
Gujarat Region,1941,1.0,12.5,0.1,0.7,0.9,42.5,671.9,187.7,40.7,3.3,0.0,0.4,961.8,13.5,1.8,942.9,3.7,917.8273504273504,43.972649572649516,4.790950013875199
Gujarat Region,1942,2.0,13.7,0.0,0.0,9.0,130.1,501.1,367.8,162.6,0.0,0.0,0.3,1186.8,15.8,9.0,1161.6,0.4,917.8273504273504,268.9726495726495,29.30536439640995
Gujarat Region,1943,0.1,0.0,0.0,0.6,19.0,132.8,484.2,80.9,152.2,42.6,0.4,0.0,912.8,0.1,19.5,850.1,43.0,917.8273504273504,-5.027350427350484,-0.5477446738768129
Gujarat Region,1944,2.9,0.0,5.1,2.3,2.3,110.1,625.9,502.7,72.2,16.9,0.0,0.0,1340.6,2.9,9.8,1310.9,17.0,917.8273504273504,422.77264957264947,46.06232853878258
Gujarat Region,1945,7.0,0.0,0.0,1.9,0.7,160.9,518.8,245.3,339.5,2.7,0.0,0.0,1277.0,7.0,2.6,1264.6,2.7,917.8273504273504,359.17264957264956,39.132920739986105
Gujarat Region,1946,0.0,2.1,0.0,1.1,4.2,233.3,291.7,469.6,104.6,1.1,34.4,5.5,1147.7,2.1,5.3,1099.3,41.0,917.8273504273504,229.8726495726496,25.045303941489472
Gujarat Region,1947,0.4,0.0,0.0,40.4,0.0,5.4,216.7,257.1,252.7,8.3,2.3,0.0,783.4,0.4,40.4,731.9,10.7,917.8273504273504,-134.42735042735046,-14.646256767654572
Gujarat Region,1948,11.7,0.4,0.0,0.0,0.7,65.5,185.9,115.9,49.8,18.2,25.1,0.6,473.9,12.1,0.7,417.2,43.9,917.8273504273504,-443.92735042735046,-48.36719566274126
Gujarat Region,1949,0.0,0.1,0.0,0.0,2.5,35.2,290.0,205.5,241.1,23.5,2.5,0.0,800.3,0.1,2.5,771.8,25.9,917.8273504273504,-117.52735042735048,-12.804951865144186
Gujarat Region,1950,0.0,0.0,0.0,0.0,0.1,11.7,730.7,76.9,306.6,3.3,0.0,0.0,1129.3,0.0,0.1,1125.9,3.3,917.8273504273504,211.47264957264952,23.04056960976218
Gujarat Region,1951,0.0,0.0,0.4,0.3,2.1,65.6,218.6,162.6,7.3,13.9,7.3,0.3,478.3,0.0,2.7,454.1,21.5,917.8273504273504,-439.5273504273504,-47.887802670371684
Gujarat Region,1952,0.0,0.0,0.0,0.0,0.2,138.7,487.7,136.4,11.6,1.8,0.0,0.0,776.6,0.0,0.3,774.5,1.8,917.8273504273504,-141.22735042735042,-15.387136846771174
Gujarat Region,1953,12.6,0.0,0.0,0.1,0.3,143.6,240.0,552.9,104.5,1.0,0.0,0.4,1055.5,12.6,0.4,1041.0,1.4,917.8273504273504,137.67264957264956,14.999841692290786
Gujarat Region,1954,0.1,2.0,5.5,0.0,0.2,114.3,355.0,214.1,522.0,32.0,0.1,2.6,1248.0,2.2,5.7,1205.5,34.7,917.8273504273504,330.17264957264956,35.9732851084594
Gujarat Region,1955,0.3,0.1,0.1,0.7,3.1,104.9,109.9,393.5,311.4,51.4,0.1,0.0,975.7,0.4,4.0,919.8,51.5,917.8273504273504,57.87264957264961,6.3053960579518
Gujarat Region,1956,0.0,0.1,0.0,0.1,26.5,102.9,661.3,329.8,135.0,107.4,2.2,1.4,1366.6,0.1,26.6,1229.0,110.9,917.8273504273504,448.77264957264947,48.89510531187548
Gujarat Region,1957,2.3,0.0,0.2,0.0,5.7,151.8,257.1,198.7,16.1,7.5,8.2,0.2,647.8,2.3,6.0,623.6,15.9,917.8273504273504,-270.0273504273505,-29.420277168862185
Gujarat Region,1958,1.0,0.0,0.3,1.1,0.7,103.4,336.8,287.1,335.9,46.9,10.0,0.1,1123.1,1.0,2.0,1063.2,56.9,917.8273504273504,205.27264957264947,22.365061302332325
Gujarat Region,1959,0.0,0.0,0.0,2.8,1.4,98.0,632.6,321.8,377.6,121.7,4.7,0.0,1560.7,0.0,4.2,1430.1,126.4,917.8273504273504,642.8726495726496,70.04287345254214
Gujarat Region,1960,1.6,0.0,0.2,0.0,8.0,131.4,218.3,210.6,73.1,6.3,0.0,0.1,649.6,1.6,8.2,633.3,6.5,917.8273504273504,-268.2273504273504,-29.2241618538019
Gujarat Region,1961,0.0,0.6,0.0,0.0,0.6,90.2,365.1,174.6,297.7,16.1,0.1,0.0,945.1,0.6,0.6,927.6,16.2,917.8273504273504,27.272649572649584,2.9714357019270716
Gujarat Region,1962,0.0,0.0,1.4,1.3,2.3,49.3,298.8,181.0,227.1,0.0,8.9,2.9,773.0,0.0,5.0,756.2,11.8,917.8273504273504,-144.82735042735044,-15.779367476891732
Gujarat Region,1963,1.4,0.0,0.9,0.3,0.3,65.4,291.4,350.9,227.6,26.0,33.1,0.4,997.9,1.4,1.6,935.3,59.5,917.8273504273504,80.07264957264954,8.724151610361888
Gujarat Region,1964,0.1,0.0,0.0,0.0,4.0,106.2,371.0,296.3,114.6,0.5,0.0,0.0,892.7,0.1,4.0,888.1,0.5,917.8273504273504,-25.127350427350393,-2.7376990253832405
Gujarat Region,1965,7.4,0.0,0.6,0.4,1.3,11.2,442.4,165.9,24.1,1.0,2.4,0.1,656.7,7.4,2.2,643.6,3.5,917.8273504273504,-261.1273504273504,-28.45059588884191
Gujarat Region,1966,0.2,0.0,0.0,0.0,0.5,123.1,316.4,71.2,183.9,0.8,0.3,0.1,696.7,0.2,0.6,694.6,1.2,917.8273504273504,-221.1273504273504,-24.092477776391288
Gujarat Region,1967,0.0,0.0,42.1,0.4,0.2,132.7,413.2,204.1,123.8,1.0,0.0,21.1,938.7,0.0,42.7,873.8,22.1,917.8273504273504,20.872649572649607,2.2741368039349745
Gujarat Region,1968,0.1,0.3,1.2,0.0,0.1,33.8,279.1,297.1,45.8,10.3,0.1,0.0,668.0,0.4,1.4,655.9,10.3,917.8273504273504,-249.82735042735044,-27.219427522074614
Gujarat Region,1969,0.0,0.2,0.0,0.0,0.0,100.5,331.3,154.6,191.9,0.0,7.2,3.2,789.0,0.3,0.0,778.3,10.4,917.8273504273504,-128.82735042735044,-14.036120231911484
Gujarat Region,1970,0.2,1.0,0.1,0.1,5.3,262.6,261.2,495.8,321.8,5.8,0.0,0.0,1353.8,1.1,5.4,1341.4,5.8,917.8273504273504,435.9726495726495,47.50050751589129
Gujarat Region,1971,0.0,0.1,0.0,0.3,5.0,176.2,253.6,194.1,134.9,5.0,0.0,0.0,769.2,0.1,5.3,758.8,5.0,917.8273504273504,-148.6273504273504,-16.193388697574534
Gujarat Region,1972,0.1,2.0,0.0,0.0,1.8,87.8,208.4,180.4,23.0,0.2,0.0,0.0,503.8,2.0,1.9,499.7,0.2,917.8273504273504,-414.0273504273504,-45.10950237368442
Gujarat Region,1973,0.2,0.7,0.1,0.0,1.3,97.3,301.4,364.5,387.0,7.1,0.0,0.1,1159.6,0.9,1.4,1150.2,7.1,917.8273504273504,241.77264957264947,26.34184407994352
Gujarat Region,1974,0.0,0.0,0.0,0.6,51.3,22.1,135.5,103.0,68.7,38.6,0.0,1.5,421.3,0.0,51.9,329.3,40.1,917.8273504273504,-496.5273504273504,-54.09812098061383
Gujarat Region,1975,0.0,0.0,0.7,0.0,0.1,156.0,219.5,449.6,318.5,48.2,0.0,0.0,1192.7,0.0,0.9,1143.6,48.2,917.8273504273504,274.8726495726496,29.948186817996426
Gujarat Region,1976,3.2,0.0,0.0,0.0,0.2,342.5,584.4,482.4,149.5,0.2,57.7,0.0,1620.1,3.2,0.2,1558.8,57.9,917.8273504273504,702.2726495726495,76.51467884953131
Gujarat Region,1977,3.9,0.1,0.2,0.1,15.4,310.2,565.2,242.9,160.0,0.7,8.9,0.0,1307.7,4.0,15.8,1278.3,9.6,917.8273504273504,389.8726495726496,42.47777639129196
Gujarat Region,1978,0.0,1.1,0.0,2.0,0.3,155.5,280.7,405.7,52.3,6.1,26.2,5.9,935.8,1.1,2.3,894.2,38.2,917.8273504273504,17.972649572649516,1.9581732407822947
Gujarat Region,1979,1.0,4.6,0.0,0.0,0.3,132.3,174.2,441.3,46.3,11.5,92.8,0.1,904.5,5.6,0.4,794.1,104.3,917.8273504273504,-13.327350427350439,-1.4520541822103121
Gujarat Region,1980,0.1,0.0,0.0,0.0,0.1,261.3,268.7,249.1,24.0,0.8,0.4,17.6,822.0,0.1,0.1,803.1,18.7,917.8273504273504,-95.82735042735044,-10.44067278913972
Gujarat Region,1981,1.3,0.0,0.7,0.1,0.3,111.3,414.3,377.0,137.9,40.8,30.5,0.0,1114.2,1.3,1.0,1040.6,71.4,917.8273504273504,196.3726495726496,21.39538002231208
Gujarat Region,1982,0.4,0.1,0.1,2.6,45.8,39.6,274.4,266.3,25.8,6.5,96.6,0.0,758.3,0.5,48.5,606.2,103.1,917.8273504273504,-159.52735042735048,-17.38097588321734
Gujarat Region,1983,0.1,0.0,0.0,8.0,1.3,129.3,408.8,405.9,180.8,79.8,0.0,0.0,1213.9,0.1,9.4,1124.7,79.8,917.8273504273504,296.07264957264965,32.257989417595255
Gujarat Region,1984,0.0,0.0,0.0,0.0,0.0,85.2,250.5,421.4,89.2,5.7,1.7,0.0,853.6,0.0,0.0,846.3,7.3,917.8273504273504,-64.22735042735042,-6.997759480303727
Gujarat Region,1985,0.0,0.0,0.0,0.8,2.1,14.7,247.2,182.5,18.1,124.0,0.0,0.3,589.7,0.0,2.9,462.4,124.3,917.8273504273504,-328.1273504273504,-35.7504437271967
Gujarat Region,1986,0.0,0.0,0.1,0.0,2.0,180.1,161.8,149.4,5.9,1.5,1.1,0.0,501.8,0.0,2.1,497.1,2.6,917.8273504273504,-416.0273504273504,-45.327408279306944
Gujarat Region,1987,0.4,0.5,0.0,0.0,0.3,69.6,119.4,180.6,5.7,3.4,11.2,10.7,401.9,0.9,0.4,375.2,25.4,917.8273504273504,-515.9273504273505,-56.21180826515237
Gujarat Region,1988,0.0,0.0,0.0,2.5,0.0,74.7,573.1,245.5,190.4,11.2,0.0,0.0,1097.4,0.0,2.5,1083.7,11.2,917.8273504273504,179.57264957264965,19.564970415082822
Gujarat Region,1989,1.3,0.0,0.0,0.0,0.1,112.5,351.2,298.3,58.0,1.5,0.0,0.0,822.8,1.3,0.1,819.9,1.5,917.8273504273504,-95.02735042735048,-10.353510426890713
Gujarat Region,1990,0.0,3.3,0.2,0.0,32.9,79.0,221.6,530.5,226.2,16.0,4.8,3.8,1118.4,3.3,33.2,1057.3,24.6,917.8273504273504,200.57264957264965,21.8529824241194
Gujarat Region,1991,0.0,0.0,0.0,0.0,0.0,55.6,440.8,133.8,41.8,0.0,0.7,0.0,672.7,0.0,0.0,672.0,0.7,917.8273504273504,-245.1273504273504,-26.70734864386166
Gujarat Region,1992,0.8,0.0,0.0,0.0,0.9,132.8,256.3,244.4,244.1,19.2,2.5,0.0,901.1,0.8,0.9,877.7,21.7,917.8273504273504,-16.727350427350416,-1.8224942217686124
Gujarat Region,1993,0.0,1.7,0.1,0.0,0.0,133.2,557.4,69.5,147.8,30.1,1.5,0.0,941.4,1.7,0.1,908.0,31.7,917.8273504273504,23.57264957264954,2.568309776525384
Gujarat Region,1994,7.2,0.0,0.0,0.1,0.0,320.7,490.6,370.1,343.7,2.0,0.1,0.0,1534.5,7.2,0.2,1525.1,2.1,917.8273504273504,616.6726495726496,67.18830608888699
Gujarat Region,1995,2.2,0.0,0.2,0.0,0.0,8.5,451.0,127.4,71.0,22.9,0.3,0.7,684.3,2.2,0.3,657.9,23.9,917.8273504273504,-233.52735042735048,-25.443494391250994
Gujarat Region,1996,1.0,0.0,0.0,0.0,0.0,123.9,374.6,228.5,151.3,23.3,0.1,0.0,902.8,1.0,0.0,878.3,23.4,917.8273504273504,-15.027350427350484,-1.6372742019894686
Gujarat Region,1997,0.7,0.0,0.2,3.3,3.6,355.3,241.9,358.0,96.1,8.1,0.9,0.9,1068.9,0.7,7.1,1051.3,9.8,917.8273504273504,151.07264957264965,16.459811259961754
Gujarat Region,1998,0.0,0.1,0.0,0.0,0.0,111.5,312.2,196.1,346.9,98.8,4.4,0.0,1070.0,0.1,0.0,966.7,103.2,917.8273504273504,152.17264957264956,16.57965950805414
Gujarat Region,1999,0.0,2.0,0.0,0.0,7.4,158.0,219.4,55.1,57.2,69.5,0.0,0.0,568.4,2.0,7.4,489.6,69.5,917.8273504273504,-349.42735042735046,-38.07114162207667
Gujarat Region,2000,0.0,0.1,0.0,0.0,36.1,62.9,301.1,133.0,13.5,0.2,0.0,3.6,550.6,0.1,36.1,510.6,3.9,917.8273504273504,-367.2273504273504,-40.01050418211719
Gujarat Region,2001,6.1,0.0,0.0,0.2,2.1,216.9,320.0,256.8,17.8,28.9,0.2,0.0,849.0,6.1,2.3,811.5,29.0,917.8273504273504,-68.82735042735044,-7.49894306323555
Gujarat Region,2002,4.1,0.0,0.1,0.0,0.0,234.2,45.8,238.5,113.7,0.6,0.1,0.1,637.2,4.1,0.1,632.2,0.8,917.8273504273504,-280.6273504273504,-30.57517846866159
Gujarat Region,2003,0.0,6.1,0.1,0.0,0.0,209.3,518.7,314.6,109.5,1.9,0.0,0.0,1160.3,6.1,0.1,1152.2,1.9,917.8273504273504,242.47264957264952,26.41811114691141
Gujarat Region,2004,0.0,0.0,0.0,0.0,4.4,135.5,238.2,553.7,51.8,22.2,0.0,0.0,1005.8,0.0,4.4,979.1,22.3,917.8273504273504,87.97264957264952,9.584879937570882
Gujarat Region,2005,0.0,0.0,0.0,0.0,0.3,367.3,378.7,229.4,339.2,1.4,0.0,0.0,1316.4,0.0,0.3,1314.7,1.4,917.8273504273504,398.57264957264965,43.425667080749975
Gujarat Region,2006,0.0,0.0,0.8,0.0,0.2,123.5,576.0,624.8,140.6,9.2,2.9,0.0,1478.0,0.0,1.1,1464.9,12.1,917.8273504273504,560.1726495726496,61.03246425505048
Gujarat Region,2007,0.1,0.4,0.0,0.0,0.3,94.0,567.8,345.6,169.4,0.0,1.4,0.0,1178.9,0.5,0.3,1176.7,1.4,917.8273504273504,261.07264957264965,28.444636069200964
Gujarat Region,2008,0.0,0.0,0.0,3.1,0.1,58.2,261.9,369.5,204.3,11.6,0.1,2.3,911.1,0.0,3.3,893.9,14.0,917.8273504273504,-6.727350427350416,-0.732964693655957
Gujarat Region,2009,0.0,0.0,0.3,0.0,0.0,17.0,390.3,143.5,54.9,27.4,8.1,0.0,641.6,0.0,0.3,605.7,35.5,917.8273504273504,-276.2273504273504,-30.09578547629202
Gujarat Region,2010,0.2,0.0,0.0,0.0,0.0,59.3,328.2,431.0,216.6,12.2,41.0,0.2,1088.7,0.2,0.0,1035.0,53.4,917.8273504273504,170.8726495726496,18.61707972562481
Gujarat Region,2011,0.0,0.2,0.0,0.0,0.0,16.3,259.2,451.7,162.5,0.4,0.0,0.0,890.5,0.2,0.0,889.8,0.4,917.8273504273504,-27.32735042735044,-2.9773955215680297
Gujarat Region,2012,0.1,0.0,0.0,0.0,0.0,34.4,178.2,230.3,263.8,7.1,0.0,0.0,714.0,0.1,0.0,706.7,7.1,917.8273504273504,-203.82735042735044,-22.2075916927564
Gujarat Region,2013,0.0,0.9,0.1,4.6,0.0,155.7,405.4,211.1,287.3,53.2,0.1,0.0,1118.6,0.9,4.7,1059.6,53.3,917.8273504273504,200.77264957264947,21.87477301468163
Gujarat Region,2014,5.7,0.1,0.2,1.0,1.3,11.6,307.5,138.6,235.1,3.3,1.3,0.0,705.7,5.8,2.5,692.8,4.6,917.8273504273504,-212.1273504273504,-23.1119012010899
Gujarat Region,2015,1.8,0.0,6.1,5.5,0.9,120.7,354.7,37.4,93.4,2.2,0.3,0.0,622.9,1.8,12.5,606.1,2.6,917.8273504273504,-294.92735042735046,-32.13320569386269
Gujarat Region,2016,0.0,0.0,0.6,0.0,0.4,31.8,255.8,303.9,105.3,66.9,0.0,0.0,764.9,0.0,1.0,696.9,66.9,917.8273504273504,-152.92735042735046,-16.661886394662986
Gujarat Region,2017,0.0,0.0,0.0,0.0,0.2,137.7,613.1,179.7,67.2,15.5,0.0,11.0,1024.4,0.0,0.2,997.7,26.6,917.8273504273504,106.57264957264965,11.611404859860437
Saurashtra & Kutch,1901,1.9,0.0,0.1,0.2,3.2,9.1,87.8,62.5,12.0,3.8,0.0,0.7,181.3,1.9,3.5,171.4,4.4,496.3982905982906,-315.0982905982906,-63.47690887865755
Saurashtra & Kutch,1902,0.1,0.0,0.0,0.5,1.1,14.4,92.9,160.0,123.9,1.5,0.1,6.5,401.1,0.1,1.6,391.2,8.2,496.3982905982906,-95.29829059829058,-19.197948986373632
Saurashtra & Kutch,1903,0.5,0.0,1.7,0.0,3.1,10.5,337.9,96.1,61.9,11.1,0.0,0.0,522.8,0.5,4.8,506.4,11.1,496.3982905982906,26.401709401709354,5.318654375277632
Saurashtra & Kutch,1904,1.4,5.8,17.5,0.0,0.0,9.5,111.2,9.4,28.9,0.3,1.7,0.0,185.6,7.1,17.5,159.0,2.0,496.3982905982906,-310.7982905982906,-62.61066898995499
Saurashtra & Kutch,1905,1.5,1.0,0.6,0.4,0.0,6.4,254.5,12.3,12.8,0.4,0.0,0.0,290.0,2.5,1.0,286.0,0.5,496.3982905982906,-206.3982905982906,-41.579170296804676
Saurashtra & Kutch,1906,0.9,28.2,0.0,0.0,0.0,126.0,161.0,152.2,56.6,14.9,0.0,0.6,540.3,29.1,0.0,495.7,15.5,496.3982905982906,43.901709401709354,8.844049271160108
Saurashtra & Kutch,1907,0.0,19.7,0.0,2.3,0.4,69.0,201.1,213.7,3.3,0.0,0.0,0.0,509.6,19.8,2.7,487.1,0.0,496.3982905982906,13.201709401709422,2.6594993680977197
Saurashtra & Kutch,1908,3.6,0.0,0.0,0.0,0.0,30.2,284.8,198.8,10.4,0.1,0.0,0.0,527.9,3.6,0.0,524.3,0.1,496.3982905982906,31.501709401709377,6.346055173506243
Saurashtra & Kutch,1909,0.2,3.5,0.0,3.6,1.0,99.6,247.5,64.8,157.2,2.3,0.0,6.7,586.4,3.7,4.5,569.2,9.0,496.3982905982906,90.00170940170938,18.130946682599095
Saurashtra & Kutch,1910,0.3,0.0,0.0,0.4,0.5,163.8,162.1,194.2,24.7,3.6,0.2,0.0,549.7,0.3,0.8,544.8,3.8,496.3982905982906,53.301709401709445,10.737689958091284
Saurashtra & Kutch,1911,1.5,0.0,35.5,0.0,0.5,42.1,12.6,27.4,19.9,0.2,0.2,0.4,140.4,1.5,36.1,102.0,0.8,496.3982905982906,-355.9982905982906,-71.71626037817717
Saurashtra & Kutch,1912,0.0,0.0,0.7,0.5,0.3,62.6,428.7,133.5,20.2,2.7,3.4,0.0,652.6,0.0,1.5,645.0,6.0,496.3982905982906,156.20170940170942,31.46701194588024
Saurashtra & Kutch,1913,0.0,0.0,0.1,0.0,0.7,213.1,352.8,122.6,61.9,0.5,0.0,0.1,751.9,0.0,0.9,750.3,0.6,496.3982905982906,255.50170940170938,51.471109840801944
Saurashtra & Kutch,1914,0.0,9.8,0.4,0.0,4.9,161.3,118.1,36.5,238.0,4.2,4.1,0.0,577.1,9.8,5.2,553.9,8.3,496.3982905982906,80.70170940170942,16.2574511093587
Saurashtra & Kutch,1915,1.3,1.3,7.9,7.2,1.3,34.9,99.3,12.3,29.5,50.6,0.0,0.2,245.8,2.6,16.4,176.0,50.8,496.3982905982906,-250.5982905982906,-50.48331054811928
Saurashtra & Kutch,1916,0.0,0.0,0.0,0.0,2.7,21.0,105.7,238.9,98.3,29.3,0.0,0.0,495.9,0.0,2.7,463.9,29.3,496.3982905982906,-0.49829059829062317,-0.10038120753599934
Saurashtra & Kutch,1917,3.4,0.2,0.0,1.5,57.0,81.4,215.2,209.9,109.6,208.5,0.0,0.0,886.7,3.7,58.5,616.1,208.5,496.3982905982906,390.30170940170945,78.62672309594241
Saurashtra & Kutch,1918,0.0,0.0,0.6,0.6,3.8,9.9,45.0,49.0,8.6,0.2,0.0,0.0,117.6,0.0,5.0,112.4,0.2,496.3982905982906,-378.7982905982906,-76.30934629966976
Saurashtra & Kutch,1919,7.5,0.0,0.0,1.1,0.9,24.9,170.4,179.6,31.2,18.2,11.3,0.0,445.1,7.5,2.0,406.0,29.6,496.3982905982906,-51.29829059829058,-10.334098962440551
Saurashtra & Kutch,1920,12.5,4.5,0.3,0.2,20.7,237.7,145.2,52.4,16.5,0.0,0.0,0.0,490.1,17.0,21.2,451.8,0.0,496.3982905982906,-6.298290598290578,-1.2687978015998966
Saurashtra & Kutch,1921,0.0,0.0,0.0,0.0,0.0,8.6,317.4,79.1,190.0,2.7,0.0,0.2,598.1,0.0,0.0,595.2,2.9,496.3982905982906,101.70170940170942,20.48792498441767
Saurashtra & Kutch,1922,0.0,0.0,0.0,1.0,0.1,40.7,127.4,31.5,130.6,1.1,0.0,2.3,334.9,0.0,1.1,330.3,3.5,496.3982905982906,-161.49829059829062,-32.53401424965479
Saurashtra & Kutch,1923,0.0,11.4,0.0,0.5,2.7,2.0,103.7,69.8,14.0,0.8,0.0,0.0,205.0,11.4,3.2,189.5,0.8,496.3982905982906,-291.3982905982906,-58.70251693394813
Saurashtra & Kutch,1924,0.0,0.1,0.1,0.0,6.7,41.0,121.3,78.6,62.1,0.3,0.0,0.4,310.7,0.1,6.8,303.1,0.7,496.3982905982906,-185.6982905982906,-37.40913176281798
Saurashtra & Kutch,1925,0.0,0.0,0.0,0.0,11.7,200.5,79.9,29.2,7.6,0.0,11.8,0.0,340.6,0.0,11.7,317.1,11.8,496.3982905982906,-155.79829059829058,-31.385742769281627
Saurashtra & Kutch,1926,6.0,0.0,0.3,2.2,22.1,9.9,250.4,212.3,396.6,1.7,0.0,0.0,901.4,6.0,24.5,869.2,1.7,496.3982905982906,405.0017094017094,81.58805480848366
Saurashtra & Kutch,1927,0.0,8.8,0.1,0.0,1.9,52.5,442.1,47.7,55.8,22.0,3.5,5.1,639.5,8.8,1.9,598.1,30.6,496.3982905982906,143.1017094017094,28.82800205239107
Saurashtra & Kutch,1928,0.6,0.0,0.0,0.2,0.0,4.8,203.4,91.8,88.9,26.9,10.3,0.0,426.8,0.6,0.2,388.8,37.1,496.3982905982906,-69.59829059829059,-14.020654767849086
Saurashtra & Kutch,1929,5.1,0.0,0.0,3.1,0.5,39.6,268.4,63.2,11.5,7.7,1.3,21.3,421.8,5.1,3.6,382.8,30.3,496.3982905982906,-74.59829059829059,-15.027910452386935
Saurashtra & Kutch,1930,4.8,0.5,0.0,0.1,1.8,124.1,225.0,38.2,38.5,17.1,0.0,0.1,450.2,5.3,1.8,425.8,17.3,496.3982905982906,-46.19829059829061,-9.30669816421195
Saurashtra & Kutch,1931,0.2,0.6,0.0,0.1,3.1,8.1,115.0,119.2,20.8,60.1,2.5,0.0,329.7,0.7,3.2,263.1,62.6,496.3982905982906,-166.6982905982906,-33.581560161574146
Saurashtra & Kutch,1932,0.0,0.0,0.0,0.0,0.3,16.1,384.1,38.5,18.4,35.0,0.0,0.0,492.5,0.0,0.3,457.2,35.0,496.3982905982906,-3.8982905982906004,-0.7853150730217331
Saurashtra & Kutch,1933,0.0,4.5,1.2,11.4,103.9,59.6,220.1,242.0,107.0,5.9,2.2,0.2,757.9,4.5,116.4,628.7,8.3,496.3982905982906,261.5017094017094,52.67981666224736
Saurashtra & Kutch,1934,0.0,0.0,0.6,0.1,0.0,161.6,114.9,104.8,11.4,0.9,4.0,0.0,398.4,0.0,0.8,392.7,4.9,496.3982905982906,-97.99829059829062,-19.74186705602408
Saurashtra & Kutch,1935,11.5,0.0,0.0,2.5,0.0,44.8,353.0,64.6,42.3,4.9,0.0,0.4,524.1,11.5,2.5,504.7,5.3,496.3982905982906,27.701709401709422,5.580540853257486
Saurashtra & Kutch,1936,0.0,3.2,0.4,0.0,0.2,114.4,87.8,17.3,114.6,0.0,32.4,0.8,371.1,3.2,0.6,334.1,33.2,496.3982905982906,-125.29829059829058,-25.241483093600735
Saurashtra & Kutch,1937,0.0,2.4,0.0,0.0,0.0,117.2,271.4,6.0,112.2,8.3,0.0,16.1,533.6,2.4,0.0,506.8,24.4,496.3982905982906,37.20170940170942,7.494326653879401
Saurashtra & Kutch,1938,0.0,0.0,0.0,0.0,10.0,141.4,114.3,59.2,5.3,15.4,0.0,0.3,346.0,0.0,10.0,320.2,15.7,496.3982905982906,-150.3982905982906,-30.29790662998075
Saurashtra & Kutch,1939,0.0,8.6,2.3,0.0,0.0,9.0,62.2,79.5,11.8,4.1,1.9,0.0,179.4,8.6,2.3,162.5,6.0,496.3982905982906,-316.9982905982906,-63.859666038781924
Saurashtra & Kutch,1940,7.2,6.4,6.5,0.1,1.7,111.6,87.6,85.6,23.2,2.2,24.5,0.0,356.5,13.6,8.3,307.9,26.7,496.3982905982906,-139.8982905982906,-28.182669692451263
Saurashtra & Kutch,1941,0.5,3.4,0.0,0.1,0.8,14.4,347.2,13.4,17.1,2.9,0.0,2.0,401.8,3.8,0.9,392.2,4.9,496.3982905982906,-94.59829059829059,-19.056933190538338
Saurashtra & Kutch,1942,1.0,21.0,0.0,0.0,6.0,13.2,111.3,146.7,42.9,0.0,0.0,0.1,342.2,22.0,6.0,314.1,0.1,496.3982905982906,-154.1982905982906,-31.06342095022952
Saurashtra & Kutch,1943,0.2,0.0,0.0,1.8,8.8,62.1,352.7,13.4,71.7,15.8,0.1,0.0,526.6,0.2,10.6,499.9,15.9,496.3982905982906,30.201709401709422,6.084168695526412
Saurashtra & Kutch,1944,0.9,0.0,2.1,0.0,4.0,70.0,429.5,196.4,13.1,0.3,0.0,1.3,717.6,0.9,6.1,708.9,1.6,496.3982905982906,221.20170940170942,44.561335844872296
Saurashtra & Kutch,1945,10.0,0.0,0.0,0.7,0.4,120.9,328.3,102.9,69.1,0.8,0.0,0.0,633.1,10.0,1.1,621.2,0.8,496.3982905982906,136.70170940170942,27.538714776182626
Saurashtra & Kutch,1946,0.0,0.4,0.0,0.9,3.2,137.1,134.3,156.5,30.3,1.8,8.2,0.6,473.4,0.4,4.1,458.3,10.6,496.3982905982906,-22.998290598290623,-4.633031787956327
Saurashtra & Kutch,1947,0.0,0.0,0.0,64.4,0.0,1.2,79.1,260.4,151.6,2.1,0.0,0.0,558.8,0.0,64.4,492.2,2.1,496.3982905982906,62.401709401709354,12.570895303950156
Saurashtra & Kutch,1948,8.2,0.0,0.0,0.0,0.4,13.4,19.4,74.7,72.6,34.0,23.5,1.4,247.7,8.2,0.4,180.1,59.0,496.3982905982906,-248.6982905982906,-50.10055338799489
Saurashtra & Kutch,1949,0.0,0.1,0.0,0.0,0.9,13.3,236.5,231.8,55.9,3.4,0.3,0.0,542.3,0.1,0.9,537.6,3.7,496.3982905982906,45.901709401709354,9.246951544975248
Saurashtra & Kutch,1950,0.2,0.0,0.0,0.0,0.0,3.1,386.8,21.0,62.5,0.0,0.0,0.0,473.6,0.2,0.0,473.4,0.0,496.3982905982906,-22.798290598290578,-4.592741560574803
Saurashtra & Kutch,1951,0.0,0.0,0.8,0.8,1.4,40.0,128.3,87.7,6.9,0.4,18.8,0.0,285.2,0.0,3.0,263.0,19.2,496.3982905982906,-211.1982905982906,-42.54613575396101
Saurashtra & Kutch,1952,0.0,0.3,0.0,0.1,1.7,79.1,279.3,32.7,5.6,1.4,0.7,0.0,400.8,0.3,1.8,396.7,2.1,496.3982905982906,-95.59829059829059,-19.258384327445906
Saurashtra & Kutch,1953,6.5,0.3,0.3,0.0,0.0,66.3,112.1,450.3,69.7,1.0,0.0,0.0,706.6,6.8,0.4,698.4,1.0,496.3982905982906,210.20170940170942,42.345373338889026
Saurashtra & Kutch,1954,1.9,1.1,3.5,0.0,0.4,47.6,180.6,207.0,154.9,0.8,0.5,1.5,599.8,3.0,3.9,590.0,2.8,496.3982905982906,103.40170940170935,20.83039191716053
Saurashtra & Kutch,1955,0.0,0.0,0.9,0.0,0.9,26.3,26.5,140.8,181.0,8.3,0.0,0.4,385.1,0.0,1.8,374.6,8.7,496.3982905982906,-111.29829059829058,-22.421167176894755
Saurashtra & Kutch,1956,0.3,0.2,0.0,0.2,1.2,81.3,318.8,175.4,100.4,59.0,1.8,0.4,739.1,0.5,1.4,675.9,61.2,496.3982905982906,242.70170940170942,48.892535288385055
Saurashtra & Kutch,1957,1.7,0.0,0.1,0.1,1.5,78.6,197.7,90.4,8.0,1.5,18.1,0.8,398.5,1.7,1.7,374.8,20.3,496.3982905982906,-97.8982905982906,-19.72172194233332
Saurashtra & Kutch,1958,0.9,0.5,0.3,3.3,0.5,43.5,159.9,80.8,213.9,34.6,10.1,3.4,551.6,1.4,4.1,498.1,48.0,496.3982905982906,55.20170940170942,11.120447118215663
Saurashtra & Kutch,1959,0.9,0.0,0.0,2.2,1.7,66.5,549.1,69.0,210.2,116.7,4.6,0.0,1020.9,0.9,4.0,894.7,121.3,496.3982905982906,524.5017094017094,105.6614656689383
Saurashtra & Kutch,1960,0.1,0.0,0.5,0.0,5.9,122.4,132.5,42.9,32.4,0.5,0.0,0.0,337.2,0.1,6.4,330.2,0.6,496.3982905982906,-159.1982905982906,-32.070676634767366
Saurashtra & Kutch,1961,1.0,7.0,4.8,0.0,2.0,125.9,294.0,127.2,178.8,12.1,0.2,0.0,752.9,7.9,6.8,725.9,12.3,496.3982905982906,256.5017094017094,51.672560977709516
Saurashtra & Kutch,1962,0.0,0.0,0.7,0.7,2.8,24.0,136.9,103.2,90.3,0.3,12.7,0.2,371.8,0.0,4.1,354.4,13.2,496.3982905982906,-124.59829059829059,-25.100467297765437
Saurashtra & Kutch,1963,0.5,0.0,1.0,1.5,0.5,25.0,83.1,123.6,65.8,45.4,32.5,0.2,379.1,0.5,3.0,297.5,78.1,496.3982905982906,-117.29829059829058,-23.629873998340177
Saurashtra & Kutch,1964,0.2,0.0,0.0,0.0,1.6,105.5,168.4,184.9,78.8,0.1,0.0,0.0,539.5,0.2,1.6,537.6,0.1,496.3982905982906,43.1017094017094,8.682888361634062
Saurashtra & Kutch,1965,5.5,0.0,0.0,0.3,0.2,1.4,285.7,112.1,13.7,0.2,2.1,0.0,421.3,5.5,0.5,413.0,2.3,496.3982905982906,-75.09829059829059,-15.128636020840721
Saurashtra & Kutch,1966,0.2,0.0,0.0,0.0,0.2,74.7,167.3,6.8,76.5,0.7,0.1,0.0,326.5,0.2,0.2,325.4,0.8,496.3982905982906,-169.8982905982906,-34.226203799678366
Saurashtra & Kutch,1967,0.0,0.0,46.2,0.7,0.2,106.2,467.4,61.2,30.8,0.1,0.0,25.6,738.6,0.0,47.1,665.8,25.8,496.3982905982906,242.20170940170942,48.791809719931265
Saurashtra & Kutch,1968,1.1,1.0,0.9,0.0,0.6,11.0,104.9,165.2,24.2,5.1,0.6,0.0,314.6,2.0,1.5,305.3,5.8,496.3982905982906,-181.79829059829058,-36.62347232887845
Saurashtra & Kutch,1969,0.0,0.2,0.0,0.0,0.0,44.2,176.3,35.5,26.9,0.3,6.4,0.2,290.0,0.2,0.0,282.9,6.9,496.3982905982906,-206.3982905982906,-41.579170296804676
Saurashtra & Kutch,1970,0.1,0.1,0.4,0.2,7.6,70.2,215.7,327.5,196.0,17.7,0.1,0.0,835.8,0.2,8.3,809.5,17.8,496.3982905982906,339.40170940170935,68.37286022734706
Saurashtra & Kutch,1971,0.3,0.0,0.0,0.3,2.0,147.1,176.8,134.1,52.2,0.9,0.0,0.0,513.6,0.3,2.3,510.1,0.9,496.3982905982906,17.201709401709422,3.4653039157280006
Saurashtra & Kutch,1972,0.1,3.4,0.0,0.0,0.3,87.0,98.8,24.9,7.2,0.4,0.0,0.0,222.1,3.4,0.3,217.9,0.4,496.3982905982906,-274.2982905982906,-55.25770249282868
Saurashtra & Kutch,1973,0.8,0.1,0.0,0.0,0.5,50.8,177.2,78.6,75.3,7.0,0.0,0.0,390.3,1.0,0.5,381.9,7.0,496.3982905982906,-106.09829059829059,-21.37362126497539
Saurashtra & Kutch,1974,0.0,0.0,0.0,0.2,10.3,16.1,56.4,26.1,45.6,29.6,0.0,0.4,184.7,0.0,10.5,144.2,30.0,496.3982905982906,-311.6982905982906,-62.79197501317181
Saurashtra & Kutch,1975,0.7,0.0,0.0,0.0,0.0,101.2,87.5,189.3,200.0,103.3,0.0,0.0,682.1,0.7,0.0,578.1,103.3,496.3982905982906,185.70170940170942,37.40982048465356
Saurashtra & Kutch,1976,1.0,0.1,1.0,0.0,0.0,103.7,237.8,188.2,64.8,2.3,26.6,0.0,625.5,1.1,1.1,594.5,28.9,496.3982905982906,129.1017094017094,26.007686135685088
Saurashtra & Kutch,1977,1.0,0.0,0.0,0.0,7.7,161.0,198.2,88.6,98.9,0.9,7.8,0.0,564.1,1.0,7.7,546.6,8.8,496.3982905982906,67.70170940170942,13.63858632956029
Saurashtra & Kutch,1978,0.0,0.7,0.0,2.5,0.0,157.4,104.2,170.3,11.1,9.7,32.1,0.5,488.6,0.7,2.5,443.1,42.3,496.3982905982906,-7.798290598290578,-1.5709745069612517
Saurashtra & Kutch,1979,0.0,3.3,0.0,0.0,0.1,143.5,34.7,634.0,37.0,12.2,89.7,1.0,955.4,3.3,0.1,849.1,102.8,496.3982905982906,459.0017094017094,92.46641620149245
Saurashtra & Kutch,1980,0.3,0.2,0.0,0.0,0.0,321.8,231.6,58.1,15.1,0.1,0.9,7.8,635.8,0.4,0.0,626.6,8.8,496.3982905982906,139.40170940170935,28.08263284583305
Saurashtra & Kutch,1981,0.7,0.0,0.0,0.0,0.7,46.0,284.5,163.8,89.5,32.8,87.0,0.0,705.0,0.7,0.8,583.7,119.8,496.3982905982906,208.6017094017094,42.02305151983691
Saurashtra & Kutch,1982,0.1,0.0,0.0,0.3,20.5,5.2,136.7,114.1,16.9,0.7,106.7,0.0,401.3,0.1,20.8,272.9,107.4,496.3982905982906,-95.09829059829059,-19.15765875899212
Saurashtra & Kutch,1983,0.2,0.1,0.0,1.3,0.5,210.2,211.8,246.3,67.8,20.3,0.0,0.0,758.4,0.3,1.7,736.1,20.3,496.3982905982906,262.0017094017094,52.780542230701144
Saurashtra & Kutch,1984,0.0,0.0,0.0,0.0,0.0,57.7,116.7,153.2,116.1,0.0,0.0,0.0,443.7,0.0,0.0,443.7,0.0,496.3982905982906,-52.69829059829061,-10.616130554111155
Saurashtra & Kutch,1985,0.0,0.0,0.0,0.0,5.1,12.0,103.3,118.6,17.7,42.1,0.0,0.0,298.8,0.0,5.1,251.6,42.1,496.3982905982906,-197.5982905982906,-39.806400292018054
Saurashtra & Kutch,1986,0.0,0.0,0.2,0.0,2.2,167.8,30.4,93.0,4.8,0.0,0.0,0.1,298.5,0.0,2.3,296.0,0.1,496.3982905982906,-197.8982905982906,-39.86683563309033
Saurashtra & Kutch,1987,0.0,0.0,0.4,0.0,0.1,31.4,18.4,33.5,2.1,0.1,3.2,3.3,92.7,0.0,0.5,85.5,6.6,496.3982905982906,-403.6982905982906,-81.32547960866826
Saurashtra & Kutch,1988,0.0,0.0,0.0,1.1,0.1,12.7,495.8,110.8,131.0,0.8,0.0,0.0,752.3,0.0,1.1,750.3,0.8,496.3982905982906,255.90170940170935,51.55169029556497
Saurashtra & Kutch,1989,1.8,0.0,0.2,0.0,0.0,134.5,256.6,60.6,41.3,3.1,0.0,0.0,498.2,1.8,0.2,493.1,3.1,496.3982905982906,1.8017094017093882,0.36295640735141416
Saurashtra & Kutch,1990,0.0,2.3,0.4,0.0,5.9,32.9,16.9,259.4,70.1,18.8,0.1,1.1,407.9,2.3,6.3,379.3,20.0,496.3982905982906,-88.49829059829062,-17.828081255402168
Saurashtra & Kutch,1991,0.0,0.0,0.0,0.0,0.0,13.3,155.6,44.2,5.4,0.0,0.0,0.3,218.7,0.0,0.0,218.4,0.3,496.3982905982906,-277.6982905982906,-55.942636358314424
Saurashtra & Kutch,1992,1.8,0.2,0.0,0.0,0.1,45.1,343.2,111.9,88.7,9.5,0.2,0.0,600.7,2.0,0.1,588.9,9.7,496.3982905982906,104.30170940170945,21.01169794037736
Saurashtra & Kutch,1993,1.5,4.8,0.0,0.0,0.0,41.4,140.6,4.0,70.1,30.5,17.2,2.5,312.7,6.4,0.0,256.2,50.1,496.3982905982906,-183.6982905982906,-37.006229489002834
Saurashtra & Kutch,1994,1.0,0.0,0.0,0.0,0.0,99.4,403.1,137.5,231.6,0.2,0.0,0.0,872.8,1.0,0.0,871.6,0.2,496.3982905982906,376.40170940170935,75.82655229292716
Saurashtra & Kutch,1995,0.0,0.0,0.2,0.0,0.0,3.0,259.1,45.4,42.5,23.9,0.0,0.0,374.1,0.0,0.2,350.0,23.9,496.3982905982906,-122.29829059829058,-24.637129682878026
Saurashtra & Kutch,1996,0.4,0.0,0.0,0.1,0.0,137.1,162.1,23.9,11.8,39.0,0.0,0.0,374.4,0.4,0.2,334.9,39.0,496.3982905982906,-121.99829059829062,-24.576694341805766
Saurashtra & Kutch,1997,0.8,0.0,0.6,0.3,3.0,189.8,137.4,95.7,170.7,1.9,0.0,0.0,600.2,0.8,3.9,593.7,1.9,496.3982905982906,103.80170940170945,20.910972371923574
Saurashtra & Kutch,1998,0.0,0.0,0.0,0.0,0.0,109.1,149.6,94.4,62.1,150.0,1.6,0.0,566.9,0.0,0.0,415.2,151.6,496.3982905982906,70.50170940170938,14.202649512901477
Saurashtra & Kutch,1999,1.3,10.5,0.0,0.0,131.9,60.6,42.3,17.4,23.9,92.9,0.0,0.0,380.7,11.8,131.9,144.2,92.9,496.3982905982906,-115.69829059829061,-23.30755217928807
Saurashtra & Kutch,2000,0.0,0.0,0.0,0.0,2.9,5.4,224.7,46.2,4.5,2.2,0.0,0.1,286.1,0.0,2.9,280.9,2.3,496.3982905982906,-210.29829059829058,-42.3648297307442
Saurashtra & Kutch,2001,0.0,0.0,0.0,0.2,0.9,172.9,191.1,116.9,20.6,7.6,0.0,0.0,510.2,0.0,1.0,501.5,7.6,496.3982905982906,13.801709401709388,2.7803700502422553
Saurashtra & Kutch,2002,0.0,0.0,0.0,0.0,0.0,166.4,8.0,117.5,15.1,0.2,0.2,0.6,308.1,0.0,0.0,307.0,1.0,496.3982905982906,-188.29829059829058,-37.93290471877766
Saurashtra & Kutch,2003,0.0,0.4,0.0,0.0,0.0,68.2,402.2,190.7,21.7,3.0,0.0,0.0,686.2,0.4,0.0,682.7,3.0,496.3982905982906,189.80170940170945,38.2357701459746
Saurashtra & Kutch,2004,0.2,0.0,0.0,0.0,13.6,95.0,90.0,227.7,36.1,19.7,0.0,0.0,482.2,0.2,13.6,448.6,19.8,496.3982905982906,-14.198290598290612,-2.8602617831697073
Saurashtra & Kutch,2005,0.0,0.0,0.0,0.2,0.2,201.2,126.7,68.4,233.1,1.7,0.0,0.0,631.6,0.0,0.4,629.4,1.7,496.3982905982906,135.20170940170942,27.23653807082127
Saurashtra & Kutch,2006,0.0,0.0,1.9,0.0,0.0,66.2,373.4,189.8,68.2,1.4,0.3,0.6,701.8,0.0,1.9,697.7,2.3,496.3982905982906,205.40170940170935,41.37840788173268
Saurashtra & Kutch,2007,0.0,1.9,0.1,0.0,0.2,114.1,209.2,405.4,157.0,1.7,1.2,0.0,890.7,1.9,0.3,885.7,2.8,496.3982905982906,394.30170940170945,79.43252764357268
Saurashtra & Kutch,2008,0.1,0.1,0.1,0.5,0.0,96.0,150.3,115.1,231.6,5.8,0.6,7.7,607.9,0.2,0.6,593.0,14.1,496.3982905982906,111.50170940170938,22.46214612611185
Saurashtra & Kutch,2009,0.0,0.0,0.0,0.0,0.0,68.1,409.1,106.0,8.8,3.3,1.5,0.0,596.9,0.0,0.1,592.0,4.9,496.3982905982906,100.50170940170938,20.24618362012858
Saurashtra & Kutch,2010,0.1,0.0,0.0,0.0,0.1,71.1,393.8,391.3,187.6,11.6,64.3,0.0,1119.9,0.1,0.1,1043.7,75.9,496.3982905982906,623.5017094017095,125.60512822278776
Saurashtra & Kutch,2011,0.0,1.4,0.0,0.0,0.0,26.0,212.7,290.9,210.1,1.2,0.1,0.0,742.5,1.4,0.0,739.8,1.3,496.3982905982906,246.1017094017094,49.57746915387079
Saurashtra & Kutch,2012,0.0,0.0,0.0,0.2,0.1,22.4,34.7,34.5,228.5,2.4,0.0,1.0,323.8,0.0,0.2,320.1,3.4,496.3982905982906,-172.5982905982906,-34.770121869328804
Saurashtra & Kutch,2013,1.7,0.2,0.1,8.5,0.1,127.7,171.2,83.3,260.2,28.6,0.0,0.0,681.8,1.9,8.7,642.5,28.6,496.3982905982906,185.40170940170935,37.34938514358127
Saurashtra & Kutch,2014,0.3,0.0,0.1,0.5,2.1,17.3,137.7,118.8,99.2,5.2,2.7,0.0,383.9,0.3,2.7,373.0,7.8,496.3982905982906,-112.49829059829062,-22.66290854118385
Saurashtra & Kutch,2015,0.9,0.0,4.4,2.1,0.8,112.6,226.7,10.6,79.9,3.3,0.3,0.0,441.7,0.9,7.4,429.8,3.6,496.3982905982906,-54.69829059829061,-11.019032827926296
Saurashtra & Kutch,2016,0.0,0.0,0.3,0.0,1.1,31.3,110.0,216.0,59.6,64.7,0.0,0.0,482.9,0.0,1.3,416.9,64.7,496.3982905982906,-13.498290598290623,-2.7192459873344106
Saurashtra & Kutch,2017,0.1,0.0,0.0,0.0,0.1,81.8,368.6,153.5,41.8,4.8,0.0,1.3,652.1,0.1,0.1,645.8,6.1,496.3982905982906,155.70170940170942,31.366286377426455
Konkan & Goa,1901,5.6,0.1,0.4,35.7,19.9,746.1,1075.5,748.0,117.4,38.6,5.4,0.1,2792.9,5.7,56.0,2687.0,44.1,2987.531623931624,-194.63162393162384,-6.514797111184602
Konkan & Goa,1902,0.3,0.0,0.0,0.4,7.6,428.2,943.6,515.1,613.8,74.3,42.7,48.0,2673.9,0.3,8.0,2500.6,165.0,2987.531623931624,-313.63162393162384,-10.498018545453295
Konkan & Goa,1903,0.0,0.0,0.1,0.0,201.1,470.5,1298.6,673.9,285.1,140.8,12.4,1.7,3084.3,0.0,201.2,2728.2,154.9,2987.531623931624,96.76837606837626,3.239074535419579
Konkan & Goa,1904,0.0,0.1,6.6,6.3,4.6,975.8,771.7,321.3,217.0,90.3,0.0,0.0,2393.7,0.1,17.5,2285.8,90.3,2987.531623931624,-593.8316239316241,-19.87699876294984
Konkan & Goa,1905,0.1,0.1,0.0,0.4,8.6,293.7,770.6,305.5,208.3,83.5,12.1,0.0,1682.8,0.2,9.0,1578.1,95.5,2987.531623931624,-1304.731623931624,-43.67256277657684
Konkan & Goa,1906,5.0,0.9,0.0,0.0,2.9,547.4,1090.9,506.7,222.5,31.6,10.2,0.7,2418.9,5.9,2.9,2367.5,42.6,2987.531623931624,-568.6316239316238,-19.033493047457636
Konkan & Goa,1907,1.7,1.0,0.0,20.1,0.0,583.1,1170.9,811.5,164.0,11.4,1.9,0.9,2766.6,2.8,20.1,2729.5,14.2,2987.531623931624,-220.93162393162402,-7.395122520607016
Konkan & Goa,1908,0.9,1.1,0.0,2.3,1.0,440.0,1391.8,649.8,222.4,24.6,1.6,0.0,2735.5,2.0,3.3,2704.0,26.2,2987.531623931624,-252.03162393162393,-8.436115685361267
Konkan & Goa,1909,0.1,0.0,0.1,0.3,7.8,759.5,1301.8,381.5,384.4,17.5,7.4,0.1,2860.5,0.1,8.2,2827.2,25.0,2987.531623931624,-127.03162393162393,-4.252059556927767
Konkan & Goa,1910,0.0,0.0,0.3,0.0,2.6,832.4,407.8,763.2,374.6,121.4,41.7,0.0,2544.0,0.0,2.9,2378.0,163.1,2987.531623931624,-443.5316239316239,-14.84608967412139
Konkan & Goa,1911,0.2,0.0,3.2,0.0,17.1,543.6,585.6,750.3,175.5,34.2,21.4,3.6,2134.7,0.2,20.4,2055.0,59.1,2987.531623931624,-852.8316239316241,-28.54636306106405
Konkan & Goa,1912,0.0,0.0,0.0,4.1,28.9,671.0,1242.9,541.7,135.2,71.9,97.5,0.0,2793.3,0.0,33.0,2590.8,169.5,2987.531623931624,-194.23162393162374,-6.50140813157361
Konkan & Goa,1913,0.0,0.0,0.0,1.3,18.7,897.9,1074.3,321.8,194.4,107.5,1.6,0.0,2617.4,0.0,20.0,2488.4,109.1,2987.531623931624,-370.13162393162384,-12.389211915505237
Konkan & Goa,1914,0.0,0.8,0.0,0.8,1.6,706.9,1370.3,797.6,549.9,21.9,11.2,3.6,3464.6,0.8,2.5,3424.7,36.6,2987.531623931624,477.068376068376,15.968646900565652
Konkan & Goa,1915,0.0,4.7,5.9,10.2,7.7,845.1,734.4,355.1,412.2,137.4,12.8,0.3,2525.8,4.8,23.8,2346.7,150.5,2987.531623931624,-461.73162393162374,-15.455288246421302
Konkan & Goa,1916,0.0,0.0,0.0,2.4,39.9,832.7,765.6,851.1,620.1,204.7,86.1,0.0,3402.6,0.0,42.3,3069.5,290.8,2987.531623931624,415.068376068376,13.893355060862635
Konkan & Goa,1917,0.0,18.4,1.2,0.3,17.5,807.6,675.1,902.5,567.7,408.0,32.6,0.0,3430.9,18.4,19.0,2952.9,440.6,2987.531623931624,443.36837606837616,14.840625368339989
Konkan & Goa,1918,0.1,0.0,3.3,0.1,345.4,334.1,424.7,578.1,123.6,5.8,52.0,0.0,1867.3,0.1,348.8,1460.4,57.9,2987.531623931624,-1120.231623931624,-37.49689593100899
Konkan & Goa,1919,2.5,0.0,0.0,0.0,9.6,643.6,1120.2,643.5,276.8,124.5,20.6,10.5,2851.7,2.5,9.6,2684.0,155.6,2987.531623931624,-135.8316239316241,-4.5466171083694915
Konkan & Goa,1920,14.0,1.2,0.0,12.0,5.1,424.9,824.0,360.8,226.7,52.4,2.9,0.0,1924.1,15.3,17.2,1836.4,55.3,2987.531623931624,-1063.431623931624,-35.59566082624881
Konkan & Goa,1921,0.3,0.0,0.1,4.8,0.0,658.1,1102.5,611.8,450.4,57.5,13.7,0.0,2899.2,0.3,5.0,2822.7,71.2,2987.531623931624,-88.33162393162411,-2.956675779564761
Konkan & Goa,1922,0.0,0.0,0.0,6.3,13.4,774.3,1290.6,339.3,261.1,41.4,90.0,1.2,2817.5,0.0,19.7,2665.3,132.5,2987.531623931624,-170.03162393162393,-5.691374865108891
Konkan & Goa,1923,0.0,0.5,4.7,1.3,7.8,259.4,1643.9,480.7,363.7,8.3,0.1,0.0,2770.5,0.5,13.8,2747.7,8.4,2987.531623931624,-217.03162393162393,-7.264579969399887
Konkan & Goa,1924,0.0,0.0,0.1,0.1,0.4,522.5,932.2,641.7,324.4,19.0,3.8,0.0,2444.3,0.0,0.6,2420.9,22.8,2987.531623931624,-543.2316239316237,-18.183292842159947
Konkan & Goa,1925,0.1,0.0,7.4,5.2,121.0,800.9,655.5,501.5,120.4,74.6,18.6,0.0,2305.1,0.1,133.6,2078.3,93.2,2987.531623931624,-682.431623931624,-22.8426577467835
Konkan & Goa,1926,31.8,0.0,0.0,0.0,1.5,306.1,1203.6,1149.6,432.9,39.2,1.1,0.0,3165.9,31.8,1.5,3092.3,40.3,2987.531623931624,178.36837606837616,5.970426376060965
Konkan & Goa,1927,0.0,0.2,0.2,0.0,5.5,785.6,1030.3,416.6,240.9,178.8,87.3,1.6,2747.0,0.2,5.7,2473.4,267.6,2987.531623931624,-240.53162393162393,-8.051182521545385
Konkan & Goa,1928,0.0,1.3,0.2,3.1,1.1,657.0,1159.4,939.9,264.5,137.9,7.7,0.4,3172.4,1.3,4.4,3020.8,145.9,2987.531623931624,184.86837606837616,6.187997294739508
Konkan & Goa,1929,1.0,0.0,3.2,14.9,6.2,773.8,767.6,516.0,250.9,152.4,11.2,12.1,2509.4,1.0,24.3,2308.3,175.8,2987.531623931624,-478.13162393162384,-16.00423641047178
Konkan & Goa,1930,0.0,0.2,0.1,0.3,12.5,1024.9,690.5,427.3,542.6,136.2,10.6,0.6,2845.7,0.2,12.8,2685.3,147.4,2987.531623931624,-141.8316239316241,-4.747451802534299
Konkan & Goa,1931,0.0,0.0,0.1,1.7,1.8,344.9,1867.2,944.9,307.1,458.9,51.5,21.2,3999.3,0.0,3.6,3464.2,531.5,2987.531623931624,1011.7683760683763,33.866365395552805
Konkan & Goa,1932,0.5,0.0,0.0,2.9,45.9,435.3,1248.1,485.6,456.2,259.1,21.1,8.2,2962.9,0.5,48.7,2625.2,288.5,2987.531623931624,-24.631623931623835,-0.8244807765150399
Konkan & Goa,1933,0.0,0.1,1.6,15.3,129.2,816.5,909.0,758.6,485.8,179.7,19.2,28.4,3343.4,0.1,146.2,2969.8,227.3,2987.531623931624,355.86837606837616,11.911786078436537
Konkan & Goa,1934,0.7,0.0,0.3,2.7,0.7,1060.2,893.0,870.7,329.7,60.3,53.5,0.5,3272.3,0.7,3.7,3153.5,114.4,2987.531623931624,284.76837606837626,9.531894952583563
Konkan & Goa,1935,0.2,0.1,0.0,0.0,0.0,700.3,879.9,466.5,419.7,64.3,11.0,0.6,2542.7,0.3,0.1,2466.4,75.9,2987.531623931624,-444.8316239316241,-14.889603857857105
Konkan & Goa,1936,0.0,0.0,0.1,0.3,23.2,993.2,712.9,534.9,376.2,62.1,79.1,1.3,2783.4,0.0,23.7,2617.2,142.5,2987.531623931624,-204.13162393162384,-6.832785376945546
Konkan & Goa,1937,0.0,4.0,0.1,53.5,2.4,826.9,1492.9,270.1,378.1,159.2,4.0,0.7,3192.0,4.0,56.0,2968.0,163.9,2987.531623931624,204.46837606837607,6.844057295677877
Konkan & Goa,1938,0.0,0.4,4.0,2.1,55.2,1118.1,908.2,634.8,345.6,400.0,27.0,0.1,3495.5,0.4,61.3,3006.7,427.1,2987.531623931624,507.9683760683761,17.002945575514417
Konkan & Goa,1939,0.2,0.0,0.4,5.8,0.1,509.6,1116.8,817.1,227.9,58.0,22.7,0.0,2758.6,0.2,6.3,2671.4,80.8,2987.531623931624,-228.93162393162402,-7.662902112826759
Konkan & Goa,1940,4.8,6.1,2.8,1.9,7.9,668.3,1105.9,987.1,328.9,172.7,26.7,0.6,3313.7,10.8,12.6,3090.2,200.0,2987.531623931624,326.1683760683759,10.917654342320727
Konkan & Goa,1941,17.1,0.2,0.1,1.0,5.1,602.7,718.0,282.0,194.6,61.4,0.2,7.3,1889.6,17.3,6.2,1797.3,68.8,2987.531623931624,-1097.931623931624,-36.75046031769646
Konkan & Goa,1942,0.0,0.0,0.0,3.3,2.6,987.6,1386.3,536.7,312.0,37.1,1.4,12.4,3279.5,0.0,5.9,3222.7,51.0,2987.531623931624,291.9683760683761,9.772896585581329
Konkan & Goa,1943,3.6,0.0,0.1,0.0,200.0,788.0,1313.1,281.8,468.4,168.4,27.8,0.0,3251.3,3.6,200.1,2851.3,196.2,2987.531623931624,263.76837606837626,8.828973523006736
Konkan & Goa,1944,0.1,0.0,0.7,0.0,17.5,542.5,1456.0,658.6,85.7,177.0,14.1,0.0,2952.1,0.1,18.2,2742.7,191.1,2987.531623931624,-35.43162393162402,-1.1859832260117005
Konkan & Goa,1945,8.8,0.0,0.0,0.9,1.1,733.2,1394.2,709.4,348.4,44.9,3.6,0.0,3244.5,8.8,2.0,3185.2,48.5,2987.531623931624,256.9683760683761,8.601360869619947
Konkan & Goa,1946,0.0,0.0,0.0,14.4,30.0,787.9,1085.7,878.9,334.0,47.3,170.4,10.4,3358.9,0.0,44.4,3086.5,228.0,2987.531623931624,371.36837606837616,12.43060903836229
Konkan & Goa,1947,4.9,0.0,5.8,67.3,7.5,398.3,1133.9,919.2,497.5,50.8,2.0,2.9,3090.1,4.9,80.6,2948.8,55.8,2987.531623931624,102.56837606837598,3.4332147397788844
Konkan & Goa,1948,10.5,0.0,0.2,2.3,7.2,599.3,1080.4,797.3,376.6,77.7,168.1,0.0,3119.8,10.5,9.8,2853.6,245.9,2987.531623931624,132.26837606837626,4.427346475894693
Konkan & Goa,1949,0.2,0.0,0.1,1.3,128.9,442.2,1147.3,594.7,782.3,108.3,8.4,0.0,3213.7,0.2,130.3,2966.4,116.7,2987.531623931624,226.1683760683759,7.570409439573927
Konkan & Goa,1950,0.0,0.0,0.2,0.2,21.3,364.1,1336.1,302.6,777.5,119.1,8.1,0.0,2929.2,0.0,21.7,2780.3,127.1,2987.531623931624,-58.33162393162411,-1.952502308740721
Konkan & Goa,1951,0.0,0.0,2.5,9.8,22.7,730.4,1114.7,507.6,129.0,296.3,36.3,0.0,2849.4,0.0,35.1,2481.7,332.6,2987.531623931624,-138.13162393162384,-4.6236037411326585
Konkan & Goa,1952,0.0,0.0,0.0,2.8,23.5,729.4,1013.1,512.3,87.5,151.5,0.0,1.8,2522.0,0.0,26.3,2342.3,153.4,2987.531623931624,-465.5316239316239,-15.582483552725687
Konkan & Goa,1953,0.0,0.0,0.0,15.4,0.0,910.3,1321.9,713.3,210.5,156.1,0.2,0.0,3327.8,0.0,15.4,3156.0,156.3,2987.531623931624,340.26837606837626,11.389615873608038
Konkan & Goa,1954,0.0,2.4,3.5,7.2,3.9,581.5,1470.8,912.8,750.7,48.9,0.1,8.6,3790.3,2.4,14.6,3715.7,57.5,2987.531623931624,802.7683760683763,26.870623548811988
Konkan & Goa,1955,0.2,0.0,2.2,11.6,34.2,779.2,995.9,1299.8,463.0,297.1,14.2,0.0,3897.5,0.2,48.0,3537.9,311.3,2987.531623931624,909.9683760683761,30.458870084556555
Konkan & Goa,1956,0.0,0.3,0.0,5.8,176.4,780.2,1325.8,700.8,433.4,195.0,46.0,0.0,3663.7,0.3,182.2,3240.2,241.0,2987.531623931624,676.1683760683759,22.63301150193453
Konkan & Goa,1957,0.0,0.0,0.0,1.7,30.6,593.8,1175.0,1051.7,130.6,86.6,52.9,0.6,3123.5,0.0,32.3,2951.1,140.1,2987.531623931624,135.96837606837607,4.551194537296318
Konkan & Goa,1958,0.2,0.1,0.2,9.0,34.8,1044.5,1280.2,1177.9,383.7,54.8,14.7,0.2,4000.2,0.3,44.0,3886.3,69.7,2987.531623931624,1012.6683760683759,33.89649059967751
Konkan & Goa,1959,0.0,0.0,0.0,6.0,36.2,750.1,1357.1,690.9,521.8,201.4,24.8,0.3,3588.6,0.0,42.2,3319.9,226.5,2987.531623931624,601.068376068376,20.119230579971685
Konkan & Goa,1960,0.0,0.0,0.0,1.1,81.0,920.1,1140.9,501.8,285.1,82.0,15.3,0.5,3027.7,0.0,82.1,2847.8,97.7,2987.531623931624,40.16837606837589,1.3445339204648779
Konkan & Goa,1961,0.0,5.2,0.0,2.3,182.2,738.0,1543.3,712.6,486.1,248.9,2.4,0.0,3921.0,5.2,184.5,3480.1,251.3,2987.531623931624,933.4683760683761,31.245472636702054
Konkan & Goa,1962,0.2,0.0,0.1,0.7,129.5,435.5,1355.1,880.4,525.9,48.8,12.8,96.2,3485.1,0.2,130.3,3196.8,157.9,2987.531623931624,497.568376068376,16.65483210562875
Konkan & Goa,1963,0.0,0.1,0.1,1.1,7.6,594.5,1178.8,1414.7,306.3,91.9,11.7,0.0,3606.8,0.1,8.8,3494.3,103.6,2987.531623931624,619.2683760683763,20.728429152271612
Konkan & Goa,1964,0.0,0.0,0.0,0.9,5.2,690.3,908.3,1031.8,378.9,158.0,18.9,0.4,3192.7,0.0,6.1,3009.4,177.3,2987.531623931624,205.1683760683759,6.867488009997098
Konkan & Goa,1965,3.4,0.0,0.0,5.7,0.1,817.6,1393.7,608.8,147.5,8.9,2.2,83.7,3071.5,3.4,5.8,2967.6,94.8,2987.531623931624,83.96837606837607,2.8106271878679827
Konkan & Goa,1966,0.0,0.0,0.0,0.2,64.7,370.0,1168.8,224.1,443.5,43.9,111.3,1.1,2427.5,0.0,64.8,2206.4,156.3,2987.531623931624,-560.0316239316239,-18.745629985821413
Konkan & Goa,1967,0.0,0.0,7.7,0.8,7.5,768.9,1109.2,416.9,317.1,109.6,0.7,14.0,2752.3,0.0,16.0,2612.0,124.2,2987.531623931624,-235.23162393162374,-7.873778541699799
Konkan & Goa,1968,0.0,0.3,0.1,6.0,1.5,556.9,1134.7,318.7,202.1,130.4,8.6,0.0,2359.4,0.3,7.6,2212.4,139.0,2987.531623931624,-628.1316239316238,-21.025103764591982
Konkan & Goa,1969,0.0,0.0,0.0,1.1,2.4,666.5,1282.2,527.1,586.0,37.9,23.2,0.9,3127.4,0.0,3.5,3061.8,62.1,2987.531623931624,139.86837606837616,4.681737088503447
Konkan & Goa,1970,0.0,0.0,0.0,1.5,74.5,963.3,993.8,1164.8,312.7,85.8,0.0,0.2,3596.6,0.0,76.0,3434.6,86.0,2987.531623931624,609.068376068376,20.38701017219143
Konkan & Goa,1971,0.0,0.0,0.0,0.3,85.1,1011.9,650.8,602.0,362.6,40.4,0.9,0.0,2754.0,0.0,85.4,2627.2,41.3,2987.531623931624,-233.53162393162393,-7.816875378353109
Konkan & Goa,1972,0.0,0.1,0.0,0.6,10.7,662.0,731.6,293.9,138.8,8.5,26.8,0.0,1873.0,0.1,11.3,1826.2,35.4,2987.531623931624,-1114.531623931624,-37.30610297155243
Konkan & Goa,1973,0.0,0.4,0.0,0.0,3.1,455.9,922.1,910.6,437.4,103.6,2.9,0.2,2836.3,0.4,3.2,2726.1,106.7,2987.531623931624,-151.23162393162374,-5.0620928233924865
Konkan & Goa,1974,0.7,0.0,0.0,6.8,73.9,508.2,1133.0,774.4,351.1,238.6,0.0,0.0,3086.7,0.7,80.7,2766.7,238.6,2987.531623931624,99.16837606837589,3.3194084130854904
Konkan & Goa,1975,0.0,0.1,0.0,1.0,13.6,856.9,1027.0,848.0,556.0,192.7,20.2,0.0,3515.4,0.1,14.6,3287.8,212.9,2987.531623931624,527.8683760683762,17.669047311161034
Konkan & Goa,1976,0.0,0.0,1.6,0.4,4.5,635.1,1279.2,690.1,360.7,20.3,71.0,0.0,3063.0,0.0,6.6,2965.1,91.3,2987.531623931624,75.46837606837607,2.5261113711345042
Konkan & Goa,1977,0.0,0.0,0.8,1.3,10.3,583.0,1384.6,580.5,386.9,77.0,78.8,0.2,3103.3,0.0,12.3,2935.0,156.0,2987.531623931624,115.76837606837626,3.8750510669414715
Konkan & Goa,1978,0.0,0.0,0.0,8.3,86.6,946.2,907.2,575.4,243.0,67.2,48.8,2.8,2885.6,0.0,95.0,2671.8,118.8,2987.531623931624,-101.93162393162402,-3.411901086338323
Konkan & Goa,1979,0.0,0.7,0.1,0.0,0.3,653.1,797.2,687.2,266.5,26.8,77.3,0.0,2509.2,0.7,0.4,2404.0,104.1,2987.531623931624,-478.3316239316241,-16.010930900277284
Konkan & Goa,1980,0.0,0.0,0.0,3.5,2.9,877.7,749.9,851.8,166.4,20.7,26.1,25.2,2724.3,0.0,6.4,2645.8,72.1,2987.531623931624,-263.23162393162374,-8.811007114468904
Konkan & Goa,1981,0.6,0.0,0.0,0.1,4.2,773.9,1073.0,708.6,480.6,59.1,24.5,0.1,3124.7,0.6,4.3,3036.1,83.7,2987.531623931624,137.1683760683759,4.591361476129274
Konkan & Goa,1982,0.0,0.0,0.0,0.0,14.5,558.4,987.1,810.8,216.3,42.1,69.6,0.0,2698.9,0.0,14.5,2572.6,111.7,2987.531623931624,-288.63162393162384,-9.661207319766593
Konkan & Goa,1983,0.0,0.0,0.0,0.3,0.4,655.3,1073.2,1331.2,638.8,102.4,9.7,3.2,3814.5,0.0,0.7,3698.6,115.2,2987.531623931624,826.9683760683761,27.68065681527671
Konkan & Goa,1984,0.0,0.2,0.1,0.9,0.3,728.0,1090.5,421.4,220.5,118.7,2.9,0.3,2583.6,0.2,1.2,2460.4,121.8,2987.531623931624,-403.931623931624,-13.52058069263366
Konkan & Goa,1985,0.0,0.0,0.0,0.4,23.3,1000.0,921.3,663.1,153.1,204.8,2.5,0.0,2968.5,0.0,23.7,2737.5,207.3,2987.531623931624,-19.031623931623926,-0.6370350619612222
Konkan & Goa,1986,0.0,0.0,0.0,0.1,1.0,777.2,543.2,670.9,65.0,15.6,53.6,1.0,2127.7,0.0,1.1,2056.3,70.3,2987.531623931624,-859.8316239316241,-28.780670204256324
Konkan & Goa,1987,0.0,0.0,0.0,0.6,9.0,612.0,832.2,835.6,149.3,166.8,20.2,9.3,2635.0,0.0,9.6,2429.1,196.3,2987.531623931624,-352.5316239316239,-11.800096812621803
Konkan & Goa,1988,0.0,0.0,0.0,4.3,1.3,506.1,1432.1,664.4,617.9,66.9,0.0,0.0,3293.0,0.0,5.6,3220.6,66.9,2987.531623931624,305.4683760683761,10.224774647452147
Konkan & Goa,1989,0.0,0.0,0.6,1.0,4.0,733.1,943.0,704.9,300.5,80.7,3.6,0.0,2771.5,0.0,5.6,2681.5,84.4,2987.531623931624,-216.03162393162393,-7.2311075203724196
Konkan & Goa,1990,0.0,0.0,0.1,0.0,193.9,802.1,873.7,1164.2,323.2,190.0,20.8,0.0,3568.0,0.0,194.0,3163.2,210.8,2987.531623931624,580.4683760683761,19.42969813000585
Konkan & Goa,1991,0.0,0.0,0.0,6.4,14.7,759.2,1461.4,598.8,92.7,20.3,0.8,0.3,2954.6,0.0,21.2,2912.1,21.4,2987.531623931624,-32.93162393162402,-1.1023021034430305
Konkan & Goa,1992,0.0,0.0,0.0,0.0,6.2,493.0,822.9,1093.1,343.4,79.0,2.8,0.0,2840.4,0.0,6.2,2752.4,81.8,2987.531623931624,-147.13162393162384,-4.924855782379871
Konkan & Goa,1993,0.0,0.0,0.6,0.1,11.4,587.7,1394.1,648.7,597.2,227.6,9.4,4.0,3480.9,0.0,12.1,3227.8,241.0,2987.531623931624,493.36837606837616,16.514247819713386
Konkan & Goa,1994,1.3,0.0,0.0,12.5,11.7,784.8,1168.5,654.4,406.5,137.9,2.2,0.0,3179.8,1.3,24.2,3014.1,140.1,2987.531623931624,192.26837606837626,6.435693417542773
Konkan & Goa,1995,3.5,0.0,0.0,3.3,15.3,345.9,1171.2,606.5,419.5,196.5,4.4,0.0,2766.0,3.5,18.6,2543.0,200.9,2987.531623931624,-221.53162393162393,-7.415205990023494
Konkan & Goa,1996,0.1,0.0,0.0,0.6,1.4,535.7,1232.0,594.6,308.4,245.9,1.2,0.9,2920.7,0.1,1.9,2670.8,248.0,2987.531623931624,-66.83162393162411,-2.237018125474199
Konkan & Goa,1997,2.6,0.0,0.8,1.8,0.2,757.9,1072.6,847.6,215.2,21.8,47.1,59.6,3027.2,2.6,2.8,2893.4,128.5,2987.531623931624,39.66837606837589,1.3277976959511437
Konkan & Goa,1998,0.0,0.0,0.0,0.0,9.7,671.3,909.1,758.3,561.8,280.0,44.3,0.1,3234.7,0.0,9.7,2900.6,324.4,2987.531623931624,247.1683760683759,8.273330869150755
Konkan & Goa,1999,0.0,0.0,0.0,0.0,67.1,978.7,1105.1,283.7,297.1,179.7,0.7,0.0,2912.1,0.0,67.1,2664.5,180.4,2987.531623931624,-75.43162393162402,-2.524881187110421
Konkan & Goa,2000,1.2,0.0,0.0,0.9,190.3,739.4,1200.4,789.5,111.9,91.8,1.6,6.2,3133.2,1.2,191.2,2841.2,99.7,2987.531623931624,145.6683760683759,4.875877292862753
Konkan & Goa,2001,5.6,0.0,0.0,2.8,59.6,540.1,873.4,611.3,207.9,91.6,3.1,0.0,2395.4,5.6,62.4,2232.7,94.7,2987.531623931624,-592.1316239316238,-19.820095599603132
Konkan & Goa,2002,0.0,0.0,0.1,2.8,9.4,942.0,452.8,834.5,217.1,75.3,3.0,0.3,2537.2,0.0,12.3,2446.4,78.6,2987.531623931624,-450.3316239316241,-15.07370232750818
Konkan & Goa,2003,0.5,0.6,0.8,1.2,11.2,865.3,1013.9,593.7,298.7,54.4,1.9,0.0,2842.3,1.2,13.2,2771.6,56.3,2987.531623931624,-145.23162393162374,-4.861258129227679
Konkan & Goa,2004,0.0,0.0,0.0,10.4,46.9,678.6,902.3,1011.5,293.3,32.9,10.2,0.0,2985.9,0.0,57.2,2885.5,43.1,2987.531623931624,-1.6316239316238352,-0.054614448883275775
Konkan & Goa,2005,1.3,0.1,1.9,4.0,9.8,730.2,1340.9,772.2,678.8,76.5,0.0,0.1,3615.7,1.4,15.6,3522.2,76.6,2987.531623931624,628.1683760683759,21.026333948616067
Konkan & Goa,2006,0.0,0.0,9.9,0.0,211.8,683.1,1066.2,886.4,399.9,202.4,22.5,0.0,3482.2,0.0,221.7,3035.6,224.9,2987.531623931624,494.6683760683759,16.557762003449085
Konkan & Goa,2007,0.0,0.0,0.1,3.3,33.4,939.3,841.3,980.2,609.0,45.6,16.0,0.1,3468.5,0.0,36.9,3369.9,61.7,2987.531623931624,480.9683760683761,16.09918945177278
Konkan & Goa,2008,0.0,0.1,31.5,0.3,11.1,798.5,766.6,833.1,551.2,57.3,0.9,2.4,3053.1,0.1,43.0,2949.3,60.6,2987.531623931624,65.56837606837598,2.1947341257625683
Konkan & Goa,2009,0.0,0.0,0.3,0.1,5.6,330.6,1271.2,292.9,387.5,307.4,121.0,0.0,2716.6,0.0,5.9,2282.2,428.5,2987.531623931624,-270.931623931624,-9.068744971980417
Konkan & Goa,2010,2.7,0.0,0.0,1.5,8.2,680.8,1405.3,850.0,531.3,190.2,106.7,1.4,3778.1,2.7,9.7,3467.4,298.3,2987.531623931624,790.568376068376,26.462259670676875
Konkan & Goa,2011,0.0,0.0,0.0,3.4,1.1,857.0,1384.1,987.9,468.3,120.3,3.1,0.0,3825.2,0.0,4.5,3697.3,123.5,2987.531623931624,837.6683760683759,28.038812019870612
Konkan & Goa,2012,0.0,0.0,0.0,0.6,1.1,633.0,928.5,762.5,515.3,175.1,2.3,0.0,3018.4,0.0,1.7,2839.3,177.4,2987.531623931624,30.868376068376165,1.0332401445094346
Konkan & Goa,2013,1.8,5.4,0.1,0.1,18.5,1028.3,1478.5,497.6,340.7,149.3,2.1,1.5,3524.0,7.3,18.7,3345.2,152.8,2987.531623931624,536.4683760683761,17.956910372797257
Konkan & Goa,2014,1.3,5.3,1.8,0.7,21.3,238.2,1293.2,658.0,419.5,98.7,8.0,11.7,2757.5,6.6,23.8,2608.8,118.4,2987.531623931624,-230.03162393162393,-7.699721806756972
Konkan & Goa,2015,2.7,0.0,36.8,3.6,11.3,764.0,526.5,377.3,240.9,91.4,27.3,0.0,2082.0,2.7,51.7,1908.7,118.8,2987.531623931624,-905.5316239316239,-30.310361124811607
Konkan & Goa,2016,0.0,0.1,2.0,0.3,2.1,806.5,1327.3,817.0,600.2,106.3,2.0,0.1,3663.9,0.1,4.4,3551.0,108.5,2987.531623931624,676.3683760683762,22.639705991740033
Konkan & Goa,2017,0.0,0.0,0.0,0.0,47.0,840.4,1095.3,731.2,546.9,156.9,0.7,25.0,3443.4,0.0,47.0,3213.8,182.6,2987.531623931624,455.86837606837616,15.259030981183338
Madhya Maharashtra,1901,18.8,0.6,7.7,36.6,30.4,107.7,215.9,194.1,83.7,68.7,4.4,0.5,769.0,19.4,74.7,601.4,73.5,881.4316239316239,-112.4316239316239,-12.755569561950011
Madhya Maharashtra,1902,7.8,0.0,0.1,5.0,9.8,102.6,210.9,114.5,169.5,60.4,40.5,62.9,784.0,7.8,14.9,597.5,163.8,881.4316239316239,-97.4316239316239,-11.05379263533005
Madhya Maharashtra,1903,7.6,0.0,0.0,3.2,77.2,86.3,281.8,155.5,142.3,74.2,7.6,2.2,837.9,7.6,80.4,665.9,84.1,881.4316239316239,-43.531623931623926,-4.938740879008993
Madhya Maharashtra,1904,0.4,4.7,1.7,3.0,18.7,114.6,126.5,59.5,183.0,91.1,0.0,0.4,603.5,5.1,23.4,483.6,91.4,881.4316239316239,-277.9316239316239,-31.53184165232358
Madhya Maharashtra,1905,0.0,1.2,0.0,2.3,23.6,65.0,252.8,79.0,52.6,52.9,8.3,0.0,537.8,1.2,25.9,449.5,61.2,881.4316239316239,-343.63162393162395,-38.98562459091901
Madhya Maharashtra,1906,10.5,0.8,0.0,0.1,9.3,184.8,199.3,205.0,88.8,19.1,15.5,11.1,744.3,11.3,9.4,677.8,45.8,881.4316239316239,-137.13162393162395,-15.557828901117551
Madhya Maharashtra,1907,0.5,3.7,1.5,54.5,0.6,118.0,262.3,267.8,94.1,7.6,3.6,0.9,815.1,4.2,56.6,742.3,12.1,881.4316239316239,-66.33162393162388,-7.525441807471328
Madhya Maharashtra,1908,0.3,0.0,4.7,6.3,5.8,85.1,263.0,169.9,166.6,16.3,4.0,0.0,722.0,0.3,16.8,684.6,20.3,881.4316239316239,-159.4316239316239,-18.087803932025885
Madhya Maharashtra,1909,1.2,0.1,0.7,1.4,38.5,179.6,247.0,101.6,146.2,31.1,3.1,4.7,755.2,1.3,40.6,674.4,38.9,881.4316239316239,-126.23162393162386,-14.321204334440369
Madhya Maharashtra,1910,0.0,0.0,1.0,0.0,13.1,204.6,172.0,228.6,195.7,70.0,30.2,0.0,915.2,0.0,14.0,800.9,100.3,881.4316239316239,33.76837606837614,3.8310828828392123
Madhya Maharashtra,1911,2.0,0.1,2.2,0.2,12.0,136.9,137.7,153.2,29.9,23.6,42.9,3.8,544.3,2.1,14.3,457.6,70.3,881.4316239316239,-337.13162393162395,-38.24818792271703
Madhya Maharashtra,1912,0.0,0.4,0.0,9.0,20.9,88.3,307.6,150.0,34.7,86.0,67.7,0.3,764.9,0.5,29.9,580.5,153.9,881.4316239316239,-116.53162393162393,-13.220721921892803
Madhya Maharashtra,1913,0.0,0.2,0.0,8.4,34.0,259.9,210.8,86.6,82.8,43.7,0.6,5.5,732.5,0.2,42.4,640.1,49.8,881.4316239316239,-148.9316239316239,-16.896560083391915
Madhya Maharashtra,1914,0.0,0.4,0.3,3.7,15.2,188.3,348.8,204.3,211.6,22.1,36.6,7.6,1039.0,0.4,19.2,953.0,66.3,881.4316239316239,157.5683760683761,17.876415117209284
Madhya Maharashtra,1915,8.6,6.6,13.9,21.9,12.1,195.2,225.4,80.0,228.5,76.8,20.9,18.0,908.1,15.3,48.0,729.1,115.7,881.4316239316239,26.66837606837612,3.025575137572428
Madhya Maharashtra,1916,0.0,0.2,0.4,4.9,55.2,144.8,257.6,185.9,217.5,136.8,69.1,0.1,1072.4,0.2,60.5,805.9,206.0,881.4316239316239,190.9683760683762,21.665705073816408
Madhya Maharashtra,1917,0.1,20.0,4.8,7.7,15.6,174.3,120.6,187.0,205.2,169.5,33.4,0.0,938.2,20.1,28.1,687.1,203.0,881.4316239316239,56.76837606837614,6.440474170323151
Madhya Maharashtra,1918,5.1,0.6,2.6,1.0,90.5,51.7,68.4,112.4,55.1,13.3,30.0,7.5,438.0,5.6,94.0,287.6,50.8,881.4316239316239,-443.4316239316239,-50.308113742697145
Madhya Maharashtra,1919,3.0,0.5,1.2,2.7,38.2,173.5,198.9,153.8,231.7,45.1,28.4,1.9,879.1,3.5,42.2,757.9,75.5,881.4316239316239,-2.3316239316238807,-0.26452692055949584
Madhya Maharashtra,1920,41.5,0.2,0.1,9.7,8.0,120.7,185.9,94.1,113.8,26.0,0.3,0.0,600.3,41.7,17.8,514.5,26.3,881.4316239316239,-281.13162393162395,-31.894887396669176
Madhya Maharashtra,1921,1.6,0.0,0.3,9.0,1.1,105.8,291.6,125.0,128.7,47.5,23.7,0.0,734.3,1.6,10.4,651.1,71.2,881.4316239316239,-147.13162393162395,-16.692346852197527
Madhya Maharashtra,1922,18.3,2.6,0.0,16.7,27.4,161.7,218.2,79.4,97.1,41.2,141.1,1.4,805.2,20.9,44.1,556.5,183.7,881.4316239316239,-76.23162393162386,-8.648614579040501
Madhya Maharashtra,1923,1.9,1.7,32.7,8.7,10.5,30.7,290.0,126.5,169.5,6.4,0.0,2.3,680.9,3.5,51.9,616.7,8.7,881.4316239316239,-200.53162393162393,-22.750672710964583
Madhya Maharashtra,1924,2.1,0.0,2.8,19.7,4.6,80.3,173.8,220.6,185.8,49.7,3.6,5.3,748.2,2.1,27.1,660.4,58.6,881.4316239316239,-133.23162393162386,-15.115366900196351
Madhya Maharashtra,1925,0.0,0.0,3.1,1.5,38.9,177.7,152.0,115.2,94.7,33.9,40.7,4.0,661.8,0.0,43.5,539.6,78.6,881.4316239316239,-219.63162393162395,-24.917601997527335
Madhya Maharashtra,1926,34.3,0.6,0.1,0.2,11.2,85.9,230.6,258.0,147.7,8.1,8.3,2.2,787.1,34.9,11.5,722.2,18.6,881.4316239316239,-94.33162393162388,-10.702092070495254
Madhya Maharashtra,1927,0.0,1.0,0.9,4.6,9.3,184.9,318.7,85.4,183.6,51.3,83.3,2.0,925.2,1.0,14.9,772.7,136.6,881.4316239316239,43.76837606837614,4.965600833919186
Madhya Maharashtra,1928,0.1,10.3,3.7,8.0,0.3,143.3,217.7,159.6,209.0,62.5,3.1,14.1,831.7,10.3,12.0,729.7,79.6,881.4316239316239,-49.73162393162386,-5.64214200867857
Madhya Maharashtra,1929,1.0,6.4,2.0,37.1,6.4,155.9,168.2,73.7,151.6,82.5,3.4,2.2,690.4,7.4,45.5,549.4,88.1,881.4316239316239,-191.03162393162393,-21.672880657438608
Madhya Maharashtra,1930,0.0,0.0,0.7,3.2,29.8,178.1,233.7,106.5,247.0,87.4,37.7,5.0,929.1,0.0,33.6,765.3,130.1,881.4316239316239,47.66837606837612,5.408062834840374
Madhya Maharashtra,1931,0.0,0.0,0.6,14.0,2.9,109.7,316.3,233.5,178.9,180.9,70.2,25.3,1132.4,0.0,17.5,838.5,276.3,881.4316239316239,250.9683760683762,28.47281278029625
Madhya Maharashtra,1932,0.0,0.5,8.6,22.3,27.3,67.3,351.7,221.3,162.8,148.4,30.8,4.0,1045.1,0.5,58.3,803.1,183.2,881.4316239316239,163.668376068376,18.56847106736806
Madhya Maharashtra,1933,1.4,0.5,3.4,8.5,76.5,182.3,194.7,259.4,286.1,93.3,24.0,22.3,1152.4,1.9,88.4,922.5,139.6,881.4316239316239,270.9683760683762,30.741848682456197
Madhya Maharashtra,1934,3.7,0.0,1.9,7.3,8.0,138.2,217.0,222.3,136.8,41.2,82.0,0.0,858.3,3.7,17.2,714.2,123.2,881.4316239316239,-23.13162393162395,-2.6243242588058493
Madhya Maharashtra,1935,2.5,0.0,0.0,3.7,1.4,149.6,208.6,195.5,126.7,119.4,7.7,3.9,819.0,2.6,5.1,680.3,131.0,881.4316239316239,-62.4316239316239,-7.082979806550141
Madhya Maharashtra,1936,1.3,6.2,4.3,3.8,21.1,169.2,113.9,106.3,161.5,17.2,130.4,0.3,735.6,7.5,29.2,550.9,147.9,881.4316239316239,-145.83162393162388,-16.54485951855712
Madhya Maharashtra,1937,0.0,2.0,2.0,47.7,4.7,146.7,319.4,63.6,219.9,96.1,1.3,11.0,914.4,2.0,54.4,749.5,108.4,881.4316239316239,32.968376068376074,3.740321446752807
Madhya Maharashtra,1938,0.6,1.0,23.5,12.2,50.4,239.9,286.6,169.4,191.5,141.3,7.6,2.3,1126.3,1.6,86.1,887.4,151.2,881.4316239316239,244.86837606837605,27.78075683013745
Madhya Maharashtra,1939,0.2,0.2,4.1,6.3,1.1,127.6,303.9,219.9,88.5,41.8,27.3,0.8,821.9,0.5,11.5,740.0,70.0,881.4316239316239,-59.531623931623926,-6.753969600736951
Madhya Maharashtra,1940,1.3,1.8,0.5,16.5,15.8,191.3,215.9,188.7,132.0,95.2,30.1,4.2,893.2,3.1,32.8,727.9,129.4,881.4316239316239,11.768376068376142,1.33514339046327
Madhya Maharashtra,1941,28.2,8.0,1.8,5.4,4.2,96.1,338.6,103.7,143.3,44.5,0.1,0.4,774.3,36.2,11.4,681.7,45.0,881.4316239316239,-107.13162393162395,-12.154275047877631
Madhya Maharashtra,1942,0.2,2.5,0.2,6.7,10.0,213.3,364.7,191.6,93.8,20.0,1.3,36.9,941.3,2.8,17.0,863.4,58.2,881.4316239316239,59.86837606837605,6.792174735157934
Madhya Maharashtra,1943,4.1,0.0,1.5,3.5,63.4,150.5,316.4,80.9,166.2,196.0,10.6,0.0,993.2,4.1,68.4,713.9,206.7,881.4316239316239,111.76837606837614,12.680322901263008
Madhya Maharashtra,1944,0.8,0.7,10.3,0.1,21.4,132.2,421.7,227.8,142.1,115.3,13.6,0.0,1086.0,1.6,31.8,923.7,128.9,881.4316239316239,204.5683760683761,23.20864948728516
Madhya Maharashtra,1945,4.2,0.0,0.0,9.8,5.2,125.6,263.7,209.0,132.4,37.1,6.3,0.0,793.4,4.2,15.0,730.7,43.4,881.4316239316239,-88.03162393162393,-9.987345761314877
Madhya Maharashtra,1946,0.0,2.9,0.0,22.0,34.3,138.4,288.5,255.9,170.3,23.1,152.8,15.4,1103.6,2.9,56.3,853.1,191.3,881.4316239316239,222.168376068376,25.2054010811859
Madhya Maharashtra,1947,18.7,1.4,4.4,31.0,19.6,63.0,230.6,272.8,216.2,23.0,10.3,14.6,905.7,20.0,55.0,782.7,48.0,881.4316239316239,24.268376068376142,2.753290829313237
Madhya Maharashtra,1948,16.9,0.7,4.3,7.6,8.9,191.0,239.6,181.4,162.0,66.6,137.1,0.1,1016.3,17.6,20.7,774.1,203.8,881.4316239316239,134.86837606837605,15.301059368257738
Madhya Maharashtra,1949,0.0,0.0,2.0,4.8,58.4,102.0,201.3,174.0,323.1,82.2,5.7,0.0,953.7,0.0,65.3,800.4,87.9,881.4316239316239,72.26837606837614,8.198976994497112
Madhya Maharashtra,1950,0.0,0.2,1.5,5.9,23.2,59.5,400.2,102.9,248.8,87.3,2.2,0.8,932.6,0.2,30.6,811.4,90.3,881.4316239316239,51.16837606837612,5.805144117718364
Madhya Maharashtra,1951,0.1,0.0,0.5,9.3,29.5,150.1,250.2,136.3,71.7,128.9,20.1,0.0,797.0,0.1,39.4,608.3,149.1,881.4316239316239,-84.4316239316239,-9.578919298926083
Madhya Maharashtra,1952,0.0,1.9,0.0,8.9,18.9,131.2,268.8,139.1,57.1,56.7,0.0,0.8,683.3,1.9,27.8,596.2,57.5,881.4316239316239,-198.13162393162395,-22.47838840270539
Madhya Maharashtra,1953,1.2,0.0,0.1,24.5,2.0,186.3,216.5,220.2,126.8,116.1,0.0,0.0,893.6,1.2,26.5,749.8,116.1,881.4316239316239,12.16837606837612,1.3805241085064663
Madhya Maharashtra,1954,2.0,0.4,16.0,6.0,15.8,158.5,305.3,171.7,263.0,30.1,0.0,16.2,985.1,2.4,37.8,898.5,46.4,881.4316239316239,103.66837606837612,11.761363360888227
Madhya Maharashtra,1955,3.2,0.0,6.8,12.2,25.8,140.9,149.6,254.3,218.9,159.0,10.4,0.0,981.0,3.2,44.7,763.7,169.4,881.4316239316239,99.5683760683761,11.296211000945435
Madhya Maharashtra,1956,1.5,0.2,1.1,11.3,91.2,111.0,360.5,252.0,165.8,148.0,90.1,1.1,1233.8,1.7,103.6,889.3,239.2,881.4316239316239,352.36837606837605,39.976824804247165
Madhya Maharashtra,1957,0.1,0.0,4.8,20.9,36.9,177.8,196.4,202.2,98.7,85.1,26.8,0.1,849.8,0.1,62.6,675.1,112.0,881.4316239316239,-31.63162393162395,-3.5886645172238265
Madhya Maharashtra,1958,1.6,0.0,5.4,23.6,32.9,101.9,393.3,296.6,112.1,57.4,29.2,0.1,1054.1,1.6,61.9,903.9,86.7,881.4316239316239,172.668376068376,19.589537223340034
Madhya Maharashtra,1959,2.4,0.0,0.0,16.8,39.3,174.7,344.3,199.0,202.7,84.7,54.9,0.1,1118.9,2.4,56.1,920.7,139.7,881.4316239316239,237.4683760683762,26.941213546338282
Madhya Maharashtra,1960,3.6,0.0,3.0,5.1,61.3,146.4,235.0,138.0,229.0,44.9,18.8,0.8,885.9,3.6,69.5,748.4,64.4,881.4316239316239,4.468376068376074,0.5069452861748812
Madhya Maharashtra,1961,0.3,0.1,0.5,9.8,104.2,163.5,411.9,135.0,104.8,128.0,10.0,2.5,1070.5,0.4,114.5,815.2,140.4,881.4316239316239,189.0683760683761,21.4501466631112
Madhya Maharashtra,1962,0.2,0.1,6.7,12.9,57.2,46.8,287.5,164.0,199.9,51.9,23.0,48.8,899.0,0.3,76.8,698.3,123.6,881.4316239316239,17.568376068376097,1.9931638020896494
Madhya Maharashtra,1963,0.8,4.3,14.0,12.0,23.3,138.6,252.3,268.7,72.7,93.5,19.1,0.6,899.9,5.1,49.3,732.3,113.2,881.4316239316239,18.468376068376074,2.0952704176868444
Madhya Maharashtra,1964,0.0,0.0,4.1,6.2,7.0,139.8,238.9,242.3,223.1,60.0,23.3,0.9,945.7,0.0,17.3,844.0,84.3,881.4316239316239,64.26837606837614,7.291362633633133
Madhya Maharashtra,1965,5.8,0.2,0.3,10.2,12.3,82.9,380.7,200.3,54.8,10.0,4.6,28.5,790.7,6.1,22.9,718.7,43.0,881.4316239316239,-90.73162393162386,-10.293665608106462
Madhya Maharashtra,1966,1.9,0.5,1.4,2.1,81.5,83.8,315.0,94.0,149.0,14.5,82.6,11.2,837.3,2.4,85.0,641.7,108.3,881.4316239316239,-44.13162393162395,-5.006811956073794
Madhya Maharashtra,1967,0.0,0.1,4.7,13.3,7.8,130.4,367.4,139.0,146.7,43.1,2.1,58.6,913.0,0.1,25.8,783.4,103.7,881.4316239316239,31.568376068376097,3.5814889336016127
Madhya Maharashtra,1968,1.6,3.6,9.4,11.2,2.5,95.4,238.9,213.3,172.1,60.6,15.1,0.3,824.0,5.2,23.2,719.6,76.0,881.4316239316239,-57.4316239316239,-6.515720831010155
Madhya Maharashtra,1969,0.2,0.0,1.4,5.8,4.0,140.1,307.1,248.3,234.0,20.1,22.3,0.9,984.1,0.2,11.3,929.5,43.2,881.4316239316239,102.66837606837612,11.647911565780229
Madhya Maharashtra,1970,1.0,0.0,0.6,17.9,39.1,195.4,200.1,254.9,161.3,70.9,0.0,0.0,941.4,1.0,57.6,811.8,70.9,881.4316239316239,59.968376068376074,6.803519914668736
Madhya Maharashtra,1971,0.0,0.0,0.1,3.8,43.3,155.6,124.9,204.0,185.6,56.0,0.0,0.0,773.2,0.0,47.1,670.1,56.0,881.4316239316239,-108.23162393162386,-12.279072022496416
Madhya Maharashtra,1972,0.0,0.2,0.0,4.0,13.8,90.4,195.1,99.3,88.1,7.3,21.6,0.1,519.9,0.2,17.8,472.8,29.0,881.4316239316239,-361.5316239316239,-41.016411723352164
Madhya Maharashtra,1973,0.0,3.0,1.8,3.2,10.1,124.7,312.0,243.9,172.8,104.8,3.9,0.4,980.6,3.0,15.1,853.4,109.1,881.4316239316239,99.16837606837612,11.250830282902239
Madhya Maharashtra,1974,0.0,0.1,2.5,14.6,60.9,77.5,217.9,184.7,201.5,152.0,0.1,0.0,911.8,0.1,78.1,681.6,152.1,881.4316239316239,30.36837606837605,3.445346779472011
Madhya Maharashtra,1975,0.4,1.1,0.1,1.0,15.4,165.6,228.0,223.2,242.8,158.3,4.8,0.0,1040.7,1.5,16.4,859.7,163.1,881.4316239316239,159.26837606837614,18.069283168892884
Madhya Maharashtra,1976,0.1,0.0,6.0,3.4,3.3,283.6,315.6,240.8,87.7,14.3,68.9,2.2,1025.8,0.1,12.7,927.7,85.4,881.4316239316239,144.36837606837605,16.378851421783715
Madhya Maharashtra,1977,0.0,0.1,7.1,9.9,31.3,209.0,262.5,150.4,94.6,64.4,112.1,5.7,947.2,0.2,48.3,716.5,182.3,881.4316239316239,65.76837606837614,7.461540326295128
Madhya Maharashtra,1978,0.7,10.8,4.6,22.2,33.1,174.2,179.6,211.8,124.1,57.0,63.5,2.1,883.6,11.4,59.9,689.7,122.6,881.4316239316239,2.1683760683761193,0.24600615742649243
Madhya Maharashtra,1979,3.5,1.8,5.3,1.0,7.1,129.7,194.5,299.0,249.9,46.0,88.4,0.5,1026.8,5.3,13.4,873.2,134.9,881.4316239316239,145.36837606837605,16.49230321689171
Madhya Maharashtra,1980,0.0,0.0,1.5,16.1,8.6,279.2,197.4,286.6,89.2,14.7,29.8,16.4,939.5,0.0,26.1,852.5,60.9,881.4316239316239,58.0683760683761,6.587961503963544
Madhya Maharashtra,1981,10.5,0.0,3.7,6.8,7.7,135.9,248.9,188.6,253.7,56.8,11.0,6.2,929.8,10.5,18.2,827.1,74.0,881.4316239316239,48.36837606837605,5.487479091415963
Madhya Maharashtra,1982,2.1,0.2,0.2,6.3,33.8,114.6,187.7,186.6,119.5,55.2,45.8,0.0,751.9,2.3,40.3,608.4,101.0,881.4316239316239,-129.53162393162393,-14.695595258296768
Madhya Maharashtra,1983,0.1,1.4,0.0,0.0,2.8,125.3,218.1,259.4,263.0,43.2,2.5,2.8,918.8,1.5,2.9,865.8,48.5,881.4316239316239,37.36837606837605,4.239509345227992
Madhya Maharashtra,1984,0.6,11.2,3.7,4.6,0.6,109.6,260.8,140.0,133.2,109.1,4.7,1.7,779.9,11.8,8.9,643.7,115.5,881.4316239316239,-101.53162393162393,-11.518944995272841
Madhya Maharashtra,1985,2.6,0.2,2.3,9.1,12.3,118.7,189.5,145.1,63.5,107.3,5.4,0.0,656.1,2.8,23.8,516.8,112.7,881.4316239316239,-225.33162393162388,-25.56427722964291
Madhya Maharashtra,1986,1.6,2.7,0.3,2.4,8.6,200.8,126.1,157.9,101.0,8.9,19.4,14.6,644.1,4.3,11.2,585.7,42.8,881.4316239316239,-237.33162393162388,-26.925698770938883
Madhya Maharashtra,1987,1.7,3.9,2.5,4.0,36.6,130.3,166.7,226.9,63.5,98.8,38.0,34.6,807.6,5.6,43.1,587.5,171.4,881.4316239316239,-73.83162393162388,-8.376330270781308
Madhya Maharashtra,1988,0.0,0.1,0.1,18.8,7.6,111.0,314.1,165.7,324.8,27.5,1.9,4.9,976.6,0.1,26.5,915.6,34.3,881.4316239316239,95.16837606837612,10.797023102470249
Madhya Maharashtra,1989,0.0,0.0,16.3,3.3,11.8,153.5,271.9,152.1,181.6,22.9,1.4,1.7,816.6,0.0,31.4,759.1,26.0,881.4316239316239,-64.83162393162388,-7.355264114809332
Madhya Maharashtra,1990,2.6,0.2,0.0,0.2,78.2,150.5,227.3,294.6,94.9,154.9,17.2,1.9,1022.5,2.8,78.4,767.3,174.1,881.4316239316239,141.0683760683761,16.00446049792733
Madhya Maharashtra,1991,0.0,0.1,0.3,12.2,19.2,293.8,318.1,143.9,67.3,21.0,4.7,0.1,880.5,0.1,31.8,823.0,25.7,881.4316239316239,-0.9316239316239034,-0.10569440740830205
Madhya Maharashtra,1992,0.0,0.0,0.0,2.1,5.1,146.9,190.6,248.6,132.1,55.6,10.1,0.0,791.3,0.0,7.3,718.2,65.7,881.4316239316239,-90.13162393162395,-10.225594531041674
Madhya Maharashtra,1993,0.0,0.1,3.0,5.7,11.5,147.6,289.2,162.4,162.6,192.8,10.7,34.3,1019.8,0.1,20.1,761.9,237.7,881.4316239316239,138.36837606837605,15.698140651135727
Madhya Maharashtra,1994,3.1,0.1,0.6,21.8,23.8,253.2,332.9,188.4,118.9,66.2,12.6,0.0,1021.5,3.2,46.2,893.4,78.8,881.4316239316239,140.0683760683761,15.89100870281933
Madhya Maharashtra,1995,20.0,0.2,5.4,6.7,24.0,63.6,253.1,82.7,194.3,121.5,4.9,0.0,776.4,20.3,36.0,593.7,126.4,881.4316239316239,-105.03162393162393,-11.916026278150833
Madhya Maharashtra,1996,0.1,0.0,0.1,4.1,5.7,162.3,281.0,184.1,161.4,171.3,4.8,0.4,975.2,0.1,9.9,788.7,176.5,881.4316239316239,93.76837606837614,10.638190589319056
Madhya Maharashtra,1997,3.3,0.0,2.4,15.3,6.5,180.2,239.9,295.5,91.7,57.7,68.8,39.6,1000.9,3.3,24.3,807.4,166.0,881.4316239316239,119.46837606837607,13.55390172359458
Madhya Maharashtra,1998,0.2,0.0,0.6,2.5,18.4,147.1,264.1,226.4,257.2,162.5,22.1,0.0,1101.1,0.2,21.4,894.8,184.7,881.4316239316239,219.668376068376,24.92177159341591
Madhya Maharashtra,1999,0.0,6.7,0.0,0.1,39.2,225.3,262.5,85.4,169.0,177.6,0.0,0.0,965.7,6.7,39.3,742.1,177.7,881.4316239316239,84.26837606837614,9.56039853579308
Madhya Maharashtra,2000,0.4,1.1,0.2,1.7,18.5,173.0,198.7,159.6,87.0,56.5,2.7,2.1,701.6,1.5,20.5,618.2,61.3,881.4316239316239,-179.83162393162388,-20.402220552229032
Madhya Maharashtra,2001,4.4,0.0,0.3,4.7,8.4,157.9,179.3,160.9,137.3,125.5,5.7,0.5,785.1,4.4,13.5,635.4,131.8,881.4316239316239,-96.33162393162388,-10.928995660711252
Madhya Maharashtra,2002,1.7,3.1,1.0,13.0,14.4,251.9,95.6,221.5,95.8,36.3,5.9,0.0,740.3,4.9,28.3,664.7,42.3,881.4316239316239,-141.13162393162395,-16.01163608154954
Madhya Maharashtra,2003,0.8,2.2,1.5,5.7,15.1,210.8,208.7,178.4,116.2,29.5,3.5,0.1,772.6,3.0,22.3,714.2,33.1,881.4316239316239,-108.83162393162388,-12.347143099561217
Madhya Maharashtra,2004,0.1,0.1,0.0,4.7,49.0,215.9,174.2,354.1,181.2,42.1,8.0,0.1,1029.5,0.2,53.7,925.5,50.2,881.4316239316239,148.0683760683761,16.79862306368331
Madhya Maharashtra,2005,3.6,0.4,1.6,11.1,7.8,240.5,361.2,256.1,276.4,62.7,0.0,0.0,1221.3,4.0,20.5,1134.2,62.7,881.4316239316239,339.86837606837605,38.5586773653972
Madhya Maharashtra,2006,0.0,0.0,7.1,0.2,42.3,205.3,416.4,421.7,217.0,60.1,25.5,0.0,1395.7,0.0,49.7,1260.4,85.6,881.4316239316239,514.2683760683761,58.34467043223196
Madhya Maharashtra,2007,1.3,0.4,0.0,2.1,5.5,266.9,293.5,274.2,189.2,3.4,3.9,0.0,1040.4,1.7,7.6,1023.7,7.3,881.4316239316239,158.9683760683762,18.03524763036049
Madhya Maharashtra,2008,0.0,0.0,18.1,0.6,1.1,107.9,157.9,257.6,312.4,56.6,3.7,0.9,916.9,0.0,19.9,835.9,61.1,881.4316239316239,35.468376068376074,4.0239509345228
Madhya Maharashtra,2009,0.0,1.7,0.8,0.4,7.7,68.9,329.8,148.2,162.6,96.2,121.3,4.3,941.7,1.7,8.9,709.4,221.8,881.4316239316239,60.26837606837614,6.837555453201142
Madhya Maharashtra,2010,2.9,0.1,0.9,2.3,5.4,185.6,280.9,233.2,165.6,77.1,73.4,0.2,1027.5,3.0,8.6,865.3,150.6,881.4316239316239,146.0683760683761,16.571719473467315
Madhya Maharashtra,2011,0.0,0.3,0.3,5.0,2.9,133.3,261.4,238.1,148.4,62.8,0.0,0.0,852.6,0.3,8.2,781.3,62.8,881.4316239316239,-28.83162393162388,-3.2709994909214264
Madhya Maharashtra,2012,0.0,0.0,0.0,3.0,1.4,67.9,203.0,187.8,129.5,95.2,2.2,0.0,689.8,0.0,4.4,588.1,97.3,881.4316239316239,-191.63162393162395,-21.74095173450341
Madhya Maharashtra,2013,0.1,5.3,0.8,5.7,6.0,212.4,311.8,147.0,210.3,57.8,4.0,1.3,962.4,5.3,12.4,881.5,63.1,881.4316239316239,80.96837606837607,9.186007611936681
Madhya Maharashtra,2014,3.1,6.2,24.4,7.5,29.8,44.0,277.9,240.3,120.4,38.5,32.8,13.1,838.0,9.3,61.7,682.6,84.4,881.4316239316239,-43.4316239316239,-4.927395699498191
Madhya Maharashtra,2015,1.4,0.8,41.2,9.6,24.4,177.0,111.7,67.2,146.6,48.3,16.2,0.1,644.5,2.2,75.3,502.5,64.5,881.4316239316239,-236.9316239316239,-26.880318052895685
Madhya Maharashtra,2016,0.0,0.7,7.1,1.4,7.7,100.7,319.6,232.7,171.9,62.4,1.1,0.9,906.3,0.7,16.2,824.9,64.4,881.4316239316239,24.86837606837605,2.8213619063780255
Madhya Maharashtra,2017,0.0,0.0,0.4,0.8,18.0,189.2,280.9,192.0,190.1,112.8,5.0,5.1,994.4,0.0,19.2,852.3,122.9,881.4316239316239,112.96837606837607,12.816465055392598
Matathwada,1901,15.8,3.3,32.1,48.5,26.5,193.1,184.1,249.8,74.0,81.6,0.0,0.0,908.7,19.1,107.1,700.9,81.6,791.7452991452991,116.95470085470095,14.771758162751997
Matathwada,1902,1.3,0.0,0.4,7.2,0.8,52.4,120.9,85.2,273.3,61.3,84.4,56.9,744.1,1.3,8.4,531.8,202.7,791.7452991452991,-47.64529914529908,-6.017755861226191
Matathwada,1903,2.6,0.8,0.0,1.7,58.3,104.4,264.2,281.9,173.3,139.9,0.3,5.3,1032.6,3.4,60.0,823.8,145.4,791.7452991452991,240.8547008547008,30.420730140703967
Matathwada,1904,0.0,0.9,12.1,0.3,7.2,79.2,118.4,57.3,339.0,76.2,0.0,0.0,690.5,0.9,19.5,593.9,76.2,791.7452991452991,-101.2452991452991,-12.787609759678386
Matathwada,1905,1.3,2.0,0.0,6.6,4.8,84.6,94.8,137.6,157.8,15.4,0.9,0.0,505.9,3.3,11.4,474.8,16.3,791.7452991452991,-285.8452991452991,-36.10318867113874
Matathwada,1906,19.8,0.0,0.1,0.0,0.2,220.6,254.9,156.9,82.1,19.8,3.9,12.4,770.7,19.8,0.3,714.5,36.1,791.7452991452991,-21.045299145299055,-2.658089560874914
Matathwada,1907,1.0,6.6,1.1,61.3,0.0,90.4,198.9,155.2,34.7,5.0,0.0,3.7,557.9,7.6,62.4,479.2,8.7,791.7452991452991,-233.84529914529912,-29.535419963685115
Matathwada,1908,0.0,0.8,13.0,2.9,1.6,100.7,124.4,176.8,261.9,0.4,0.0,0.0,682.5,0.8,17.5,663.8,0.4,791.7452991452991,-109.2452991452991,-13.79803571467125
Matathwada,1909,5.5,1.6,8.4,4.2,22.2,217.2,194.3,173.8,223.5,21.4,0.4,20.3,892.7,7.2,34.7,808.8,42.0,791.7452991452991,100.95470085470095,12.75090625276627
Matathwada,1910,0.0,0.0,0.9,0.0,3.1,202.1,166.7,188.5,467.9,59.7,45.3,0.0,1134.4,0.0,4.0,1025.3,105.0,791.7452991452991,342.654700854701,43.278400417988195
Matathwada,1911,6.4,0.0,0.0,0.0,3.0,85.5,231.9,175.0,68.6,0.2,41.8,0.0,612.4,6.4,3.0,561.0,42.0,791.7452991452991,-179.34529914529912,-22.651893145296228
Matathwada,1912,0.0,13.7,0.0,6.5,9.5,62.9,177.3,145.9,34.6,22.8,15.2,0.0,488.4,13.7,16.0,420.8,37.9,791.7452991452991,-303.3452991452991,-38.313495447685625
Matathwada,1913,0.0,3.4,0.0,15.1,38.6,173.0,245.9,80.1,63.7,21.0,0.0,15.9,656.5,3.4,53.6,562.6,36.9,791.7452991452991,-135.2452991452991,-17.08192006839806
Matathwada,1914,0.0,10.4,5.2,0.9,16.3,297.0,177.2,151.7,258.3,23.9,20.9,27.3,989.1,10.4,22.3,884.2,72.1,791.7452991452991,197.35470085470092,24.926539010430282
Matathwada,1915,28.0,2.6,55.9,18.9,11.5,207.8,146.8,96.1,299.1,99.7,10.1,25.1,1001.6,30.6,86.3,749.8,134.9,791.7452991452991,209.85470085470092,26.505329565106635
Matathwada,1916,0.0,5.0,3.0,1.7,43.6,149.8,374.7,139.7,305.1,115.0,40.3,0.0,1177.9,5.0,48.3,969.3,155.3,791.7452991452991,386.154700854701,48.77259154826189
Matathwada,1917,1.7,63.5,10.8,7.0,17.1,176.8,144.6,259.3,348.7,101.2,37.5,0.0,1168.3,65.2,35.0,929.4,138.8,791.7452991452991,376.55470085470085,47.56008040227044
Matathwada,1918,0.7,0.0,0.2,0.6,121.4,93.5,65.9,78.6,89.9,4.7,9.8,20.7,486.1,0.7,122.2,327.9,35.3,791.7452991452991,-305.6452991452991,-38.60399290974607
Matathwada,1919,11.9,0.9,0.3,5.1,11.2,149.7,119.9,85.3,228.0,28.0,21.4,1.1,662.8,12.8,16.6,583.0,50.4,791.7452991452991,-128.94529914529915,-16.286209628841185
Matathwada,1920,27.0,0.0,0.3,3.1,2.1,60.4,50.5,86.1,127.7,3.8,0.0,0.0,361.2,27.0,5.6,324.8,3.8,791.7452991452991,-430.5452991452991,-54.37926813207217
Matathwada,1921,2.1,0.0,0.0,2.4,0.0,151.0,174.8,70.2,113.4,41.9,6.6,0.0,562.4,2.1,2.4,509.4,48.5,791.7452991452991,-229.34529914529912,-28.96705536400163
Matathwada,1922,54.4,1.9,0.0,2.8,19.3,220.3,119.5,39.4,206.4,47.8,122.7,1.4,836.1,56.4,22.2,585.6,171.9,791.7452991452991,44.35470085470092,5.60214262119175
Matathwada,1923,4.0,0.5,55.9,9.9,0.6,20.5,300.4,72.0,300.1,0.2,0.0,0.8,765.0,4.5,66.4,693.0,1.0,791.7452991452991,-26.7452991452991,-3.3780180538073354
Matathwada,1924,3.2,0.0,7.7,8.1,0.2,49.2,130.4,180.7,200.2,59.8,9.8,13.4,662.7,3.2,16.0,560.5,83.0,791.7452991452991,-129.04529914529905,-16.298839953278584
Matathwada,1925,0.0,0.0,0.0,0.0,30.1,130.3,84.3,173.6,73.4,38.1,75.1,0.0,604.9,0.0,30.1,461.6,113.2,791.7452991452991,-186.84529914529912,-23.599167478102036
Matathwada,1926,70.4,0.0,0.0,1.5,17.6,85.0,126.3,254.1,147.6,0.0,11.2,1.8,715.5,70.4,19.1,613.0,13.0,791.7452991452991,-76.2452991452991,-9.630028650325686
Matathwada,1927,0.0,3.2,10.2,7.5,0.0,173.0,143.5,67.0,175.7,37.2,126.9,0.4,744.6,3.2,17.7,559.2,164.5,791.7452991452991,-47.14529914529908,-5.954604239039138
Matathwada,1928,0.0,28.3,9.5,2.0,0.0,160.5,141.7,135.0,288.1,58.8,0.0,1.7,825.8,28.3,11.6,725.4,60.5,791.7452991452991,34.054700854700855,4.3012192041384285
Matathwada,1929,0.0,31.6,0.9,21.6,1.7,165.8,104.7,48.2,179.0,51.7,0.0,4.2,609.4,31.6,24.1,497.7,55.9,791.7452991452991,-182.34529914529912,-23.03080287841855
Matathwada,1930,0.0,1.0,1.7,13.0,4.1,132.2,49.6,75.7,281.0,64.6,17.1,0.3,640.3,1.0,18.8,538.5,82.0,791.7452991452991,-151.44529914529915,-19.128032627258616
Matathwada,1931,0.0,0.0,3.8,4.4,7.7,134.5,295.1,142.8,242.1,175.1,70.1,13.1,1088.6,0.0,15.9,814.5,258.2,791.7452991452991,296.8547008547008,37.49371182565402
Matathwada,1932,0.0,2.5,7.7,7.7,20.1,111.5,276.6,161.3,161.6,54.6,34.3,6.3,844.1,2.5,35.5,710.9,95.2,791.7452991452991,52.35470085470092,6.612568576184614
Matathwada,1933,9.1,7.6,10.1,13.5,66.7,206.6,214.7,180.4,340.8,30.7,17.5,25.2,1122.9,16.7,90.3,942.5,73.3,791.7452991452991,331.154700854701,41.82591310768595
Matathwada,1934,6.0,0.0,0.0,11.9,1.3,95.8,248.6,256.8,159.9,16.8,79.5,0.0,876.6,6.0,13.2,761.2,96.3,791.7452991452991,84.85470085470092,10.717424018343126
Matathwada,1935,7.2,0.5,0.0,14.0,0.4,191.1,197.4,196.6,223.5,84.1,5.8,1.4,922.1,7.7,14.4,808.7,91.3,791.7452991452991,130.35470085470092,16.464221637365043
Matathwada,1936,0.0,26.6,7.8,10.7,33.3,137.5,92.2,119.3,145.1,9.1,139.9,6.2,727.8,26.6,51.8,494.1,155.2,791.7452991452991,-63.945299145299145,-8.076498744524162
Matathwada,1937,0.0,13.2,11.3,43.8,1.1,75.8,277.3,35.8,152.8,106.4,0.3,20.5,738.2,13.2,56.2,541.7,127.2,791.7452991452991,-53.545299145299055,-6.762945003033425
Matathwada,1938,0.0,8.8,17.7,15.6,27.3,253.3,260.1,146.5,256.1,86.8,0.2,0.3,1072.7,8.8,60.6,916.0,87.3,791.7452991452991,280.95470085470095,35.48549024010572
Matathwada,1939,0.2,0.0,3.7,9.1,0.2,98.2,163.6,188.6,73.8,25.3,16.5,1.0,580.2,0.2,13.0,524.2,42.9,791.7452991452991,-211.54529914529905,-26.7188576141425
Matathwada,1940,0.0,0.4,0.0,11.2,13.4,178.8,176.9,239.5,139.0,63.1,31.5,1.8,855.6,0.4,24.6,734.2,96.4,791.7452991452991,63.85470085470092,8.065055886486858
Matathwada,1941,9.4,9.3,1.1,0.5,0.0,50.2,114.9,150.4,190.6,14.5,0.0,0.0,541.0,18.7,1.6,506.1,14.5,791.7452991452991,-250.7452991452991,-31.66994479360754
Matathwada,1942,0.0,24.3,0.0,6.6,3.9,221.0,227.2,311.4,124.9,11.1,0.0,72.6,1003.0,24.3,10.5,884.5,83.7,791.7452991452991,211.2547008547009,26.68215410723038
Matathwada,1943,7.1,0.1,1.5,0.2,47.6,187.4,105.8,62.3,282.9,156.5,1.0,0.0,852.4,7.2,49.3,638.4,157.5,791.7452991452991,60.65470085470088,7.660885504489706
Matathwada,1944,0.4,12.2,32.6,0.0,5.2,85.1,230.7,116.0,167.0,94.5,15.2,0.0,759.0,12.6,37.8,598.9,109.7,791.7452991452991,-32.7452991452991,-4.135837520051984
Matathwada,1945,1.8,0.0,0.0,5.0,0.3,129.6,140.2,154.4,161.9,27.7,1.3,0.0,622.5,1.8,5.4,586.2,29.0,791.7452991452991,-169.2452991452991,-21.376230377117732
Matathwada,1946,0.0,9.7,1.9,21.3,16.3,165.6,212.4,114.5,180.1,6.8,98.2,21.9,848.7,9.7,39.4,672.6,127.0,791.7452991452991,56.954700854700945,7.193563500305515
Matathwada,1947,28.0,22.0,7.7,11.5,2.0,65.7,164.5,276.0,253.3,13.6,2.1,8.6,854.8,49.9,21.2,759.4,24.2,791.7452991452991,63.054700854700855,7.9640132909875625
Matathwada,1948,7.9,2.2,4.1,3.3,1.9,179.4,218.7,110.1,221.6,21.1,176.1,0.0,946.4,10.1,9.3,729.8,197.2,791.7452991452991,154.65470085470088,19.533390475655864
Matathwada,1949,2.9,0.5,0.1,0.7,35.2,188.9,189.5,89.8,369.1,32.3,5.2,0.0,914.2,3.4,36.0,837.3,37.6,791.7452991452991,122.45470085470095,15.466426006809591
Matathwada,1950,0.0,11.9,4.1,0.4,7.1,67.6,141.1,113.9,271.0,38.8,0.0,1.6,657.4,11.9,11.5,593.6,40.4,791.7452991452991,-134.34529914529912,-16.968247148461366
Matathwada,1951,0.4,0.0,6.2,10.6,11.2,159.5,271.0,101.3,89.3,78.4,3.5,0.0,731.4,0.4,28.0,621.1,81.9,791.7452991452991,-60.34529914529912,-7.62180706477737
Matathwada,1952,0.2,18.8,0.0,3.3,21.7,95.4,144.6,87.2,136.1,36.4,0.0,2.3,546.1,19.1,25.1,463.2,38.7,791.7452991452991,-245.64529914529908,-31.025798247299583
Matathwada,1953,0.3,0.0,0.3,15.2,0.4,200.4,217.9,160.6,208.0,88.1,0.0,0.0,891.2,0.3,15.9,786.9,88.1,791.7452991452991,99.45470085470095,12.561451386205109
Matathwada,1954,0.4,0.0,15.5,5.6,5.2,181.0,276.0,138.8,255.6,11.9,0.0,9.7,899.6,0.4,26.3,851.4,21.6,791.7452991452991,107.85470085470092,13.622398638947612
Matathwada,1955,6.5,0.0,2.4,3.4,12.2,229.8,213.2,364.7,208.6,109.3,1.2,0.0,1151.3,6.5,18.0,1016.2,110.5,791.7452991452991,359.55470085470085,45.4129252479106
Matathwada,1956,1.2,1.9,0.1,4.1,78.4,154.1,310.0,134.6,202.5,70.7,79.7,0.0,1037.3,3.1,82.6,801.2,150.4,791.7452991452991,245.55470085470085,31.01435538926228
Matathwada,1957,1.5,2.1,13.9,14.5,30.0,126.9,255.1,294.6,104.7,53.7,3.6,0.0,900.7,3.6,58.5,781.3,57.3,791.7452991452991,108.95470085470095,13.761332207759134
Matathwada,1958,0.1,0.0,4.4,25.2,12.7,92.2,264.4,456.1,79.8,41.2,48.3,0.0,1024.6,0.1,42.3,892.6,89.5,791.7452991452991,232.8547008547008,29.410304185711105
Matathwada,1959,1.5,0.0,0.1,9.5,13.2,173.6,188.3,200.0,246.3,99.8,17.0,1.0,950.3,1.5,22.8,808.3,117.7,791.7452991452991,158.55470085470085,20.025973128714885
Matathwada,1960,3.6,0.0,18.1,1.0,49.2,163.6,136.6,66.8,206.8,78.5,14.0,0.1,738.3,3.6,68.3,573.8,92.6,791.7452991452991,-53.445299145299145,-6.750314678596027
Matathwada,1961,0.9,0.1,5.6,6.7,35.7,170.8,253.7,143.4,97.0,238.1,5.2,1.8,959.0,1.0,48.0,664.9,245.0,791.7452991452991,167.2547008547009,21.124811354769626
Matathwada,1962,0.6,2.8,2.7,37.8,43.4,67.3,164.7,192.2,304.7,41.4,33.5,54.6,945.7,3.4,84.0,728.9,129.4,791.7452991452991,153.95470085470095,19.444978204593998
Matathwada,1963,0.0,6.2,15.5,7.0,13.5,228.4,172.2,380.4,82.8,92.4,2.7,0.0,1001.2,6.2,36.1,863.8,95.1,791.7452991452991,209.45470085470095,26.454808267356995
Matathwada,1964,0.0,0.2,5.1,1.5,1.3,120.3,246.5,150.7,219.9,20.1,15.0,0.0,780.6,0.2,7.9,737.5,35.1,791.7452991452991,-11.145299145299077,-1.407687441571247
Matathwada,1965,5.4,1.5,0.0,9.5,0.8,129.3,218.7,180.0,69.4,5.9,0.4,10.4,631.4,7.0,10.3,597.4,16.7,791.7452991452991,-160.34529914529912,-20.252131502188174
Matathwada,1966,18.9,0.0,10.4,10.5,45.8,63.1,228.6,85.9,191.6,13.0,65.9,13.5,747.1,18.9,66.7,569.2,92.3,791.7452991452991,-44.64529914529908,-5.638846128103867
Matathwada,1967,0.0,0.0,4.0,1.0,5.9,146.0,224.0,104.1,136.0,26.4,0.0,112.4,759.8,0.0,10.8,610.1,138.9,791.7452991452991,-31.945299145299145,-4.034794924552703
Matathwada,1968,5.8,23.8,32.2,11.3,0.7,94.2,219.0,63.6,210.6,24.5,26.3,0.3,712.4,29.6,44.1,587.5,51.1,791.7452991452991,-79.34529914529912,-10.021568707885423
Matathwada,1969,0.0,0.0,0.2,0.1,2.7,120.8,222.6,148.3,277.1,14.7,38.1,0.0,824.6,0.0,3.0,768.8,52.9,791.7452991452991,32.85470085470092,4.149655310889507
Matathwada,1970,8.4,0.0,2.8,7.5,30.2,215.1,103.9,344.9,178.1,19.9,0.0,0.0,910.9,8.4,40.6,842.1,19.9,791.7452991452991,119.15470085470088,15.049625300375027
Matathwada,1971,0.2,0.1,1.3,0.1,38.8,83.2,24.3,220.0,131.5,108.4,0.0,0.0,607.9,0.3,40.2,458.9,108.4,791.7452991452991,-183.84529914529912,-23.220257744979715
Matathwada,1972,0.0,0.0,0.0,0.1,3.0,115.1,41.9,85.3,65.3,4.2,28.4,3.8,347.1,0.0,3.2,307.6,36.3,791.7452991452991,-444.6452991452991,-56.160143877747096
Matathwada,1973,0.0,0.7,0.0,3.8,0.6,112.3,203.1,334.9,115.6,99.3,1.0,0.0,871.3,0.7,4.5,765.8,100.3,791.7452991452991,79.55470085470085,10.048016823160346
Matathwada,1974,0.0,0.4,0.4,2.9,36.0,98.4,100.7,123.2,154.4,134.1,0.0,0.0,650.6,0.4,39.3,476.8,134.1,791.7452991452991,-141.14529914529908,-17.827109210205293
Matathwada,1975,2.1,8.3,7.3,0.0,11.3,117.2,249.0,231.7,309.9,113.9,0.1,0.0,1050.9,10.5,18.6,907.8,114.0,791.7452991452991,259.154700854701,32.73207951275017
Matathwada,1976,0.0,0.2,3.2,7.4,2.9,92.1,213.0,195.6,63.0,3.8,39.4,2.4,623.0,0.2,13.5,563.7,45.6,791.7452991452991,-168.7452991452991,-21.313078754930682
Matathwada,1977,0.0,1.5,6.0,4.6,5.4,126.0,155.4,149.3,116.8,66.4,129.9,6.5,767.7,1.5,15.9,547.4,202.8,791.7452991452991,-24.045299145299055,-3.036999293997238
Matathwada,1978,5.7,18.8,9.6,12.0,19.1,212.4,215.0,105.3,80.6,70.5,34.6,1.2,784.8,24.5,40.7,613.3,106.3,791.7452991452991,-6.9452991452991455,-0.8772138152000017
Matathwada,1979,3.4,11.8,5.6,1.4,18.1,125.5,163.1,132.9,236.5,17.7,90.6,0.8,807.6,15.3,25.2,658.1,109.1,791.7452991452991,15.854700854700923,2.0025001565296705
Matathwada,1980,0.1,0.0,4.7,4.6,2.3,223.0,114.4,325.1,113.6,1.1,3.6,20.3,812.9,0.1,11.6,776.1,25.1,791.7452991452991,21.154700854700877,2.6719073517124374
Matathwada,1981,27.3,0.7,11.0,1.6,12.7,100.5,122.3,127.3,285.1,68.7,11.2,18.3,786.6,28.0,25.2,635.1,98.2,791.7452991452991,-5.145299145299077,-0.6498679753265987
Matathwada,1982,10.0,0.6,5.1,7.8,15.9,99.6,170.1,84.8,172.0,43.6,27.0,0.0,636.5,10.6,28.8,526.5,70.6,791.7452991452991,-155.2452991452991,-19.60798495588022
Matathwada,1983,0.0,0.0,0.3,0.3,6.0,96.8,231.9,315.4,422.3,106.8,1.0,6.9,1187.6,0.0,6.6,1066.3,114.6,791.7452991452991,395.8547008547008,49.997733018690724
Matathwada,1984,3.1,9.5,0.4,0.8,0.0,75.7,168.5,59.8,120.1,106.2,5.4,3.3,552.7,12.6,1.2,424.1,114.9,791.7452991452991,-239.04529914529905,-30.19219683443047
Matathwada,1985,7.1,0.0,6.2,10.5,7.6,160.8,148.9,63.9,82.3,86.0,0.7,1.5,575.4,7.1,24.3,455.8,88.2,791.7452991452991,-216.34529914529912,-27.32511318713823
Matathwada,1986,9.6,9.6,1.3,2.7,7.3,132.3,140.2,127.1,104.0,6.6,10.1,12.1,562.9,19.2,11.4,503.6,28.8,791.7452991452991,-228.84529914529912,-28.90390374181458
Matathwada,1987,7.9,3.6,0.8,2.0,20.9,155.1,132.0,220.2,46.1,145.7,41.1,10.8,786.2,11.5,23.7,553.4,197.6,791.7452991452991,-5.5452991452990545,-0.700389273076239
Matathwada,1988,0.0,0.0,0.2,7.2,4.2,169.7,301.6,245.4,411.9,18.5,7.7,3.5,1170.0,0.0,11.7,1128.6,29.7,791.7452991452991,378.2547008547009,47.77479591770643
Matathwada,1989,0.0,0.0,42.3,2.8,6.4,237.9,336.2,245.7,170.0,17.6,0.5,9.0,1068.3,0.0,51.5,989.8,27.1,791.7452991452991,276.55470085470085,34.92975596485963
Matathwada,1990,2.9,0.0,0.0,0.0,142.1,221.0,131.0,365.9,104.2,223.1,5.0,2.9,1198.1,2.9,142.1,822.2,231.0,791.7452991452991,406.3547008547008,51.323917084618856
Matathwada,1991,0.3,0.4,0.4,9.8,9.4,250.1,222.4,49.7,38.5,9.1,10.9,0.0,601.0,0.7,19.5,560.7,20.0,791.7452991452991,-190.7452991452991,-24.091750131161056
Matathwada,1992,0.0,0.0,0.0,3.5,6.7,217.9,79.4,203.0,140.4,52.2,23.5,0.0,726.6,0.0,10.2,640.6,75.7,791.7452991452991,-65.14529914529908,-8.228062637773084
Matathwada,1993,0.0,1.0,5.6,1.7,9.1,87.5,216.3,166.2,121.8,136.3,5.8,55.1,806.3,1.0,16.4,591.8,197.2,791.7452991452991,14.554700854700855,1.8383059388433214
Matathwada,1994,3.2,0.1,0.0,14.9,14.3,110.6,117.1,162.8,63.4,64.3,32.9,0.0,583.8,3.4,29.3,454.0,97.2,791.7452991452991,-207.94529914529915,-26.264165934395724
Matathwada,1995,46.9,0.2,23.6,11.4,17.6,135.5,186.0,96.0,137.9,153.2,1.2,0.0,809.5,47.1,52.6,555.4,154.4,791.7452991452991,17.7547008547009,2.242476320840473
Matathwada,1996,0.1,0.0,0.3,10.6,1.6,55.8,186.6,246.4,229.8,118.9,4.4,0.4,855.0,0.1,12.5,718.6,123.8,791.7452991452991,63.2547008547009,7.98927393986239
Matathwada,1997,7.7,1.1,8.3,14.3,8.0,75.8,131.0,121.1,163.4,106.8,98.6,54.3,790.5,8.8,30.6,491.3,259.8,791.7452991452991,-1.2452991452991,-0.15728532226758013
Matathwada,1998,0.1,0.3,3.4,1.7,8.7,189.8,255.1,249.9,235.8,150.3,31.6,0.0,1126.7,0.5,13.8,930.5,181.9,791.7452991452991,334.95470085470095,42.305865436307556
Matathwada,1999,0.0,6.0,0.1,0.0,17.9,141.5,133.3,133.4,215.4,119.9,0.0,0.0,767.6,6.0,18.0,623.6,119.9,791.7452991452991,-24.145299145299077,-3.0496296184346514
Matathwada,2000,0.4,3.8,0.5,0.4,16.3,188.3,157.3,239.5,44.8,30.8,0.7,1.7,684.4,4.2,17.2,629.9,33.2,791.7452991452991,-107.34529914529912,-13.558059550360449
Matathwada,2001,4.8,0.5,0.5,9.9,0.7,148.7,56.7,255.8,83.5,170.5,0.8,0.0,732.4,5.3,11.2,544.6,171.3,791.7452991452991,-59.34529914529912,-7.495503820403261
Matathwada,2002,5.5,4.1,0.7,6.1,8.5,241.8,58.2,223.6,122.4,46.4,4.8,0.0,722.1,9.6,15.3,646.0,51.3,791.7452991452991,-69.64529914529908,-8.796427237456568
Matathwada,2003,2.1,1.3,2.3,4.9,28.5,117.6,255.9,183.9,95.7,22.1,4.9,0.8,720.1,3.4,35.7,653.1,27.8,791.7452991452991,-71.64529914529908,-9.049033726204785
Matathwada,2004,1.2,0.4,5.5,1.9,30.4,100.0,201.7,75.0,177.2,58.1,27.2,0.0,678.7,1.7,37.8,553.9,85.3,791.7452991452991,-113.04529914529905,-14.277988043292854
Matathwada,2005,13.2,0.7,11.6,1.6,2.1,59.7,413.5,124.1,213.5,100.5,0.0,0.0,940.5,13.8,15.3,810.9,100.5,791.7452991452991,148.7547008547009,18.78820133384863
Matathwada,2006,0.0,0.0,30.7,1.6,26.7,134.7,116.2,301.3,209.4,47.7,4.6,0.0,872.9,0.0,59.1,761.5,52.3,791.7452991452991,81.15470085470088,10.250102014158921
Matathwada,2007,0.0,0.0,0.1,0.7,10.0,185.4,123.1,146.2,240.7,0.9,7.5,0.0,714.6,0.0,10.8,695.3,8.5,791.7452991452991,-77.14529914529908,-9.74370157026238
Matathwada,2008,0.1,0.1,14.6,3.7,1.8,66.7,106.5,150.8,267.8,33.8,0.3,0.1,646.3,0.1,20.2,591.7,34.2,791.7452991452991,-145.44529914529915,-18.370213161013968
Matathwada,2009,0.0,0.0,0.6,0.8,7.0,63.1,139.2,167.6,159.9,59.0,63.3,8.4,668.9,0.0,8.4,529.8,130.7,791.7452991452991,-122.84529914529912,-15.515759838159124
Matathwada,2010,4.3,5.8,3.9,0.7,4.6,119.7,329.5,291.4,157.3,57.7,36.8,0.0,1011.6,10.0,9.2,897.8,94.5,791.7452991452991,219.85470085470092,27.768362008847713
Matathwada,2011,0.0,3.8,0.7,3.5,3.1,79.2,230.1,228.5,90.0,24.8,0.0,0.0,663.5,3.8,7.3,627.7,24.8,791.7452991452991,-128.2452991452991,-16.197797357779304
Matathwada,2012,0.0,0.0,0.0,0.6,2.3,72.2,161.1,101.4,120.0,68.8,0.3,0.0,526.7,0.0,2.9,454.7,69.1,791.7452991452991,-265.04529914529905,-33.47608118815728
Matathwada,2013,1.5,9.4,2.6,7.9,6.4,160.9,293.4,136.9,154.1,94.3,7.4,13.1,888.0,10.9,16.9,745.3,114.8,791.7452991452991,96.2547008547009,12.157281004207956
Matathwada,2014,1.4,13.4,79.0,11.9,7.0,30.4,105.0,178.9,84.5,14.2,19.9,3.3,548.9,14.8,97.9,398.8,37.4,791.7452991452991,-242.84529914529912,-30.672149163052087
Matathwada,2015,10.1,1.6,32.0,39.6,12.3,118.3,27.4,112.2,154.3,19.5,4.8,0.0,532.2,11.7,83.8,412.4,24.3,791.7452991452991,-259.54529914529905,-32.78141334409968
Matathwada,2016,0.0,3.1,10.8,3.0,6.3,157.3,276.1,89.2,302.3,100.8,0.0,0.2,949.0,3.1,20.1,824.8,100.9,791.7452991452991,157.2547008547009,19.861778911028548
Matathwada,2017,0.0,0.0,4.7,0.0,3.3,182.3,82.5,230.4,146.9,100.4,2.4,2.7,755.6,0.0,8.1,642.1,105.4,791.7452991452991,-36.14529914529908,-4.565268550923948
Vidarbha,1901,36.8,39.9,30.9,26.1,7.3,129.7,295.3,368.8,123.4,35.2,0.0,0.0,1093.3,76.6,64.3,917.2,35.2,1093.5435897435898,-0.24358974358983687,-0.022275266013580028
Vidarbha,1902,1.6,0.1,0.0,6.5,4.1,38.0,270.7,204.7,150.9,29.6,16.1,26.7,748.9,1.7,10.6,664.3,72.4,1093.5435897435898,-344.6435897435898,-31.51621873842273
Vidarbha,1903,5.2,4.0,0.1,2.5,37.8,121.2,475.5,325.5,154.8,100.8,2.0,0.0,1229.4,9.3,40.3,1077.0,102.8,1093.5435897435898,135.8564102564103,12.423502046979712
Vidarbha,1904,4.3,2.4,12.9,0.2,14.8,148.9,158.3,151.8,196.9,61.7,0.0,0.9,753.2,6.7,27.9,655.9,62.7,1093.5435897435898,-340.34358974358975,-31.123001674162097
Vidarbha,1905,7.3,12.7,12.4,16.2,14.0,81.0,254.5,216.3,321.3,6.0,0.2,0.0,941.8,20.0,42.6,873.1,6.2,1093.5435897435898,-151.74358974358984,-13.876318344033283
Vidarbha,1906,12.9,3.3,11.9,0.2,6.1,328.1,350.4,325.8,113.3,6.9,14.3,18.1,1191.2,16.2,18.2,1117.5,39.2,1093.5435897435898,97.65641025641025,8.93027138308299
Vidarbha,1907,3.6,52.9,3.7,45.3,1.6,181.4,309.7,332.6,59.7,0.2,15.7,4.3,1010.8,56.5,50.5,883.5,20.2,1093.5435897435898,-82.74358974358984,-7.566556150083717
Vidarbha,1908,4.1,15.5,13.5,5.7,1.5,232.0,355.2,398.4,205.9,7.8,0.0,3.9,1243.4,19.6,20.7,1191.4,11.8,1093.5435897435898,149.8564102564103,13.703743651549189
Vidarbha,1909,1.3,10.0,4.8,31.5,17.9,157.1,405.0,176.0,160.3,7.3,0.0,90.6,1061.6,11.3,54.1,898.3,97.9,1093.5435897435898,-31.943589743589882,-2.9211080420744726
Vidarbha,1910,0.0,0.0,0.0,0.1,10.0,289.1,297.4,278.7,300.3,57.7,60.8,0.0,1294.0,0.0,10.0,1165.5,118.5,1093.5435897435898,200.4564102564102,18.330902593778863
Vidarbha,1911,18.2,0.0,2.2,0.0,2.6,218.0,205.9,292.3,176.1,27.5,39.9,0.0,982.8,18.2,4.9,892.3,67.4,1093.5435897435898,-110.74358974358984,-10.127039359222671
Vidarbha,1912,0.6,49.3,0.2,6.1,7.2,54.2,364.5,391.9,117.0,6.9,15.6,0.5,1014.0,49.9,13.5,927.5,23.1,1093.5435897435898,-79.54358974358979,-7.2739294976106885
Vidarbha,1913,0.0,24.9,4.0,1.8,17.2,199.8,378.3,244.3,137.2,17.4,0.3,27.4,1052.6,24.9,23.0,959.6,45.1,1093.5435897435898,-40.94358974358988,-3.744120502154851
Vidarbha,1914,0.0,13.4,12.8,39.1,15.9,239.5,341.2,245.6,266.6,6.1,5.7,13.1,1199.0,13.4,67.8,1092.9,24.9,1093.5435897435898,105.45641025641021,9.643548848485981
Vidarbha,1915,33.3,9.1,65.9,18.9,13.1,190.2,311.0,229.6,195.2,111.0,7.4,15.0,1199.6,42.3,97.9,925.9,133.4,1093.5435897435898,106.05641025641012,9.698416345824665
Vidarbha,1916,0.0,14.4,0.8,2.2,21.7,257.0,345.3,306.2,253.1,124.1,37.4,0.0,1362.3,14.4,24.7,1161.6,161.5,1093.5435897435898,268.75641025641016,24.576652707499953
Vidarbha,1917,0.9,78.5,20.6,11.5,48.9,234.9,350.1,200.3,328.5,120.9,1.7,0.0,1396.9,79.4,81.0,1113.8,122.7,1093.5435897435898,303.3564102564103,27.740678387364532
Vidarbha,1918,2.5,2.9,3.1,0.2,83.1,278.3,168.0,174.5,55.5,3.4,16.8,13.2,801.4,5.4,86.4,676.2,33.4,1093.5435897435898,-292.1435897435898,-26.715312721287187
Vidarbha,1919,55.8,37.0,15.9,6.3,19.9,325.6,280.3,249.8,103.6,98.0,19.3,1.1,1212.6,92.8,42.2,959.3,118.4,1093.5435897435898,119.05641025641012,10.887212121496322
Vidarbha,1920,26.7,0.3,5.2,6.2,4.8,101.8,237.8,111.7,83.3,0.5,0.0,0.0,578.5,27.0,16.3,534.6,0.5,1093.5435897435898,-515.0435897435898,-47.09858798261123
Vidarbha,1921,20.3,0.1,0.0,2.6,0.0,283.9,293.0,292.0,182.3,11.3,0.2,0.0,1085.6,20.3,2.6,1051.2,11.4,1093.5435897435898,-7.943589743589882,-0.7264081485267969
Vidarbha,1922,33.8,2.3,0.0,3.8,5.1,206.1,361.7,116.5,295.3,4.7,80.3,0.3,1109.8,36.1,8.8,979.6,85.3,1093.5435897435898,16.256410256410163,1.4865809108004473
Vidarbha,1923,1.0,6.7,30.6,3.4,2.3,21.4,402.9,201.1,260.1,11.0,0.1,0.7,941.3,7.7,36.3,885.5,11.8,1093.5435897435898,-152.24358974358984,-13.922041258482196
Vidarbha,1924,21.3,0.5,4.4,6.2,3.2,43.8,308.3,220.6,217.3,126.9,33.6,8.1,994.2,21.8,13.8,790.0,168.6,1093.5435897435898,-99.34358974358975,-9.084556909787517
Vidarbha,1925,0.0,0.0,7.3,5.4,28.0,130.3,293.9,307.2,77.4,21.8,61.5,8.4,941.1,0.0,40.7,808.7,91.7,1093.5435897435898,-152.44358974358977,-13.940330424261752
Vidarbha,1926,59.5,5.7,23.7,15.1,34.4,31.8,330.6,420.0,109.9,38.7,1.3,0.6,1071.1,65.1,73.2,892.2,40.5,1093.5435897435898,-22.443589743589882,-2.0523726675451845
Vidarbha,1927,0.7,10.0,12.2,2.0,2.2,280.2,414.7,220.1,97.7,51.5,70.4,5.7,1167.4,10.7,16.4,1012.7,127.7,1093.5435897435898,73.8564102564103,6.753860655314882
Vidarbha,1928,0.2,43.1,5.9,0.2,2.2,177.8,296.2,185.2,180.1,108.5,0.1,17.8,1017.5,43.3,8.3,839.5,126.4,1093.5435897435898,-76.04358974358979,-6.95386909646832
Vidarbha,1929,3.8,52.6,0.7,11.8,0.7,170.9,263.5,157.4,193.1,28.2,0.0,29.8,912.5,56.4,13.2,784.9,58.0,1093.5435897435898,-181.0435897435898,-16.5556811307394
Vidarbha,1930,0.0,5.3,1.2,27.4,4.4,181.3,252.9,194.4,233.2,44.8,36.3,1.9,983.1,5.3,33.0,861.8,83.0,1093.5435897435898,-110.44358974358977,-10.099605610553319
Vidarbha,1931,4.0,4.6,11.6,5.6,3.1,103.3,380.6,390.7,232.9,225.1,40.2,2.4,1404.2,8.6,20.3,1107.6,267.7,1093.5435897435898,310.65641025641025,28.408232938318616
Vidarbha,1932,0.0,27.4,12.9,3.4,10.3,154.2,526.6,176.7,183.8,25.6,9.7,0.0,1130.5,27.4,26.5,1041.3,35.3,1093.5435897435898,36.95641025641021,3.379509568985322
Vidarbha,1933,4.8,38.3,9.1,20.5,64.6,244.6,353.7,365.4,301.7,75.1,8.4,16.0,1502.3,43.1,94.3,1265.5,99.5,1093.5435897435898,408.75641025641016,37.37906875319473
Vidarbha,1934,2.2,0.0,0.3,8.5,0.3,169.1,335.1,390.9,254.4,10.8,46.6,0.1,1218.3,2.2,9.1,1149.6,57.5,1093.5435897435898,124.75641025641016,11.4084533462139
Vidarbha,1935,14.5,4.6,0.7,26.0,1.0,151.8,528.1,164.8,250.4,13.4,0.4,2.3,1158.0,19.0,27.7,1095.1,16.2,1093.5435897435898,64.45641025641021,5.894269863675367
Vidarbha,1936,17.6,60.3,21.6,4.8,30.5,377.5,285.3,308.3,188.8,61.9,90.9,3.5,1451.2,78.0,57.0,1160.0,156.3,1093.5435897435898,357.65641025641025,32.70618689651615
Vidarbha,1937,0.0,33.1,42.4,112.7,1.5,135.6,476.2,177.2,226.0,105.7,0.4,8.4,1319.1,33.1,156.6,1015.0,114.4,1093.5435897435898,225.55641025641012,20.626192899114134
Vidarbha,1938,4.0,12.4,9.7,6.5,26.2,354.0,425.6,314.1,181.6,126.8,0.0,0.0,1460.9,16.4,42.4,1275.3,126.8,1093.5435897435898,367.3564102564103,33.593211436825
Vidarbha,1939,1.3,1.9,34.2,12.2,0.1,116.1,224.2,385.4,66.5,33.5,6.0,0.4,881.9,3.3,46.5,792.3,39.9,1093.5435897435898,-211.6435897435898,-19.35392349501269
Vidarbha,1940,0.0,9.3,1.3,12.8,11.5,262.7,591.0,298.6,53.6,79.0,24.3,13.4,1357.5,9.3,25.5,1205.9,116.7,1093.5435897435898,263.9564102564102,24.137712728790426
Vidarbha,1941,9.6,15.2,13.5,3.1,4.8,142.3,338.8,182.4,112.8,6.5,0.0,0.0,828.9,24.7,21.4,776.3,6.5,1093.5435897435898,-264.6435897435898,-24.20055242659714
Vidarbha,1942,2.4,84.9,0.0,12.9,1.9,179.4,508.3,366.5,159.2,4.9,0.0,21.2,1341.7,87.3,14.9,1213.4,26.1,1093.5435897435898,248.15641025641025,22.692868632204874
Vidarbha,1943,55.0,0.1,0.4,7.2,28.3,141.9,275.1,149.2,277.5,83.4,0.1,0.0,1018.2,55.0,35.9,843.7,83.5,1093.5435897435898,-75.34358974358975,-6.889857016239841
Vidarbha,1944,4.5,59.4,64.8,1.6,2.7,96.6,470.4,370.6,213.2,67.4,16.5,0.0,1367.8,63.8,69.2,1150.8,83.9,1093.5435897435898,274.25641025641016,25.079604766437964
Vidarbha,1945,13.8,0.4,0.0,24.6,3.3,147.0,404.7,299.6,274.2,30.3,0.6,1.1,1199.4,14.1,27.9,1125.5,31.9,1093.5435897435898,105.8564102564103,9.680127180045117
Vidarbha,1946,0.0,14.2,0.7,15.5,9.7,237.0,376.9,292.4,107.4,8.6,97.6,13.0,1173.0,14.2,26.0,1013.6,119.2,1093.5435897435898,79.45641025641021,7.265957297142665
Vidarbha,1947,35.0,26.7,23.7,7.8,5.3,112.1,406.0,345.8,167.8,25.9,0.3,11.8,1168.3,61.7,36.8,1031.8,38.0,1093.5435897435898,74.75641025641016,6.836161901322907
Vidarbha,1948,48.9,9.4,7.0,3.9,4.5,125.1,374.1,267.8,201.1,14.4,126.5,0.0,1182.8,58.4,15.4,968.1,140.9,1093.5435897435898,89.25641025641016,8.162126420341295
Vidarbha,1949,1.2,1.5,1.0,5.6,28.8,222.7,412.9,266.2,323.5,134.8,0.0,0.1,1398.3,2.8,35.4,1225.2,134.9,1093.5435897435898,304.75641025641016,27.868702547821467
Vidarbha,1950,0.1,27.3,14.9,0.7,5.6,84.6,375.0,143.7,116.3,13.3,0.3,11.9,793.5,27.4,21.2,719.5,25.5,1093.5435897435898,-300.0435897435898,-27.437734769579965
Vidarbha,1951,4.6,0.6,41.9,14.6,11.1,136.8,348.8,318.6,123.1,81.5,0.6,0.0,1082.3,5.2,67.6,927.4,82.1,1093.5435897435898,-11.243589743589837,-1.028179383889598
Vidarbha,1952,0.0,10.6,4.2,10.8,2.5,98.0,235.1,266.5,146.0,33.6,0.0,0.5,807.7,10.6,17.5,745.5,34.1,1093.5435897435898,-285.84358974358975,-26.139203999230915
Vidarbha,1953,3.9,1.1,0.0,21.4,0.2,138.2,299.4,449.9,173.0,50.7,0.0,0.0,1137.8,5.0,21.6,1060.5,50.7,1093.5435897435898,44.25641025641016,4.047064119939402
Vidarbha,1954,0.3,0.6,11.4,4.0,1.1,132.4,407.9,248.8,288.3,4.6,0.9,0.1,1100.4,0.8,16.5,1077.5,5.6,1093.5435897435898,6.8564102564102996,0.6269901191609533
Vidarbha,1955,15.5,0.3,2.3,6.8,5.0,274.7,278.4,371.8,244.6,169.1,0.2,0.0,1368.7,15.8,14.2,1169.5,169.3,1093.5435897435898,275.15641025641025,25.16190601244601
Vidarbha,1956,1.3,1.9,0.8,0.5,52.8,248.7,370.5,163.4,198.0,40.1,37.3,9.3,1124.6,3.2,54.1,980.6,86.7,1093.5435897435898,31.056410256410118,2.8399791784881763
Vidarbha,1957,8.6,2.5,44.4,31.6,15.5,148.5,303.8,354.2,133.4,27.5,1.0,0.0,1070.9,11.0,91.5,939.8,28.5,1093.5435897435898,-22.6435897435897,-2.0706618333247317
Vidarbha,1958,5.7,2.0,20.4,10.5,10.4,102.7,341.5,354.0,220.3,68.0,36.5,0.1,1172.2,7.8,41.3,1018.5,104.6,1093.5435897435898,78.65641025641025,7.192800634024413
Vidarbha,1959,13.6,1.2,0.4,11.8,6.2,178.0,467.9,377.3,469.9,79.4,0.5,0.1,1606.3,14.8,18.4,1493.1,80.0,1093.5435897435898,512.7564102564102,46.889434958567996
Vidarbha,1960,38.8,0.0,41.0,6.7,8.2,195.2,378.5,199.9,114.8,78.5,1.1,2.4,1065.0,38.8,55.9,888.4,81.9,1093.5435897435898,-28.54358974358979,-2.610192223821877
Vidarbha,1961,1.1,5.7,4.5,5.3,21.4,152.7,372.6,401.6,326.2,143.3,2.9,3.4,1440.8,6.7,31.2,1253.1,149.7,1093.5435897435898,347.25641025641016,31.75515027597881
Vidarbha,1962,5.6,4.6,18.4,33.1,21.7,67.1,364.3,267.3,267.2,8.3,30.5,64.5,1152.6,10.2,73.1,966.0,103.3,1093.5435897435898,59.05641025641012,5.400462387627132
Vidarbha,1963,0.3,10.5,12.9,14.8,19.5,204.0,282.1,397.9,123.9,80.1,1.7,0.0,1147.8,10.9,47.2,1008.0,81.8,1093.5435897435898,54.25641025641016,4.961522408917601
Vidarbha,1964,0.0,2.0,3.0,1.3,0.6,166.0,259.5,357.9,176.8,40.8,2.3,0.6,1010.7,2.0,4.8,960.2,43.7,1093.5435897435898,-82.84358974358975,-7.575700732973489
Vidarbha,1965,18.7,4.9,4.9,15.5,1.6,113.6,262.0,181.0,139.6,1.3,0.0,0.5,743.6,23.6,21.9,696.2,1.9,1093.5435897435898,-349.94358974358977,-32.000881631581166
Vidarbha,1966,16.1,1.1,10.5,7.9,30.7,84.8,387.5,206.5,191.4,4.6,34.9,26.8,1002.9,17.2,49.1,870.1,66.4,1093.5435897435898,-90.64358974358981,-8.28897819837649
Vidarbha,1967,0.5,0.0,50.0,7.4,1.6,184.6,406.8,244.8,101.6,8.0,1.1,121.8,1128.4,0.5,59.0,937.9,130.9,1093.5435897435898,34.8564102564103,3.1874733282999084
Vidarbha,1968,14.6,23.9,36.6,15.4,0.7,104.8,291.4,210.5,193.0,23.0,4.7,4.3,922.9,38.5,52.7,799.7,32.0,1093.5435897435898,-170.6435897435898,-15.604644510202078
Vidarbha,1969,1.5,0.0,0.6,4.0,9.6,98.6,371.0,200.0,281.5,5.4,19.4,1.3,992.9,1.5,14.3,951.1,26.1,1093.5435897435898,-100.64358974358981,-9.20343648735469
Vidarbha,1970,15.9,1.0,18.3,4.2,17.5,304.1,211.0,435.6,223.3,9.6,0.0,0.0,1240.6,17.0,40.0,1174.1,9.6,1093.5435897435898,147.05641025641012,13.447695330635279
Vidarbha,1971,3.7,12.8,21.2,12.4,26.7,193.6,124.3,259.2,119.5,108.9,0.0,0.0,882.4,16.5,60.3,696.6,108.9,1093.5435897435898,-211.1435897435898,-19.30820058056378
Vidarbha,1972,0.0,1.1,0.0,3.8,3.4,139.8,197.7,280.8,60.7,20.9,28.5,4.2,740.8,1.1,7.1,679.0,53.5,1093.5435897435898,-352.74358974358984,-32.25692995249507
Vidarbha,1973,1.7,5.0,0.3,2.3,1.5,75.1,428.5,346.4,136.4,163.4,1.4,0.5,1162.4,6.7,4.0,986.4,165.3,1093.5435897435898,68.8564102564103,6.296631510825783
Vidarbha,1974,0.0,4.8,1.2,0.5,12.6,93.2,211.0,281.4,68.1,162.6,5.4,0.0,840.8,4.8,14.3,653.7,168.0,1093.5435897435898,-252.74358974358984,-23.112347062713088
Vidarbha,1975,3.5,22.4,7.0,1.1,6.4,264.3,321.3,316.0,288.9,92.8,0.3,0.0,1324.1,26.0,14.5,1190.6,93.0,1093.5435897435898,230.55641025641012,21.083422043603235
Vidarbha,1976,2.1,0.1,4.7,11.5,4.6,90.8,386.0,260.7,174.7,0.9,38.5,0.2,974.6,2.2,20.7,912.1,39.6,1093.5435897435898,-118.94358974358977,-10.876895156184787
Vidarbha,1977,0.0,2.1,3.7,8.9,15.0,169.7,283.9,340.8,131.7,37.8,71.2,3.2,1068.0,2.1,27.6,926.1,112.2,1093.5435897435898,-25.54358974358979,-2.3358547371284177
Vidarbha,1978,13.3,24.4,18.6,10.1,1.9,228.0,399.3,430.0,46.2,16.4,20.7,40.5,1249.4,37.7,30.5,1103.4,77.7,1093.5435897435898,155.8564102564103,14.252418624936109
Vidarbha,1979,30.4,59.7,1.7,0.5,12.9,245.6,218.2,323.2,143.3,6.3,34.9,10.6,1087.2,90.1,15.0,930.2,51.8,1093.5435897435898,-6.343589743589746,-0.5800948222902726
Vidarbha,1980,15.3,3.2,1.0,2.9,0.5,253.6,246.3,361.8,131.4,2.0,0.4,24.1,1042.6,18.6,4.3,993.1,26.6,1093.5435897435898,-50.94358974358988,-4.65857879113305
Vidarbha,1981,20.2,0.9,25.4,3.6,12.6,173.1,302.5,352.6,294.5,17.6,1.8,13.8,1218.6,21.2,41.6,1122.7,33.2,1093.5435897435898,125.05641025641012,11.43588709488324
Vidarbha,1982,45.7,10.6,6.0,5.2,15.3,100.6,256.4,206.8,144.2,49.2,16.1,0.0,856.1,56.3,26.5,708.0,65.3,1093.5435897435898,-237.44358974358977,-21.713225880576438
Vidarbha,1983,1.6,7.4,1.9,1.5,6.7,156.4,327.9,376.7,289.8,58.4,0.0,12.2,1240.4,8.9,10.1,1150.7,70.6,1093.5435897435898,146.8564102564103,13.429406164855731
Vidarbha,1984,26.9,18.6,0.4,3.2,0.4,105.6,258.6,271.0,48.7,76.6,0.0,0.6,810.6,45.5,3.9,683.9,77.2,1093.5435897435898,-282.94358974358977,-25.874011095427242
Vidarbha,1985,22.5,1.1,1.0,7.3,9.7,196.8,271.7,181.9,61.9,120.4,0.0,2.6,876.9,23.7,18.0,712.3,123.0,1093.5435897435898,-216.6435897435898,-19.81115263950179
Vidarbha,1986,11.7,40.5,6.4,4.2,6.5,232.8,353.4,382.2,61.2,12.7,17.2,28.3,1157.0,52.2,17.1,1029.6,58.2,1093.5435897435898,63.45641025641021,5.802824034777547
Vidarbha,1987,24.3,6.1,7.5,0.7,9.8,117.0,204.7,283.7,37.7,72.1,55.4,3.6,822.6,30.4,18.1,643.0,131.1,1093.5435897435898,-270.94358974358977,-24.776661148653403
Vidarbha,1988,0.7,7.9,3.8,12.5,4.2,186.8,485.0,286.6,230.1,86.4,4.3,0.3,1308.7,8.6,20.6,1188.5,91.1,1093.5435897435898,215.15641025641025,19.675156278576818
Vidarbha,1989,0.0,0.0,23.6,0.1,2.0,236.5,240.6,330.1,118.0,15.2,1.6,30.1,997.7,0.0,25.6,925.1,46.9,1093.5435897435898,-95.84358974358975,-8.764496508645149
Vidarbha,1990,3.5,6.8,8.6,3.9,71.3,303.2,326.3,507.3,121.5,143.7,1.6,7.1,1505.0,10.4,83.9,1258.4,152.4,1093.5435897435898,411.4564102564102,37.62597249121885
Vidarbha,1991,6.3,1.6,4.6,4.7,3.0,168.9,348.0,255.4,23.0,9.6,12.1,1.5,838.7,8.0,12.2,795.3,23.2,1093.5435897435898,-254.84358974358975,-23.304383303398502
Vidarbha,1992,0.2,0.5,0.4,2.9,5.7,167.9,241.3,565.5,116.1,35.9,12.4,0.0,1148.6,0.6,9.0,1090.8,48.2,1093.5435897435898,55.05641025641012,5.0346790720358525
Vidarbha,1993,0.5,3.6,17.9,2.8,5.0,145.8,365.6,222.0,171.3,77.7,0.5,10.4,1023.0,4.1,25.7,904.7,88.5,1093.5435897435898,-70.54358974358979,-6.45091703753031
Vidarbha,1994,10.0,9.8,0.1,9.6,2.2,228.6,508.2,343.3,225.4,83.3,6.2,0.4,1427.1,19.8,11.9,1305.5,90.0,1093.5435897435898,333.5564102564101,30.502342420078676
Vidarbha,1995,49.8,5.5,45.4,8.8,8.0,156.1,335.8,165.9,201.3,100.5,0.1,0.3,1077.5,55.4,62.1,859.1,100.9,1093.5435897435898,-16.04358974358979,-1.4671193625991292
Vidarbha,1996,2.2,3.7,3.6,9.3,0.7,64.4,266.0,261.1,149.8,92.2,1.9,0.0,855.0,5.9,13.6,741.4,94.1,1093.5435897435898,-238.5435897435898,-21.81381629236404
Vidarbha,1997,16.3,0.0,2.5,18.4,8.4,108.0,248.4,265.8,145.7,77.4,69.9,78.5,1039.3,16.3,29.3,767.9,225.7,1093.5435897435898,-54.24358974358984,-4.960350026495851
Vidarbha,1998,12.8,14.7,16.2,8.3,10.6,127.5,274.0,234.2,247.4,53.9,62.2,0.0,1061.7,27.4,35.1,883.1,116.1,1093.5435897435898,-31.843589743589746,-2.9119634591846784
Vidarbha,1999,0.2,20.9,0.2,0.0,33.3,228.8,234.0,294.1,248.0,105.5,0.0,0.0,1165.1,21.1,33.5,1004.9,105.5,1093.5435897435898,71.55641025641012,6.54353524884988
Vidarbha,2000,0.1,16.4,0.1,0.1,28.8,235.9,472.1,286.2,54.0,11.0,0.0,0.5,1105.2,16.4,29.0,1048.2,11.5,1093.5435897435898,11.656410256410254,1.0659300978704842
Vidarbha,2001,8.9,0.1,15.2,18.3,7.9,338.6,202.0,359.8,37.4,129.2,4.7,0.0,1122.1,9.0,41.4,937.8,134.0,1093.5435897435898,28.556410256410118,2.611364606243627
Vidarbha,2002,2.4,4.0,1.1,2.9,8.2,301.1,88.1,352.5,128.6,35.2,1.9,0.1,925.8,6.3,12.1,870.3,37.1,1093.5435897435898,-167.74358974358984,-15.339451606398402
Vidarbha,2003,0.0,4.4,3.6,2.7,3.0,140.2,401.0,280.9,138.0,42.6,0.8,1.3,1018.6,4.4,9.3,960.1,44.7,1093.5435897435898,-74.94358974358977,-6.853278684680715
Vidarbha,2004,10.3,5.5,0.6,3.5,12.2,137.9,217.7,223.1,86.3,27.7,6.9,0.2,731.9,15.8,16.3,665.0,34.8,1093.5435897435898,-361.6435897435898,-33.07079782968567
Vidarbha,2005,74.9,7.0,7.2,1.9,2.6,144.4,393.2,249.2,246.8,87.2,0.0,0.2,1214.6,81.8,11.7,1033.7,87.4,1093.5435897435898,121.05641025641012,11.070103779291962
Vidarbha,2006,0.0,0.0,50.6,16.2,20.9,115.0,360.8,421.4,175.8,43.7,11.1,0.0,1215.6,0.0,87.7,1073.0,54.8,1093.5435897435898,122.05641025641012,11.161549608189782
Vidarbha,2007,0.1,1.3,1.4,3.2,1.2,256.7,349.1,282.4,241.8,27.3,2.5,0.0,1167.0,1.4,5.8,1130.0,29.8,1093.5435897435898,73.45641025641021,6.717282323755745
Vidarbha,2008,0.2,1.9,19.2,2.8,2.9,137.9,261.5,254.0,160.8,22.4,2.9,0.1,866.6,2.1,24.9,814.2,25.4,1093.5435897435898,-226.94358974358977,-20.75304467714933
Vidarbha,2009,0.1,0.0,0.9,2.4,5.9,78.1,310.8,175.4,90.3,41.9,63.8,1.2,770.8,0.1,9.2,654.6,106.9,1093.5435897435898,-322.74358974358984,-29.513555085560476
Vidarbha,2010,14.0,1.9,7.5,0.3,1.9,144.8,454.5,384.0,238.0,51.0,37.0,3.2,1338.1,15.9,9.6,1221.2,91.3,1093.5435897435898,244.55641025641012,22.36366364817271
Vidarbha,2011,0.0,1.2,0.1,7.7,0.6,137.9,247.1,302.8,191.0,4.7,0.0,0.0,893.2,1.2,8.4,878.8,4.7,1093.5435897435898,-200.34358974358975,-18.32058562846732
Vidarbha,2012,3.1,0.1,0.0,0.6,0.2,125.5,370.5,316.2,249.4,34.9,7.3,0.0,1107.7,3.2,0.8,1061.5,42.2,1093.5435897435898,14.156410256410254,1.2945446701150338
Vidarbha,2013,6.6,13.0,3.8,2.8,0.5,366.7,535.5,326.1,131.7,133.5,0.0,0.0,1520.0,19.6,7.0,1360.0,133.5,1093.5435897435898,426.4564102564102,38.99765992468615
Vidarbha,2014,1.2,18.3,49.6,2.6,4.0,63.3,337.6,191.7,224.9,17.3,6.2,2.3,919.1,19.5,56.3,817.5,25.8,1093.5435897435898,-174.44358974358977,-15.952138660013789
Vidarbha,2015,26.3,4.7,66.3,28.1,12.8,254.6,137.2,288.9,167.5,7.0,0.0,0.2,993.8,31.1,107.2,848.2,7.3,1093.5435897435898,-99.74358974358984,-9.121135241346654
Vidarbha,2016,0.7,5.2,20.1,5.1,12.4,165.5,490.2,161.8,227.8,75.0,0.0,0.0,1163.8,5.9,37.5,1045.4,75.0,1093.5435897435898,70.25641025641016,6.424655671282718
Vidarbha,2017,0.2,0.0,6.1,0.0,7.3,147.8,252.2,198.3,133.3,57.5,0.3,0.0,803.0,0.2,13.4,731.5,57.9,1093.5435897435898,-290.5435897435898,-26.568999395050675
Chhattisgarh,1901,48.9,116.5,27.8,5.5,18.4,101.6,381.0,476.7,182.8,27.3,0.4,0.0,1387.0,165.4,51.7,1142.2,27.7,1369.1367521367522,17.863247863247807,1.3047088127149764
Chhattisgarh,1902,0.6,6.5,0.4,13.9,10.3,37.2,403.8,236.6,198.1,4.7,8.1,3.7,923.9,7.1,24.6,875.7,16.5,1369.1367521367522,-445.2367521367522,-32.519523812496494
Chhattisgarh,1903,6.2,13.9,0.4,6.8,51.1,110.7,365.9,396.0,212.0,168.0,0.1,0.0,1331.2,20.1,58.3,1084.7,168.1,1369.1367521367522,-37.93675213675215,-2.7708519311563222
Chhattisgarh,1904,0.0,8.6,32.3,0.2,77.5,369.5,303.6,483.6,86.8,129.3,1.0,0.0,1492.4,8.6,110.0,1243.5,130.4,1369.1367521367522,123.2632478632479,9.00299021780522
Chhattisgarh,1905,50.3,22.6,19.0,24.6,31.8,40.4,443.7,270.8,338.8,8.9,0.0,0.0,1251.1,72.9,75.5,1093.8,8.9,1369.1367521367522,-118.03675213675228,-8.621253644132878
Chhattisgarh,1906,25.0,91.0,52.5,0.0,4.1,210.1,445.2,258.3,242.3,41.2,10.2,14.7,1394.6,115.9,56.7,1155.8,66.1,1369.1367521367522,25.463247863247716,1.8598031075791615
Chhattisgarh,1907,4.0,40.2,41.7,39.4,4.5,286.5,233.6,494.4,141.8,0.1,7.3,15.3,1308.8,44.3,85.6,1156.2,22.7,1369.1367521367522,-60.33675213675224,-4.406919326545525
Chhattisgarh,1908,8.4,67.1,6.3,1.5,6.5,182.4,465.9,590.0,146.7,12.9,0.0,1.1,1488.7,75.4,14.3,1385.0,14.0,1369.1367521367522,119.56324786324785,8.732746942673964
Chhattisgarh,1909,11.3,5.8,3.1,112.8,6.1,266.1,473.9,210.8,142.8,6.7,0.0,44.7,1284.1,17.1,122.0,1093.6,51.4,1369.1367521367522,-85.03675213675228,-6.210975784854152
Chhattisgarh,1910,9.0,0.6,3.7,21.5,13.3,246.0,296.6,441.4,265.2,92.6,17.4,0.0,1407.2,9.5,38.6,1249.2,110.0,1369.1367521367522,38.06324786324785,2.7800910174855944
Chhattisgarh,1911,2.2,0.0,21.7,0.8,9.0,366.7,215.7,474.6,244.6,131.6,37.4,0.0,1504.1,2.2,31.5,1301.5,169.0,1369.1367521367522,134.96324786324772,9.857543277004027
Chhattisgarh,1912,3.1,73.9,1.0,22.6,11.3,62.3,422.5,411.9,194.0,13.0,11.3,0.0,1227.0,77.0,34.9,1090.8,24.3,1369.1367521367522,-142.1367521367522,-10.381486868636427
Chhattisgarh,1913,4.3,85.4,31.8,4.1,35.8,246.0,374.4,285.6,122.2,24.9,6.2,14.0,1234.6,89.7,71.7,1028.2,45.1,1369.1367521367522,-134.53675213675228,-9.82639257377224
Chhattisgarh,1914,0.0,7.9,21.0,38.6,51.5,186.1,493.8,373.0,234.1,5.0,0.2,6.8,1418.1,7.9,111.1,1287.0,12.0,1369.1367521367522,48.963247863247716,3.5762130982776488
Chhattisgarh,1915,25.0,42.4,19.7,16.6,21.2,131.3,364.6,435.9,251.0,121.0,27.2,0.0,1455.9,67.4,57.6,1182.7,148.2,1369.1367521367522,86.7632478632479,6.33707682799693
Chhattisgarh,1916,0.0,26.5,2.1,6.9,20.2,325.5,289.4,374.6,199.2,178.4,20.3,0.0,1443.0,26.5,29.1,1188.7,198.6,1369.1367521367522,73.8632478632478,5.394877301187968
Chhattisgarh,1917,3.6,63.7,26.6,10.8,44.0,296.9,374.0,475.2,287.8,144.1,0.3,0.7,1727.7,67.3,81.4,1433.9,145.0,1369.1367521367522,358.56324786324785,26.189001741692625
Chhattisgarh,1918,14.1,4.5,1.9,10.7,48.3,431.2,238.0,490.9,122.5,1.7,4.7,8.8,1377.2,18.6,60.9,1282.6,15.2,1369.1367521367522,8.063247863247852,0.5889293272322061
Chhattisgarh,1919,98.3,65.2,30.1,13.5,33.0,396.5,392.9,511.2,152.4,150.6,13.9,1.4,1859.0,163.5,76.6,1453.1,165.8,1369.1367521367522,489.8632478632478,35.77898607270161
Chhattisgarh,1920,1.7,2.6,21.9,25.6,23.4,97.0,542.5,391.5,92.0,5.2,0.0,0.0,1203.4,4.3,70.9,1123.0,5.2,1369.1367521367522,-165.7367521367521,-12.105200731635753
Chhattisgarh,1921,39.6,1.6,0.0,6.2,0.0,335.4,311.4,401.8,210.9,12.3,0.0,0.0,1319.4,41.2,6.2,1259.6,12.3,1369.1367521367522,-49.7367521367521,-3.6327088626559845
Chhattisgarh,1922,21.1,1.2,0.5,12.7,9.5,180.2,416.7,305.2,297.6,23.5,38.9,1.7,1308.8,22.3,22.7,1199.7,64.0,1369.1367521367522,-60.33675213675224,-4.406919326545525
Chhattisgarh,1923,3.9,27.1,15.2,9.7,5.3,103.8,374.6,582.3,194.9,61.9,8.0,0.5,1387.2,31.0,30.3,1255.6,70.4,1369.1367521367522,18.063247863247852,1.319316557316669
Chhattisgarh,1924,32.3,11.1,5.9,9.0,18.0,83.5,310.3,329.5,330.6,79.5,124.5,0.1,1334.2,43.4,32.9,1053.9,204.1,1369.1367521367522,-34.93675213675215,-2.5517357621309835
Chhattisgarh,1925,0.2,0.5,0.3,10.6,88.6,368.8,560.4,476.6,166.8,45.1,19.1,0.0,1737.1,0.7,99.5,1572.6,64.3,1369.1367521367522,367.9632478632477,26.875565737972007
Chhattisgarh,1926,33.2,10.7,99.7,63.3,45.3,55.3,374.4,555.5,330.5,63.4,0.2,3.3,1634.9,43.9,208.3,1315.8,66.9,1369.1367521367522,265.7632478632479,19.411008246508814
Chhattisgarh,1927,11.7,57.9,24.1,2.3,15.9,193.3,468.3,488.8,171.9,75.2,27.8,0.0,1537.1,69.6,42.2,1322.3,103.1,1369.1367521367522,167.96324786324772,12.267821136282754
Chhattisgarh,1928,6.8,11.3,8.8,13.6,16.7,210.1,384.4,272.7,192.5,97.8,0.0,4.4,1219.2,18.1,39.2,1059.7,102.2,1369.1367521367522,-149.93675213675215,-10.951188908102305
Chhattisgarh,1929,23.1,28.9,1.2,14.4,5.6,216.2,597.9,461.1,179.2,94.3,0.0,41.9,1663.8,51.9,21.2,1454.5,136.2,1369.1367521367522,294.66324786324776,21.5218273414529
Chhattisgarh,1930,0.0,4.0,13.5,43.3,7.9,190.9,517.4,285.0,185.3,37.3,93.9,5.1,1383.5,4.0,64.7,1178.6,136.2,1369.1367521367522,14.363247863247807,1.0490732821854143
Chhattisgarh,1931,8.4,64.4,14.5,10.6,14.6,104.6,359.1,510.8,169.3,156.3,54.1,0.2,1467.0,72.7,39.8,1143.9,210.7,1369.1367521367522,97.8632478632478,7.147806653390678
Chhattisgarh,1932,0.0,22.9,3.7,9.5,18.8,109.6,525.2,300.9,272.6,56.4,37.6,0.2,1357.6,22.9,32.1,1208.3,94.3,1369.1367521367522,-11.536752136752284,-0.8426296437333508
Chhattisgarh,1933,31.6,75.9,14.9,21.9,97.3,310.7,388.9,368.3,286.5,41.4,7.9,5.5,1650.6,107.5,134.1,1354.4,54.7,1369.1367521367522,281.4632478632477,20.557716197741406
Chhattisgarh,1934,1.8,0.0,1.5,11.5,0.0,263.1,412.0,483.4,305.3,37.0,12.3,1.1,1529.2,1.8,13.0,1463.9,50.5,1369.1367521367522,160.06324786324785,11.69081522451604
Chhattisgarh,1935,12.2,17.9,5.1,33.4,4.1,132.2,562.1,247.2,247.6,3.8,0.0,3.6,1269.2,30.1,42.7,1189.1,7.3,1369.1367521367522,-99.93675213675215,-7.299252757679992
Chhattisgarh,1936,31.9,44.7,14.6,4.3,46.6,413.1,463.8,434.5,258.0,90.4,18.2,6.1,1826.2,76.6,65.5,1569.4,114.7,1369.1367521367522,457.06324786324785,33.38331595802458
Chhattisgarh,1937,0.0,66.2,21.5,76.3,19.2,222.6,501.0,391.9,237.0,79.8,1.0,0.2,1616.8,66.2,117.0,1352.6,81.0,1369.1367521367522,247.66324786324776,18.089007360055927
Chhattisgarh,1938,18.4,25.1,5.4,8.2,48.8,269.2,386.8,343.5,266.7,126.6,7.0,0.1,1505.8,43.5,62.3,1266.3,133.7,1369.1367521367522,136.66324786324776,9.981709106118391
Chhattisgarh,1939,6.5,22.8,53.2,19.9,1.1,188.6,427.5,478.6,198.3,79.3,4.6,0.0,1480.3,29.3,74.2,1293.0,83.9,1369.1367521367522,111.16324786324776,8.119221669403009
Chhattisgarh,1940,0.2,23.0,31.1,26.4,41.5,218.6,542.9,395.6,72.8,67.2,4.9,24.3,1448.4,23.2,98.9,1229.8,96.4,1369.1367521367522,79.2632478632479,5.789286405433583
Chhattisgarh,1941,20.8,13.8,18.4,3.3,27.1,240.8,218.6,238.7,146.0,70.9,6.5,0.2,1005.1,34.6,48.8,844.1,77.6,1369.1367521367522,-364.03675213675217,-26.588779504210653
Chhattisgarh,1942,13.1,48.2,7.5,18.7,17.7,164.1,540.7,470.7,289.6,23.9,1.6,2.3,1598.3,61.3,44.0,1465.2,27.8,1369.1367521367522,229.16324786324776,16.73779098439967
Chhattisgarh,1943,99.5,5.1,1.0,19.5,32.1,214.2,459.7,386.5,373.6,52.8,1.0,0.0,1645.1,104.6,52.6,1434.1,53.8,1369.1367521367522,275.9632478632477,20.15600322119495
Chhattisgarh,1944,24.4,78.3,102.9,25.0,11.1,101.3,611.7,439.8,247.7,142.8,7.5,0.1,1792.7,102.7,139.0,1400.5,150.4,1369.1367521367522,423.56324786324785,30.93651873724163
Chhattisgarh,1945,30.1,7.6,0.0,58.6,7.0,200.7,428.5,397.2,376.6,71.9,6.4,0.9,1585.6,37.8,65.6,1403.0,79.3,1369.1367521367522,216.46324786324772,15.810199202192399
Chhattisgarh,1946,0.0,11.0,2.3,35.3,25.3,307.9,419.9,522.5,181.6,63.9,29.0,0.4,1599.0,11.0,62.8,1431.9,93.3,1369.1367521367522,229.8632478632478,16.788918090505586
Chhattisgarh,1947,31.0,29.9,12.0,6.7,9.7,140.1,510.6,476.4,283.2,80.0,4.5,15.6,1599.6,60.9,28.4,1410.2,100.1,1369.1367521367522,230.46324786324772,16.832741324310646
Chhattisgarh,1948,31.0,8.0,14.2,21.5,11.6,216.0,390.1,423.7,246.9,42.3,86.4,0.0,1491.7,39.0,47.4,1276.7,128.7,1369.1367521367522,122.56324786324785,8.951863111699303
Chhattisgarh,1949,1.2,7.6,4.0,9.9,61.5,181.7,381.0,412.3,280.3,159.8,0.0,0.2,1499.6,8.8,75.4,1255.4,160.0,1369.1367521367522,130.46324786324772,9.528869023466019
Chhattisgarh,1950,0.4,40.1,50.9,1.3,10.0,172.4,457.2,374.7,148.9,16.7,19.6,0.0,1292.2,40.5,62.2,1153.2,36.3,1369.1367521367522,-76.93675213675215,-5.619362128485727
Chhattisgarh,1951,4.5,2.8,102.3,59.8,34.5,145.1,338.4,459.4,166.5,96.8,1.5,0.0,1411.6,7.3,196.6,1109.4,98.2,1369.1367521367522,42.463247863247716,3.101461398722748
Chhattisgarh,1952,1.2,20.0,18.8,18.2,23.4,120.8,439.4,385.8,304.0,62.8,0.0,2.0,1396.4,21.2,60.4,1250.0,64.8,1369.1367521367522,27.263247863247898,1.9912728089943779
Chhattisgarh,1953,24.3,5.1,0.1,22.7,5.8,140.8,421.3,483.6,209.1,55.0,2.4,0.0,1370.2,29.4,28.6,1254.8,57.4,1369.1367521367522,1.0632478632478524,0.07765826617308225
Chhattisgarh,1954,2.7,2.2,4.4,11.7,6.5,114.9,314.0,358.1,361.4,12.5,0.0,5.4,1193.7,4.9,22.5,1148.4,17.8,1369.1367521367522,-175.43675213675215,-12.813676344817685
Chhattisgarh,1955,15.1,1.2,3.2,13.5,23.3,242.1,283.1,406.0,276.6,174.2,2.4,0.0,1440.7,16.3,39.9,1207.8,176.6,1369.1367521367522,71.56324786324785,5.226888238268544
Chhattisgarh,1956,2.2,13.9,7.1,3.0,68.4,278.0,468.5,404.3,227.3,69.6,10.7,4.0,1557.0,16.1,78.5,1378.1,84.2,1369.1367521367522,187.8632478632478,13.721291724150841
Chhattisgarh,1957,14.8,10.4,48.7,17.0,16.2,114.8,449.7,416.7,105.8,28.3,0.0,0.0,1222.4,25.1,82.0,1087.0,28.3,1369.1367521367522,-146.7367521367521,-10.717464994475273
Chhattisgarh,1958,9.5,38.8,21.6,17.1,19.2,101.2,509.4,376.0,265.8,133.0,29.3,0.0,1520.9,48.3,57.9,1252.5,162.3,1369.1367521367522,151.7632478632479,11.084593823545937
Chhattisgarh,1959,32.0,3.3,0.2,3.6,15.5,180.4,408.9,473.1,357.9,69.0,0.1,0.3,1544.2,35.2,19.3,1420.3,69.4,1369.1367521367522,175.06324786324785,12.786396069642732
Chhattisgarh,1960,18.0,0.7,44.4,10.2,11.2,168.6,412.1,441.5,145.4,111.9,0.4,0.0,1364.3,18.6,65.8,1167.6,112.3,1369.1367521367522,-4.836752136752239,-0.35327019957675737
Chhattisgarh,1961,2.5,44.1,5.0,10.9,16.1,377.4,533.2,467.6,401.2,102.8,5.8,7.3,1974.0,46.6,32.0,1779.5,115.9,1369.1367521367522,604.8632478632478,44.178439218672935
Chhattisgarh,1962,3.8,15.8,10.4,23.8,28.0,130.5,371.6,276.1,210.0,26.3,2.0,26.4,1124.7,19.6,62.3,988.1,54.7,1369.1367521367522,-244.43675213675215,-17.853348232400474
Chhattisgarh,1963,0.4,5.4,8.9,44.8,28.2,160.8,349.4,387.7,258.8,91.2,1.2,0.3,1337.2,5.8,82.0,1156.7,92.7,1369.1367521367522,-31.936752136752148,-2.332619593105645
Chhattisgarh,1964,1.0,21.9,3.9,6.5,4.5,269.2,371.6,515.3,201.8,109.1,4.1,0.0,1509.1,23.0,14.9,1358.0,113.3,1369.1367521367522,139.96324786324772,10.22273689204626
Chhattisgarh,1965,5.8,4.5,22.3,14.4,8.4,111.1,310.0,208.3,251.8,4.9,0.0,0.0,941.6,10.2,45.1,881.2,4.9,1369.1367521367522,-427.53675213675217,-31.22673841524699
Chhattisgarh,1966,20.9,0.0,2.2,16.3,19.0,267.8,294.0,253.4,154.6,25.1,12.8,20.9,1087.1,20.9,37.6,969.8,58.8,1369.1367521367522,-282.0367521367523,-20.599604217518067
Chhattisgarh,1967,1.7,0.0,96.8,15.5,12.2,184.3,397.9,508.3,188.5,9.2,0.4,57.6,1472.5,1.7,124.5,1279.0,67.2,1369.1367521367522,103.3632478632478,7.549519629937132
Chhattisgarh,1968,25.6,26.1,16.3,19.5,4.5,176.2,354.9,269.9,210.7,59.7,0.7,3.9,1168.0,51.7,40.2,1011.7,64.4,1369.1367521367522,-201.1367521367522,-14.690771526134757
Chhattisgarh,1969,6.0,1.6,0.6,18.7,46.2,121.8,442.4,291.4,211.4,18.5,6.0,7.9,1172.6,7.6,65.6,1067.0,32.5,1369.1367521367522,-196.53675213675228,-14.35479340029591
Chhattisgarh,1970,12.1,11.9,44.9,18.9,23.2,237.9,453.2,443.1,236.4,19.9,0.0,0.0,1501.5,24.0,87.0,1370.6,19.9,1369.1367521367522,132.3632478632478,9.667642597182075
Chhattisgarh,1971,20.3,24.8,11.6,48.8,68.6,384.1,354.6,398.8,127.9,89.6,4.7,0.0,1533.8,45.1,129.0,1265.4,94.3,1369.1367521367522,164.66324786324776,12.026793350354884
Chhattisgarh,1972,0.1,19.2,1.2,15.2,6.2,123.9,319.4,392.0,232.4,49.2,36.3,3.9,1198.9,19.3,22.6,1067.7,89.3,1369.1367521367522,-170.2367521367521,-12.43387498517376
Chhattisgarh,1973,3.8,10.0,2.6,3.1,6.9,97.9,429.3,401.9,286.5,223.3,2.0,0.0,1467.3,13.8,12.7,1215.5,225.3,1369.1367521367522,98.16324786324776,7.169718270293209
Chhattisgarh,1974,0.0,6.6,2.5,1.5,9.2,115.6,253.4,353.3,100.4,97.3,11.3,0.0,951.0,6.6,13.1,822.6,108.6,1369.1367521367522,-418.1367521367522,-30.5401744189676
Chhattisgarh,1975,9.7,7.4,11.3,3.7,8.7,202.5,403.3,421.3,265.7,140.8,0.9,0.0,1475.5,17.2,23.8,1292.7,141.7,1369.1367521367522,106.3632478632478,7.768635798962471
Chhattisgarh,1976,0.4,4.1,1.1,15.9,12.6,100.0,569.0,492.1,174.5,2.8,6.7,0.2,1379.3,4.5,29.6,1335.6,9.7,1369.1367521367522,10.163247863247761,0.7423106455499368
Chhattisgarh,1977,4.1,4.9,2.2,19.0,33.7,242.4,509.3,386.3,196.5,19.9,40.9,6.1,1465.5,9.0,54.9,1334.6,67.0,1369.1367521367522,96.3632478632478,7.038248568878008
Chhattisgarh,1978,4.1,13.7,18.9,12.8,3.7,257.0,377.7,470.8,176.0,11.5,11.9,12.2,1370.4,17.9,35.4,1281.5,35.6,1369.1367521367522,1.2632478632478978,0.09226601077477482
Chhattisgarh,1979,20.7,24.7,0.6,4.4,4.4,176.3,209.8,267.2,155.5,26.1,11.3,3.6,904.6,45.4,9.4,808.8,41.0,1369.1367521367522,-464.53675213675217,-33.9291711665595
Chhattisgarh,1980,5.3,2.3,7.9,7.2,15.5,273.0,426.6,362.2,369.4,21.4,0.0,4.6,1495.4,7.7,30.6,1431.2,26.0,1369.1367521367522,126.2632478632479,9.222106386830559
Chhattisgarh,1981,20.7,1.6,20.7,4.0,15.6,127.5,356.2,409.1,237.2,20.7,0.9,2.2,1216.2,22.3,40.3,1129.9,23.7,1369.1367521367522,-152.93675213675215,-11.170305077127644
Chhattisgarh,1982,27.2,18.9,22.5,11.5,25.0,133.5,251.8,501.1,119.1,75.2,10.9,0.6,1197.4,46.2,59.0,1005.6,86.7,1369.1367521367522,-171.7367521367521,-12.54343306968643
Chhattisgarh,1983,0.3,24.9,1.5,20.4,28.4,155.7,324.2,417.6,330.9,58.2,0.6,9.4,1371.9,25.1,50.3,1228.3,68.1,1369.1367521367522,2.763247863247898,0.20182409528744422
Chhattisgarh,1984,35.3,12.4,0.1,24.9,15.5,291.6,322.0,400.2,99.8,52.7,0.2,0.0,1254.7,47.7,40.5,1113.6,52.9,1369.1367521367522,-114.43675213675215,-8.35831424130246
Chhattisgarh,1985,33.2,9.4,0.4,8.7,11.9,137.2,398.9,346.0,214.6,77.2,0.0,0.0,1237.5,42.6,21.0,1096.8,77.2,1369.1367521367522,-131.6367521367522,-9.614580277047741
Chhattisgarh,1986,23.3,45.7,10.0,11.5,8.7,361.9,367.9,321.0,98.7,61.9,33.9,24.1,1368.6,69.0,30.2,1149.5,119.9,1369.1367521367522,-0.5367521367522841,-0.03920369064044175
Chhattisgarh,1987,9.2,9.3,7.9,2.4,22.1,81.0,409.9,264.8,214.0,82.5,37.5,2.2,1142.8,18.5,32.4,969.7,122.2,1369.1367521367522,-226.33675213675224,-16.531347345947605
Chhattisgarh,1988,0.7,25.1,6.2,22.7,8.8,219.7,375.0,351.1,167.8,28.7,0.4,0.1,1206.3,25.8,37.7,1113.6,29.2,1369.1367521367522,-162.83675213675224,-11.89338843491127
Chhattisgarh,1989,0.1,0.0,10.5,1.0,8.9,226.8,372.1,353.7,173.9,10.4,5.2,24.6,1187.2,0.1,20.4,1126.5,40.2,1369.1367521367522,-181.93675213675215,-13.288428044372585
Chhattisgarh,1990,0.5,18.5,9.2,7.4,122.3,293.6,393.9,375.9,268.2,143.6,9.4,1.4,1643.8,19.0,138.9,1331.5,154.4,1369.1367521367522,274.66324786324776,20.061052881283974
Chhattisgarh,1991,10.6,1.6,9.2,3.7,4.7,143.8,446.2,411.2,135.1,37.9,9.3,7.6,1220.8,12.2,17.5,1136.2,54.9,1369.1367521367522,-148.33675213675224,-10.834326951288798
Chhattisgarh,1992,0.1,0.3,0.5,1.9,5.4,137.1,401.3,419.1,180.0,7.9,3.0,0.0,1156.6,0.4,7.8,1137.5,10.9,1369.1367521367522,-212.53675213675228,-15.523412968431053
Chhattisgarh,1993,0.0,5.3,7.1,4.7,10.0,167.2,351.0,299.5,298.6,60.1,1.9,0.0,1205.3,5.3,21.7,1116.3,61.9,1369.1367521367522,-163.83675213675224,-11.966427157919714
Chhattisgarh,1994,3.5,8.4,0.0,5.2,9.1,413.4,575.7,447.7,212.0,76.9,2.7,0.0,1754.5,11.8,14.3,1648.8,79.6,1369.1367521367522,385.3632478632478,28.14643951831898
Chhattisgarh,1995,43.5,2.6,24.0,5.2,24.9,119.5,478.3,356.0,137.7,69.6,11.2,8.2,1280.7,46.1,54.1,1091.4,89.1,1369.1367521367522,-88.43675213675215,-6.459307443082859
Chhattisgarh,1996,11.1,5.6,3.6,4.8,2.2,195.2,352.4,429.4,156.8,25.0,0.8,0.2,1187.0,16.7,10.6,1133.8,26.0,1369.1367521367522,-182.1367521367522,-13.303035788974277
Chhattisgarh,1997,6.3,0.1,2.2,45.7,7.2,153.8,384.6,414.7,167.5,30.2,51.4,53.5,1317.2,6.4,55.1,1120.6,135.1,1369.1367521367522,-51.93675213675215,-3.7933940532745702
Chhattisgarh,1998,64.9,11.2,27.3,11.9,16.4,156.2,356.0,259.6,288.3,93.1,47.8,0.0,1332.5,76.0,55.6,1060.1,140.9,1369.1367521367522,-36.63675213675219,-2.675901591245345
Chhattisgarh,1999,0.0,3.1,0.1,0.0,31.5,222.5,310.0,408.7,253.7,91.2,1.3,0.6,1322.6,3.1,31.6,1194.9,93.0,1369.1367521367522,-46.536752136752284,-3.39898494902897
Chhattisgarh,2000,2.6,0.0,0.6,1.5,9.3,180.7,322.4,215.6,169.1,4.3,0.2,0.1,906.3,2.6,11.4,887.8,4.6,1369.1367521367522,-462.83675213675224,-33.80500533744515
Chhattisgarh,2001,0.8,0.3,14.6,17.6,16.6,339.4,630.6,380.3,108.4,86.9,4.6,0.0,1600.1,1.1,48.7,1458.8,91.6,1369.1367521367522,230.96324786324772,16.86926068581487
Chhattisgarh,2002,41.5,4.9,12.2,3.3,32.1,196.3,138.4,352.4,122.3,57.8,13.3,15.9,990.2,46.4,47.5,809.3,86.9,1369.1367521367522,-378.93675213675215,-27.677056477036498
Chhattisgarh,2003,3.7,17.7,12.1,2.6,0.7,128.7,446.6,519.7,384.1,157.6,5.8,14.9,1694.3,21.4,15.5,1479.1,178.2,1369.1367521367522,325.16324786324776,23.74950839321051
Chhattisgarh,2004,37.8,16.7,3.1,21.2,6.8,213.1,323.1,351.7,126.5,43.9,0.7,0.1,1144.5,54.5,31.1,1014.3,44.6,1369.1367521367522,-224.6367521367522,-16.407181516833244
Chhattisgarh,2005,57.6,15.6,6.1,6.5,16.4,197.0,393.8,267.7,240.5,83.5,1.6,1.0,1287.2,73.2,29.0,1099.0,86.1,1369.1367521367522,-81.93675213675215,-5.984555743527959
Chhattisgarh,2006,2.7,0.0,26.2,17.2,23.5,92.2,495.1,447.2,184.6,13.3,15.1,0.7,1317.7,2.7,66.8,1219.0,29.1,1369.1367521367522,-51.43675213675215,-3.756874691770347
Chhattisgarh,2007,0.0,15.7,6.2,11.4,10.4,259.4,309.9,338.8,259.1,67.8,2.0,0.5,1281.2,15.7,28.0,1167.2,70.3,1369.1367521367522,-87.93675213675215,-6.422788081578636
Chhattisgarh,2008,6.7,9.7,22.2,11.2,9.5,236.4,280.5,305.1,215.4,10.7,1.2,0.0,1108.5,16.4,42.9,1037.4,11.8,1369.1367521367522,-260.6367521367522,-19.03657554513731
Chhattisgarh,2009,1.2,0.0,2.3,1.9,11.2,45.3,455.0,247.1,104.7,43.6,42.5,1.9,956.6,1.2,15.4,852.0,88.0,1369.1367521367522,-412.53675213675217,-30.131157570120298
Chhattisgarh,2010,7.9,4.9,1.0,5.9,12.6,102.6,426.8,340.3,302.5,54.3,20.2,27.6,1306.6,12.8,19.4,1172.2,102.1,1369.1367521367522,-62.536752136752284,-4.56760451716411
Chhattisgarh,2011,0.3,11.5,2.6,35.0,16.8,183.5,272.6,379.8,382.2,15.5,0.0,2.8,1302.7,11.8,54.4,1218.2,18.3,1369.1367521367522,-66.43675213675215,-4.852455536897041
Chhattisgarh,2012,36.6,4.8,1.1,14.9,9.4,147.3,430.6,442.2,245.3,19.8,20.4,5.0,1377.4,41.5,25.4,1265.4,45.1,1369.1367521367522,8.263247863247898,0.6035370718338987
Chhattisgarh,2013,2.8,19.7,4.9,45.8,5.7,263.6,418.8,336.6,140.9,180.9,0.3,0.0,1420.0,22.5,56.4,1159.9,181.2,1369.1367521367522,50.86324786324781,3.714986671993703
Chhattisgarh,2014,2.3,29.0,21.4,17.3,25.0,104.9,416.7,327.7,252.7,77.9,2.6,1.1,1278.7,31.3,63.7,1102.1,81.6,1369.1367521367522,-90.43675213675215,-6.605384889099751
Chhattisgarh,2015,15.8,1.2,21.2,37.0,13.0,257.6,248.6,286.6,216.9,17.7,0.6,1.5,1117.6,17.0,71.2,1009.7,19.7,1369.1367521367522,-251.53675213675228,-18.371923165760457
Chhattisgarh,2016,6.1,3.6,24.5,4.4,19.6,164.2,361.0,357.1,295.6,79.8,0.0,0.0,1315.8,9.8,48.5,1177.8,79.8,1369.1367521367522,-53.33675213675224,-3.8956482654864018
Chhattisgarh,2017,0.9,0.7,3.5,0.8,15.6,184.8,378.3,300.4,177.7,61.6,0.2,0.0,1124.4,1.6,19.8,1041.2,61.8,1369.1367521367522,-244.7367521367521,-17.875259849303006
Coastal Andhra Pradesh,1901,18.8,80.9,7.2,28.7,68.7,77.7,113.0,133.7,125.3,173.4,164.8,1.5,993.8,99.7,104.6,449.7,339.8,1050.3042735042736,-56.50427350427367,-5.379800399721383
Coastal Andhra Pradesh,1902,2.0,0.0,2.8,23.9,37.6,72.6,144.5,236.1,204.5,262.0,50.4,27.1,1063.6,2.0,64.4,657.7,339.5,1050.3042735042736,13.295726495726285,1.265892830404844
Coastal Andhra Pradesh,1903,0.8,13.3,0.2,6.2,73.4,154.0,248.6,258.0,216.5,159.1,173.9,12.1,1316.2,14.2,79.8,877.1,345.1,1050.3042735042736,265.8957264957264,25.31606632510236
Coastal Andhra Pradesh,1904,1.3,0.0,5.4,3.0,136.3,107.8,120.2,117.7,116.8,240.9,0.0,10.7,860.2,1.3,144.7,462.6,251.6,1050.3042735042736,-190.10427350427358,-18.09992383159622
Coastal Andhra Pradesh,1905,1.1,16.7,68.0,37.0,68.8,84.4,64.6,210.8,170.2,66.0,7.4,0.0,795.2,17.8,173.8,530.1,73.4,1050.3042735042736,-255.10427350427358,-24.28860663902036
Coastal Andhra Pradesh,1906,3.9,23.5,9.9,2.3,11.0,252.6,155.8,241.1,126.9,92.1,21.5,80.8,1021.5,27.4,23.2,776.4,194.5,1050.3042735042736,-28.804273504273624,-2.742469418711398
Coastal Andhra Pradesh,1907,0.6,3.0,38.9,80.9,18.9,224.5,119.7,118.2,94.7,37.0,52.4,29.1,817.9,3.6,138.7,557.2,118.4,1050.3042735042736,-232.40427350427365,-22.1273281816584
Coastal Andhra Pradesh,1908,54.1,1.3,1.7,7.2,40.9,57.2,120.9,162.0,320.9,73.9,2.1,0.0,842.3,55.5,49.8,661.1,75.9,1050.3042735042736,-208.00427350427367,-19.804191866256108
Coastal Andhra Pradesh,1909,1.3,1.3,0.2,112.2,34.0,109.7,154.2,193.1,169.8,13.4,3.1,75.2,867.6,2.6,146.5,626.8,91.7,1050.3042735042736,-182.7042735042736,-17.39536609659717
Coastal Andhra Pradesh,1910,0.9,2.4,0.2,31.9,22.6,179.6,222.2,204.5,216.8,286.4,87.2,0.0,1254.6,3.3,54.7,823.0,373.6,1050.3042735042736,204.29572649572629,19.451099233758857
Coastal Andhra Pradesh,1911,0.0,0.0,10.3,14.4,31.2,150.5,158.1,76.2,160.4,119.7,77.6,21.0,819.5,0.0,56.0,545.1,218.4,1050.3042735042736,-230.80427350427362,-21.974991374091033
Coastal Andhra Pradesh,1912,0.0,9.6,4.8,15.2,33.6,55.9,217.9,230.1,188.7,86.1,61.7,0.0,903.6,9.6,53.6,692.5,147.9,1050.3042735042736,-146.7042735042736,-13.967787926331491
Coastal Andhra Pradesh,1913,0.0,12.9,0.5,3.3,68.2,129.0,166.9,124.3,119.5,206.7,7.2,2.4,841.0,12.9,72.1,539.7,216.3,1050.3042735042736,-209.30427350427362,-19.927965522404588
Coastal Andhra Pradesh,1914,0.0,10.9,5.8,73.0,77.7,171.7,157.4,178.5,292.4,22.8,17.8,5.1,1013.2,10.9,156.6,800.0,45.7,1050.3042735042736,-37.10427350427358,-3.5327166079670915
Coastal Andhra Pradesh,1915,21.1,17.9,53.3,44.8,63.5,177.3,134.8,226.5,170.5,228.8,208.8,0.0,1347.4,39.0,161.7,709.1,437.7,1050.3042735042736,297.09572649572647,28.286634072665954
Coastal Andhra Pradesh,1916,0.2,5.1,0.5,16.3,43.9,157.9,282.1,197.1,166.2,355.9,126.0,0.1,1351.2,5.3,60.7,803.3,481.9,1050.3042735042736,300.8957264957264,28.648433990638438
Coastal Andhra Pradesh,1917,1.1,25.1,14.9,16.4,105.5,201.4,142.4,215.8,219.6,216.0,126.5,5.0,1289.6,26.3,136.7,779.2,347.4,1050.3042735042736,239.29572649572629,22.783466899294933
Coastal Andhra Pradesh,1918,25.1,2.5,9.5,13.0,79.6,109.4,107.4,130.9,149.6,30.8,111.7,8.5,778.0,27.6,102.0,497.4,151.0,1050.3042735042736,-272.3042735042736,-25.92622732036952
Coastal Andhra Pradesh,1919,41.3,22.9,10.4,23.6,70.0,111.2,194.8,118.6,161.8,194.5,183.6,8.7,1141.4,64.2,104.0,586.4,386.8,1050.3042735042736,91.09572649572647,8.67327009836791
Coastal Andhra Pradesh,1920,9.6,23.8,4.7,25.1,78.4,83.0,71.6,124.9,113.6,176.5,12.2,0.0,723.5,33.3,108.2,393.2,188.7,1050.3042735042736,-326.8042735042736,-31.115199828132837
Coastal Andhra Pradesh,1921,52.3,0.1,0.1,35.3,11.2,97.6,204.6,168.0,228.7,192.6,24.7,0.0,1015.0,52.4,46.5,698.9,217.2,1050.3042735042736,-35.304273504273624,-3.361337699453812
Coastal Andhra Pradesh,1922,10.9,0.0,0.0,5.3,35.8,103.3,145.6,132.6,117.5,128.0,174.0,0.2,853.3,10.9,41.1,499.0,302.3,1050.3042735042736,-197.00427350427367,-18.756876314230485
Coastal Andhra Pradesh,1923,0.2,58.3,13.5,14.9,39.1,44.3,128.8,53.4,260.6,267.5,245.6,0.1,1126.4,58.5,67.5,487.1,513.2,1050.3042735042736,76.09572649572647,7.245112527423876
Coastal Andhra Pradesh,1924,3.7,6.2,0.6,8.8,66.1,66.2,111.6,197.6,349.8,131.0,240.3,0.0,1182.0,9.9,75.6,725.1,371.4,1050.3042735042736,131.69572649572638,12.538816590389748
Coastal Andhra Pradesh,1925,2.9,0.1,5.6,40.2,196.4,151.4,197.8,223.9,103.4,262.6,46.1,8.1,1238.5,3.0,242.2,676.5,316.8,1050.3042735042736,188.19572649572638,17.91821010761227
Coastal Andhra Pradesh,1926,13.7,7.7,78.7,57.1,36.4,72.4,191.4,173.3,162.8,76.7,0.5,0.0,870.7,21.4,172.2,599.9,77.2,1050.3042735042736,-179.60427350427358,-17.1002135319354
Coastal Andhra Pradesh,1927,14.1,8.4,18.5,6.3,40.0,196.4,172.4,197.2,157.0,66.1,176.5,0.0,1053.0,22.6,64.8,723.1,242.6,1050.3042735042736,2.695726495726376,0.25666148027106994
Coastal Andhra Pradesh,1928,0.0,2.8,1.4,55.1,31.0,88.7,189.0,136.4,208.2,385.9,2.2,0.7,1101.3,2.8,87.4,622.2,388.8,1050.3042735042736,50.99572649572633,4.85532885871085
Coastal Andhra Pradesh,1929,2.7,37.4,1.5,19.7,41.0,190.0,78.3,138.4,146.3,173.1,5.3,25.4,859.1,40.2,62.2,553.0,203.8,1050.3042735042736,-191.2042735042736,-18.204655386798784
Coastal Andhra Pradesh,1930,0.5,32.4,6.6,23.2,117.3,189.6,112.4,133.0,136.7,284.1,181.9,5.1,1222.7,32.9,147.1,571.6,471.1,1050.3042735042736,172.39572649572642,16.41388413288456
Coastal Andhra Pradesh,1931,0.5,0.4,5.2,8.8,46.9,142.2,177.7,120.5,231.7,388.8,164.0,0.3,1287.1,0.8,60.9,672.2,553.1,1050.3042735042736,236.79572649572629,22.545440637470925
Coastal Andhra Pradesh,1932,0.0,53.2,0.1,20.8,47.2,79.6,203.3,122.3,147.8,117.2,180.0,0.1,971.5,53.2,68.0,553.0,297.2,1050.3042735042736,-78.80427350427362,-7.502994655191506
Coastal Andhra Pradesh,1933,4.1,0.0,6.8,23.3,88.0,106.0,187.1,135.6,193.0,251.3,67.3,24.8,1087.3,4.2,118.0,621.7,343.4,1050.3042735042736,36.99572649572633,3.5223817924964194
Coastal Andhra Pradesh,1934,0.0,0.2,0.6,19.9,21.7,100.5,202.2,207.5,131.5,116.2,80.6,3.2,884.2,0.2,42.3,641.7,200.1,1050.3042735042736,-166.10427350427358,-15.814871718085769
Coastal Andhra Pradesh,1935,1.2,0.1,4.2,24.7,10.5,94.6,158.9,122.6,191.8,141.0,1.6,0.0,751.1,1.3,39.4,567.8,142.6,1050.3042735042736,-299.2042735042736,-28.487389897595815
Coastal Andhra Pradesh,1936,8.7,127.1,5.8,22.4,145.2,162.7,211.9,188.3,123.9,233.4,91.2,8.1,1328.7,135.7,173.4,686.8,332.7,1050.3042735042736,278.3957264957264,26.50619763422239
Coastal Andhra Pradesh,1937,0.0,71.8,15.2,86.3,30.3,59.3,172.5,153.7,108.7,185.2,8.9,0.2,892.2,71.8,131.9,494.2,194.3,1050.3042735042736,-158.10427350427358,-15.053187680248953
Coastal Andhra Pradesh,1938,0.1,31.9,7.6,3.5,82.6,158.9,161.3,176.1,294.2,115.2,174.4,0.4,1206.2,32.0,93.7,790.5,290.0,1050.3042735042736,155.89572649572642,14.842910804846124
Coastal Andhra Pradesh,1939,3.0,0.0,29.7,19.7,11.3,80.2,138.7,121.9,150.1,416.7,95.8,3.2,1070.3,3.0,60.7,490.9,515.8,1050.3042735042736,19.99572649572633,1.903803212093183
Coastal Andhra Pradesh,1940,0.2,5.3,65.6,15.0,202.1,120.3,157.4,186.6,122.1,106.3,75.8,12.4,1069.0,5.4,282.6,586.4,194.5,1050.3042735042736,18.695726495726376,1.7800295559447046
Coastal Andhra Pradesh,1941,2.6,13.8,4.1,8.2,58.5,192.7,83.0,97.4,184.1,266.4,107.8,7.8,1026.5,16.4,70.8,557.3,382.0,1050.3042735042736,-23.804273504273624,-2.2664168950633874
Coastal Andhra Pradesh,1942,2.9,5.6,2.1,37.2,30.5,84.7,130.9,196.1,142.1,159.7,85.6,2.4,879.8,8.5,69.9,553.7,247.6,1050.3042735042736,-170.50427350427367,-16.23379793889603
Coastal Andhra Pradesh,1943,20.2,5.3,1.6,72.5,46.0,142.1,129.5,116.6,195.4,208.2,40.2,0.2,977.9,25.5,120.2,583.7,248.5,1050.3042735042736,-72.40427350427365,-6.8936474249220545
Coastal Andhra Pradesh,1944,4.9,19.4,96.6,24.8,42.5,132.2,179.8,157.6,159.4,304.7,33.9,0.0,1155.9,24.3,163.9,629.1,338.6,1050.3042735042736,105.59572649572647,10.05382241694714
Coastal Andhra Pradesh,1945,1.0,0.0,0.0,48.0,39.9,46.6,193.3,185.8,201.2,242.0,19.1,14.7,991.5,1.0,87.9,626.8,275.8,1050.3042735042736,-58.804273504273624,-5.598784560599462
Coastal Andhra Pradesh,1946,0.0,3.8,5.4,66.0,60.7,127.6,179.4,157.7,113.3,94.4,160.0,2.0,970.2,3.8,132.1,577.9,256.4,1050.3042735042736,-80.10427350427358,-7.626768311339985
Coastal Andhra Pradesh,1947,10.3,3.0,0.8,15.4,18.3,86.5,217.4,216.1,209.8,154.7,58.3,135.5,1126.2,13.4,34.5,729.8,348.5,1050.3042735042736,75.89572649572642,7.2260704264779525
Coastal Andhra Pradesh,1948,1.4,26.8,7.4,24.8,44.6,92.7,193.5,113.8,232.7,103.7,181.6,1.5,1024.6,28.2,76.9,632.7,286.8,1050.3042735042736,-25.704273504273715,-2.4473168540496397
Coastal Andhra Pradesh,1949,7.7,0.6,2.5,32.2,71.2,97.3,231.2,179.2,254.8,319.4,21.3,0.0,1217.3,8.3,105.8,762.4,340.7,1050.3042735042736,166.99572649572633,15.8997474073447
Coastal Andhra Pradesh,1950,0.0,17.2,31.0,7.0,52.8,97.8,221.8,132.3,192.5,130.1,103.2,0.3,986.0,17.2,90.7,644.4,233.6,1050.3042735042736,-64.30427350427362,-6.122442336612274
Coastal Andhra Pradesh,1951,1.2,0.0,27.9,46.1,75.4,133.7,285.2,186.5,174.1,89.7,74.2,2.2,1096.1,1.2,149.4,779.4,166.1,1050.3042735042736,45.795726495726285,4.3602342341169145
Coastal Andhra Pradesh,1952,0.0,17.4,12.2,28.8,94.2,87.4,130.1,128.8,130.2,251.8,0.0,35.7,916.7,17.4,135.2,476.5,287.5,1050.3042735042736,-133.60427350427358,-12.720530314373699
Coastal Andhra Pradesh,1953,13.2,0.6,0.0,21.5,43.4,136.7,149.6,190.6,183.7,234.8,15.6,0.3,990.0,13.8,64.9,660.6,250.7,1050.3042735042736,-60.304273504273624,-5.741600317693866
Coastal Andhra Pradesh,1954,0.3,0.0,9.0,8.0,37.5,129.7,218.5,205.7,266.5,263.0,0.0,15.3,1153.5,0.3,54.5,820.4,278.4,1050.3042735042736,103.19572649572638,9.825317205596086
Coastal Andhra Pradesh,1955,5.1,0.3,18.6,14.2,250.1,118.8,128.9,263.6,177.0,325.9,76.2,0.3,1378.9,5.4,282.9,688.2,402.4,1050.3042735042736,328.59572649572647,31.285764971648423
Coastal Andhra Pradesh,1956,4.2,3.2,0.5,28.6,89.1,210.1,305.2,163.7,209.3,331.1,60.9,2.7,1408.5,7.5,118.1,888.3,394.7,1050.3042735042736,358.1957264957264,34.10399591164464
Coastal Andhra Pradesh,1957,0.7,1.8,21.2,14.3,28.3,152.6,149.5,298.1,198.8,125.5,26.9,0.0,1017.6,2.5,63.7,799.0,152.4,1050.3042735042736,-32.7042735042736,-3.113790387156844
Coastal Andhra Pradesh,1958,7.4,1.8,10.7,17.5,40.9,108.5,281.4,245.6,215.9,527.2,148.4,0.1,1605.3,9.2,69.1,851.3,675.7,1050.3042735042736,554.9957264957263,52.84142324243034
Coastal Andhra Pradesh,1959,5.8,10.7,0.0,14.7,11.5,178.8,272.3,230.9,161.1,227.3,2.6,5.0,1120.7,16.4,26.3,843.1,234.9,1050.3042735042736,70.39572649572642,6.702412650465141
Coastal Andhra Pradesh,1960,1.4,0.2,25.1,1.3,18.3,167.8,196.4,92.5,287.3,108.8,24.3,20.3,943.6,1.6,44.7,743.9,153.4,1050.3042735042736,-106.7042735042736,-10.159367737147404
Coastal Andhra Pradesh,1961,9.6,28.4,2.3,9.0,44.4,138.6,199.8,172.9,181.2,282.3,48.7,2.1,1119.2,37.9,55.7,692.5,333.2,1050.3042735042736,68.89572649572642,6.5595968933707365
Coastal Andhra Pradesh,1962,3.7,8.7,0.9,34.6,69.6,121.1,231.3,179.1,288.1,357.6,35.8,15.0,1345.5,12.3,105.1,819.6,408.5,1050.3042735042736,295.1957264957264,28.1057341136797
Coastal Andhra Pradesh,1963,0.0,0.0,7.0,50.2,23.5,126.6,137.4,176.1,131.3,371.7,0.1,0.0,1023.9,0.0,80.7,571.4,371.8,1050.3042735042736,-26.404273504273647,-2.513964207360355
Coastal Andhra Pradesh,1964,0.7,11.2,1.1,6.0,33.5,116.9,170.1,226.4,353.6,76.2,64.6,0.7,1061.0,11.9,40.6,867.0,141.5,1050.3042735042736,10.695726495726376,1.018345518107887
Coastal Andhra Pradesh,1965,1.4,1.2,7.1,35.4,36.7,52.0,166.3,157.5,208.1,61.3,25.0,2.3,754.2,2.6,79.2,583.9,88.6,1050.3042735042736,-296.1042735042736,-28.19223733293405
Coastal Andhra Pradesh,1966,40.1,1.2,5.0,8.6,22.8,107.1,243.3,163.9,128.7,66.5,146.6,20.9,954.7,41.3,36.3,643.1,234.0,1050.3042735042736,-95.60427350427358,-9.10253113464882
Coastal Andhra Pradesh,1967,13.1,0.1,71.8,18.6,19.7,124.3,245.6,124.6,141.5,27.9,4.6,51.4,843.1,13.1,110.1,635.9,84.0,1050.3042735042736,-207.2042735042736,-19.72802346247242
Coastal Andhra Pradesh,1968,11.3,11.8,13.6,42.9,28.0,70.8,170.2,45.5,164.8,197.2,78.1,4.8,838.9,23.1,84.4,451.3,280.0,1050.3042735042736,-211.40427350427365,-20.127907582336753
Coastal Andhra Pradesh,1969,0.2,0.4,2.7,5.6,262.6,125.1,192.4,99.8,122.7,208.0,201.7,58.5,1279.7,0.7,270.8,540.0,468.2,1050.3042735042736,229.39572649572642,21.840882902471883
Coastal Andhra Pradesh,1970,0.9,9.7,22.3,18.7,95.0,174.0,182.5,243.5,133.3,183.3,0.8,0.0,1064.2,10.6,136.0,733.4,184.1,1050.3042735042736,13.895726495726421,1.3230191332426184
Coastal Andhra Pradesh,1971,1.0,26.4,12.7,104.1,88.3,86.4,99.8,205.3,222.0,186.2,1.0,0.0,1033.2,27.4,205.1,613.5,187.2,1050.3042735042736,-17.10427350427358,-1.6285065133750485
Coastal Andhra Pradesh,1972,0.0,32.5,0.0,32.1,20.7,125.1,121.3,80.8,191.6,324.2,86.8,13.3,1028.5,32.5,52.8,518.8,424.4,1050.3042735042736,-21.804273504273624,-2.075995885604183
Coastal Andhra Pradesh,1973,0.0,0.4,12.0,1.1,45.2,73.3,158.6,178.4,132.5,233.7,23.5,0.3,859.1,0.4,58.3,542.9,257.5,1050.3042735042736,-191.2042735042736,-18.204655386798784
Coastal Andhra Pradesh,1974,0.1,1.5,11.2,12.9,34.9,120.4,126.3,132.8,194.3,274.2,36.3,0.0,944.9,1.6,59.1,573.8,310.5,1050.3042735042736,-105.40427350427365,-10.035594080998925
Coastal Andhra Pradesh,1975,0.2,10.5,0.3,2.6,33.5,200.7,154.2,210.9,230.8,300.8,47.6,0.3,1192.4,10.7,36.4,796.5,348.7,1050.3042735042736,142.09572649572647,13.529005839577618
Coastal Andhra Pradesh,1976,0.0,1.1,2.7,22.7,36.9,78.4,199.0,228.8,92.2,81.3,345.9,1.1,1090.3,1.1,62.3,598.5,428.4,1050.3042735042736,39.99572649572633,3.8080133066852264
Coastal Andhra Pradesh,1977,1.5,0.0,1.2,62.5,102.4,112.5,149.7,176.8,112.3,121.0,289.9,3.0,1132.8,1.5,166.1,551.2,413.9,1050.3042735042736,82.49572649572633,7.854459757693317
Coastal Andhra Pradesh,1978,9.1,18.0,12.2,29.4,19.0,166.7,193.1,258.5,194.2,77.8,54.2,6.0,1038.3,27.1,60.6,812.5,138.1,1050.3042735042736,-12.00427350427367,-1.1429329392540861
Coastal Andhra Pradesh,1979,0.6,30.2,0.1,15.2,125.1,108.7,97.3,95.5,233.2,52.2,160.6,15.5,934.1,30.7,140.4,534.6,228.3,1050.3042735042736,-116.2042735042736,-11.063867532078623
Coastal Andhra Pradesh,1980,0.5,2.4,5.6,16.1,31.5,217.5,169.3,176.7,128.0,205.0,48.4,13.8,1014.8,2.9,53.2,691.5,267.2,1050.3042735042736,-35.50427350427367,-3.3803798003997367
Coastal Andhra Pradesh,1981,16.0,0.1,31.4,15.2,62.3,99.7,181.3,149.5,264.0,89.7,18.0,2.1,929.3,16.0,108.9,694.5,109.8,1050.3042735042736,-121.00427350427367,-11.52087795478072
Coastal Andhra Pradesh,1982,1.6,0.5,7.5,37.5,47.6,94.4,151.2,148.3,135.7,210.6,53.5,0.1,888.5,2.1,92.7,529.5,264.2,1050.3042735042736,-161.80427350427362,-15.405466547748484
Coastal Andhra Pradesh,1983,0.1,17.3,4.6,8.8,56.2,147.0,188.1,264.1,259.2,232.7,7.6,10.2,1196.0,17.4,69.6,858.5,250.6,1050.3042735042736,145.69572649572638,13.871763656604177
Coastal Andhra Pradesh,1984,5.7,9.8,1.8,26.5,21.2,89.1,219.0,123.1,154.8,111.8,20.9,1.6,785.2,15.5,49.5,585.9,134.3,1050.3042735042736,-265.1042735042736,-25.24071168631638
Coastal Andhra Pradesh,1985,42.7,0.4,1.7,7.0,17.9,105.1,198.6,179.3,88.6,248.2,32.6,45.5,967.6,43.1,26.6,571.6,326.3,1050.3042735042736,-82.7042735042736,-7.874315623636951
Coastal Andhra Pradesh,1986,32.6,25.9,2.2,26.6,44.1,101.0,106.0,336.2,95.3,124.4,111.9,3.7,1009.7,58.4,72.9,638.4,239.9,1050.3042735042736,-40.60427350427358,-3.865953374520699
Coastal Andhra Pradesh,1987,20.9,0.2,24.0,16.9,52.9,75.6,99.7,163.4,103.4,265.0,243.6,14.2,1079.9,21.1,93.9,442.2,522.8,1050.3042735042736,29.595726495726467,2.8178240574973765
Coastal Andhra Pradesh,1988,0.0,16.7,2.3,38.4,69.6,68.2,313.4,269.8,277.5,78.6,5.8,24.6,1164.8,16.7,110.3,928.9,109.0,1050.3042735042736,114.49572649572633,10.901195909040586
Coastal Andhra Pradesh,1989,0.1,0.1,37.4,7.3,31.9,128.3,329.6,235.5,189.6,55.5,13.2,1.6,1030.0,0.2,76.6,883.0,70.3,1050.3042735042736,-20.304273504273624,-1.9331801285097796
Coastal Andhra Pradesh,1990,10.3,81.1,84.5,24.2,507.7,107.4,102.5,223.2,158.5,248.7,58.9,4.3,1611.1,91.4,616.4,591.5,311.9,1050.3042735042736,560.7957264957263,53.39364416986202
Coastal Andhra Pradesh,1991,19.6,3.3,6.6,17.9,24.5,215.5,145.3,134.4,265.7,148.7,132.4,8.3,1122.1,22.8,49.0,760.9,289.3,1050.3042735042736,71.79572649572629,6.83570735708657
Coastal Andhra Pradesh,1992,13.1,4.3,0.0,9.1,45.5,75.6,208.4,207.2,145.8,147.5,144.4,0.0,1001.0,17.4,54.6,637.1,291.8,1050.3042735042736,-49.304273504273624,-4.694284765668242
Coastal Andhra Pradesh,1993,2.2,9.8,16.6,26.6,71.7,73.2,166.2,99.3,172.9,196.2,17.5,17.5,869.7,12.0,114.9,511.7,231.2,1050.3042735042736,-180.60427350427358,-17.195424036665
Coastal Andhra Pradesh,1994,7.2,17.4,3.1,30.6,49.2,62.5,218.3,156.5,137.0,257.6,213.4,2.1,1155.1,24.6,83.0,574.4,473.1,1050.3042735042736,104.79572649572629,9.977654013163441
Coastal Andhra Pradesh,1995,27.5,2.5,12.0,19.8,257.8,80.0,225.3,212.7,128.6,329.6,50.1,6.1,1352.0,30.1,289.6,646.6,385.8,1050.3042735042736,301.6957264957264,28.724602394422117
Coastal Andhra Pradesh,1996,3.4,5.8,4.4,23.7,23.8,236.8,206.9,225.2,160.5,240.0,68.9,11.4,1210.9,9.3,51.9,829.4,320.3,1050.3042735042736,160.59572649572647,15.29040017707526
Coastal Andhra Pradesh,1997,15.1,5.6,19.7,62.6,25.2,63.1,156.0,128.1,315.5,83.6,51.7,45.7,972.1,20.7,107.6,662.7,181.0,1050.3042735042736,-78.2042735042736,-7.445868352353742
Coastal Andhra Pradesh,1998,12.6,35.7,24.7,38.9,33.6,136.2,214.1,252.2,255.5,178.6,128.6,0.0,1310.8,48.3,97.2,858.0,307.2,1050.3042735042736,260.49572649572633,24.801929599562502
Coastal Andhra Pradesh,1999,0.1,2.7,0.2,11.0,74.3,126.4,154.2,136.6,137.5,153.9,28.3,0.0,825.1,2.8,85.4,554.7,182.2,1050.3042735042736,-225.2042735042736,-21.44181254760526
Coastal Andhra Pradesh,2000,0.1,42.4,0.7,19.1,68.4,200.5,154.1,311.5,102.9,69.6,10.6,12.4,992.3,42.5,88.3,768.9,92.6,1050.3042735042736,-58.00427350427367,-5.5226161568157845
Coastal Andhra Pradesh,2001,4.6,3.8,20.0,54.1,50.8,117.2,123.0,170.7,187.2,196.0,78.0,4.1,1009.3,8.4,124.8,598.1,278.0,1050.3042735042736,-41.00427350427367,-3.9040375764125486
Coastal Andhra Pradesh,2002,28.0,0.0,7.3,34.8,35.0,115.2,74.7,173.5,71.7,148.7,14.3,0.0,703.2,28.0,77.1,435.0,163.0,1050.3042735042736,-347.1042735042736,-33.04797307414376
Coastal Andhra Pradesh,2003,6.2,19.4,40.7,19.4,12.2,104.0,241.7,158.3,130.2,252.3,11.5,101.1,1096.8,25.6,72.3,634.1,364.9,1050.3042735042736,46.49572649572633,4.42688158742764
Coastal Andhra Pradesh,2004,24.0,11.4,11.6,40.1,57.6,152.8,192.1,125.0,101.7,147.9,9.4,0.2,873.6,35.3,109.3,571.5,157.5,1050.3042735042736,-176.7042735042736,-16.824103068219554
Coastal Andhra Pradesh,2005,13.6,8.0,17.4,32.2,48.4,88.1,151.5,105.9,398.1,298.0,56.2,4.2,1221.6,21.6,98.0,743.6,358.4,1050.3042735042736,171.29572649572629,16.309152577681985
Coastal Andhra Pradesh,2006,0.0,0.0,30.7,58.0,67.6,132.0,126.8,279.7,224.1,185.4,55.3,0.0,1159.6,0.0,156.3,762.6,240.7,1050.3042735042736,109.29572649572629,10.40610128444665
Coastal Andhra Pradesh,2007,0.0,5.1,0.1,8.5,13.0,300.1,141.0,164.4,287.1,167.7,11.9,0.5,1099.2,5.1,21.6,892.5,180.0,1050.3042735042736,48.89572649572642,4.655386798778694
Coastal Andhra Pradesh,2008,3.2,61.6,93.8,18.5,34.9,119.8,208.5,276.2,166.8,51.6,71.4,1.2,1107.5,64.8,147.1,771.4,124.2,1050.3042735042736,57.195726495726376,5.445633988034388
Coastal Andhra Pradesh,2009,0.0,0.0,5.7,6.4,53.0,72.6,140.9,163.5,151.9,92.6,102.6,1.3,790.5,0.0,65.1,528.8,196.5,1050.3042735042736,-259.8042735042736,-24.736096011249494
Coastal Andhra Pradesh,2010,21.8,2.3,4.4,14.8,162.0,156.1,318.9,248.6,230.5,204.0,210.9,138.2,1712.4,24.1,181.2,954.0,553.1,1050.3042735042736,662.0957264957265,63.03846829897074
Coastal Andhra Pradesh,2011,0.0,17.9,0.9,62.3,67.9,86.8,196.0,215.8,129.7,74.6,4.9,5.0,861.9,17.9,131.2,628.4,84.4,1050.3042735042736,-188.40427350427365,-17.938065973555904
Coastal Andhra Pradesh,2012,37.6,0.0,2.7,24.0,39.3,95.4,221.9,221.2,246.5,140.0,289.7,0.0,1318.4,37.6,66.1,785.0,429.7,1050.3042735042736,268.09572649572647,25.525529435507487
Coastal Andhra Pradesh,2013,2.0,29.6,0.2,48.0,28.2,127.5,162.4,123.1,132.0,411.5,53.1,2.8,1120.5,31.7,76.4,545.0,467.4,1050.3042735042736,70.19572649572638,6.683370549519216
Coastal Andhra Pradesh,2014,0.4,1.2,9.1,6.0,112.9,45.7,151.8,177.8,144.5,195.6,23.7,6.4,874.9,1.5,128.0,519.7,225.7,1050.3042735042736,-175.40427350427365,-16.700329412071078
Coastal Andhra Pradesh,2015,2.0,0.6,5.5,32.3,34.1,283.8,116.0,192.0,201.8,59.7,81.2,2.0,1010.9,2.5,71.9,793.6,142.8,1050.3042735042736,-39.40427350427365,-3.7517007688451827
Coastal Andhra Pradesh,2016,1.6,0.9,3.6,3.0,120.8,189.1,131.5,124.4,224.4,59.7,13.1,36.9,908.9,2.5,127.4,669.4,109.7,1050.3042735042736,-141.40427350427365,-13.463172251264602
Coastal Andhra Pradesh,2017,1.0,0.0,12.4,8.8,30.8,149.6,153.2,224.2,141.8,123.0,46.7,1.2,892.7,1.0,52.0,668.8,170.9,1050.3042735042736,-157.60427350427358,-15.005582427884152
Telangana,1901,6.9,41.8,7.8,45.2,22.0,123.6,237.8,177.2,77.7,75.5,12.2,0.0,827.7,48.7,75.0,616.4,87.7,952.9709401709403,-125.27094017094021,-13.145305369801685
Telangana,1902,0.0,0.0,0.2,10.7,7.3,52.4,146.3,142.8,190.5,41.7,31.2,7.3,630.4,0.0,18.2,532.0,80.2,952.9709401709403,-322.5709401709403,-33.848979708980295
Telangana,1903,12.9,4.6,0.0,9.9,40.7,99.2,505.2,246.7,191.9,155.8,15.5,1.1,1283.4,17.5,50.5,1042.9,172.4,952.9709401709403,330.42905982905984,34.67357144907155
Telangana,1904,0.0,0.0,10.8,0.8,14.7,104.2,139.5,50.0,162.3,44.4,0.0,0.0,526.7,0.0,26.3,456.0,44.4,952.9709401709403,-426.2709401709402,-44.730738598857734
Telangana,1905,0.0,4.3,12.8,27.6,32.2,129.5,82.4,237.3,179.1,19.6,0.0,0.0,724.9,4.3,72.6,628.4,19.6,952.9709401709403,-228.07094017094028,-23.932622764974322
Telangana,1906,22.5,1.2,13.4,2.4,0.7,211.1,210.8,226.7,96.3,20.5,14.9,34.8,855.2,23.7,16.5,744.8,70.2,952.9709401709403,-97.77094017094021,-10.25959303159889
Telangana,1907,1.0,3.3,10.2,61.9,0.2,217.5,160.5,263.3,116.8,0.3,3.6,5.0,843.7,4.3,72.3,758.1,8.9,952.9709401709403,-109.27094017094021,-11.466345463938241
Telangana,1908,35.6,2.6,5.2,0.3,6.5,107.4,254.9,168.3,401.2,0.1,0.0,0.7,982.8,38.3,12.0,931.8,0.8,952.9709401709403,29.8290598290597,3.1301122176620706
Telangana,1909,0.5,5.9,0.5,26.4,2.2,133.8,288.3,168.6,138.5,4.6,0.0,0.2,769.5,6.3,29.1,729.2,4.8,952.9709401709403,-183.47094017094025,-19.252522027379968
Telangana,1910,0.0,0.0,0.0,4.2,25.0,220.9,198.2,150.3,230.5,101.4,45.3,0.0,975.9,0.0,29.2,799.9,146.8,952.9709401709403,22.929059829059725,2.4060607582584623
Telangana,1911,0.0,0.0,7.9,0.7,7.8,133.9,122.1,176.3,174.4,23.0,6.0,9.9,662.0,0.0,16.4,606.7,39.0,952.9709401709403,-290.97094017094025,-30.533033894899987
Telangana,1912,0.0,37.5,0.0,20.4,6.6,28.5,263.3,196.8,149.5,7.8,33.4,0.0,743.8,37.5,26.9,638.1,41.3,952.9709401709403,-209.1709401709403,-21.949351376173134
Telangana,1913,0.0,13.4,0.0,8.0,34.6,83.5,337.2,108.8,101.7,35.2,0.0,9.7,732.2,13.4,42.6,631.3,44.9,952.9709401709403,-220.7709401709402,-23.16659730792412
Telangana,1914,0.0,0.0,1.2,34.1,41.5,233.1,271.3,195.1,278.6,16.2,10.3,2.0,1083.5,0.0,76.8,978.1,28.5,952.9709401709403,130.52905982905975,13.69706612519013
Telangana,1915,15.4,8.6,77.8,18.8,26.7,165.6,140.4,236.2,186.8,122.0,23.6,0.1,1022.0,24.0,123.3,729.0,145.7,952.9709401709403,69.02905982905975,7.243563987027514
Telangana,1916,0.0,4.1,0.0,15.9,16.1,233.2,216.4,137.0,291.8,153.1,95.1,0.0,1162.6,4.1,32.0,878.4,248.1,952.9709401709403,209.62905982905966,21.997424159802524
Telangana,1917,0.0,65.5,33.0,34.1,52.7,184.1,267.5,180.1,275.6,106.7,6.6,0.0,1206.0,65.5,119.9,907.3,113.4,952.9709401709403,253.02905982905975,26.551602904457127
Telangana,1918,20.2,0.0,32.6,8.3,55.5,97.8,106.1,89.6,96.9,6.4,7.5,33.9,554.7,20.2,96.4,390.3,47.8,952.9709401709403,-398.2709401709402,-41.7925587635967
Telangana,1919,5.5,39.2,31.3,35.0,23.6,158.8,139.4,115.3,129.9,130.6,78.5,7.4,894.6,44.8,89.9,543.4,216.6,952.9709401709403,-58.37094017094023,-6.12515426341016
Telangana,1920,7.4,0.0,1.7,24.4,31.4,62.8,138.8,66.5,78.9,24.9,0.0,0.0,437.0,7.4,57.6,347.1,24.9,952.9709401709403,-515.9709401709403,-54.143407571104675
Telangana,1921,7.1,0.0,0.1,5.4,5.5,200.9,296.7,161.1,240.7,68.0,17.9,0.0,1003.3,7.1,11.0,899.4,85.9,952.9709401709403,50.3290598290597,5.2812795970496085
Telangana,1922,55.3,0.0,0.0,6.6,50.1,69.2,184.3,158.3,170.2,23.0,50.7,0.0,767.5,55.3,56.7,581.9,73.7,952.9709401709403,-185.47094017094025,-19.4623920156129
Telangana,1923,3.0,5.3,23.3,10.7,18.0,43.5,222.8,80.3,334.4,44.0,1.0,0.0,786.2,8.3,52.0,680.9,45.0,952.9709401709403,-166.7709401709402,-17.500107625634996
Telangana,1924,37.0,0.0,0.0,9.2,34.6,62.8,124.7,220.2,288.2,51.6,116.1,0.0,944.5,37.0,43.8,695.9,167.7,952.9709401709403,-8.470940170940253,-0.8888980569985447
Telangana,1925,0.0,0.0,0.0,49.8,97.8,168.1,266.2,239.2,148.1,187.5,8.1,3.1,1167.9,0.0,147.6,821.6,198.7,952.9709401709403,214.92905982905984,22.553579628619808
Telangana,1926,46.1,2.0,24.0,48.8,24.0,74.7,227.3,205.1,70.5,41.0,0.0,0.0,763.5,48.1,96.8,577.6,41.0,952.9709401709403,-189.47094017094025,-19.88213199207876
Telangana,1927,9.6,11.0,4.6,2.0,14.3,248.3,266.0,158.5,142.4,59.9,89.0,0.0,1005.5,20.7,20.8,815.1,148.9,952.9709401709403,52.52905982905975,5.512136584105837
Telangana,1928,0.0,15.8,47.3,4.5,27.9,143.9,248.6,191.6,215.2,104.1,0.0,7.4,1006.4,15.8,79.7,799.4,111.5,952.9709401709403,53.429059829059725,5.606578078810653
Telangana,1929,5.3,64.8,0.0,21.7,2.8,146.0,115.0,142.2,232.5,35.9,0.0,24.5,790.5,70.0,24.4,635.6,60.3,952.9709401709403,-162.47094017094025,-17.048887150934195
Telangana,1930,0.0,14.7,5.4,13.5,1.7,184.9,131.1,144.7,215.6,60.0,64.3,0.0,835.8,14.7,20.6,676.2,124.3,952.9709401709403,-117.1709401709403,-12.295331917458325
Telangana,1931,0.3,5.1,4.0,13.3,25.9,187.3,368.6,155.9,288.1,107.4,25.5,1.6,1183.1,5.4,43.3,1000.0,134.5,952.9709401709403,230.12905982905966,24.14859153919006
Telangana,1932,0.0,40.3,1.3,17.6,25.8,119.7,300.4,179.0,172.9,32.0,60.9,0.0,949.9,40.3,44.6,772.0,92.9,952.9709401709403,-3.0709401709402755,-0.32224908876963465
Telangana,1933,12.9,17.4,15.7,25.0,63.4,332.0,243.4,226.7,262.2,128.9,24.0,44.5,1396.3,30.3,104.2,1064.3,197.4,952.9709401709403,443.3290598290597,46.52073228482047
Telangana,1934,0.1,0.0,0.1,18.3,1.2,111.7,296.9,280.2,162.3,15.2,42.0,0.0,927.9,0.1,19.6,851.1,57.1,952.9709401709403,-25.070940170940275,-2.630818959331871
Telangana,1935,16.2,3.4,1.4,42.2,2.7,115.1,309.7,162.9,198.3,43.5,2.6,0.5,898.5,19.6,46.3,786.0,46.6,952.9709401709403,-54.47094017094025,-5.715907786355948
Telangana,1936,2.5,79.1,15.3,8.4,73.7,200.0,268.9,220.9,128.4,96.4,48.2,15.1,1157.0,81.7,97.4,818.2,159.7,952.9709401709403,204.02905982905975,21.409788192750327
Telangana,1937,0.0,33.2,28.6,105.6,3.0,77.8,285.8,102.4,153.6,72.1,0.9,3.0,866.1,33.2,137.3,619.6,76.0,952.9709401709403,-86.87094017094023,-9.115801595729419
Telangana,1938,0.0,41.3,14.2,16.6,27.8,226.3,331.6,256.5,201.9,59.2,0.0,0.0,1175.3,41.3,58.6,1016.2,59.2,952.9709401709403,222.3290598290597,23.330098585081636
Telangana,1939,0.0,0.0,22.0,16.7,3.0,73.5,173.2,202.5,107.1,130.3,11.8,0.0,740.0,0.0,41.7,556.3,142.1,952.9709401709403,-212.97094017094025,-22.348104353815696
Telangana,1940,0.0,0.5,11.4,33.6,91.4,128.5,345.8,281.5,94.7,64.9,22.2,8.1,1082.6,0.5,136.4,850.6,95.1,952.9709401709403,129.62905982905966,13.6026246304853
Telangana,1941,16.6,3.3,4.8,4.8,17.5,121.4,87.9,149.9,137.5,49.6,0.7,0.4,594.4,19.9,27.2,496.7,50.7,952.9709401709403,-358.5709401709403,-37.626639497173045
Telangana,1942,0.0,23.0,0.2,31.7,30.9,160.0,250.1,277.3,107.4,20.9,3.9,1.6,906.9,23.0,62.7,794.7,26.4,952.9709401709403,-46.070940170940275,-4.834453835777642
Telangana,1943,15.2,0.6,1.7,34.4,26.9,180.4,179.3,133.4,262.2,62.7,2.6,0.0,899.3,15.8,62.9,755.3,65.2,952.9709401709403,-53.6709401709403,-5.63195979106278
Telangana,1944,0.0,13.7,82.3,5.4,15.7,114.5,224.1,142.4,207.7,131.9,22.7,0.0,960.5,13.7,103.4,688.7,154.7,952.9709401709403,7.529059829059747,0.7900618488648996
Telangana,1945,4.3,0.0,0.0,39.0,11.2,144.5,332.1,238.4,159.1,94.1,4.8,0.0,1027.4,4.3,50.3,874.0,98.9,952.9709401709403,74.42905982905984,7.8102129552564366
Telangana,1946,0.0,15.9,5.2,21.7,14.5,152.1,287.2,149.5,85.0,30.7,57.5,3.6,822.8,15.9,41.3,673.9,91.8,952.9709401709403,-130.1709401709403,-13.659486840972374
Telangana,1947,13.4,18.0,3.3,1.8,10.8,59.9,273.3,315.5,248.3,35.3,16.2,9.7,1005.5,31.4,15.9,897.0,61.1,952.9709401709403,52.52905982905975,5.512136584105837
Telangana,1948,3.7,4.6,5.1,20.0,15.0,71.4,239.3,165.4,242.5,25.0,123.0,0.0,915.0,8.3,40.1,718.6,148.0,952.9709401709403,-37.97094017094025,-3.9844803834342706
Telangana,1949,0.5,0.0,2.4,13.8,67.9,152.0,335.5,173.6,198.1,94.6,0.2,0.0,1038.6,0.6,84.1,859.2,94.8,952.9709401709403,85.62905982905966,8.985484889360828
Telangana,1950,0.0,34.7,14.2,0.2,11.6,78.4,222.7,118.5,254.1,21.8,4.7,0.5,761.3,34.7,25.9,673.7,26.9,952.9709401709403,-191.6709401709403,-20.11298897913499
Telangana,1951,0.0,0.0,56.1,20.1,31.1,116.8,356.0,151.7,103.9,64.4,0.7,0.0,900.8,0.0,107.3,728.3,65.1,952.9709401709403,-52.1709401709403,-5.474557299888082
Telangana,1952,0.5,16.4,0.8,12.4,32.5,80.1,205.1,148.9,137.7,88.3,0.2,6.9,729.7,16.9,45.6,571.9,95.3,952.9709401709403,-223.2709401709402,-23.42893479321528
Telangana,1953,5.1,0.0,3.0,26.8,0.7,224.0,200.9,364.5,269.5,175.8,1.7,0.0,1272.1,5.1,30.5,1058.9,177.5,952.9709401709403,319.12905982905966,33.48780601555547
Telangana,1954,0.0,0.0,13.2,4.3,14.4,105.3,300.4,192.5,252.9,44.2,0.0,1.2,928.4,0.0,31.9,851.2,45.4,952.9709401709403,-24.570940170940275,-2.578351462273638
Telangana,1955,1.0,0.0,2.9,9.8,27.8,230.3,259.9,300.1,249.7,116.2,5.5,0.0,1203.2,1.0,40.5,1040.0,121.7,952.9709401709403,250.2290598290598,26.257784920931027
Telangana,1956,0.7,1.5,1.9,5.9,52.9,220.1,393.8,133.3,156.9,94.5,59.1,0.0,1120.5,2.2,60.6,904.1,153.5,952.9709401709403,167.52905982905975,17.579660907499346
Telangana,1957,0.0,7.7,23.7,33.4,18.6,157.9,206.9,358.5,100.9,75.6,0.0,0.0,983.2,7.7,75.8,824.1,75.6,952.9709401709403,30.229059829059793,3.172086215308666
Telangana,1958,2.1,4.9,10.0,24.7,14.1,72.9,407.5,351.7,135.2,69.8,20.9,0.0,1113.9,7.1,48.8,967.3,90.8,952.9709401709403,160.92905982905984,16.887089946330683
Telangana,1959,1.0,0.4,0.0,4.0,16.3,163.7,403.2,348.3,212.8,68.6,4.2,1.7,1224.1,1.4,20.3,1128.0,74.5,952.9709401709403,271.12905982905966,28.45092629796514
Telangana,1960,0.7,0.0,32.9,4.1,21.9,223.9,203.6,82.1,197.5,59.4,12.0,1.4,839.5,0.7,58.8,707.1,72.8,952.9709401709403,-113.47094017094025,-11.907072439227399
Telangana,1961,0.8,6.1,2.7,11.8,46.1,142.2,368.3,209.2,144.5,188.3,26.4,0.2,1146.5,6.9,60.6,864.1,215.0,952.9709401709403,193.52905982905975,20.307970754527442
Telangana,1962,0.2,25.1,2.1,47.0,20.3,84.5,270.5,264.1,289.6,62.5,38.6,34.2,1138.7,25.3,69.4,908.7,135.4,952.9709401709403,185.7290598290598,19.489477800419017
Telangana,1963,0.0,0.3,4.0,35.5,9.0,179.5,214.7,372.7,103.3,91.2,0.0,0.0,1010.1,0.3,48.5,870.1,91.2,952.9709401709403,57.12905982905977,5.9948375570415795
Telangana,1964,0.0,0.2,5.5,2.1,0.7,109.1,186.3,232.3,302.4,41.7,7.2,0.0,887.5,0.2,8.3,830.1,48.9,952.9709401709403,-65.47094017094025,-6.870192721637065
Telangana,1965,2.7,0.8,4.4,6.8,2.7,124.3,318.6,152.2,166.2,0.1,0.0,0.0,778.9,3.5,13.9,761.3,0.1,952.9709401709403,-174.07094017094028,-18.266133082685197
Telangana,1966,19.8,0.0,2.6,7.9,2.7,67.2,294.0,216.3,254.4,39.5,34.9,31.7,970.9,19.8,13.2,831.9,106.1,952.9709401709403,17.929059829059725,1.8813857876761362
Telangana,1967,0.3,0.0,62.7,8.5,1.1,166.7,320.8,183.7,139.4,5.6,0.2,53.1,942.1,0.3,72.3,810.6,58.8,952.9709401709403,-10.87094017094023,-1.140742042878059
Telangana,1968,16.5,15.0,35.1,16.0,7.4,87.6,188.6,52.3,231.4,82.7,15.8,0.1,748.7,31.5,58.5,560.0,98.7,952.9709401709403,-204.2709401709402,-21.43516990500244
Telangana,1969,2.2,0.0,1.4,9.6,53.3,103.2,265.5,186.4,278.8,56.1,64.4,26.2,1047.1,2.2,64.3,833.9,146.7,952.9709401709403,94.12905982905966,9.877432339350783
Telangana,1970,6.9,0.7,4.5,22.5,45.8,205.5,135.6,345.8,176.1,26.8,0.0,0.0,970.3,7.6,72.8,863.0,26.8,952.9709401709403,17.3290598290597,1.8184247912062548
Telangana,1971,7.3,7.5,6.3,6.9,37.8,139.9,114.1,144.3,97.2,167.9,0.0,0.0,729.1,14.8,51.0,495.4,167.9,952.9709401709403,-223.87094017094023,-23.491895789685163
Telangana,1972,0.0,14.6,0.1,12.7,12.2,162.8,183.9,93.9,71.3,64.8,49.7,4.8,670.7,14.6,24.9,511.9,119.4,952.9709401709403,-282.2709401709402,-29.620099446086734
Telangana,1973,0.0,0.0,1.7,5.5,6.4,110.5,239.4,367.0,83.5,223.0,5.3,0.1,1042.5,0.0,13.7,800.4,228.4,952.9709401709403,89.52905982905975,9.394731366415053
Telangana,1974,0.0,0.0,1.8,7.0,32.9,111.1,113.1,171.9,124.8,261.6,6.0,0.0,830.4,0.0,41.7,521.0,267.6,952.9709401709403,-122.57094017094028,-12.861980885687235
Telangana,1975,12.9,10.5,7.7,3.0,21.8,138.8,269.4,194.0,347.0,204.9,5.7,0.0,1215.8,23.4,32.6,949.2,210.6,952.9709401709403,262.8290598290597,27.579965846798483
Telangana,1976,0.2,0.0,1.0,25.6,10.7,85.7,471.7,277.3,123.4,5.6,34.5,0.0,1035.6,0.2,37.3,958.0,40.1,952.9709401709403,82.62905982905966,8.670679907011431
Telangana,1977,0.0,0.0,2.4,8.0,42.3,97.4,253.1,240.0,70.9,51.0,36.7,6.7,808.6,0.0,52.6,661.5,94.5,952.9709401709403,-144.37094017094023,-15.149563757426174
Telangana,1978,30.7,19.1,5.9,20.6,23.0,261.6,376.5,376.7,116.0,50.1,31.6,0.0,1311.7,49.8,49.5,1130.8,81.7,952.9709401709403,358.7290598290598,37.64323178256751
Telangana,1979,9.8,22.8,1.2,12.6,48.7,145.9,156.4,131.8,200.0,15.7,39.5,7.3,791.7,32.7,62.5,634.0,62.5,952.9709401709403,-161.2709401709402,-16.922965157994437
Telangana,1980,0.0,0.0,5.3,15.5,8.3,219.6,210.1,294.5,145.6,5.0,2.4,16.2,922.6,0.0,29.1,869.9,23.6,952.9709401709403,-30.37094017094023,-3.1869744281491323
Telangana,1981,10.3,0.0,26.2,11.7,40.1,187.2,227.5,310.2,285.2,42.5,0.8,2.1,1143.5,10.3,77.9,1010.0,45.3,952.9709401709403,190.52905982905975,19.993165772178045
Telangana,1982,5.7,0.0,4.2,22.2,37.1,123.8,265.6,184.1,174.4,100.8,15.3,0.0,933.2,5.8,63.6,747.8,116.1,952.9709401709403,-19.770940170940207,-2.0746634905145975
Telangana,1983,0.0,4.2,1.7,3.9,38.4,158.8,301.5,416.8,378.2,185.4,1.0,7.5,1497.5,4.2,43.9,1255.4,194.0,952.9709401709403,544.5290598290597,57.14015368940676
Telangana,1984,7.3,8.1,4.7,11.4,3.5,104.9,277.8,119.8,111.8,91.1,2.2,0.0,742.8,15.5,19.7,614.4,93.3,952.9709401709403,-210.1709401709403,-22.054286370289596
Telangana,1985,5.7,0.0,4.7,15.5,13.6,181.4,223.8,160.8,70.0,108.0,0.0,2.3,785.9,5.7,33.9,636.1,110.3,952.9709401709403,-167.07094017094028,-17.53158812386994
Telangana,1986,29.4,60.3,1.9,21.5,9.1,115.5,234.9,406.8,65.6,24.6,20.4,17.3,1007.3,89.7,32.5,822.8,62.3,952.9709401709403,54.3290598290597,5.70101957351547
Telangana,1987,15.3,1.0,18.4,9.5,30.5,133.1,275.0,221.6,60.1,94.7,116.0,1.8,976.9,16.2,58.3,689.8,212.5,952.9709401709403,23.929059829059725,2.510995752374928
Telangana,1988,0.0,6.5,1.1,26.6,3.4,135.8,656.2,341.7,313.4,50.5,2.4,7.2,1544.9,6.5,31.1,1447.2,60.1,952.9709401709403,591.9290598290598,62.11407241052722
Telangana,1989,0.0,0.0,39.2,1.9,4.9,238.5,406.0,277.7,165.4,17.4,1.4,8.6,1161.0,0.0,45.9,1087.6,27.4,952.9709401709403,208.02905982905975,21.82952816921619
Telangana,1990,4.2,4.1,35.2,1.0,159.8,245.1,180.2,471.1,132.1,180.2,12.4,0.1,1425.7,8.3,196.1,1028.6,192.7,952.9709401709403,472.7290598290598,49.60582111184455
Telangana,1991,21.7,4.1,8.9,21.6,34.4,194.5,268.8,122.0,100.8,29.4,36.8,6.0,849.1,25.8,65.0,686.2,72.2,952.9709401709403,-103.87094017094023,-10.89969649570933
Telangana,1992,4.8,0.0,2.5,10.7,20.6,180.5,180.5,271.8,99.0,47.0,46.1,0.0,863.5,4.8,33.9,731.8,93.1,952.9709401709403,-89.47094017094025,-9.388632580432233
Telangana,1993,4.9,2.0,12.9,13.1,29.4,83.9,291.8,146.4,187.0,100.9,0.1,13.2,885.6,7.0,55.3,709.0,114.2,952.9709401709403,-67.37094017094023,-7.069569210458347
Telangana,1994,8.6,12.5,0.0,21.5,20.4,115.3,308.2,256.3,53.9,143.0,36.2,0.0,975.7,21.1,41.8,733.6,179.2,952.9709401709403,22.729059829059793,2.3850737594351767
Telangana,1995,98.7,0.5,22.0,16.0,35.6,135.4,282.1,209.2,141.1,332.7,12.6,0.0,1286.0,99.3,73.6,767.9,345.3,952.9709401709403,333.02905982905975,34.946402433774345
Telangana,1996,0.0,7.9,4.7,31.1,13.6,115.9,264.1,295.9,160.2,72.4,13.2,7.8,986.8,7.9,49.4,836.1,93.4,952.9709401709403,33.8290598290597,3.5498521941279315
Telangana,1997,22.6,0.9,20.2,43.4,21.3,85.5,156.7,154.5,169.1,87.9,46.9,46.9,856.0,23.5,84.9,565.9,181.7,952.9709401709403,-96.97094017094025,-10.175645036305722
Telangana,1998,5.2,22.2,15.2,15.5,27.9,149.4,264.0,290.5,209.3,79.4,14.5,0.0,1093.0,27.3,58.5,913.2,93.9,952.9709401709403,140.02905982905975,14.69394856929655
Telangana,1999,0.0,9.3,4.6,1.7,74.8,141.6,205.2,190.9,177.6,55.7,2.2,0.0,863.8,9.3,81.2,715.4,58.0,952.9709401709403,-89.1709401709403,-9.357152082197299
Telangana,2000,0.6,16.8,1.0,16.3,48.8,253.2,220.9,420.5,70.7,20.2,6.4,2.5,1078.0,17.5,66.1,965.3,29.1,952.9709401709403,125.02905982905975,13.11992365754957
Telangana,2001,8.5,0.0,21.5,37.3,7.5,183.9,123.8,266.8,119.9,135.6,17.4,0.0,922.3,8.5,66.4,694.3,153.1,952.9709401709403,-30.6709401709403,-3.218454926384079
Telangana,2002,18.8,10.1,7.6,7.7,32.0,143.2,91.7,321.7,52.4,76.2,3.9,0.0,765.3,28.9,47.3,609.0,80.1,952.9709401709403,-187.6709401709403,-19.693249002669127
Telangana,2003,0.0,10.7,21.9,14.0,7.9,112.6,312.2,266.5,103.2,101.7,7.3,5.3,963.2,10.7,43.8,794.5,114.2,952.9709401709403,10.229059829059793,1.0733863329793607
Telangana,2004,34.4,17.9,9.3,25.9,34.6,64.6,216.7,117.7,110.1,30.6,5.3,0.0,667.0,52.2,69.8,509.1,35.9,952.9709401709403,-285.97094017094025,-30.00835892431766
Telangana,2005,43.4,14.1,14.6,23.8,19.7,115.1,400.3,126.9,246.3,136.1,3.9,18.8,1163.1,57.5,58.2,888.5,158.8,952.9709401709403,210.12905982905966,22.04989165686076
Telangana,2006,0.0,0.0,42.7,38.6,46.1,104.8,169.5,308.2,280.2,28.1,34.7,0.0,1053.0,0.0,127.5,862.7,62.8,952.9709401709403,100.02905982905975,10.496548804637937
Telangana,2007,0.0,0.0,0.1,0.1,9.2,176.6,134.6,206.6,262.3,40.8,13.0,0.0,843.3,0.0,9.4,780.2,53.8,952.9709401709403,-109.6709401709403,-11.508319461584836
Telangana,2008,0.2,18.6,108.6,15.7,4.9,132.9,183.4,391.8,146.7,24.2,7.5,0.8,1035.3,18.8,129.3,854.8,32.5,952.9709401709403,82.3290598290597,8.639199408776497
Telangana,2009,0.0,0.0,2.1,4.5,13.1,85.8,118.4,192.3,149.7,69.5,29.6,1.2,666.3,0.0,19.8,546.2,100.3,952.9709401709403,-286.6709401709403,-30.08181342019919
Telangana,2010,10.3,5.3,1.5,5.6,24.9,127.0,395.5,308.1,249.8,98.7,40.5,9.3,1276.4,15.5,32.0,1080.4,148.5,952.9709401709403,323.42905982905984,33.93902649025629
Telangana,2011,0.0,11.9,2.6,25.6,9.3,83.9,268.2,225.9,107.6,13.9,4.2,0.0,753.1,11.9,37.4,685.6,18.1,952.9709401709403,-199.87094017094023,-20.973455930889997
Telangana,2012,6.7,0.0,0.2,14.0,8.4,124.4,300.3,229.9,202.4,83.6,38.7,0.0,1008.6,6.7,22.6,857.0,122.3,952.9709401709403,55.62905982905977,5.837435065866882
Telangana,2013,2.4,29.0,0.2,24.4,8.5,213.4,453.8,230.6,161.4,205.9,16.4,2.7,1348.7,31.4,33.0,1059.2,225.0,952.9709401709403,395.7290598290598,41.52582656487673
Telangana,2014,0.2,2.9,58.3,10.3,73.3,62.3,146.0,205.2,146.8,29.6,10.8,0.7,746.4,3.1,141.9,560.2,41.0,952.9709401709403,-206.57094017094028,-21.67652039147032
Telangana,2015,17.5,0.0,43.0,65.7,23.3,266.9,104.4,160.5,158.3,15.6,0.3,1.7,857.3,17.5,132.0,690.1,17.6,952.9709401709403,-95.6709401709403,-10.039229543954322
Telangana,2016,1.2,0.2,11.5,4.3,55.1,194.0,235.8,133.7,336.3,70.4,0.5,0.4,1043.4,1.4,70.9,899.8,71.3,952.9709401709403,90.42905982905984,9.489172861119881
Telangana,2017,0.0,0.0,8.7,3.2,22.4,202.2,143.2,204.2,115.3,114.6,1.9,0.0,815.7,0.0,34.3,664.9,116.4,952.9709401709403,-137.2709401709402,-14.404525299199268
Rayalseema,1901,7.0,50.2,0.0,12.1,38.9,53.0,73.4,60.3,109.0,81.6,137.2,91.3,714.0,57.2,51.0,295.6,310.1,764.9880341880342,-50.98803418803425,-6.665206762633019
Rayalseema,1902,10.0,0.2,1.7,11.0,36.8,73.6,41.3,148.3,181.7,188.5,88.9,36.4,818.4,10.1,49.6,444.9,313.8,764.9880341880342,53.41196581196573,6.9820655258559325
Rayalseema,1903,30.0,0.1,0.0,3.6,80.5,67.5,127.5,140.6,219.7,95.3,289.4,84.0,1138.2,30.1,84.1,555.3,468.7,764.9880341880342,373.2119658119658,48.786640984273255
Rayalseema,1904,14.8,0.0,1.7,7.1,58.8,39.8,75.1,19.4,84.7,111.5,4.4,16.1,433.4,14.8,67.6,219.0,132.0,764.9880341880342,-331.58803418803427,-43.34551906292038
Rayalseema,1905,6.5,6.8,17.0,18.3,44.2,66.1,50.9,219.3,36.5,180.2,55.4,2.0,703.4,13.3,79.6,372.9,237.6,764.9880341880342,-61.58803418803427,-8.050849351311019
Rayalseema,1906,115.3,7.2,6.8,2.1,9.6,84.1,127.9,154.4,130.4,107.7,35.0,132.2,912.6,122.4,18.5,496.8,274.9,764.9880341880342,147.61196581196577,19.29598362523965
Rayalseema,1907,1.1,0.0,6.5,82.5,8.6,50.5,100.5,34.3,97.7,60.0,140.7,58.0,640.4,1.1,97.7,283.0,258.7,764.9880341880342,-124.58803418803427,-16.28627228401987
Rayalseema,1908,5.7,4.3,4.7,5.5,41.2,36.2,65.0,45.5,222.6,151.8,27.9,6.8,617.1,10.0,51.4,369.3,186.4,764.9880341880342,-147.88803418803423,-19.33207155913282
Rayalseema,1909,89.2,0.0,0.0,42.2,105.4,34.8,61.5,290.1,205.0,29.4,12.8,0.3,870.6,89.2,147.6,591.4,42.4,764.9880341880342,105.61196581196577,13.805701670100415
Rayalseema,1910,0.6,2.1,0.7,13.1,33.3,46.5,197.9,188.2,165.3,205.1,148.4,0.0,1001.1,2.7,47.0,597.9,353.5,764.9880341880342,236.11196581196577,30.86479203071161
Rayalseema,1911,0.0,0.0,0.8,20.9,65.0,54.0,73.6,47.5,107.6,102.1,83.2,35.9,590.6,0.0,86.7,282.6,221.2,764.9880341880342,-174.38803418803423,-22.796178030827814
Rayalseema,1912,1.1,4.1,0.6,5.6,24.3,35.4,67.3,93.3,132.0,157.8,223.8,0.2,745.5,5.3,30.5,328.0,381.8,764.9880341880342,-19.48803418803425,-2.5474952962785933
Rayalseema,1913,0.0,0.4,0.9,10.8,52.8,37.0,93.3,36.9,122.1,184.2,12.3,65.6,616.3,0.4,64.4,289.3,262.2,764.9880341880342,-148.6880341880343,-19.436648358278337
Rayalseema,1914,2.4,1.3,1.2,23.5,53.2,65.3,72.5,130.0,171.9,83.4,61.3,12.4,678.3,3.6,77.9,439.6,157.1,764.9880341880342,-86.6880341880343,-11.331946424501375
Rayalseema,1915,44.9,4.8,80.2,11.9,47.4,55.3,155.3,59.7,167.9,64.6,225.1,5.9,923.1,49.7,139.5,438.2,295.6,764.9880341880342,158.11196581196577,20.668554114024456
Rayalseema,1916,0.0,1.3,0.0,7.9,32.9,48.1,210.1,160.2,182.9,252.5,140.9,10.4,1047.0,1.3,40.8,601.2,403.7,764.9880341880342,282.01196581196575,36.8648858816852
Rayalseema,1917,4.5,35.6,7.2,5.4,63.0,86.5,63.0,171.5,185.6,183.8,105.1,21.9,933.1,40.1,75.6,506.6,310.8,764.9880341880342,168.11196581196577,21.975764103343323
Rayalseema,1918,60.6,2.7,10.5,10.4,69.2,37.6,30.8,74.1,111.4,4.4,211.6,22.8,645.8,63.2,90.0,253.8,238.7,764.9880341880342,-119.1880341880343,-15.580378889787685
Rayalseema,1919,24.8,0.0,22.4,14.6,51.5,72.3,151.8,33.0,237.8,79.0,180.6,22.7,890.5,24.8,88.4,494.9,282.3,764.9880341880342,125.51196581196575,16.407049548844952
Rayalseema,1920,79.5,1.2,0.4,11.5,27.5,42.0,24.4,86.3,155.6,134.9,111.5,0.0,674.8,80.7,39.4,308.3,246.4,764.9880341880342,-90.1880341880343,-11.789469920762977
Rayalseema,1921,43.2,0.0,0.0,40.7,9.1,58.6,180.3,93.3,84.4,185.8,43.0,5.2,743.6,43.2,49.8,416.6,234.0,764.9880341880342,-21.388034188034226,-2.7958651942491746
Rayalseema,1922,36.9,0.0,0.0,12.0,52.0,48.4,64.8,85.0,34.8,120.0,306.3,10.0,770.3,36.9,64.0,233.1,436.3,764.9880341880342,5.311965811965706,0.6943854772321868
Rayalseema,1923,23.0,8.5,18.0,17.6,23.7,40.6,58.6,24.8,167.4,96.7,19.6,17.3,515.8,31.6,59.3,291.5,133.6,764.9880341880342,-249.1880341880343,-32.574108750932936
Rayalseema,1924,9.8,0.0,1.2,12.7,37.0,44.7,83.9,86.2,202.9,47.5,158.1,0.3,684.3,9.8,50.9,417.7,205.9,764.9880341880342,-80.6880341880343,-10.547620430910055
Rayalseema,1925,0.0,0.0,5.9,18.3,125.9,33.9,106.3,135.7,85.2,137.3,108.0,109.0,865.5,0.0,150.1,361.1,354.3,764.9880341880342,100.51196581196575,13.13902457554779
Rayalseema,1926,57.3,0.0,15.0,38.1,27.8,83.0,87.9,92.3,147.9,80.6,43.6,9.0,682.6,57.4,80.9,411.2,133.2,764.9880341880342,-82.38803418803423,-10.769846129094253
Rayalseema,1927,2.9,1.9,0.0,1.2,29.8,67.8,98.7,76.1,191.6,60.2,150.8,1.0,682.0,4.8,31.0,434.2,212.1,764.9880341880342,-82.98803418803425,-10.848278728453389
Rayalseema,1928,1.3,38.7,10.9,23.2,22.8,71.9,85.0,87.5,100.1,202.4,37.0,30.4,711.3,40.0,56.9,344.6,269.8,764.9880341880342,-53.688034188034294,-7.018153459749119
Rayalseema,1929,11.0,10.3,0.2,35.4,31.1,66.6,36.6,45.7,165.7,146.5,109.4,38.2,696.6,21.3,66.7,314.6,294.1,764.9880341880342,-68.38803418803423,-8.93975214404784
Rayalseema,1930,15.6,33.9,8.3,7.6,169.6,98.1,45.6,33.1,137.3,245.8,156.6,44.0,995.5,49.5,185.5,314.1,446.4,764.9880341880342,230.51196581196575,30.132754436693038
Rayalseema,1931,0.2,0.0,2.1,8.9,53.9,92.0,101.2,32.1,137.0,135.7,92.4,63.6,719.2,0.2,64.9,362.3,291.8,764.9880341880342,-45.7880341880342,-5.985457568187203
Rayalseema,1932,0.0,17.2,0.0,12.1,50.8,59.7,72.4,128.6,77.6,92.6,108.6,16.2,635.8,17.2,62.9,338.3,217.4,764.9880341880342,-129.1880341880343,-16.887588879106552
Rayalseema,1933,0.0,1.7,9.4,14.8,47.7,23.5,74.8,181.7,56.3,124.6,42.0,101.7,678.2,1.7,71.9,336.2,268.4,764.9880341880342,-86.7880341880342,-11.34501852439455
Rayalseema,1934,21.5,0.0,0.0,23.2,29.3,84.7,115.0,49.9,57.8,151.5,72.9,5.6,611.5,21.5,52.4,307.5,230.1,764.9880341880342,-153.48803418803425,-20.06410915315139
Rayalseema,1935,8.5,0.6,1.8,22.9,17.5,79.7,92.6,226.1,113.9,171.4,35.8,11.5,782.3,9.0,42.2,512.3,218.7,764.9880341880342,17.311965811965706,2.263037464414825
Rayalseema,1936,0.2,31.9,8.3,12.7,52.7,87.7,75.7,49.7,149.1,66.8,150.4,10.4,695.6,32.1,73.7,362.2,227.6,764.9880341880342,-69.38803418803423,-9.070473142979727
Rayalseema,1937,0.5,9.0,6.2,93.5,25.9,55.7,105.0,63.7,110.4,161.2,123.0,21.3,775.4,9.5,125.6,334.8,305.5,764.9880341880342,10.411965811965729,1.361062571784811
Rayalseema,1938,0.0,6.7,5.4,1.9,54.1,75.6,72.4,199.4,224.8,24.5,2.7,7.0,674.4,6.7,61.3,572.2,34.2,764.9880341880342,-90.58803418803427,-11.841758320335728
Rayalseema,1939,17.4,0.0,18.3,72.9,10.2,59.3,50.0,85.4,142.5,163.0,177.0,2.2,798.2,17.4,101.4,337.2,342.2,764.9880341880342,33.2119658119658,4.341501347431833
Rayalseema,1940,0.3,0.1,8.8,29.4,122.1,91.0,65.7,105.3,128.1,171.7,168.3,13.8,904.6,0.4,160.3,390.1,353.8,764.9880341880342,139.61196581196577,18.250215633784556
Rayalseema,1941,5.6,7.3,0.0,7.5,38.3,34.3,25.7,57.5,173.8,108.8,98.3,96.2,653.5,12.9,45.8,291.4,303.3,764.9880341880342,-111.48803418803425,-14.573827198012154
Rayalseema,1942,0.4,0.3,0.0,15.1,28.2,86.5,28.8,123.2,86.3,53.1,63.2,51.8,536.9,0.7,43.3,324.8,168.0,764.9880341880342,-228.08803418803427,-29.815895673470127
Rayalseema,1943,22.0,1.8,0.4,26.6,239.8,33.4,88.1,78.1,134.3,309.2,95.7,7.3,1036.5,23.7,266.8,333.9,412.1,764.9880341880342,271.51196581196575,35.49231539290039
Rayalseema,1944,0.2,10.4,86.9,9.9,21.2,87.5,144.2,69.0,151.5,180.0,141.1,15.7,917.4,10.6,118.0,452.0,336.8,764.9880341880342,152.41196581196573,19.9234444201127
Rayalseema,1945,0.0,0.0,0.0,22.5,36.7,35.1,160.8,107.6,105.2,60.0,75.6,0.5,604.1,0.0,59.2,408.8,136.1,764.9880341880342,-160.88803418803423,-21.031444545247346
Rayalseema,1946,1.7,4.1,7.9,11.8,41.8,42.6,60.0,88.4,151.1,87.4,258.2,198.7,953.7,5.8,61.4,342.2,544.3,764.9880341880342,188.7119658119658,24.66861668134019
Rayalseema,1947,23.2,1.4,0.8,10.3,20.3,65.6,124.0,136.2,126.2,87.4,17.2,11.8,624.3,24.6,31.4,452.0,116.3,764.9880341880342,-140.6880341880343,-18.390880366823247
Rayalseema,1948,4.2,1.1,4.1,32.5,36.9,33.2,82.9,105.8,77.7,108.8,113.4,8.1,608.9,5.3,73.6,299.7,230.3,764.9880341880342,-156.08803418803427,-20.403983750374298
Rayalseema,1949,0.0,0.0,0.1,9.1,68.9,115.6,137.8,163.1,180.9,98.0,53.1,0.0,826.5,0.0,78.0,597.3,151.2,764.9880341880342,61.51196581196575,8.040905617204215
Rayalseema,1950,0.2,5.9,3.4,0.7,38.3,31.4,66.8,85.2,136.4,101.5,40.9,0.2,510.9,6.1,42.4,319.8,142.6,764.9880341880342,-254.08803418803427,-33.214641645699174
Rayalseema,1951,0.0,0.1,16.1,45.9,78.4,54.8,106.7,56.9,65.6,72.1,41.7,0.1,538.4,0.1,140.4,284.0,113.9,764.9880341880342,-226.58803418803427,-29.619814175072296
Rayalseema,1952,0.0,4.3,1.2,12.2,183.5,55.8,59.6,81.9,52.6,108.7,7.4,134.2,701.2,4.3,196.9,249.8,250.2,764.9880341880342,-63.7880341880342,-8.338435548961161
Rayalseema,1953,1.2,0.5,0.0,39.2,19.8,63.7,125.2,58.7,141.9,309.4,35.7,0.3,795.7,1.7,59.0,389.5,345.4,764.9880341880342,30.711965811965797,4.014698850102116
Rayalseema,1954,13.4,0.0,11.9,8.8,35.4,50.6,208.4,79.3,73.0,222.4,0.0,82.0,785.4,13.4,56.1,411.4,304.5,764.9880341880342,20.41196581196573,2.6682725611036764
Rayalseema,1955,15.2,1.0,4.8,13.8,135.6,42.5,107.3,183.2,118.8,98.9,62.3,33.0,816.4,16.2,154.3,451.7,194.1,764.9880341880342,51.41196581196573,6.720623527992159
Rayalseema,1956,3.6,0.1,0.0,56.2,59.4,90.6,144.0,72.3,168.6,220.3,79.7,36.0,931.0,3.7,115.6,475.6,336.0,764.9880341880342,166.01196581196575,21.70125000558636
Rayalseema,1957,1.0,0.4,11.0,11.4,41.2,119.2,77.0,89.2,73.2,79.1,69.1,0.0,571.7,1.4,63.7,358.5,148.2,764.9880341880342,-193.2880341880342,-25.266804910640467
Rayalseema,1958,2.6,6.2,4.4,30.8,44.1,31.1,65.6,219.2,93.5,202.7,88.2,19.8,808.4,8.8,79.3,409.5,310.7,764.9880341880342,43.41196581196573,5.674855536537066
Rayalseema,1959,0.2,5.2,0.0,19.0,39.4,102.7,89.1,92.8,132.9,77.5,61.6,15.3,635.8,5.4,58.4,417.5,154.4,764.9880341880342,-129.1880341880343,-16.887588879106552
Rayalseema,1960,0.5,0.0,5.0,6.6,41.5,55.5,89.9,27.1,224.0,59.8,227.1,7.2,744.0,0.5,53.1,396.5,294.0,764.9880341880342,-20.98803418803425,-2.743576794676423
Rayalseema,1961,2.4,7.9,0.5,3.0,41.4,96.2,112.5,124.7,54.3,141.5,62.8,4.2,651.5,10.4,44.9,387.7,208.5,764.9880341880342,-113.48803418803425,-14.835269195875927
Rayalseema,1962,1.9,4.0,5.4,44.8,77.5,54.2,40.4,117.1,140.7,231.4,34.4,64.4,816.3,5.9,127.7,352.5,330.3,764.9880341880342,51.311965811965706,6.7075514280989665
Rayalseema,1963,7.1,0.3,10.1,38.1,26.4,77.6,82.6,148.2,95.9,159.7,33.0,30.0,709.1,7.4,74.6,404.4,222.7,764.9880341880342,-55.888034188034226,-7.30573965739926
Rayalseema,1964,0.0,0.0,0.0,2.0,12.0,56.6,213.4,89.4,225.2,51.0,128.4,13.6,791.6,0.0,13.9,584.5,193.1,764.9880341880342,26.611965811965774,3.4787427544813787
Rayalseema,1965,0.6,0.6,5.5,40.2,15.6,47.2,78.6,168.8,109.4,13.2,62.2,54.3,595.9,1.2,61.2,403.9,129.7,764.9880341880342,-169.08803418803427,-22.10335673648882
Rayalseema,1966,6.1,0.2,0.0,9.7,45.2,94.5,96.7,129.1,143.9,94.2,247.9,36.6,904.1,6.3,54.9,464.2,378.7,764.9880341880342,139.11196581196577,18.184855134318614
Rayalseema,1967,16.8,0.0,34.7,7.3,51.5,62.7,127.3,48.9,140.9,100.3,43.2,104.2,737.6,16.8,93.4,379.9,247.6,764.9880341880342,-27.388034188034226,-3.580191187840494
Rayalseema,1968,0.1,2.6,10.8,38.1,21.2,45.2,77.9,13.6,150.4,113.7,83.6,66.8,623.9,2.6,70.1,287.0,264.2,764.9880341880342,-141.08803418803427,-18.443168766396
Rayalseema,1969,0.0,0.0,0.9,5.0,55.3,61.2,118.1,126.6,49.3,258.1,109.0,58.8,842.4,0.0,61.2,355.3,425.9,764.9880341880342,77.41196581196573,10.119369500221207
Rayalseema,1970,0.1,14.2,2.9,12.3,76.7,57.7,107.5,201.3,131.2,107.9,64.1,0.5,776.4,14.3,91.9,497.6,172.6,764.9880341880342,11.411965811965729,1.4917835707166978
Rayalseema,1971,3.6,4.8,20.0,27.7,52.1,35.3,60.5,98.5,90.7,163.4,40.8,23.8,621.1,8.3,99.8,285.0,227.9,764.9880341880342,-143.88803418803423,-18.809187563405274
Rayalseema,1972,3.2,0.7,0.0,13.8,89.2,110.8,30.8,27.4,131.5,218.1,108.3,92.3,826.0,3.9,103.0,300.4,418.7,764.9880341880342,61.01196581196575,7.975545117738273
Rayalseema,1973,0.0,0.0,0.1,1.5,30.2,51.1,80.4,150.2,141.9,164.1,34.2,35.7,689.5,0.0,31.8,423.6,234.0,764.9880341880342,-75.48803418803425,-9.86787123646424
Rayalseema,1974,0.0,0.0,0.0,7.8,61.7,67.3,94.5,68.5,204.9,194.1,29.5,0.0,728.5,0.0,69.6,435.3,223.6,764.9880341880342,-36.48803418803425,-4.769752278120664
Rayalseema,1975,0.8,0.1,4.9,3.8,46.8,46.0,176.9,133.7,156.7,345.5,121.0,5.3,1041.6,0.9,55.5,513.4,471.8,764.9880341880342,276.61196581196566,36.158992487453
Rayalseema,1976,0.9,0.0,0.0,11.7,14.6,70.4,134.7,189.3,50.1,137.9,203.8,3.6,817.0,0.9,26.3,444.5,345.3,764.9880341880342,52.01196581196575,6.799056127351294
Rayalseema,1977,0.4,0.4,2.2,22.5,70.4,98.6,87.4,140.2,51.3,217.0,175.1,1.0,866.6,0.8,95.2,377.4,393.2,764.9880341880342,101.61196581196577,13.282817674372868
Rayalseema,1978,1.6,7.4,0.5,30.6,33.0,61.7,130.0,93.3,196.2,80.0,143.4,91.4,869.3,9.1,64.1,481.3,314.8,764.9880341880342,104.3119658119657,13.635764371488953
Rayalseema,1979,3.2,19.4,0.0,7.0,96.6,49.7,72.2,79.7,155.3,61.5,256.6,12.3,813.4,22.6,103.6,356.8,330.4,764.9880341880342,48.41196581196573,6.328460531196499
Rayalseema,1980,0.0,0.0,1.5,6.6,29.5,58.3,79.5,110.5,62.9,38.6,158.7,27.5,573.7,0.0,37.7,311.1,224.8,764.9880341880342,-191.2880341880342,-25.00536291277669
Rayalseema,1981,7.9,0.0,20.5,10.4,39.3,61.4,100.7,115.2,210.0,141.7,37.6,40.6,785.2,7.9,70.3,487.1,219.9,764.9880341880342,20.211965811965797,2.6421283613173077
Rayalseema,1982,0.9,0.0,0.6,11.3,37.3,76.7,72.7,32.2,105.5,127.8,130.4,0.0,595.6,0.9,49.2,287.2,258.2,764.9880341880342,-169.38803418803423,-22.142573036168383
Rayalseema,1983,0.0,1.0,3.9,4.7,54.6,54.8,110.0,193.0,272.5,125.1,35.9,87.5,943.0,1.0,63.2,630.3,248.6,764.9880341880342,178.01196581196575,23.269901992768997
Rayalseema,1984,6.5,81.0,28.4,12.4,10.1,27.8,162.1,19.1,130.9,79.3,127.6,47.8,733.0,87.5,51.0,340.0,254.7,764.9880341880342,-31.98803418803425,-4.1815077829271745
Rayalseema,1985,17.7,0.0,4.2,11.9,13.7,52.1,134.3,77.8,72.3,121.1,140.2,40.6,685.8,17.7,29.8,336.4,301.9,764.9880341880342,-79.1880341880343,-10.351538932512225
Rayalseema,1986,68.8,14.5,0.0,9.2,17.0,58.7,55.9,54.7,106.9,103.1,81.8,10.3,580.9,83.3,26.2,276.3,195.2,764.9880341880342,-184.08803418803427,-24.06417172046712
Rayalseema,1987,5.1,0.0,11.9,7.9,28.7,56.9,28.8,154.5,88.0,178.4,120.3,88.9,769.5,5.1,48.5,328.3,387.6,764.9880341880342,4.5119658119657515,0.5898086780866835
Rayalseema,1988,0.6,0.4,4.0,43.0,52.9,24.8,178.0,217.6,186.1,42.8,61.3,30.7,842.3,1.1,99.9,606.5,134.8,764.9880341880342,77.3119658119657,10.106297400328017
Rayalseema,1989,0.0,0.0,25.4,2.2,24.0,50.4,245.2,26.6,146.8,51.2,75.7,46.1,693.7,0.0,51.5,469.1,173.0,764.9880341880342,-71.2880341880342,-9.31884304095031
Rayalseema,1990,2.1,5.5,16.9,8.1,138.8,48.9,62.3,100.1,184.7,186.0,166.4,10.9,930.7,7.6,163.8,396.0,363.3,764.9880341880342,165.7119658119658,21.662033705906797
Rayalseema,1991,11.5,0.0,6.2,26.3,32.4,187.6,79.8,101.6,99.9,191.0,219.6,11.7,967.5,11.5,64.9,468.9,422.3,764.9880341880342,202.51196581196575,26.472566466600217
Rayalseema,1992,7.7,0.0,0.0,17.1,41.5,39.3,90.5,89.9,73.5,89.3,142.7,4.6,596.0,7.7,58.6,293.2,236.6,764.9880341880342,-168.98803418803425,-22.090284636595626
Rayalseema,1993,0.0,6.7,17.0,11.3,49.3,41.9,109.5,123.7,128.0,172.7,132.3,94.5,887.1,6.7,77.6,403.2,399.6,764.9880341880342,122.11196581196577,15.962598152476543
Rayalseema,1994,5.3,13.2,2.1,25.1,43.8,34.4,91.5,107.8,38.0,207.4,101.1,20.8,690.5,18.6,71.0,271.6,329.3,764.9880341880342,-74.48803418803425,-9.737150237532353
Rayalseema,1995,28.1,4.8,12.8,10.4,136.4,69.4,156.1,182.1,94.0,130.9,45.0,4.3,874.3,32.9,159.6,501.6,180.1,764.9880341880342,109.3119658119657,14.289369366148385
Rayalseema,1996,0.0,0.9,2.4,36.6,32.9,270.7,72.2,183.8,210.1,279.2,44.3,144.6,1277.7,0.9,71.9,736.8,468.1,764.9880341880342,512.7119658119658,67.02222033527143
Rayalseema,1997,16.5,1.4,16.9,33.6,36.2,73.7,40.8,80.7,207.4,103.8,145.3,78.8,835.0,17.9,86.6,402.5,327.9,764.9880341880342,70.01196581196575,9.152034108125251
Rayalseema,1998,0.2,3.1,4.3,32.7,29.0,52.8,126.5,164.7,202.0,146.6,141.3,44.7,948.1,3.3,66.0,546.1,332.6,764.9880341880342,183.11196581196577,23.936579087321622
Rayalseema,1999,0.8,5.1,0.5,11.1,68.8,57.6,50.6,97.4,63.3,100.2,69.8,12.0,537.2,5.8,80.4,268.8,182.1,764.9880341880342,-227.7880341880342,-29.77667937379055
Rayalseema,2000,0.0,34.3,0.2,22.1,73.8,92.7,94.7,241.5,102.9,134.7,37.7,36.7,871.3,34.3,96.1,531.8,209.1,764.9880341880342,106.3119658119657,13.897206369352727
Rayalseema,2001,7.7,0.0,6.5,68.2,24.5,24.0,70.1,95.8,195.5,352.5,41.7,38.1,924.5,7.7,99.2,385.4,432.3,764.9880341880342,159.51196581196575,20.851563512529093
Rayalseema,2002,25.6,3.2,7.7,17.5,55.0,90.8,42.9,69.8,78.2,167.5,44.2,12.9,615.2,28.8,80.2,281.6,224.6,764.9880341880342,-149.7880341880342,-19.5804414571034
Rayalseema,2003,0.0,1.3,26.1,15.0,4.1,57.4,183.4,116.4,124.9,175.5,11.7,9.6,725.5,1.3,45.2,482.2,196.8,764.9880341880342,-39.48803418803425,-5.161915274916324
Rayalseema,2004,10.2,4.3,12.9,35.1,149.7,39.8,122.9,23.1,153.7,124.4,65.6,0.0,741.7,14.5,197.7,339.5,190.1,764.9880341880342,-23.288034188034203,-3.0442350922197563
Rayalseema,2005,1.3,13.6,14.7,38.5,48.4,51.2,133.2,106.6,127.6,304.8,144.8,81.7,1066.4,14.9,101.6,418.6,531.2,764.9880341880342,301.41196581196584,39.400873260963806
Rayalseema,2006,0.2,0.0,32.8,9.7,62.7,85.8,43.2,72.0,144.7,88.4,78.6,20.0,638.1,0.2,105.2,345.7,187.0,764.9880341880342,-126.88803418803423,-16.5869305815632
Rayalseema,2007,0.0,0.5,0.1,6.0,15.1,208.2,83.8,186.9,186.0,176.9,35.3,81.8,980.6,0.5,21.2,665.0,294.0,764.9880341880342,215.61196581196577,28.185011552607932
Rayalseema,2008,6.4,18.7,62.9,4.1,42.1,31.7,81.4,104.9,121.7,126.0,192.1,5.9,798.0,25.1,109.1,339.8,323.9,764.9880341880342,33.01196581196575,4.315357147645449
Rayalseema,2009,0.5,0.0,5.3,8.4,47.4,68.9,33.2,128.5,155.8,69.3,135.6,35.4,688.2,0.5,61.1,386.4,240.3,764.9880341880342,-76.7880341880342,-10.037808535075685
Rayalseema,2010,4.7,0.8,0.6,13.0,65.4,108.3,187.6,155.0,122.9,83.4,175.1,46.7,963.5,5.5,79.0,573.8,305.2,764.9880341880342,198.51196581196575,25.94968247087267
Rayalseema,2011,0.8,12.1,0.0,34.6,33.0,44.5,128.9,163.6,71.2,107.5,106.9,35.1,738.0,12.8,67.6,408.2,249.4,764.9880341880342,-26.98803418803425,-3.5279027882677423
Rayalseema,2012,2.7,0.0,2.5,32.7,38.8,47.0,139.7,120.0,69.5,113.7,86.6,61.9,715.0,2.7,74.0,376.2,262.1,764.9880341880342,-49.98803418803425,-6.534485763701133
Rayalseema,2013,1.3,30.6,11.5,26.8,38.9,73.8,95.7,110.3,163.2,169.3,38.6,2.6,762.6,31.9,77.3,443.0,210.5,764.9880341880342,-2.3880341880342257,-0.31216621454333054
Rayalseema,2014,0.2,0.7,12.5,5.1,46.7,66.3,68.7,115.1,81.4,104.6,37.8,12.8,551.8,0.9,64.2,331.5,155.2,764.9880341880342,-213.1880341880343,-27.86815278938502
Rayalseema,2015,1.9,0.0,13.4,73.4,39.7,73.0,43.1,123.6,136.3,106.7,383.8,52.2,1047.1,1.9,126.4,376.0,542.8,764.9880341880342,282.11196581196566,36.877957981578376
Rayalseema,2016,7.9,0.0,0.8,0.4,80.5,128.6,131.0,41.5,90.8,14.1,5.4,54.4,555.4,7.9,81.7,391.9,73.9,764.9880341880342,-209.58803418803427,-27.397557193230227
Rayalseema,2017,3.9,0.0,12.8,8.8,39.9,88.9,52.2,171.6,194.6,221.1,33.3,7.4,834.5,3.9,61.5,507.2,261.8,764.9880341880342,69.51196581196575,9.086673608659309
Tamil Nadu,1901,24.5,39.1,21.7,36.0,74.0,41.8,49.3,67.9,191.1,122.3,212.3,80.4,960.3,63.6,131.6,350.1,415.0,940.4700854700855,19.829914529914504,2.1085109283409795
Tamil Nadu,1902,67.2,9.8,25.1,21.9,84.7,39.3,55.1,113.8,98.6,282.2,174.9,165.8,1138.2,77.0,131.7,306.7,622.9,940.4700854700855,197.7299145299146,21.024583087199535
Tamil Nadu,1903,19.3,7.8,1.7,18.2,128.5,58.5,72.6,115.0,210.4,128.1,200.5,203.2,1163.9,27.1,148.4,456.5,531.9,940.4700854700855,223.42991452991464,23.757259053937396
Tamil Nadu,1904,35.2,0.1,0.7,19.5,121.9,34.9,89.0,40.4,85.7,163.2,23.6,49.1,663.1,35.3,142.1,249.9,235.8,940.4700854700855,-277.3700854700854,-29.49270686599718
Tamil Nadu,1905,6.5,7.5,17.2,64.8,83.7,49.8,39.0,101.8,73.5,250.4,123.7,3.2,821.1,14.0,165.7,264.1,377.2,940.4700854700855,-119.37008547008543,-12.69259780978779
Tamil Nadu,1906,52.4,12.9,17.0,8.5,39.6,43.6,76.0,195.2,65.3,162.8,189.1,127.7,990.2,65.4,65.1,380.0,479.6,940.4700854700855,49.729914529914595,5.287772072522387
Tamil Nadu,1907,8.4,1.2,25.0,78.9,56.6,46.1,70.4,58.2,117.2,160.4,200.0,63.2,885.6,9.6,160.5,291.9,423.6,940.4700854700855,-54.87008547008543,-5.834325441904844
Tamil Nadu,1908,16.8,36.9,25.0,24.5,70.3,34.2,37.5,48.4,154.2,261.0,36.1,20.1,765.0,53.7,119.8,274.3,317.2,940.4700854700855,-175.47008547008545,-18.65769982278366
Tamil Nadu,1909,116.5,11.2,7.7,68.6,117.4,30.8,36.1,206.6,106.1,158.0,74.7,20.8,954.6,127.7,193.8,379.7,253.6,940.4700854700855,14.129914529914572,1.5024310446676103
Tamil Nadu,1910,9.2,21.2,2.4,26.8,64.7,51.5,148.1,142.0,52.4,278.0,146.7,0.6,943.7,30.4,93.8,394.2,425.3,940.4700854700855,3.229914529914595,0.34343617939747134
Tamil Nadu,1911,2.8,1.1,6.0,30.8,72.1,70.7,50.3,28.9,120.5,125.6,176.2,130.1,814.9,3.9,108.9,270.3,431.9,940.4700854700855,-125.57008547008547,-13.351842595537782
Tamil Nadu,1912,5.9,2.8,2.9,18.5,64.2,46.7,34.8,74.2,126.7,244.2,259.3,23.9,904.1,8.7,85.6,282.4,527.5,940.4700854700855,-36.37008547008543,-3.8672240650702
Tamil Nadu,1913,2.9,3.2,6.6,21.0,64.6,29.7,58.7,62.3,124.8,203.4,184.1,117.7,878.8,6.1,92.2,275.4,505.1,940.4700854700855,-61.670085470085496,-6.557368110146775
Tamil Nadu,1914,5.7,1.9,5.6,34.6,57.1,37.9,37.6,98.4,132.2,281.2,129.1,132.0,953.3,7.6,97.3,306.1,542.3,940.4700854700855,12.829914529914504,1.364202299268412
Tamil Nadu,1915,35.1,18.1,43.6,37.0,52.4,66.4,117.7,82.9,133.0,99.9,241.0,61.5,988.5,53.2,133.0,399.9,402.3,940.4700854700855,48.02991452991455,5.1070114054619005
Tamil Nadu,1916,0.1,3.2,3.1,19.2,61.1,34.5,168.6,125.5,94.7,208.6,145.7,33.2,897.4,3.3,83.3,423.4,387.5,940.4700854700855,-43.07008547008547,-4.5796337528968065
Tamil Nadu,1917,14.3,39.1,32.3,11.9,77.5,72.4,45.1,155.7,163.5,123.1,167.5,45.9,948.3,53.4,121.7,436.7,336.5,940.4700854700855,7.829914529914504,0.832553278502292
Tamil Nadu,1918,80.9,5.4,25.9,9.9,81.8,36.2,40.8,58.6,47.0,81.8,315.1,88.4,871.7,86.3,117.6,182.5,485.3,940.4700854700855,-68.7700854700854,-7.312309719634655
Tamil Nadu,1919,22.9,0.8,16.2,25.0,88.5,49.9,87.8,51.6,162.7,152.4,264.4,106.4,1028.6,23.7,129.7,352.0,523.2,940.4700854700855,88.12991452991446,9.370836552006171
Tamil Nadu,1920,135.9,3.1,3.7,67.3,59.6,47.3,37.3,74.8,156.3,159.4,404.9,4.7,1154.2,139.0,130.5,315.7,569.0,940.4700854700855,213.7299145299146,22.725859953651117
Tamil Nadu,1921,141.2,0.0,1.7,72.3,39.5,55.7,92.5,129.6,78.3,236.4,76.0,56.1,979.4,141.3,113.5,356.1,368.6,940.4700854700855,38.92991452991453,4.13941018766756
Tamil Nadu,1922,41.9,18.1,2.5,34.9,100.1,48.8,45.4,87.1,75.3,262.8,291.8,71.6,1080.5,60.1,137.5,256.7,626.2,940.4700854700855,140.02991452991455,14.889353387558508
Tamil Nadu,1923,136.0,2.5,50.1,26.6,30.8,33.7,40.5,39.8,99.8,220.3,44.3,109.7,834.1,138.5,107.5,213.8,374.3,940.4700854700855,-106.37008547008543,-11.31031035579588
Tamil Nadu,1924,29.7,0.7,31.3,30.2,75.4,54.9,113.9,87.1,170.8,107.1,163.5,30.6,895.1,30.4,136.9,426.7,301.2,940.4700854700855,-45.37008547008543,-4.824192302449217
Tamil Nadu,1925,17.6,4.6,57.2,30.1,85.0,50.6,38.7,91.7,77.3,148.9,229.0,182.8,1013.3,22.1,172.2,258.3,560.8,940.4700854700855,72.8299145299145,7.74399054846185
Tamil Nadu,1926,88.0,2.2,30.4,41.4,53.7,38.7,73.8,70.5,120.2,151.5,119.2,26.1,815.6,90.2,125.5,303.2,296.7,940.4700854700855,-124.87008547008543,-13.277411732630522
Tamil Nadu,1927,18.0,21.6,17.2,50.7,73.7,83.1,65.9,77.8,131.0,87.2,171.3,32.5,829.9,39.6,141.6,357.8,291.0,940.4700854700855,-110.57008547008547,-11.756895533239424
Tamil Nadu,1928,21.0,54.9,24.0,56.9,51.0,41.1,75.5,95.2,59.7,219.0,173.8,98.8,970.8,75.9,131.9,271.5,491.6,940.4700854700855,30.329914529914504,3.2249738719498313
Tamil Nadu,1929,20.4,29.2,9.4,107.3,50.7,63.2,48.9,70.7,135.1,161.2,192.0,89.6,977.7,49.6,167.4,317.9,442.8,940.4700854700855,37.229914529914595,3.9586495206070866
Tamil Nadu,1930,53.6,60.3,21.4,34.4,165.7,68.9,38.9,66.7,94.2,436.1,186.5,48.7,1275.4,113.9,221.4,268.7,671.4,940.4700854700855,334.92991452991464,35.61303221702187
Tamil Nadu,1931,22.7,0.0,3.3,55.6,54.2,40.8,77.3,81.7,104.7,120.3,183.4,295.8,1039.8,22.7,113.0,304.4,599.5,940.4700854700855,99.3299145299145,10.561730358522285
Tamil Nadu,1932,0.7,31.9,7.3,62.9,109.6,43.0,56.5,163.5,61.6,247.4,246.9,78.5,1109.8,32.6,179.8,324.6,572.8,940.4700854700855,169.3299145299145,18.004816649247964
Tamil Nadu,1933,2.7,5.0,41.2,52.5,105.3,36.9,60.7,169.9,104.5,201.8,124.5,105.9,1010.9,7.7,199.1,372.0,432.2,940.4700854700855,70.42991452991453,7.488799018494115
Tamil Nadu,1934,99.8,0.1,11.6,34.6,49.6,73.5,57.5,56.4,38.1,303.4,99.2,15.9,839.7,99.9,95.9,225.5,418.4,940.4700854700855,-100.7700854700854,-10.714863452537822
Tamil Nadu,1935,37.5,2.5,9.3,63.9,23.7,60.0,38.6,153.4,78.6,192.4,147.6,86.3,893.9,40.0,96.9,330.6,426.3,940.4700854700855,-46.57008547008547,-4.95178806743309
Tamil Nadu,1936,1.9,51.1,55.3,35.7,74.4,56.3,85.5,59.4,122.0,103.7,234.5,64.7,944.5,53.0,165.3,323.2,402.9,940.4700854700855,4.029914529914549,0.4285000227200457
Tamil Nadu,1937,10.7,16.7,26.7,96.1,59.9,42.3,51.1,118.1,105.7,189.8,280.1,22.8,1020.1,27.4,182.7,317.2,492.8,940.4700854700855,79.62991452991457,8.467033216703781
Tamil Nadu,1938,1.2,52.1,34.8,44.5,54.3,53.0,101.4,146.3,116.8,87.5,39.3,51.8,783.2,53.3,133.7,417.5,178.6,940.4700854700855,-157.2700854700854,-16.722497387194977
Tamil Nadu,1939,31.1,5.0,26.0,132.1,60.0,60.4,35.1,91.3,96.2,243.8,266.2,8.6,1055.8,36.1,218.1,283.0,518.6,940.4700854700855,115.3299145299145,12.263007224973869
Tamil Nadu,1940,0.9,0.7,12.6,82.8,131.5,85.2,59.0,69.4,121.2,152.0,367.8,95.4,1178.5,1.6,226.9,334.8,615.2,940.4700854700855,238.02991452991455,25.309674194574455
Tamil Nadu,1941,31.7,4.4,1.4,58.6,70.9,47.1,69.6,84.7,166.4,148.1,216.4,107.5,1006.9,36.1,130.9,367.8,472.1,940.4700854700855,66.42991452991453,7.06347980188122
Tamil Nadu,1942,0.5,0.6,6.0,78.6,61.3,53.1,54.9,110.1,120.8,146.5,68.0,146.9,847.3,1.1,145.8,338.9,361.4,940.4700854700855,-93.1700854700855,-9.90675694097333
Tamil Nadu,1943,112.0,18.5,10.8,72.1,204.4,43.2,75.3,78.8,101.1,310.6,117.4,43.2,1187.3,130.5,287.3,298.4,471.1,940.4700854700855,246.8299145299145,26.24537647112282
Tamil Nadu,1944,18.4,34.6,83.5,32.7,46.1,81.8,73.8,104.7,143.5,188.8,288.8,130.9,1227.6,53.0,162.3,403.9,608.5,940.4700854700855,287.12991452991446,30.530467578497746
Tamil Nadu,1945,4.6,5.5,5.0,74.7,38.2,22.0,75.1,110.1,58.6,168.4,206.8,15.0,784.0,10.1,117.9,265.7,390.3,940.4700854700855,-156.47008547008545,-16.6374335438724
Tamil Nadu,1946,19.8,1.0,46.4,45.7,76.4,56.8,59.3,87.7,140.8,175.5,311.2,273.5,1294.1,20.8,168.4,344.7,760.2,940.4700854700855,353.62991452991446,37.601399554687134
Tamil Nadu,1947,59.5,14.8,54.4,92.8,40.9,54.1,125.5,113.4,127.6,205.9,30.5,20.0,939.5,74.3,188.2,420.7,256.4,940.4700854700855,-0.9700854700854507,-0.10314899804607419
Tamil Nadu,1948,51.7,9.9,10.6,35.3,72.5,67.5,79.8,102.3,68.8,145.4,226.2,36.6,906.7,61.6,118.4,318.4,408.3,940.4700854700855,-33.770085470085405,-3.590766574271816
Tamil Nadu,1949,8.6,3.0,0.6,62.3,98.2,75.6,113.6,148.2,82.3,159.4,86.4,2.3,840.7,11.6,161.2,419.7,248.1,940.4700854700855,-99.7700854700854,-10.608533648384597
Tamil Nadu,1950,2.4,68.0,16.8,11.8,54.5,31.2,56.1,125.3,85.5,160.6,100.7,34.6,747.5,70.4,83.1,298.1,296.0,940.4700854700855,-192.97008547008545,-20.518471395465077
Tamil Nadu,1951,11.7,0.8,26.7,115.2,83.0,30.8,83.6,94.7,113.4,98.3,187.2,9.6,855.1,12.6,224.9,322.5,295.1,940.4700854700855,-85.37008547008543,-9.077384468578176
Tamil Nadu,1952,13.7,47.7,8.9,29.5,58.7,32.9,74.3,73.7,38.2,123.8,47.2,167.6,716.4,61.4,97.1,219.2,338.7,940.4700854700855,-224.07008547008547,-23.825328304630347
Tamil Nadu,1953,13.0,15.8,4.8,97.8,45.8,67.6,111.7,86.2,131.1,278.2,97.1,18.9,968.0,28.8,148.5,396.5,394.2,940.4700854700855,27.52991452991455,2.927250420320809
Tamil Nadu,1954,77.5,2.7,58.2,54.2,77.9,35.5,118.5,147.2,34.0,271.0,32.6,107.0,1016.3,80.2,190.3,335.1,410.6,940.4700854700855,75.8299145299145,8.062979960921522
Tamil Nadu,1955,35.7,1.3,10.3,85.3,149.4,47.8,73.4,88.1,128.2,165.2,130.6,145.3,1060.6,37.0,245.0,337.4,441.1,940.4700854700855,120.12991452991446,12.77339028490934
Tamil Nadu,1956,22.9,0.5,1.0,34.3,35.1,98.0,46.0,99.2,126.4,255.8,225.5,45.1,989.7,23.4,70.4,369.6,526.3,940.4700854700855,49.229914529914595,5.234607170445774
Tamil Nadu,1957,1.2,10.3,15.1,14.8,81.1,65.4,64.0,60.8,73.5,203.3,200.4,77.1,866.9,11.5,111.0,263.6,480.8,940.4700854700855,-73.57008547008547,-7.822692779570136
Tamil Nadu,1958,12.1,6.0,27.2,49.4,114.7,33.0,47.3,147.7,80.0,155.2,154.4,25.5,852.5,18.1,191.3,308.0,335.2,940.4700854700855,-87.97008547008545,-9.35384195937656
Tamil Nadu,1959,3.7,34.8,0.1,51.4,68.2,83.5,60.6,62.1,99.1,187.0,190.4,53.4,894.3,38.5,119.7,305.3,430.8,940.4700854700855,-46.170085470085496,-4.909256145771803
Tamil Nadu,1960,5.5,9.9,21.0,60.0,60.9,35.9,146.8,55.6,108.4,134.5,354.1,21.2,1013.9,15.4,141.9,346.7,509.9,940.4700854700855,73.42991452991453,7.807788430953787
Tamil Nadu,1961,76.0,12.7,2.2,23.9,71.9,73.8,99.4,110.4,122.2,154.7,107.5,56.1,910.7,88.6,98.0,405.7,318.3,940.4700854700855,-29.770085470085405,-3.1654473576589197
Tamil Nadu,1962,10.0,23.6,13.6,48.4,114.1,44.0,56.7,130.5,114.8,275.7,63.1,47.1,941.6,33.6,176.2,345.9,385.9,940.4700854700855,1.129914529914572,0.12014359067569857
Tamil Nadu,1963,76.2,4.8,39.1,56.5,45.1,49.9,93.1,88.7,115.0,173.4,195.0,135.9,1072.8,81.0,140.7,346.8,504.3,940.4700854700855,132.3299145299145,14.070613895578676
Tamil Nadu,1964,1.6,1.2,15.5,11.4,56.8,31.3,174.7,100.8,92.3,187.7,166.4,70.9,910.6,2.7,83.8,399.1,424.9,940.4700854700855,-29.870085470085428,-3.176080338074245
Tamil Nadu,1965,1.8,7.2,10.1,63.8,40.9,33.5,55.4,169.8,92.7,123.9,120.3,202.3,921.8,9.0,114.8,351.4,446.6,940.4700854700855,-18.670085470085496,-1.9851865315581432
Tamil Nadu,1966,16.0,1.6,11.9,33.4,51.8,51.6,76.4,143.4,166.1,290.6,224.3,99.8,1166.9,17.6,97.1,437.5,614.7,940.4700854700855,226.42991452991464,24.076248466397068
Tamil Nadu,1967,28.9,1.0,40.4,19.3,47.6,69.1,69.4,81.2,76.2,182.3,127.1,156.7,899.1,29.9,107.2,295.9,466.1,940.4700854700855,-41.37008547008543,-4.39887308583632
Tamil Nadu,1968,4.6,5.6,36.5,85.9,46.9,47.9,53.7,65.0,137.7,111.8,121.1,72.7,789.4,10.2,169.3,304.3,305.6,940.4700854700855,-151.07008547008547,-16.063252601444997
Tamil Nadu,1969,1.5,7.2,3.5,32.1,57.0,30.4,60.9,139.7,36.8,275.1,190.5,127.1,961.8,8.7,92.6,267.8,592.7,940.4700854700855,21.329914529914504,2.2680056345708155
Tamil Nadu,1970,15.9,18.0,9.2,61.8,85.4,51.6,88.9,98.5,102.4,195.1,199.9,15.3,942.1,34.0,156.5,341.3,410.3,940.4700854700855,1.629914529914572,0.17330849275231058
Tamil Nadu,1971,19.3,11.1,37.8,40.6,75.7,46.9,87.2,127.8,109.0,221.3,71.3,199.6,1047.6,30.4,154.2,370.9,492.2,940.4700854700855,107.12991452991446,11.391102830917427
Tamil Nadu,1972,4.0,1.2,1.0,14.0,151.1,55.1,49.2,42.7,175.3,273.1,126.0,200.6,1093.4,5.2,166.2,322.3,599.8,940.4700854700855,152.92991452991464,16.261007861135106
Tamil Nadu,1973,0.3,0.2,5.3,20.7,57.0,63.5,92.3,87.6,130.4,195.2,79.1,127.1,858.5,0.5,82.9,373.7,401.4,940.4700854700855,-81.97008547008545,-8.715863134457216
Tamil Nadu,1974,0.6,8.9,6.7,30.4,59.5,40.6,79.8,63.5,178.0,114.8,47.8,22.2,652.8,9.4,96.6,361.9,184.8,940.4700854700855,-287.6700854700855,-30.587903848775394
Tamil Nadu,1975,6.0,4.3,34.8,20.8,80.8,46.8,129.1,121.3,147.8,165.3,130.3,36.4,923.6,10.3,136.3,445.0,332.0,940.4700854700855,-16.870085470085428,-1.793792884082333
Tamil Nadu,1976,1.2,0.2,8.4,50.1,33.8,48.6,64.0,129.9,83.7,137.6,244.9,56.6,858.9,1.4,92.3,326.1,439.1,940.4700854700855,-81.57008547008547,-8.67333121279593
Tamil Nadu,1977,1.4,24.8,10.4,45.5,104.1,50.6,55.4,128.3,118.6,347.5,346.8,12.6,1246.0,26.2,160.0,353.0,706.9,940.4700854700855,305.52991452991455,32.486935974917074
Tamil Nadu,1978,1.4,11.2,10.9,35.9,55.2,29.4,78.2,55.4,137.2,151.4,234.6,198.1,998.8,12.6,102.0,300.2,584.1,940.4700854700855,58.329914529914504,6.202208388240103
Tamil Nadu,1979,0.7,43.5,12.5,15.3,35.1,60.2,75.2,80.2,183.1,132.6,416.7,48.2,1103.4,44.2,62.9,398.7,597.5,940.4700854700855,162.92991452991464,17.324305902667344
Tamil Nadu,1980,0.1,0.0,15.4,45.9,69.2,37.7,64.9,64.2,76.3,122.3,166.2,47.0,709.1,0.1,130.4,243.0,335.5,940.4700854700855,-231.37008547008543,-24.601535874948876
Tamil Nadu,1981,8.9,1.3,21.7,23.7,87.2,57.0,117.0,91.8,200.5,258.0,106.4,72.5,1045.9,10.1,132.6,466.3,436.8,940.4700854700855,105.42991452991464,11.210342163856966
Tamil Nadu,1982,0.2,0.1,8.6,25.2,58.8,49.8,52.5,44.5,93.4,114.0,200.8,30.9,678.6,0.3,92.5,240.1,345.7,940.4700854700855,-261.8700854700854,-27.844594901622205
Tamil Nadu,1983,0.2,0.2,1.9,5.5,86.9,72.9,77.9,132.0,154.6,138.7,94.5,242.6,1007.7,0.4,94.2,437.3,475.7,940.4700854700855,67.2299145299146,7.148543645203806
Tamil Nadu,1984,34.5,131.3,101.7,45.4,21.6,43.6,149.5,38.0,151.3,134.8,113.5,58.5,1023.8,165.9,168.7,382.4,306.8,940.4700854700855,83.3299145299145,8.860453492070702
Tamil Nadu,1985,89.7,5.2,11.9,43.9,33.4,108.8,81.2,129.7,161.6,107.3,233.3,57.4,1063.5,94.9,89.3,481.2,398.1,940.4700854700855,123.02991452991455,13.081746716953699
Tamil Nadu,1986,65.5,39.0,16.1,20.9,62.7,63.4,66.9,115.2,142.3,170.5,133.4,57.1,953.0,104.4,99.7,387.7,361.0,940.4700854700855,12.52991452991455,1.3323033580224495
Tamil Nadu,1987,8.0,1.2,28.7,20.0,50.5,70.5,26.1,82.8,127.0,236.7,136.9,175.0,963.5,9.2,99.2,306.4,548.6,940.4700854700855,23.02991452991455,2.4487663016313013
Tamil Nadu,1988,0.2,3.8,27.4,94.6,59.1,41.1,102.6,149.8,136.1,71.8,117.6,33.1,837.2,4.0,181.1,429.7,222.4,940.4700854700855,-103.2700854700854,-10.980687962920882
Tamil Nadu,1989,2.7,0.0,27.9,40.8,53.6,57.4,154.9,39.7,137.3,148.6,154.0,39.8,856.5,2.7,122.2,389.2,342.4,940.4700854700855,-83.97008547008545,-8.928522742763665
Tamil Nadu,1990,84.8,10.2,36.2,24.3,94.9,28.9,40.0,80.1,119.6,194.1,144.0,46.1,903.2,95.0,155.3,268.7,384.2,940.4700854700855,-37.270085470085405,-3.9629208888080996
Tamil Nadu,1991,24.2,4.6,9.7,37.4,29.5,128.1,54.7,71.7,114.0,225.1,234.4,21.4,954.8,28.9,76.6,368.5,480.9,940.4700854700855,14.329914529914504,1.5236970054982477
Tamil Nadu,1992,3.1,0.2,0.0,22.5,58.3,66.4,77.9,59.9,157.3,123.9,297.2,52.1,918.7,3.3,80.8,361.4,473.2,940.4700854700855,-21.770085470085405,-2.314808924433128
Tamil Nadu,1993,0.1,7.0,9.9,11.2,46.6,68.2,60.3,88.8,96.7,214.5,315.9,163.1,1082.3,7.1,67.7,314.0,693.5,940.4700854700855,141.8299145299145,15.080747035034307
Tamil Nadu,1994,7.0,27.6,5.5,48.3,66.6,38.6,75.3,66.1,84.2,230.6,229.1,27.0,905.9,34.6,120.5,264.2,486.6,940.4700854700855,-34.57008547008547,-3.675830417594402
Tamil Nadu,1995,23.8,3.3,16.7,39.5,139.0,64.6,86.7,121.1,94.0,143.1,107.9,3.7,843.4,27.1,195.2,366.4,254.7,940.4700854700855,-97.07008547008547,-10.3214431771709
Tamil Nadu,1996,7.6,3.6,5.0,91.5,34.0,125.3,55.4,112.4,141.2,149.7,106.0,237.6,1069.4,11.3,130.5,434.3,493.3,940.4700854700855,128.92991452991464,13.70909256145773
Tamil Nadu,1997,7.7,0.2,2.3,42.0,49.2,50.4,63.5,56.4,116.0,169.5,258.1,135.2,950.5,7.9,93.5,286.3,562.8,940.4700854700855,10.02991452991455,1.0664788476393896
Tamil Nadu,1998,6.9,5.7,4.1,23.6,55.8,43.0,101.9,152.9,121.8,124.7,242.0,197.4,1079.7,12.5,83.6,419.6,564.0,940.4700854700855,139.2299145299146,14.804289544235932
Tamil Nadu,1999,8.3,24.1,3.9,56.9,74.5,46.4,55.3,74.8,73.1,268.9,182.8,53.6,922.6,32.3,135.3,249.6,505.3,940.4700854700855,-17.870085470085428,-1.900122688235557
Tamil Nadu,2000,30.3,74.5,9.4,41.6,54.7,52.2,45.8,136.1,169.8,120.3,148.6,88.9,972.0,104.7,105.6,403.9,357.8,940.4700854700855,31.52991452991455,3.352569636933705
Tamil Nadu,2001,21.8,10.9,13.0,93.8,45.0,39.9,37.2,18.7,53.8,69.5,52.3,27.6,483.4,32.7,151.8,149.5,149.3,940.4700854700855,-457.0700854700855,-48.60017267233153
Tamil Nadu,2002,2.9,22.1,3.9,9.2,32.6,23.7,11.8,26.5,32.2,93.7,47.2,12.2,318.0,25.0,45.7,94.2,153.1,940.4700854700855,-622.4700854700855,-66.18712227927477
Tamil Nadu,2003,0.3,4.1,18.0,17.1,19.8,22.5,38.7,49.3,26.1,86.0,59.5,7.1,348.5,4.4,54.8,136.6,152.6,940.4700854700855,-591.9700854700855,-62.944063252601445
Tamil Nadu,2004,2.8,0.7,3.0,16.2,101.1,21.2,98.6,85.1,208.3,271.1,204.5,25.0,1037.6,3.5,120.3,413.2,500.6,940.4700854700855,97.12991452991446,10.327804789385189
Tamil Nadu,2005,4.1,11.1,24.4,128.0,80.6,35.7,87.9,93.3,117.9,280.5,353.4,148.5,1365.3,15.2,233.0,334.8,782.3,940.4700854700855,424.8299145299145,45.17208161039669
Tamil Nadu,2006,15.3,0.2,52.4,32.6,65.2,57.2,33.6,73.4,116.3,240.4,215.1,26.1,927.9,15.5,150.2,280.6,481.6,940.4700854700855,-12.570085470085473,-1.3365747262234746
Tamil Nadu,2007,7.2,7.5,1.8,58.0,44.9,73.1,101.0,136.5,89.1,248.9,79.2,219.9,1067.2,14.7,104.7,399.7,548.0,940.4700854700855,126.7299145299146,13.475166992320634
Tamil Nadu,2008,11.7,29.1,164.7,31.5,53.7,51.1,73.1,126.5,70.7,242.7,298.5,50.1,1203.4,40.8,250.0,321.5,591.2,940.4700854700855,262.92991452991464,27.957286317989745
Tamil Nadu,2009,7.9,0.0,41.0,41.4,74.8,27.0,42.1,96.9,114.4,62.1,314.7,106.2,928.5,7.9,157.2,280.4,482.9,940.4700854700855,-11.97008547008545,-1.2727768437315379
Tamil Nadu,2010,11.8,0.2,1.9,22.9,91.9,70.0,81.4,102.9,111.1,148.1,328.6,124.5,1095.2,11.9,116.7,365.4,601.2,940.4700854700855,154.7299145299146,16.452401508610905
Tamil Nadu,2011,4.3,11.2,8.0,91.5,33.4,56.0,45.5,128.9,76.0,200.4,230.5,41.0,926.5,15.5,132.8,306.4,471.8,940.4700854700855,-13.97008547008545,-1.485436452037986
Tamil Nadu,2012,3.0,0.1,2.5,35.5,41.9,30.1,46.5,98.0,84.9,235.2,44.5,14.0,636.1,3.1,79.9,259.5,293.6,940.4700854700855,-304.3700854700854,-32.363611578134226
Tamil Nadu,2013,3.9,30.9,30.0,20.3,42.0,54.6,42.7,110.7,113.5,127.9,112.3,53.2,741.9,34.8,92.2,321.5,293.4,940.4700854700855,-198.57008547008547,-21.113918298723135
Tamil Nadu,2014,7.4,6.1,8.1,8.3,139.1,47.8,50.6,117.7,98.9,252.2,110.8,66.0,913.0,13.4,155.5,315.1,428.9,940.4700854700855,-27.47008547008545,-2.9208888081065094
Tamil Nadu,2015,8.3,2.3,21.7,108.8,112.4,62.4,43.5,81.6,98.4,132.6,379.8,152.8,1204.6,10.6,242.8,285.9,665.3,940.4700854700855,264.12991452991446,28.084882082973593
Tamil Nadu,2016,2.5,0.8,3.1,6.3,102.5,63.0,86.8,55.1,49.0,65.8,33.8,66.5,535.0,3.3,111.9,253.9,166.0,940.4700854700855,-405.47008547008545,-43.11355477802517
Tamil Nadu,2017,37.3,1.1,35.4,17.3,73.5,47.9,42.0,159.4,165.3,155.5,141.5,96.8,973.0,38.4,126.1,414.6,393.9,940.4700854700855,32.52991452991455,3.458899441086929
Coastal Karnataka,1901,1.8,0.6,10.7,52.4,81.6,960.9,991.2,606.4,108.0,120.5,104.9,17.8,3056.9,2.4,144.7,2666.6,243.3,3397.637931034483,-340.7379310344827,-10.02867103413629
Coastal Karnataka,1902,3.2,0.3,4.9,10.2,54.6,698.4,1401.6,454.2,708.4,180.4,50.8,132.2,3699.2,3.5,69.7,3262.6,363.5,3397.637931034483,301.562068965517,8.875638755118915
Coastal Karnataka,1903,0.7,0.0,0.0,4.1,202.8,536.5,1405.5,593.8,304.4,185.0,79.3,5.3,3317.4,0.7,206.9,2840.1,269.6,3397.637931034483,-80.2379310344827,-2.361579799353504
Coastal Karnataka,1904,2.4,0.0,4.8,23.7,93.2,1108.2,1070.0,465.6,245.3,127.2,0.7,0.0,3141.1,2.4,121.7,2889.1,127.9,3397.637931034483,-256.5379310344829,-7.550478780897484
Coastal Karnataka,1905,0.0,0.2,0.0,6.4,83.1,767.3,777.3,586.9,172.9,222.2,36.1,0.0,2652.3,0.2,89.4,2304.3,258.4,3397.637931034483,-745.3379310344826,-21.93694402297742
Coastal Karnataka,1906,23.0,0.0,0.0,0.5,29.8,593.6,1173.4,535.0,273.3,128.5,22.1,56.8,2836.0,23.0,30.3,2575.2,207.5,3397.637931034483,-561.6379310344828,-16.530246672383957
Coastal Karnataka,1907,7.0,0.0,2.7,91.3,19.0,845.9,1166.3,1026.1,223.6,87.7,55.8,9.8,3535.2,7.0,113.0,3261.9,153.2,3397.637931034483,137.56206896551703,4.048755981589638
Coastal Karnataka,1908,0.0,3.1,0.9,46.1,38.0,708.6,1904.9,766.6,128.0,56.8,2.5,0.0,3655.5,3.1,85.0,3508.1,59.3,3397.637931034483,257.8620689655172,7.58945108924557
Coastal Karnataka,1909,4.0,1.0,3.7,6.3,200.1,943.1,1285.6,315.6,293.8,68.8,47.8,3.2,3172.9,5.0,210.1,2838.1,119.8,3397.637931034483,-224.7379310344827,-6.614534438225338
Coastal Karnataka,1910,0.0,0.0,5.0,6.2,40.2,1042.2,589.5,651.2,441.7,177.8,67.0,0.0,3020.8,0.0,51.4,2724.7,244.8,3397.637931034483,-376.8379310344826,-11.091173888553401
Coastal Karnataka,1911,0.0,0.0,0.0,3.2,71.0,749.5,830.1,538.3,110.3,160.8,41.6,17.5,2522.3,0.0,74.2,2228.2,219.9,3397.637931034483,-875.3379310344826,-25.763131587360384
Coastal Karnataka,1912,1.1,0.0,0.0,30.5,64.0,787.6,1261.5,789.2,160.8,220.9,80.1,0.4,3395.9,1.1,94.4,2999.1,301.4,3397.637931034483,-1.737931034482699,-0.05115115470686863
Coastal Karnataka,1913,0.0,0.4,0.5,10.6,74.2,786.5,1048.0,410.7,161.0,339.1,1.2,4.0,2836.3,0.4,85.3,2406.3,344.3,3397.637931034483,-561.3379310344826,-16.521417008773838
Coastal Karnataka,1914,0.0,0.0,0.0,7.2,36.9,743.2,1583.7,933.8,302.8,125.9,102.7,36.6,3872.7,0.0,44.1,3563.4,265.2,3397.637931034483,475.062068965517,13.982127542968486
Coastal Karnataka,1915,0.1,2.3,2.0,48.8,75.2,785.0,773.2,388.9,304.0,168.3,96.9,4.2,2648.7,2.3,126.0,2250.9,269.4,3397.637931034483,-748.937931034483,-22.042899986298803
Coastal Karnataka,1916,0.0,0.0,0.3,25.2,88.7,1051.4,633.5,617.0,587.8,208.7,255.2,0.0,3467.9,0.0,114.3,2889.7,463.9,3397.637931034483,70.2620689655173,2.067968111720619
Coastal Karnataka,1917,0.0,29.8,7.1,10.2,52.6,1075.7,766.1,597.6,500.5,319.6,64.8,0.0,3424.1,29.8,70.0,2939.9,384.4,3397.637931034483,26.46206896551712,0.7788372246438919
Coastal Karnataka,1918,3.4,0.3,3.9,11.4,699.5,564.4,360.6,485.4,134.3,64.7,168.8,14.2,2510.9,3.7,714.9,1544.7,247.7,3397.637931034483,-886.7379310344827,-26.09865880454474
Coastal Karnataka,1919,0.0,0.0,0.0,2.4,74.4,669.9,960.9,632.7,208.3,236.2,124.0,9.3,2918.1,0.0,76.8,2471.8,369.6,3397.637931034483,-479.5379310344829,-14.113862064415953
Coastal Karnataka,1920,2.1,0.0,0.1,72.7,29.2,813.3,1107.5,464.7,133.5,129.8,36.3,0.0,2789.2,2.1,102.0,2519.0,166.1,3397.637931034483,-608.437931034483,-17.90767419556183
Coastal Karnataka,1921,13.0,0.0,3.5,62.4,18.6,699.4,871.9,841.6,327.1,128.6,41.3,0.0,3007.4,13.0,84.5,2740.0,170.0,3397.637931034483,-390.2379310344827,-11.485565529805188
Coastal Karnataka,1922,6.5,3.1,0.0,44.8,123.4,763.1,1333.2,564.9,314.4,89.8,89.4,0.0,3332.6,9.7,168.2,2975.6,179.1,3397.637931034483,-65.03793103448288,-1.9142101764410402
Coastal Karnataka,1923,0.8,0.2,32.2,9.8,52.8,604.8,1627.2,1013.2,283.3,44.4,6.6,5.8,3681.1,1.0,94.7,3528.5,56.9,3397.637931034483,283.4620689655171,8.342915717308674
Coastal Karnataka,1924,0.0,0.0,14.8,46.0,47.2,889.6,1515.4,602.7,282.7,94.4,30.8,5.2,3528.9,0.0,108.0,3290.5,130.4,3397.637931034483,131.2620689655173,3.8633330457772406
Coastal Karnataka,1925,0.0,0.0,17.1,20.8,176.6,1176.4,1117.2,733.7,81.5,213.2,27.7,17.2,3581.3,0.0,214.6,3108.7,258.1,3397.637931034483,183.6620689655174,5.405580956343915
Coastal Karnataka,1926,12.3,2.0,0.1,7.3,15.3,686.3,976.4,850.3,258.7,143.6,4.0,0.1,2956.4,14.3,22.6,2771.7,147.7,3397.637931034483,-441.2379310344827,-12.986608343524658
Coastal Karnataka,1927,0.0,0.0,0.6,21.5,80.1,683.4,1313.2,535.8,319.9,110.5,151.3,0.0,3216.4,0.0,102.2,2852.3,261.9,3397.637931034483,-181.2379310344827,-5.33423321475873
Coastal Karnataka,1928,0.1,29.3,21.7,36.3,17.1,844.6,1108.8,836.6,107.4,316.4,12.0,9.3,3339.6,29.4,75.0,2897.4,337.7,3397.637931034483,-58.03793103448288,-1.7081846922050343
Coastal Karnataka,1929,1.9,0.2,2.5,105.6,114.7,1361.6,901.3,566.9,265.2,281.9,61.4,0.2,3663.6,2.2,222.8,3095.0,343.5,3397.637931034483,265.9620689655171,7.827852006718659
Coastal Karnataka,1930,1.2,0.2,0.0,19.3,171.5,910.9,706.8,420.8,401.2,254.1,14.2,12.6,2913.0,1.4,190.8,2439.7,281.0,3397.637931034483,-484.6379310344828,-14.263966345787896
Coastal Karnataka,1931,0.0,0.0,2.4,33.4,85.1,673.4,1244.0,1201.9,255.6,183.5,106.7,56.5,3842.4,0.0,120.9,3374.8,346.7,3397.637931034483,444.7620689655173,13.090331518346925
Coastal Karnataka,1932,0.0,0.0,0.0,25.4,255.4,661.5,1072.4,457.2,469.9,348.7,125.6,7.3,3423.4,0.0,280.8,2661.0,481.6,3397.637931034483,25.7620689655173,0.7582346762202967
Coastal Karnataka,1933,0.0,0.1,5.4,60.6,360.3,1031.9,1326.6,481.3,502.5,292.8,42.3,35.6,4139.5,0.1,426.3,3342.4,370.7,3397.637931034483,741.8620689655172,21.83464171356368
Coastal Karnataka,1934,7.4,0.6,1.0,16.0,24.4,1095.6,827.5,678.2,184.2,143.2,32.7,1.0,3011.8,8.0,41.5,2785.3,176.9,3397.637931034483,-385.8379310344826,-11.356063796856839
Coastal Karnataka,1935,2.0,0.0,0.7,11.3,25.2,674.0,1168.1,425.5,312.5,245.0,11.9,9.9,2886.0,2.0,37.1,2580.2,266.8,3397.637931034483,-511.6379310344828,-15.058636070698203
Coastal Karnataka,1936,0.0,0.9,23.3,14.7,138.7,1075.6,981.6,562.3,195.6,219.4,108.6,4.1,3324.7,0.9,176.6,2815.1,332.1,3397.637931034483,-72.93793103448297,-2.1467246515073923
Coastal Karnataka,1937,0.0,0.0,5.7,110.1,30.3,740.8,1531.7,365.7,274.1,240.8,11.8,3.2,3314.2,0.0,146.1,2912.3,255.8,3397.637931034483,-83.43793103448297,-2.455762877861401
Coastal Karnataka,1938,0.0,0.0,15.5,43.3,138.2,1025.3,950.2,429.9,374.0,134.3,39.9,0.3,3150.9,0.0,197.0,2779.4,174.5,3397.637931034483,-246.7379310344827,-7.26204310296707
Coastal Karnataka,1939,0.0,0.0,5.4,35.9,8.4,725.7,903.9,631.4,127.3,232.6,73.4,0.2,2744.2,0.0,49.7,2388.2,306.2,3397.637931034483,-653.437931034483,-19.23212373707901
Coastal Karnataka,1940,0.1,0.0,0.2,26.9,131.0,713.8,1155.7,1247.4,100.4,222.5,120.5,5.5,3723.9,0.1,158.0,3217.3,348.5,3397.637931034483,326.2620689655173,9.602614392351686
Coastal Karnataka,1941,4.1,1.2,5.5,18.1,60.5,869.7,589.8,561.6,224.9,122.8,21.6,35.3,2515.1,5.3,84.1,2246.0,179.7,3397.637931034483,-882.5379310344829,-25.975043514003136
Coastal Karnataka,1942,0.0,1.7,0.3,77.2,72.5,1104.8,1338.3,540.3,189.5,129.9,25.9,22.4,3502.6,1.7,149.9,3172.8,178.1,3397.637931034483,104.96206896551712,3.0892658692905277
Coastal Karnataka,1943,22.4,1.7,1.3,7.1,455.2,941.8,994.4,314.5,461.5,280.2,97.0,0.0,3577.2,24.1,463.6,2712.2,377.2,3397.637931034483,179.56206896551703,5.284908887005672
Coastal Karnataka,1944,0.0,0.7,18.2,3.3,106.5,777.8,1204.0,451.2,61.6,267.6,81.9,11.8,2984.5,0.7,128.0,2494.5,361.3,3397.637931034483,-413.1379310344828,-12.159563185377266
Coastal Karnataka,1945,2.6,0.0,0.0,19.7,24.5,824.7,1296.1,493.2,294.7,63.2,60.7,0.0,3079.3,2.6,44.1,2908.7,123.8,3397.637931034483,-318.3379310344826,-9.369389484581069
Coastal Karnataka,1946,0.0,1.5,3.9,41.7,80.8,1227.0,1001.2,1086.6,231.5,148.9,180.6,37.7,4041.4,1.5,126.4,3546.3,367.2,3397.637931034483,643.7620689655173,18.947341713056232
Coastal Karnataka,1947,1.7,9.2,13.9,45.2,18.7,630.6,1247.9,899.5,389.5,48.7,7.1,26.3,3338.0,10.9,77.7,3167.3,82.0,3397.637931034483,-59.63793103448279,-1.755276231458976
Coastal Karnataka,1948,16.5,0.0,8.4,55.6,66.1,848.8,1102.9,973.2,301.3,90.6,163.0,0.2,3626.6,16.5,130.1,3226.2,253.7,3397.637931034483,228.96206896551712,6.738860161471201
Coastal Karnataka,1949,3.3,0.0,1.2,12.0,293.1,691.6,1157.1,585.4,438.0,148.8,32.0,0.0,3362.4,3.3,306.3,2872.1,180.8,3397.637931034483,-35.2379310344827,-1.0371302578363246
Coastal Karnataka,1950,0.0,1.0,0.2,3.9,89.3,801.6,1506.7,456.1,716.5,136.6,54.1,0.1,3766.1,1.0,93.4,3481.0,190.8,3397.637931034483,368.4620689655171,10.844653740174458
Coastal Karnataka,1951,0.0,0.0,0.9,55.4,70.7,940.2,1083.4,441.1,268.9,187.1,76.2,0.4,3124.3,0.0,127.0,2733.6,263.6,3397.637931034483,-273.3379310344826,-8.04493994306389
Coastal Karnataka,1952,0.0,0.5,0.0,35.4,84.8,912.1,816.6,631.4,54.7,335.5,0.0,25.6,2896.6,0.5,120.2,2414.8,361.1,3397.637931034483,-501.0379310344829,-14.746654623140826
Coastal Karnataka,1953,0.3,0.0,0.0,48.2,8.6,666.2,1630.1,633.6,160.0,313.4,2.9,0.0,3463.3,0.3,56.8,3089.9,316.3,3397.637931034483,65.66206896551739,1.9325799363655323
Coastal Karnataka,1954,0.5,0.0,21.6,61.1,89.8,1034.4,1357.4,688.7,421.8,133.6,0.6,12.1,3821.5,0.5,172.5,3502.2,146.2,3397.637931034483,423.8620689655172,12.475198286842277
Coastal Karnataka,1955,0.3,0.0,4.7,29.9,360.3,962.7,639.3,702.2,458.2,361.1,31.0,2.8,3552.5,0.3,394.9,2762.4,394.9,3397.637931034483,154.8620689655172,4.557933249772915
Coastal Karnataka,1956,0.0,0.8,1.0,78.4,412.7,1001.0,1155.8,520.0,267.6,288.5,129.9,0.7,3856.6,0.8,492.1,2944.5,419.1,3397.637931034483,458.9620689655171,13.508268929225675
Coastal Karnataka,1957,0.0,0.0,1.5,8.5,168.0,755.8,1101.1,703.9,98.0,189.0,148.9,0.1,3174.8,0.0,178.1,2658.7,338.0,3397.637931034483,-222.8379310344826,-6.558613235361276
Coastal Karnataka,1958,0.5,0.1,1.7,46.6,184.8,1031.4,1253.7,705.8,296.9,114.1,49.1,2.8,3687.4,0.6,233.1,3287.9,165.9,3397.637931034483,289.7620689655173,8.528338653121084
Coastal Karnataka,1959,0.0,0.0,0.0,30.4,204.4,994.4,1727.0,704.1,521.6,75.3,52.0,21.7,4330.8,0.0,234.8,3947.1,148.9,3397.637931034483,933.1620689655174,27.465023875613387
Coastal Karnataka,1960,0.0,0.0,8.5,40.7,393.7,790.6,1053.2,510.5,450.5,169.0,87.6,0.0,3504.2,0.0,442.9,2804.7,256.6,3397.637931034483,106.56206896551703,3.136357408544469
Coastal Karnataka,1961,0.0,0.0,0.9,47.7,635.0,1013.0,1884.9,936.3,702.8,309.6,21.0,2.7,5553.9,0.0,683.6,4536.9,333.4,3397.637931034483,2156.262068965517,63.463562414050315
Coastal Karnataka,1962,0.2,3.4,0.1,31.6,359.4,405.4,1307.9,1080.9,413.5,313.4,18.5,83.3,4017.7,3.6,391.1,3207.7,415.3,3397.637931034483,620.062068965517,18.24979828785718
Coastal Karnataka,1963,1.1,0.7,28.6,38.5,86.0,682.3,887.6,1013.8,181.0,233.7,8.2,10.0,3171.3,1.8,153.0,2764.7,251.8,3397.637931034483,-226.3379310344826,-6.661625977479278
Coastal Karnataka,1964,0.0,0.0,2.6,5.8,23.4,631.7,864.0,978.1,363.9,200.2,53.1,17.6,3140.5,0.0,31.8,2837.8,271.0,3397.637931034483,-257.1379310344828,-7.56813810811771
Coastal Karnataka,1965,2.5,0.0,0.0,9.7,39.7,797.8,1002.5,577.2,196.8,25.1,20.1,159.8,2831.1,2.5,49.4,2574.2,205.0,3397.637931034483,-566.5379310344829,-16.674464511349164
Coastal Karnataka,1966,3.7,0.0,0.8,11.8,196.0,577.9,1122.4,278.3,299.6,191.9,231.5,62.8,2976.6,3.7,208.6,2278.2,486.2,3397.637931034483,-421.0379310344829,-12.392077660443618
Coastal Karnataka,1967,2.0,0.0,0.1,18.5,86.7,658.7,1368.5,673.4,237.1,124.8,7.4,4.5,3181.8,2.0,105.3,2937.8,136.8,3397.637931034483,-215.8379310344826,-6.35258775112527
Coastal Karnataka,1968,2.0,0.0,6.3,43.7,19.2,826.6,1550.5,456.3,304.9,221.4,30.1,0.1,3461.0,2.0,69.1,3138.3,251.5,3397.637931034483,63.36206896551721,1.8648858486879822
Coastal Karnataka,1969,0.0,0.0,1.2,44.8,49.9,704.8,1253.9,488.2,542.7,163.4,82.6,11.4,3342.9,0.0,95.8,2989.6,257.5,3397.637931034483,-54.7379310344827,-1.6110583924937694
Coastal Karnataka,1970,0.0,0.0,2.0,30.9,260.4,843.7,1259.2,1130.5,328.7,157.8,28.7,0.0,4042.0,0.0,293.3,3562.2,186.5,3397.637931034483,644.3620689655172,18.96500104027646
Coastal Karnataka,1971,0.0,0.1,0.4,23.5,268.3,1113.2,1017.0,532.6,215.6,55.2,7.0,2.5,3235.2,0.1,292.2,2878.4,64.6,3397.637931034483,-162.43793103448297,-4.780907628524894
Coastal Karnataka,1972,0.0,0.5,0.2,17.0,153.4,716.9,1068.8,522.9,131.2,201.6,38.7,5.8,2856.9,0.5,170.5,2439.8,246.1,3397.637931034483,-540.7379310344827,-15.915113440879312
Coastal Karnataka,1973,0.0,0.0,0.0,15.3,83.0,765.5,982.1,915.9,178.5,140.7,39.6,5.4,3126.0,0.0,98.3,2842.0,185.7,3397.637931034483,-271.6379310344828,-7.994905182606578
Coastal Karnataka,1974,0.0,0.0,5.5,25.8,168.1,474.7,1465.9,741.7,361.8,182.4,7.6,0.0,3433.5,0.0,199.4,3044.1,190.0,3397.637931034483,35.86206896551721,1.0555000177608167
Coastal Karnataka,1975,0.3,0.0,7.0,8.0,103.0,1327.8,1095.5,958.6,537.1,199.5,63.1,0.1,4300.0,0.3,118.0,3919.1,262.6,3397.637931034483,902.3620689655172,26.558511744974954
Coastal Karnataka,1976,0.0,0.0,8.1,20.3,35.8,492.7,1187.1,644.4,346.4,50.3,138.3,10.6,2933.9,0.0,64.2,2670.6,199.1,3397.637931034483,-463.7379310344827,-13.64883311428325
Coastal Karnataka,1977,0.0,1.9,3.3,24.7,116.1,855.7,1290.3,441.1,266.5,198.5,180.8,0.0,3379.0,1.9,144.2,2853.6,379.3,3397.637931034483,-18.63793103448279,-0.5485555380766566
Coastal Karnataka,1978,0.3,0.5,0.0,11.8,251.6,1212.6,1222.5,745.4,206.7,121.5,76.3,13.8,3862.9,0.8,263.4,3387.2,211.5,3397.637931034483,465.2620689655173,13.693691865038085
Coastal Karnataka,1979,0.8,0.2,0.2,11.7,12.2,735.3,962.7,619.4,238.6,127.3,111.8,3.3,2823.4,1.0,24.0,2556.0,242.4,3397.637931034483,-574.2379310344827,-16.901092544008765
Coastal Karnataka,1980,0.0,0.0,0.8,78.6,57.1,1193.3,1057.7,1004.7,199.5,95.0,71.3,4.1,3762.0,0.0,136.5,3455.2,170.3,3397.637931034483,364.3620689655172,10.72398167083623
Coastal Karnataka,1981,0.7,0.0,1.9,17.0,58.1,1013.7,1049.3,1187.4,340.7,119.9,56.7,3.2,3848.6,0.7,76.9,3591.0,179.9,3397.637931034483,450.9620689655171,13.272811232955956
Coastal Karnataka,1982,0.0,0.3,0.3,3.2,87.5,808.6,1258.7,1579.1,151.8,138.3,62.6,0.3,4090.9,0.3,91.1,3798.2,201.2,3397.637931034483,693.2620689655173,20.40423620872513
Coastal Karnataka,1983,0.0,0.0,0.0,0.0,24.4,712.6,1160.4,1231.8,596.5,140.9,50.3,25.2,3942.2,0.0,24.4,3701.5,216.4,3397.637931034483,544.562068965517,16.027666279311685
Coastal Karnataka,1984,4.3,6.0,34.2,46.7,24.0,1110.2,1084.1,613.6,196.8,227.9,11.2,0.1,3359.0,10.3,104.9,3004.6,239.2,3397.637931034483,-38.63793103448279,-1.1371997787509587
Coastal Karnataka,1985,5.3,0.0,1.6,12.9,76.9,977.9,668.5,844.3,130.6,258.6,27.5,11.7,3015.7,5.3,91.4,2621.3,297.8,3397.637931034483,-381.937931034483,-11.24127816992536
Coastal Karnataka,1986,0.3,0.1,4.8,6.2,20.9,976.5,723.3,808.9,176.3,102.2,112.5,2.5,2934.5,0.4,32.0,2685.0,217.1,3397.637931034483,-463.1379310344828,-13.631173787063023
Coastal Karnataka,1987,0.0,0.0,0.2,1.7,63.5,728.3,704.5,715.6,180.6,232.2,74.9,14.7,2716.2,0.0,65.4,2329.0,321.8,3397.637931034483,-681.437931034483,-20.056225674023036
Coastal Karnataka,1988,0.0,0.2,0.0,32.0,28.4,689.3,1295.8,832.6,451.9,122.7,2.4,11.3,3466.6,0.2,60.5,3269.5,136.4,3397.637931034483,68.96206896551712,2.029706236076784
Coastal Karnataka,1989,0.0,0.0,8.4,22.4,53.6,982.5,914.4,829.3,234.7,138.1,31.9,0.3,3215.6,0.0,84.4,2960.9,170.3,3397.637931034483,-182.03793103448288,-5.357778984385708
Coastal Karnataka,1990,1.7,0.0,0.1,5.2,343.2,997.0,1110.8,1087.0,265.4,215.0,93.6,1.5,4120.4,1.7,348.4,3460.2,310.1,3397.637931034483,722.7620689655168,21.272486463719712
Coastal Karnataka,1991,0.1,0.0,0.3,47.7,95.9,939.9,1501.7,896.5,79.5,111.8,45.6,0.7,3719.7,0.1,143.9,3417.5,158.1,3397.637931034483,322.062068965517,9.478999101810075
Coastal Karnataka,1992,0.0,0.0,0.0,17.2,77.0,873.2,1087.5,1097.5,354.3,133.6,241.8,0.0,3882.2,0.0,94.2,3412.6,375.4,3397.637931034483,484.562068965517,14.26173355728878
Coastal Karnataka,1993,0.0,0.1,6.7,21.7,68.3,591.2,1397.3,742.0,214.3,347.4,40.8,51.5,3481.3,0.1,96.7,2944.8,439.8,3397.637931034483,83.66206896551739,2.4623597529724037
Coastal Karnataka,1994,3.5,0.0,6.3,72.9,44.1,1221.1,1748.2,907.0,268.1,336.0,28.6,0.5,4636.3,3.5,123.2,4144.4,365.2,3397.637931034483,1238.6620689655174,36.456564651913354
Coastal Karnataka,1995,3.7,0.0,0.7,21.1,137.8,535.8,1375.7,685.1,348.5,192.0,57.4,0.0,3357.8,3.7,159.6,2945.0,249.5,3397.637931034483,-39.83793103448261,-1.1725184331914116
Coastal Karnataka,1996,0.3,0.0,0.4,20.3,26.2,787.0,1122.6,617.9,289.3,259.5,27.5,37.8,3188.9,0.3,46.9,2816.8,324.9,3397.637931034483,-208.7379310344827,-6.143619045685895
Coastal Karnataka,1997,0.7,0.0,14.9,21.5,23.1,818.6,1494.1,1146.0,117.1,148.5,109.8,59.2,3953.6,0.7,59.5,3575.8,317.5,3397.637931034483,555.9620689655171,16.363193496496038
Coastal Karnataka,1998,0.0,0.0,1.4,6.6,72.0,966.4,1092.0,633.9,572.8,271.0,80.6,11.3,3707.9,0.0,80.0,3265.1,362.9,3397.637931034483,310.2620689655173,9.131698999812246
Coastal Karnataka,1999,0.0,0.4,0.4,7.1,335.5,854.1,1525.9,518.4,186.5,338.2,12.8,0.5,3779.9,0.4,343.0,3084.9,351.5,3397.637931034483,382.2620689655173,11.250818266239731
Coastal Karnataka,2000,14.9,0.5,0.9,25.8,216.4,966.8,915.6,741.7,279.2,174.7,12.5,2.4,3351.3,15.5,243.0,2903.3,189.6,3397.637931034483,-46.33793103448261,-1.3638278114105598
Coastal Karnataka,2001,0.6,0.4,0.4,71.4,156.9,930.0,926.9,654.4,151.8,169.7,48.6,0.6,3111.6,1.0,228.7,2663.1,218.9,3397.637931034483,-286.0379310344829,-8.418729035892078
Coastal Karnataka,2002,0.6,11.2,0.5,30.9,164.0,764.5,545.7,731.3,163.5,360.0,20.7,0.3,2793.1,11.8,195.3,2205.0,381.0,3397.637931034483,-604.5379310344829,-17.792888568630342
Coastal Karnataka,2003,0.1,3.6,8.4,37.3,10.2,973.8,970.6,637.5,236.0,183.7,10.7,0.0,3071.9,3.8,55.9,2817.9,194.4,3397.637931034483,-325.7379310344827,-9.587187853630564
Coastal Karnataka,2004,0.0,0.0,6.3,24.7,329.2,805.8,718.1,874.5,154.4,104.7,52.1,0.0,3070.0,0.1,360.3,2552.8,156.8,3397.637931034483,-327.6379310344828,-9.643109056494623
Coastal Karnataka,2005,0.5,0.2,0.0,72.5,45.0,821.6,1177.3,692.0,456.2,178.7,24.6,2.3,3470.9,0.6,117.5,3147.2,205.6,3397.637931034483,73.2620689655173,2.1562647478217642
Coastal Karnataka,2006,1.0,0.0,4.7,5.9,355.7,800.1,1100.8,855.6,404.1,212.0,97.4,0.0,3837.3,1.0,366.3,3160.6,309.4,3397.637931034483,439.6620689655174,12.940227236974982
Coastal Karnataka,2007,0.0,0.0,0.6,40.2,61.1,952.0,1004.4,980.4,630.5,152.8,37.5,0.8,3860.2,0.0,101.9,3567.2,191.1,3397.637931034483,462.562068965517,13.614224892547048
Coastal Karnataka,2008,0.0,14.8,161.4,33.4,64.3,850.7,687.8,886.3,383.3,91.6,19.3,13.5,3206.4,14.8,259.0,2808.1,124.4,3397.637931034483,-191.2379310344827,-5.628555335095881
Coastal Karnataka,2009,0.4,0.0,35.2,24.5,100.7,450.3,1778.9,486.1,530.7,287.4,132.4,35.4,3862.0,0.4,160.4,3246.0,455.2,3397.637931034483,464.3620689655172,13.66720287420774
Coastal Karnataka,2010,14.4,0.4,3.5,62.2,80.2,682.7,1200.2,637.5,468.4,294.7,231.5,11.0,3686.8,14.8,145.9,2988.9,537.2,3397.637931034483,289.1620689655174,8.510679325900858
Coastal Karnataka,2011,4.8,3.8,8.7,66.1,49.3,1018.4,1080.5,861.3,545.2,178.8,81.5,10.2,3908.6,8.6,124.1,3505.4,270.5,3397.637931034483,510.9620689655171,15.038743954978862
Coastal Karnataka,2013,2.4,19.6,19.0,28.5,100.4,1153.0,1515.3,680.2,379.1,265.1,56.9,10.0,4229.4,21.9,147.9,3727.6,332.0,3397.637931034483,831.7620689655168,24.480597575394658
Coastal Karnataka,2014,0.0,0.3,1.9,40.5,181.9,507.0,1155.4,1121.0,379.3,226.4,40.0,30.8,3684.4,0.3,224.3,3162.6,297.2,3397.637931034483,286.7620689655173,8.44004201701994
Coastal Karnataka,2015,1.4,1.0,32.3,72.2,150.3,735.3,930.9,575.2,260.3,208.5,124.2,14.3,3106.0,2.4,254.8,2501.8,347.1,3397.637931034483,-291.6379310344828,-8.583549423280882
Coastal Karnataka,2016,0.5,0.0,0.2,3.8,94.3,963.1,763.1,471.3,225.9,77.4,14.4,5.7,2619.7,0.5,98.3,2423.5,97.5,3397.637931034483,-777.937931034483,-22.896434135276543
Coastal Karnataka,2017,1.1,0.0,2.5,9.5,129.0,831.4,820.1,625.2,316.5,185.7,19.4,7.2,2947.6,1.1,141.0,2593.2,212.3,3397.637931034483,-450.0379310344829,-13.245611809421357
North Interior Karnataka,1901,3.5,18.8,7.1,67.2,65.5,120.5,151.9,115.1,128.8,80.0,13.6,0.9,773.0,22.3,139.8,516.4,94.5,717.188888888889,55.81111111111102,7.781926348242352
North Interior Karnataka,1902,0.0,0.0,0.3,22.5,34.4,111.3,83.2,78.1,146.7,118.8,35.7,85.1,716.1,0.0,57.1,419.3,239.6,717.188888888889,-1.0888888888889596,-0.15182735061274166
North Interior Karnataka,1903,3.5,0.0,0.1,6.9,53.4,102.8,209.4,146.4,189.3,166.4,34.3,16.0,928.5,3.5,60.3,647.9,216.8,717.188888888889,211.31111111111102,29.463801570948284
North Interior Karnataka,1904,0.2,0.3,8.5,11.0,46.3,120.6,91.6,48.5,165.1,86.5,0.0,0.0,578.6,0.5,65.8,425.8,86.5,717.188888888889,-138.58888888888896,-19.323903512169434
North Interior Karnataka,1905,0.0,6.0,2.6,16.0,51.2,99.6,60.1,139.2,42.2,85.0,4.4,0.0,506.2,6.0,69.8,341.1,89.4,717.188888888889,-210.988888888889,-29.41887306923638
North Interior Karnataka,1906,21.3,0.0,0.2,2.6,30.0,142.0,120.3,182.1,116.0,86.2,24.3,58.9,783.8,21.3,32.7,560.4,169.4,717.188888888889,66.61111111111097,9.287805784931889
North Interior Karnataka,1907,1.1,0.0,12.1,96.9,5.6,90.6,155.1,185.2,165.8,10.3,17.9,6.1,746.7,1.1,114.6,596.7,34.3,717.188888888889,29.511111111111063,4.1148310533409695
North Interior Karnataka,1908,1.3,0.3,2.4,16.0,20.7,62.6,154.9,86.1,232.7,16.9,1.1,0.1,595.1,1.6,39.1,536.4,18.0,717.188888888889,-122.08888888888896,-17.02325437278263
North Interior Karnataka,1909,2.4,0.1,10.1,11.8,55.3,110.3,140.4,175.6,106.2,50.0,12.0,1.6,675.8,2.5,77.1,532.5,63.6,717.188888888889,-41.38888888888903,-5.770988581963549
North Interior Karnataka,1910,0.0,0.0,4.5,2.5,28.2,78.2,127.9,195.5,186.3,104.1,32.3,0.0,759.4,0.0,35.2,587.9,136.4,717.188888888889,42.211111111110995,5.885633724262923
North Interior Karnataka,1911,0.0,0.0,5.1,3.1,43.2,87.6,151.5,71.6,67.4,61.4,8.8,10.3,510.0,0.0,51.4,378.1,80.6,717.188888888889,-207.18888888888898,-28.88902660077154
North Interior Karnataka,1912,0.0,12.5,0.0,42.6,38.2,43.7,226.2,158.0,104.4,104.9,28.3,0.0,758.7,12.5,80.8,532.3,133.1,717.188888888889,41.51111111111106,5.788030427440463
North Interior Karnataka,1913,0.0,0.9,0.0,16.3,76.7,104.0,150.9,45.0,89.3,85.4,2.5,1.3,572.3,0.9,93.0,389.2,89.2,717.188888888889,-144.88888888888903,-20.202333183571678
North Interior Karnataka,1914,0.0,0.0,0.6,19.5,34.2,74.4,220.9,237.1,152.1,24.9,43.0,18.2,824.8,0.0,54.2,684.5,86.1,717.188888888889,107.61111111111097,15.004570313105159
North Interior Karnataka,1915,26.5,2.4,25.6,32.4,40.3,107.2,150.1,57.8,173.6,89.3,42.6,5.5,753.3,28.9,98.3,488.8,137.4,717.188888888889,36.11111111111097,5.035090709095678
North Interior Karnataka,1916,0.0,1.2,0.2,22.7,60.1,97.4,234.0,82.4,190.8,197.3,201.8,0.0,1087.9,1.2,83.0,604.6,399.1,717.188888888889,370.7111111111111,51.68946659023656
North Interior Karnataka,1917,0.0,21.1,22.7,11.7,20.2,117.0,77.8,164.2,192.6,137.2,59.4,0.0,823.8,21.1,54.6,551.6,196.6,717.188888888889,106.61111111111097,14.865137031930201
North Interior Karnataka,1918,5.9,0.2,2.3,22.5,117.3,43.3,37.0,61.2,150.8,19.6,62.5,5.5,528.0,6.1,142.0,292.3,87.6,717.188888888889,-189.18888888888898,-26.379227539622303
North Interior Karnataka,1919,10.6,0.3,0.1,13.2,64.7,124.2,72.7,41.0,228.5,84.3,85.0,2.5,727.1,10.8,78.1,466.3,171.9,717.188888888889,9.91111111111104,1.3819387423117937
North Interior Karnataka,1920,2.6,0.0,0.0,25.1,32.3,75.3,82.6,56.5,139.5,54.3,2.2,0.0,470.3,2.6,57.4,353.9,56.4,717.188888888889,-246.88888888888897,-34.42452786341736
North Interior Karnataka,1921,0.2,0.0,1.2,33.6,5.4,63.5,158.2,41.7,49.4,125.3,104.5,0.0,582.8,0.2,40.2,312.7,229.7,717.188888888889,-134.38888888888903,-18.73828373123462
North Interior Karnataka,1922,24.5,1.5,0.2,30.2,40.4,70.7,108.1,40.4,35.9,64.9,92.1,0.0,509.0,26.0,70.8,255.1,157.0,717.188888888889,-208.18888888888898,-29.0284598819465
North Interior Karnataka,1923,0.2,13.2,32.9,21.4,28.2,38.2,229.4,64.4,163.1,9.4,0.0,2.3,602.8,13.4,82.5,495.1,11.8,717.188888888889,-114.38888888888903,-15.949618107735466
North Interior Karnataka,1924,5.1,0.0,6.0,42.0,22.0,68.3,120.4,117.9,155.1,37.9,13.4,3.1,591.2,5.1,70.0,461.7,54.4,717.188888888889,-125.98888888888894,-17.567044169364962
North Interior Karnataka,1925,0.0,0.0,7.3,34.3,79.0,74.1,113.7,77.5,108.7,118.7,16.6,12.9,642.6,0.0,120.6,373.9,148.1,717.188888888889,-74.58888888888896,-10.400173516972137
North Interior Karnataka,1926,24.8,1.0,2.1,4.5,37.1,65.5,123.0,138.4,161.7,22.1,0.8,0.0,581.0,25.8,43.8,488.6,22.9,717.188888888889,-136.18888888888898,-18.989263637349538
North Interior Karnataka,1927,0.0,1.4,4.4,9.3,34.4,123.9,161.0,54.3,184.7,24.7,82.7,0.0,680.8,1.4,48.2,523.9,107.3,717.188888888889,-36.38888888888903,-5.07382217608876
North Interior Karnataka,1928,0.5,28.4,13.2,18.2,20.5,153.6,130.2,73.4,210.7,102.6,0.3,17.0,768.5,28.9,51.9,567.8,119.9,717.188888888889,51.31111111111102,7.154476582955042
North Interior Karnataka,1929,2.0,24.9,2.7,49.0,37.8,105.6,67.4,33.0,167.2,91.3,16.0,1.2,598.0,26.9,89.5,373.2,108.5,717.188888888889,-119.18888888888898,-16.618897857375256
North Interior Karnataka,1930,0.0,0.3,3.1,9.5,56.2,94.1,61.0,61.1,189.4,130.8,22.8,4.3,632.7,0.3,68.9,405.6,157.9,717.188888888889,-84.48888888888894,-11.780563000604216
North Interior Karnataka,1931,0.0,0.1,4.5,30.6,33.1,114.1,134.9,70.1,195.1,51.7,65.6,19.4,719.2,0.1,68.2,514.2,136.7,717.188888888889,2.011111111111063,0.2804158210296306
North Interior Karnataka,1932,0.0,1.9,0.6,24.8,46.5,49.9,165.3,160.4,113.9,146.8,98.5,0.1,808.8,1.9,71.9,489.5,245.4,717.188888888889,91.61111111111097,12.773637814305832
North Interior Karnataka,1933,0.1,2.8,13.6,50.1,84.1,113.2,131.6,158.9,149.4,160.7,52.3,30.4,947.3,3.0,147.8,553.2,243.4,717.188888888889,230.11111111111097,32.085147257037484
North Interior Karnataka,1934,1.2,0.0,0.3,29.5,9.9,70.8,212.3,98.9,67.5,58.9,41.8,0.0,591.2,1.2,39.7,449.5,100.7,717.188888888889,-125.98888888888894,-17.567044169364962
North Interior Karnataka,1935,13.9,0.4,0.1,30.1,13.1,120.8,106.8,204.3,80.5,131.7,11.5,1.7,714.9,14.3,43.3,512.4,144.9,717.188888888889,-2.288888888889005,-0.3191472880226973
North Interior Karnataka,1936,0.0,18.4,5.9,13.3,50.4,101.5,62.7,59.5,136.4,50.8,62.7,3.0,564.7,18.4,69.6,360.1,116.6,717.188888888889,-152.48888888888894,-21.262026120501343
North Interior Karnataka,1937,0.0,14.0,12.8,63.4,16.4,54.4,124.8,36.6,109.6,113.5,0.0,6.9,552.4,14.0,92.5,325.4,120.5,717.188888888889,-164.788888888889,-22.977055478953336
North Interior Karnataka,1938,0.0,4.9,43.4,15.6,45.6,119.0,142.1,190.4,200.9,44.2,8.0,1.0,815.1,4.9,104.6,652.4,53.2,717.188888888889,97.91111111111104,13.652067485708077
North Interior Karnataka,1939,0.0,0.0,5.5,11.1,12.9,87.9,113.2,157.8,115.8,122.1,27.6,0.0,653.9,0.0,29.5,474.7,149.7,717.188888888889,-63.288888888889005,-8.82457743969512
North Interior Karnataka,1940,2.0,0.0,0.1,31.0,64.5,122.7,118.3,138.0,111.9,115.2,18.6,14.4,736.8,2.0,95.6,491.0,148.2,717.188888888889,19.611111111110972,2.7344415697088746
North Interior Karnataka,1941,10.7,3.9,7.2,11.2,24.9,64.7,106.3,80.3,164.6,52.5,0.3,9.1,535.7,14.6,43.3,415.8,61.9,717.188888888889,-181.48888888888894,-25.305591274575118
North Interior Karnataka,1942,0.0,3.2,0.4,30.2,35.7,138.5,111.7,143.7,57.4,33.8,4.2,26.7,585.7,3.2,66.3,451.4,64.7,717.188888888889,-131.48888888888894,-18.33392721582723
North Interior Karnataka,1943,6.7,0.8,3.1,31.6,117.8,115.6,128.8,71.8,200.9,174.1,28.0,0.0,879.2,7.5,152.4,517.2,202.0,717.188888888889,162.01111111111106,22.589740809022874
North Interior Karnataka,1944,0.0,3.2,30.3,12.3,44.8,92.6,174.6,28.0,140.5,158.8,37.1,0.0,722.1,3.2,87.4,435.7,195.8,717.188888888889,4.91111111111104,0.684772336437005
North Interior Karnataka,1945,0.3,0.0,0.0,11.2,21.3,69.7,191.9,95.7,92.8,57.6,3.5,0.0,544.0,0.3,32.5,450.1,61.1,717.188888888889,-173.18888888888898,-24.148295040822976
North Interior Karnataka,1946,0.0,7.6,3.8,44.2,56.8,106.7,135.0,127.9,146.2,75.5,102.0,3.3,808.9,7.6,104.8,515.7,180.7,717.188888888889,91.711111111111,12.787581142423331
North Interior Karnataka,1947,8.6,6.7,11.1,13.9,29.0,102.9,175.5,217.0,161.3,38.4,13.4,8.6,786.3,15.2,54.0,656.7,60.3,717.188888888889,69.11111111111097,9.636388987869283
North Interior Karnataka,1948,0.9,0.0,7.9,40.1,38.2,72.6,110.3,147.3,155.9,79.0,126.3,0.1,778.3,0.9,86.1,486.0,205.3,717.188888888889,61.11111111111097,8.520922738469622
North Interior Karnataka,1949,0.0,1.5,6.4,15.2,72.9,82.5,114.1,100.5,265.4,94.1,10.7,0.0,763.3,1.5,94.5,562.6,104.8,717.188888888889,46.11111111111097,6.429423520845255
North Interior Karnataka,1950,0.0,6.8,4.0,8.2,51.9,94.9,122.6,120.8,180.4,109.8,7.0,0.0,706.5,6.8,64.0,518.8,116.9,717.188888888889,-10.688888888888982,-1.4903868498923394
North Interior Karnataka,1951,0.0,0.0,4.5,17.3,63.8,117.6,179.0,64.8,149.0,101.2,10.4,0.8,708.4,0.0,85.6,510.4,112.4,717.188888888889,-8.788888888889005,-1.2254636156599228
North Interior Karnataka,1952,0.0,8.0,0.1,32.1,98.3,52.9,132.0,64.7,85.2,141.6,0.0,13.7,628.5,8.0,130.4,334.8,155.3,717.188888888889,-88.68888888888898,-12.366182781539045
North Interior Karnataka,1953,0.0,0.0,0.1,38.9,5.8,127.8,192.4,91.6,186.2,248.3,0.0,0.0,891.2,0.0,44.8,598.0,248.4,717.188888888889,174.01111111111106,24.262940183122367
North Interior Karnataka,1954,0.0,0.0,16.9,19.7,44.9,80.1,216.4,152.7,78.2,62.8,0.2,11.4,683.3,0.0,81.5,527.4,74.3,717.188888888889,-33.88888888888903,-4.725238973151366
North Interior Karnataka,1955,0.1,0.0,10.0,30.7,92.4,128.7,140.7,223.3,197.2,132.0,12.0,0.0,967.1,0.1,133.1,690.0,143.9,717.188888888889,249.91111111111104,34.84592622430166
North Interior Karnataka,1956,0.0,2.8,1.1,30.2,64.0,96.8,314.1,117.9,144.9,164.6,100.1,2.4,1039.0,2.8,95.3,673.7,267.1,717.188888888889,321.811111111111,44.87117914078112
North Interior Karnataka,1957,0.0,0.9,5.5,25.5,70.0,115.4,146.6,188.8,87.8,174.3,23.1,0.0,837.8,0.9,101.0,538.6,197.3,717.188888888889,120.61111111111097,16.817202968379608
North Interior Karnataka,1958,2.0,0.2,7.3,46.0,100.3,55.2,174.8,179.7,71.2,83.7,31.0,0.5,752.0,2.2,153.6,480.9,115.3,717.188888888889,34.81111111111102,4.853827443568239
North Interior Karnataka,1959,0.1,0.0,0.6,26.2,43.8,163.2,155.1,90.6,148.8,52.3,17.2,0.6,698.5,0.1,70.6,557.7,70.1,717.188888888889,-18.688888888888982,-2.6058530992920015
North Interior Karnataka,1960,0.0,0.0,14.9,17.2,79.6,86.8,96.4,29.4,313.9,32.9,20.4,0.1,691.6,0.0,111.6,526.5,53.4,717.188888888889,-25.58888888888896,-3.5679427393992067
North Interior Karnataka,1961,0.1,0.6,6.4,32.1,102.1,99.9,245.4,78.4,33.1,144.9,5.6,0.0,748.6,0.6,140.6,456.9,150.6,717.188888888889,31.41111111111104,4.379754287573386
North Interior Karnataka,1962,0.0,5.0,2.9,58.8,52.5,82.1,140.1,144.7,165.7,99.3,25.4,62.4,839.1,5.0,114.3,532.6,187.2,717.188888888889,121.91111111111104,16.998466233907063
North Interior Karnataka,1963,0.0,10.9,33.9,34.4,78.9,113.1,73.9,195.5,63.0,178.6,1.0,0.0,783.1,11.0,147.2,445.4,179.6,717.188888888889,65.91111111111104,9.190202488109428
North Interior Karnataka,1964,0.0,0.8,4.3,16.9,14.6,97.6,211.7,129.2,289.1,110.8,22.4,2.4,899.8,0.8,35.8,727.6,135.6,717.188888888889,182.61111111111097,25.46206640122699
North Interior Karnataka,1965,1.3,0.0,0.5,14.0,17.2,110.4,185.9,120.0,150.1,3.8,2.8,26.8,632.9,1.3,31.7,566.4,33.5,717.188888888889,-84.288888888889,-11.752676344369235
North Interior Karnataka,1966,13.4,0.3,5.5,10.6,82.9,68.9,145.5,80.7,160.6,54.8,92.0,8.4,723.6,13.7,98.9,455.8,155.2,717.188888888889,6.41111111111104,0.8939222581994416
North Interior Karnataka,1967,1.2,0.0,11.8,34.6,32.5,74.1,187.1,72.5,141.9,80.0,1.7,8.4,645.7,1.2,78.8,475.6,90.1,717.188888888889,-71.48888888888894,-9.967930345329764
North Interior Karnataka,1968,1.9,15.8,2.7,41.2,32.2,92.4,162.3,47.6,202.5,98.5,29.9,0.3,727.3,17.7,76.1,504.8,128.7,717.188888888889,10.111111111110972,1.4098253985467757
North Interior Karnataka,1969,0.0,0.0,4.1,14.9,40.6,89.4,151.1,159.2,121.5,113.7,33.5,1.3,729.1,0.0,59.5,521.2,148.4,717.188888888889,11.91111111111104,1.6608053046617093
North Interior Karnataka,1970,0.4,0.2,1.0,31.5,76.5,80.7,131.5,199.9,173.2,95.7,0.0,0.0,790.8,0.6,109.1,585.3,95.7,717.188888888889,73.61111111111097,10.263838753156595
North Interior Karnataka,1971,0.9,0.0,0.3,23.9,69.3,102.2,53.7,121.0,109.0,131.2,0.6,0.0,612.1,0.9,93.5,385.9,131.8,717.188888888889,-105.08888888888896,-14.652888592808349
North Interior Karnataka,1972,0.0,2.4,1.3,19.5,45.9,79.4,100.8,40.7,126.3,47.2,34.4,1.4,499.4,2.4,66.8,347.3,83.0,717.188888888889,-217.788888888889,-30.367019381226097
North Interior Karnataka,1973,0.0,0.0,0.2,10.1,29.7,136.2,101.3,154.0,100.6,212.5,5.6,0.5,750.8,0.0,40.0,492.1,218.7,717.188888888889,33.61111111111097,4.686507506158284
North Interior Karnataka,1974,0.0,0.0,5.0,23.9,83.9,93.3,98.9,92.2,242.5,176.9,0.5,0.0,817.3,0.0,112.8,527.0,177.5,717.188888888889,100.11111111111097,13.958820704292974
North Interior Karnataka,1975,8.2,1.1,5.6,7.2,59.6,104.2,238.6,109.6,214.8,323.1,21.6,0.1,1093.7,9.3,72.5,667.2,344.8,717.188888888889,376.51111111111106,52.498179621051314
North Interior Karnataka,1976,0.0,0.0,5.5,35.1,11.1,82.5,131.6,147.9,74.1,15.6,57.9,0.1,561.3,0.0,51.7,436.1,73.6,717.188888888889,-155.88888888888903,-21.736099276496212
North Interior Karnataka,1977,0.0,1.2,10.7,34.8,75.0,170.3,144.4,135.9,70.5,134.2,72.3,0.6,849.9,1.2,120.4,521.2,207.1,717.188888888889,132.711111111111,18.5043456705966
North Interior Karnataka,1978,0.5,13.2,0.8,35.1,76.9,102.0,165.9,160.3,204.8,85.9,55.1,4.3,904.9,13.7,112.9,633.0,145.2,717.188888888889,187.711111111111,26.17317613521928
North Interior Karnataka,1979,2.0,13.1,2.4,7.3,60.7,141.7,125.4,168.8,291.4,54.5,95.8,0.1,963.2,15.0,70.5,727.3,150.4,717.188888888889,246.01111111111106,34.302136427719326
North Interior Karnataka,1980,0.1,0.0,1.6,51.5,20.1,149.1,126.0,171.6,125.9,19.8,22.6,3.4,691.7,0.1,73.2,572.5,45.9,717.188888888889,-25.488888888888937,-3.553999411281708
North Interior Karnataka,1981,6.2,0.0,10.3,12.1,39.6,160.8,127.5,151.9,284.3,68.3,16.1,0.1,877.3,6.2,62.0,724.6,84.5,717.188888888889,160.11111111111097,22.32481757479044
North Interior Karnataka,1982,0.1,0.0,0.8,13.8,59.8,87.2,163.4,83.2,145.5,83.8,43.8,0.0,681.4,0.1,74.4,479.3,127.6,717.188888888889,-35.788888888889005,-4.990162207383783
North Interior Karnataka,1983,0.0,0.0,0.0,0.2,24.5,167.4,135.1,169.0,198.1,66.5,8.3,8.7,777.9,0.0,24.8,669.7,83.5,717.188888888889,60.711111111110995,8.465149425999643
North Interior Karnataka,1984,0.4,3.9,6.2,14.3,8.0,64.1,217.4,62.1,127.1,113.5,1.1,0.1,618.1,4.3,28.5,470.7,114.6,717.188888888889,-99.08888888888896,-13.816288905758602
North Interior Karnataka,1985,2.9,0.0,6.8,20.8,34.1,86.6,109.7,67.7,75.8,94.7,1.4,0.6,501.2,2.9,61.8,339.8,96.8,717.188888888889,-215.988888888889,-30.116039475111172
North Interior Karnataka,1986,11.0,7.4,1.4,23.2,38.1,124.9,76.1,129.0,114.1,29.5,60.4,5.3,620.4,18.4,62.8,444.1,95.2,717.188888888889,-96.788888888889,-13.495592359056205
North Interior Karnataka,1987,0.4,0.9,0.5,2.0,44.9,124.0,83.1,166.6,109.3,119.7,68.9,26.8,747.4,1.4,47.5,483.1,215.5,717.188888888889,30.211111111110995,4.21243435016343
North Interior Karnataka,1988,1.3,1.6,1.5,38.3,34.5,77.2,170.6,219.5,214.2,16.1,2.0,18.8,795.4,2.9,74.3,681.4,36.9,717.188888888889,78.211111111111,10.905231846561403
North Interior Karnataka,1989,0.0,0.0,21.6,10.7,28.5,102.0,199.6,64.1,203.3,23.3,8.9,14.1,676.2,0.0,60.8,569.0,46.3,717.188888888889,-40.98888888888894,-5.715215269493553
North Interior Karnataka,1990,4.8,0.0,0.1,7.8,127.3,129.7,96.2,170.0,64.2,95.6,23.3,0.0,719.0,4.8,135.1,460.1,119.0,717.188888888889,1.8111111111110176,0.2525291647946327
North Interior Karnataka,1991,0.2,0.0,1.3,47.3,59.8,235.7,155.6,94.0,67.6,49.6,8.9,0.0,720.0,0.2,108.4,552.9,58.5,717.188888888889,2.8111111111110176,0.39196244596959046
North Interior Karnataka,1992,0.0,0.0,0.0,12.7,48.1,108.0,100.0,121.0,85.1,68.0,125.4,0.0,668.3,0.0,60.9,414.1,193.3,717.188888888889,-48.88888888888903,-6.816738190775733
North Interior Karnataka,1993,0.0,0.1,6.5,11.4,37.6,69.3,134.9,128.1,94.8,201.9,10.8,36.4,731.8,0.1,55.5,427.1,249.1,717.188888888889,14.611111111110972,2.0372751638340856
North Interior Karnataka,1994,4.2,0.3,0.2,35.3,16.8,101.8,146.0,95.9,38.1,200.3,4.2,0.0,643.0,4.5,52.3,381.7,204.5,717.188888888889,-74.18888888888898,-10.344400204502158
North Interior Karnataka,1995,28.3,0.1,5.4,11.8,33.1,75.5,140.9,95.9,104.3,148.9,18.2,0.0,662.3,28.4,50.3,416.5,167.1,717.188888888889,-54.88888888888903,-7.6533378778254795
North Interior Karnataka,1996,0.0,0.0,0.5,20.5,25.1,138.5,98.2,165.2,199.5,154.2,7.5,2.6,811.8,0.0,46.1,601.4,164.3,717.188888888889,94.61111111111097,13.191937657830707
North Interior Karnataka,1997,4.3,0.0,14.8,22.6,17.5,213.0,272.8,290.1,76.9,85.3,64.6,33.8,1095.6,4.3,54.9,852.7,183.7,717.188888888889,378.4111111111109,52.76310285528372
North Interior Karnataka,1998,0.0,0.0,0.4,6.1,32.7,107.8,140.4,155.4,223.1,172.7,13.9,0.1,852.5,0.0,39.2,626.7,186.6,717.188888888889,135.31111111111102,18.866872201651493
North Interior Karnataka,1999,0.0,3.4,0.6,3.9,89.0,93.2,130.5,89.5,97.5,152.9,0.3,0.0,660.8,3.4,93.5,410.7,153.2,717.188888888889,-56.38888888888903,-7.862487799587916
North Interior Karnataka,2000,0.4,2.6,0.1,8.4,49.0,107.5,127.1,164.6,134.4,115.1,2.8,0.5,712.4,3.0,57.4,533.6,118.3,717.188888888889,-4.788888888889005,-0.6677304909600917
North Interior Karnataka,2001,2.1,0.0,0.1,22.1,13.3,60.9,62.1,108.8,187.1,137.5,2.5,1.4,598.0,2.1,35.5,418.9,141.4,717.188888888889,-119.18888888888898,-16.618897857375256
North Interior Karnataka,2002,3.8,7.9,0.3,14.7,40.6,108.2,54.7,118.2,52.2,126.4,3.4,0.0,530.5,11.7,55.6,333.4,129.9,717.188888888889,-186.68888888888898,-26.030644336684905
North Interior Karnataka,2003,0.3,1.5,15.2,24.9,3.5,66.9,94.4,104.0,64.3,92.1,4.2,2.2,473.5,1.8,43.6,329.7,98.4,717.188888888889,-243.68888888888898,-33.9783413636575
North Interior Karnataka,2004,2.6,2.7,1.6,29.9,93.8,106.1,111.7,92.8,134.6,61.6,4.3,0.2,641.9,5.3,125.3,445.2,66.1,717.188888888889,-75.288888888889,-10.497776813794614
North Interior Karnataka,2005,5.8,0.8,5.5,52.5,34.5,98.7,219.4,123.3,159.7,102.3,5.0,0.1,807.5,6.6,92.6,601.0,107.4,717.188888888889,90.31111111111102,12.592374548778395
North Interior Karnataka,2006,0.0,0.0,16.8,12.1,79.0,130.2,113.9,89.1,136.8,43.6,29.0,0.0,650.6,0.0,107.9,470.0,72.6,717.188888888889,-66.58888888888896,-9.284707267572475
North Interior Karnataka,2007,11.7,6.8,7.7,27.0,38.9,215.5,117.2,143.4,205.4,40.5,13.5,9.2,836.9,18.5,73.7,681.5,63.2,717.188888888889,119.711111111111,16.691713015322147
North Interior Karnataka,2008,0.4,9.2,109.2,22.8,29.2,71.6,80.6,147.7,152.5,54.1,29.8,5.3,712.4,9.6,161.3,452.3,89.2,717.188888888889,-4.788888888889005,-0.6677304909600917
North Interior Karnataka,2009,0.3,0.0,9.9,17.4,63.1,112.0,134.9,135.4,215.6,168.6,42.3,13.9,913.5,0.3,90.4,597.9,224.9,717.188888888889,196.31111111111102,27.372302353323917
North Interior Karnataka,2010,9.6,2.5,0.5,15.5,39.5,110.1,193.5,207.5,119.2,82.1,71.9,1.2,853.2,12.1,55.6,630.4,155.2,717.188888888889,136.01111111111106,18.96447549847397
North Interior Karnataka,2011,0.5,7.2,7.2,41.2,46.8,101.3,150.8,152.0,69.0,73.4,5.7,0.0,655.2,7.7,95.2,473.1,79.2,717.188888888889,-61.98888888888894,-8.643314174167667
North Interior Karnataka,2012,28.5,6.2,0.4,35.4,19.5,60.0,114.5,105.5,79.2,85.2,46.5,2.9,583.8,34.7,55.3,359.3,134.5,717.188888888889,-133.38888888888903,-18.598850450059665
North Interior Karnataka,2013,1.2,6.1,3.0,25.4,47.4,99.4,160.7,73.9,201.0,101.0,4.2,0.1,723.2,7.3,75.7,534.9,105.2,717.188888888889,6.011111111111063,0.8381489457294616
North Interior Karnataka,2014,0.0,6.1,29.2,26.4,93.0,50.4,136.8,205.2,90.2,80.3,25.0,14.1,756.8,6.1,148.7,482.5,119.5,717.188888888889,39.61111111111097,5.5231071932080305
North Interior Karnataka,2015,2.4,0.0,27.5,50.8,45.3,89.6,38.5,78.4,150.8,61.2,5.7,1.7,551.9,2.4,123.6,357.2,68.6,717.188888888889,-165.288888888889,-23.04677211954081
North Interior Karnataka,2016,0.3,0.4,6.1,11.0,50.0,136.8,162.6,70.0,155.0,28.7,3.1,1.0,625.0,0.7,67.2,524.3,32.8,717.188888888889,-92.18888888888898,-12.854199265651397
North Interior Karnataka,2017,0.0,0.0,10.7,9.9,44.8,131.3,76.8,105.8,206.6,147.9,4.9,0.9,739.6,0.0,65.5,520.5,153.7,717.188888888889,22.41111111111104,3.124854756998766
South Interior Karnataka,1901,4.9,31.8,3.0,32.7,109.6,106.0,210.0,109.2,140.8,170.1,72.5,12.3,1003.0,36.8,145.4,566.0,254.9,1037.5555555555557,-34.55555555555566,-3.3304776183337
South Interior Karnataka,1902,1.9,0.5,6.7,42.6,97.7,91.7,210.0,82.1,138.4,219.1,44.6,84.9,1020.1,2.4,147.0,522.3,348.5,1037.5555555555557,-17.455555555555634,-1.6823730991647108
South Interior Karnataka,1903,0.3,0.0,1.1,11.6,125.1,129.7,284.4,155.7,197.1,154.2,186.6,24.1,1269.9,0.3,137.7,766.9,364.9,1037.5555555555557,232.34444444444443,22.393446134075816
South Interior Karnataka,1904,1.0,0.5,5.2,43.5,144.7,167.9,197.1,73.2,89.6,120.4,2.5,0.3,845.8,1.5,193.3,527.8,123.2,1037.5555555555557,-191.7555555555557,-18.481473548939828
South Interior Karnataka,1905,1.7,7.9,14.2,23.6,118.6,95.9,148.4,140.6,43.1,142.8,22.4,0.3,759.4,9.5,156.5,427.9,165.5,1037.5555555555557,-278.1555555555557,-26.808738487898914
South Interior Karnataka,1906,14.1,1.5,2.2,4.8,46.1,116.4,211.3,256.3,109.5,173.4,16.5,52.6,1004.5,15.6,53.1,693.5,242.4,1037.5555555555557,-33.05555555555566,-3.185907046476771
South Interior Karnataka,1907,4.5,0.0,11.7,84.7,46.5,137.4,231.5,219.4,146.5,52.6,49.5,14.1,998.5,4.5,142.9,734.9,116.3,1037.5555555555557,-39.05555555555566,-3.764189333904486
South Interior Karnataka,1908,8.3,2.4,9.3,44.4,92.5,92.2,263.6,118.1,88.0,69.6,1.2,0.5,790.2,10.7,146.2,561.9,71.3,1037.5555555555557,-247.3555555555556,-23.840222745769974
South Interior Karnataka,1909,19.8,1.2,6.7,42.1,166.6,138.9,245.5,190.5,109.0,121.5,35.8,9.7,1087.4,21.0,215.4,684.0,167.1,1037.5555555555557,49.844444444444434,4.804026558149496
South Interior Karnataka,1910,0.0,1.1,7.5,27.0,89.8,124.9,254.1,232.6,123.5,219.6,77.0,0.0,1157.3,1.1,124.4,735.1,296.7,1037.5555555555557,119.7444444444443,11.541015206682358
South Interior Karnataka,1911,0.8,0.1,5.2,28.8,123.2,174.8,225.7,84.0,63.3,156.7,35.8,7.9,906.3,0.9,157.2,547.8,200.5,1037.5555555555557,-131.2555555555557,-12.650460484043705
South Interior Karnataka,1912,0.8,4.6,2.7,41.7,70.1,133.0,291.9,181.3,176.1,190.0,57.6,0.1,1150.2,5.4,114.6,782.4,247.7,1037.5555555555557,112.64444444444439,10.856714499892904
South Interior Karnataka,1913,0.0,0.1,1.0,22.3,93.4,124.5,257.5,88.4,151.0,133.6,1.4,3.1,876.4,0.1,116.8,621.4,138.1,1037.5555555555557,-161.15555555555568,-15.53223388305848
South Interior Karnataka,1914,0.0,0.6,1.7,16.0,62.6,69.6,309.7,153.3,107.9,115.3,64.0,26.0,926.7,0.6,80.3,640.4,205.3,1037.5555555555557,-110.85555555555561,-10.684300706789466
South Interior Karnataka,1915,9.7,2.6,31.6,43.9,66.5,222.9,184.2,75.7,185.0,106.7,93.4,9.5,1031.9,12.4,142.0,667.8,209.6,1037.5555555555557,-5.655555555555566,-0.5450846005568654
South Interior Karnataka,1916,0.0,0.1,0.2,23.9,146.3,184.0,188.5,204.7,145.5,178.4,151.6,7.4,1230.7,0.1,170.4,722.8,337.4,1037.5555555555557,193.1444444444444,18.615335189548077
South Interior Karnataka,1917,0.3,37.2,15.9,18.4,51.8,163.8,104.4,171.2,275.6,160.0,94.7,1.0,1094.3,37.5,86.1,715.0,255.7,1037.5555555555557,56.7444444444443,5.469051188691354
South Interior Karnataka,1918,11.1,0.7,13.9,41.0,110.1,69.2,47.5,102.7,98.7,47.0,182.6,8.9,733.3,11.7,165.0,318.1,238.5,1037.5555555555557,-304.2555555555557,-29.324266438209477
South Interior Karnataka,1919,4.8,0.0,7.7,27.1,99.8,152.7,166.9,108.4,225.0,81.9,132.3,4.7,1011.4,4.8,134.6,653.0,218.9,1037.5555555555557,-26.15555555555568,-2.5208824159349015
South Interior Karnataka,1920,8.4,0.4,1.7,42.8,58.6,125.1,241.2,92.1,128.1,101.9,28.4,0.1,828.9,8.8,103.2,586.6,130.3,1037.5555555555557,-208.65555555555568,-20.110301991861224
South Interior Karnataka,1921,15.4,0.0,2.9,84.6,47.2,114.9,217.8,169.5,77.5,167.6,88.7,0.0,986.1,15.4,134.7,579.7,256.3,1037.5555555555557,-51.455555555555634,-4.959306061255093
South Interior Karnataka,1922,16.1,1.2,0.3,33.1,109.9,99.5,186.3,114.3,53.4,151.8,129.0,2.2,897.1,17.2,143.3,453.5,283.1,1037.5555555555557,-140.45555555555563,-13.537159991432862
South Interior Karnataka,1923,3.7,3.9,27.2,31.8,73.8,84.3,408.1,207.7,100.3,40.0,6.7,2.9,990.5,7.6,132.8,800.4,49.6,1037.5555555555557,-47.05555555555566,-4.535232383808106
South Interior Karnataka,1924,0.9,0.1,5.8,38.7,96.0,125.7,460.9,146.7,135.1,58.4,47.1,11.7,1127.0,1.0,140.5,868.3,117.2,1037.5555555555557,89.44444444444434,8.620689655172404
South Interior Karnataka,1925,0.0,0.1,8.4,63.0,116.5,143.2,221.3,132.6,115.3,65.8,69.4,46.8,982.2,0.1,187.9,612.4,181.9,1037.5555555555557,-55.35555555555561,-5.335189548083106
South Interior Karnataka,1926,23.0,0.4,7.1,37.5,64.1,89.6,234.3,174.2,168.3,89.7,7.6,1.2,897.0,23.4,108.7,666.4,98.5,1037.5555555555557,-140.55555555555566,-13.546798029556658
South Interior Karnataka,1927,0.1,2.5,5.2,11.2,82.5,114.3,249.1,118.5,186.8,19.4,74.2,0.0,863.7,2.5,98.9,668.7,93.5,1037.5555555555557,-173.8555555555556,-16.756264724780472
South Interior Karnataka,1928,0.6,44.3,24.0,43.4,66.1,112.1,189.1,161.7,37.8,229.7,28.9,12.7,950.5,44.9,133.5,500.8,271.3,1037.5555555555557,-87.05555555555566,-8.390447633326204
South Interior Karnataka,1929,4.7,13.7,1.9,127.7,101.3,149.7,178.6,88.8,186.0,100.9,76.5,5.2,1034.9,18.4,230.9,603.1,182.5,1037.5555555555557,-2.6555555555555657,-0.255943456843008
South Interior Karnataka,1930,5.2,6.6,10.8,27.0,156.8,126.9,117.2,85.5,150.5,253.9,40.9,12.1,993.3,11.8,194.5,480.1,306.9,1037.5555555555557,-44.2555555555557,-4.265367316341843
South Interior Karnataka,1931,0.0,0.0,3.0,45.7,81.7,116.8,188.2,246.0,144.6,42.7,117.5,26.3,1012.6,0.0,130.4,695.7,186.5,1037.5555555555557,-24.955555555555634,-2.405225958449354
South Interior Karnataka,1932,0.0,10.4,0.5,35.8,155.8,72.4,262.9,264.3,117.1,227.0,122.4,1.6,1270.1,10.4,192.0,716.6,351.0,1037.5555555555557,232.54444444444425,22.412722210323388
South Interior Karnataka,1933,0.0,2.9,10.5,43.8,176.0,139.9,216.8,241.6,195.1,236.6,19.2,46.6,1329.2,2.9,230.3,793.4,302.5,1037.5555555555557,291.6444444444444,28.108802741486393
South Interior Karnataka,1934,5.9,0.4,1.1,40.9,52.6,149.4,158.7,137.5,27.7,173.5,38.3,0.3,786.3,6.3,94.6,473.3,212.1,1037.5555555555557,-251.2555555555557,-24.216106232597998
South Interior Karnataka,1935,6.2,1.2,5.2,48.6,52.6,121.9,211.0,197.1,105.2,191.6,6.8,7.3,954.5,7.4,106.3,635.2,205.6,1037.5555555555557,-83.05555555555566,-8.004926108374393
South Interior Karnataka,1936,0.0,6.2,34.7,15.7,102.1,185.2,156.2,111.6,176.1,89.5,76.5,4.5,958.4,6.3,152.5,629.2,170.5,1037.5555555555557,-79.15555555555568,-7.629042621546381
South Interior Karnataka,1937,0.1,9.8,14.6,90.8,81.6,99.6,232.7,78.0,121.7,147.0,25.5,9.7,911.2,9.9,187.0,532.0,182.2,1037.5555555555557,-126.35555555555561,-12.178196615977729
South Interior Karnataka,1938,0.0,3.9,17.4,40.7,45.8,144.4,153.8,237.6,178.7,30.6,15.9,2.6,871.4,3.9,103.9,714.6,49.1,1037.5555555555557,-166.15555555555568,-16.014135789248243
South Interior Karnataka,1939,3.5,0.0,13.1,70.5,49.6,92.1,184.7,198.1,114.7,226.6,71.6,0.0,1024.6,3.5,133.2,589.6,298.1,1037.5555555555557,-12.955555555555748,-1.2486613835939357
South Interior Karnataka,1940,0.0,0.1,0.7,60.1,138.3,177.6,203.4,188.7,80.7,174.9,139.7,15.8,1180.0,0.2,199.1,650.4,330.4,1037.5555555555557,142.44444444444434,13.728849860783882
South Interior Karnataka,1941,1.2,2.3,2.3,43.8,73.8,154.9,186.5,154.9,129.8,108.4,19.5,60.2,937.6,3.4,119.9,626.2,188.1,1037.5555555555557,-99.95555555555563,-9.633754551295787
South Interior Karnataka,1942,0.1,2.0,0.5,45.0,91.0,164.1,247.5,145.9,77.3,109.0,26.7,23.7,932.9,2.1,136.4,634.8,159.5,1037.5555555555557,-104.65555555555568,-10.086742343114167
South Interior Karnataka,1943,24.4,0.9,3.7,48.3,189.9,88.5,243.1,67.5,137.0,283.0,50.8,0.0,1137.1,25.3,241.9,536.0,333.9,1037.5555555555557,99.54444444444425,9.594131505675714
South Interior Karnataka,1944,0.2,24.3,37.0,21.7,98.5,100.0,275.1,82.0,127.2,178.5,74.4,6.7,1025.7,24.5,157.3,584.3,259.6,1037.5555555555557,-11.855555555555611,-1.1426429642321747
South Interior Karnataka,1945,0.4,1.2,0.3,54.9,93.3,79.9,260.9,109.9,72.6,85.2,33.7,0.1,792.3,1.6,148.4,523.3,119.0,1037.5555555555557,-245.2555555555557,-23.637823945170283
South Interior Karnataka,1946,0.1,2.4,14.8,62.5,86.9,146.8,201.5,255.9,168.1,112.9,150.3,42.9,1245.0,2.5,164.2,772.2,306.1,1037.5555555555557,207.44444444444434,19.99357464125079
South Interior Karnataka,1947,8.1,5.9,10.0,22.4,53.2,83.5,238.9,236.2,139.7,127.6,15.2,17.6,958.3,14.0,85.6,698.3,160.5,1037.5555555555557,-79.2555555555557,-7.638680659670179
South Interior Karnataka,1948,4.0,0.1,3.2,70.7,153.9,135.6,188.6,255.6,61.1,117.7,81.5,2.1,1074.1,4.0,227.8,641.0,201.3,1037.5555555555557,36.54444444444425,3.5221674876847104
South Interior Karnataka,1949,0.1,0.1,3.8,32.1,103.6,82.4,179.5,165.2,107.8,188.3,13.6,0.0,876.4,0.2,139.4,534.9,201.9,1037.5555555555557,-161.15555555555568,-15.53223388305848
South Interior Karnataka,1950,0.1,13.3,0.8,6.5,61.3,91.2,268.8,148.7,154.5,133.7,77.1,0.4,956.5,13.4,68.7,663.3,211.2,1037.5555555555557,-81.05555555555566,-7.812165345898488
South Interior Karnataka,1951,0.2,0.0,13.0,60.9,135.2,111.7,205.7,89.4,177.9,98.0,33.3,0.0,925.3,0.2,209.1,584.7,131.3,1037.5555555555557,-112.2555555555557,-10.819233240522609
South Interior Karnataka,1952,0.3,10.7,0.6,40.0,76.8,106.8,176.2,156.2,66.7,188.6,0.7,48.2,871.8,11.0,117.5,505.8,237.5,1037.5555555555557,-165.7555555555557,-15.975583636753065
South Interior Karnataka,1953,0.5,2.2,0.7,71.0,34.4,163.7,368.5,191.5,113.0,307.4,2.6,0.5,1255.9,2.6,106.1,836.8,310.4,1037.5555555555557,218.34444444444443,21.04412079674448
South Interior Karnataka,1954,1.8,0.5,8.9,38.5,127.2,139.3,298.5,175.6,56.9,164.8,0.5,18.6,1031.1,2.3,174.5,670.3,183.9,1037.5555555555557,-6.455555555555748,-0.6221889055472448
South Interior Karnataka,1955,0.9,0.1,10.4,48.7,168.2,135.9,88.9,151.6,201.2,175.1,18.1,2.9,1002.0,1.0,227.4,577.5,196.1,1037.5555555555557,-35.55555555555566,-3.426857999571652
South Interior Karnataka,1956,0.4,1.4,2.5,68.5,62.5,209.6,251.3,137.1,120.1,265.0,124.0,1.2,1243.7,1.8,133.5,718.1,390.3,1037.5555555555557,206.1444444444444,19.868280145641457
South Interior Karnataka,1957,0.0,0.5,9.4,18.6,169.0,174.9,242.6,147.2,47.0,177.6,77.9,0.1,1064.7,0.5,196.9,611.6,255.6,1037.5555555555557,27.14444444444439,2.6161919040479704
South Interior Karnataka,1958,3.3,1.3,13.1,60.6,134.5,163.2,340.2,201.7,123.1,108.7,59.6,0.6,1210.0,4.6,208.2,828.2,168.9,1037.5555555555557,172.44444444444434,16.620261297922458
South Interior Karnataka,1959,0.2,2.5,0.3,25.2,89.8,255.8,425.6,172.2,218.2,55.4,29.3,6.3,1280.9,2.7,115.3,1071.8,91.1,1037.5555555555557,243.34444444444443,23.453630327693293
South Interior Karnataka,1960,0.3,0.0,15.3,42.4,92.6,119.8,254.3,124.4,162.7,112.8,65.3,0.2,989.9,0.3,150.2,661.2,178.2,1037.5555555555557,-47.65555555555568,-4.593060612550879
South Interior Karnataka,1961,2.1,3.4,2.6,62.5,161.6,196.2,492.7,213.5,93.8,165.4,14.3,1.4,1409.5,5.5,226.7,996.2,181.1,1037.5555555555557,371.94444444444434,35.84814735489397
South Interior Karnataka,1962,1.4,6.9,5.5,81.3,118.5,66.1,310.4,268.5,149.1,203.7,29.6,65.9,1307.2,8.3,205.4,794.2,299.3,1037.5555555555557,269.6444444444444,25.98843435425144
South Interior Karnataka,1963,1.2,2.8,13.0,51.6,78.1,108.5,197.5,232.5,92.6,193.8,9.0,12.3,992.8,3.9,142.7,631.1,215.1,1037.5555555555557,-44.7555555555557,-4.313557506960819
South Interior Karnataka,1964,0.0,0.1,0.7,23.6,51.0,122.2,280.0,305.4,182.7,121.5,78.4,3.8,1169.4,0.1,75.2,890.3,203.7,1037.5555555555557,131.84444444444443,12.707217819661595
South Interior Karnataka,1965,1.0,0.2,4.6,24.6,42.0,129.8,245.2,141.1,81.4,17.7,25.8,21.7,735.2,1.2,71.3,597.5,65.1,1037.5555555555557,-302.3555555555556,-29.14114371385736
South Interior Karnataka,1966,4.2,0.9,2.5,24.7,90.9,82.3,256.1,91.0,188.5,132.8,123.2,13.8,1010.9,5.2,118.1,617.8,269.8,1037.5555555555557,-26.65555555555568,-2.5690726065538776
South Interior Karnataka,1967,5.7,0.0,4.7,25.7,77.8,136.3,350.4,157.3,57.8,96.2,12.3,16.0,940.3,5.7,108.3,701.8,124.6,1037.5555555555557,-97.2555555555557,-9.373527521953323
South Interior Karnataka,1968,0.0,8.0,8.5,47.5,71.8,120.6,284.1,124.7,209.7,99.3,23.4,3.4,1001.0,8.0,127.8,739.2,126.0,1037.5555555555557,-36.55555555555566,-3.523238380809605
South Interior Karnataka,1969,0.0,0.0,2.3,37.8,101.9,100.8,289.5,216.3,104.0,174.8,51.4,27.7,1106.5,0.0,142.0,710.6,253.9,1037.5555555555557,68.94444444444434,6.644891839794378
South Interior Karnataka,1970,1.4,5.4,4.3,49.5,129.6,99.5,210.1,206.4,129.0,217.6,20.9,0.2,1073.8,6.7,183.4,645.0,238.7,1037.5555555555557,36.2444444444443,3.4932533733133293
South Interior Karnataka,1971,2.0,5.3,2.7,37.9,100.5,204.5,174.9,180.7,161.7,122.3,17.4,10.3,1020.2,7.3,141.1,721.7,150.0,1037.5555555555557,-17.35555555555561,-1.672735061040913
South Interior Karnataka,1972,0.0,1.1,0.1,26.9,190.5,153.6,214.6,97.6,176.2,135.7,26.3,41.5,1064.0,1.1,217.5,642.0,203.5,1037.5555555555557,26.444444444444343,2.5487256371813993
South Interior Karnataka,1973,0.0,0.0,0.2,21.8,102.4,214.9,232.7,220.8,118.0,140.5,26.5,8.7,1086.6,0.0,124.4,786.5,175.7,1037.5555555555557,49.04444444444425,4.726922253159116
South Interior Karnataka,1974,0.1,0.0,4.3,34.5,113.2,71.0,281.8,166.7,235.0,138.2,6.6,0.0,1051.5,0.1,152.0,754.5,144.9,1037.5555555555557,13.944444444444343,1.3439708717069938
South Interior Karnataka,1975,4.1,3.2,15.5,21.0,93.0,224.8,260.6,252.8,224.0,157.7,76.3,1.3,1334.3,7.3,129.4,962.2,235.3,1037.5555555555557,296.7444444444443,28.60034268579994
South Interior Karnataka,1976,0.0,0.1,2.6,66.9,25.9,64.0,203.7,148.3,87.2,54.4,106.5,1.7,761.2,0.1,95.3,503.1,162.6,1037.5555555555557,-276.3555555555556,-26.635253801670594
South Interior Karnataka,1977,0.0,1.3,13.8,51.2,136.8,168.5,227.7,134.5,166.5,224.6,82.8,0.1,1207.8,1.3,201.8,697.1,307.4,1037.5555555555557,170.2444444444443,16.408224459198955
South Interior Karnataka,1978,0.5,7.0,2.6,40.1,104.5,188.1,281.8,231.2,156.8,107.1,81.0,30.8,1231.6,7.5,147.3,857.9,219.0,1037.5555555555557,194.04444444444425,18.70207753266222
South Interior Karnataka,1979,0.3,29.2,4.1,31.3,49.0,192.8,189.3,207.9,219.6,81.9,113.9,1.4,1120.8,29.5,84.4,809.6,197.2,1037.5555555555557,83.2444444444443,8.023131291497092
South Interior Karnataka,1980,0.0,0.0,7.2,79.1,99.0,228.0,287.7,179.6,161.8,99.6,81.1,1.9,1225.0,0.0,185.2,857.1,182.7,1037.5555555555557,187.44444444444434,18.065967016491744
South Interior Karnataka,1981,1.8,0.1,19.6,25.5,94.9,136.3,189.4,299.8,254.6,123.2,32.8,6.5,1184.6,1.9,140.0,880.2,162.5,1037.5555555555557,147.04444444444425,14.172199614478457
South Interior Karnataka,1982,0.1,0.0,2.0,18.3,99.2,151.1,217.0,240.8,126.9,97.1,50.8,0.2,1003.5,0.1,119.5,735.8,148.1,1037.5555555555557,-34.05555555555566,-3.282287427714724
South Interior Karnataka,1983,0.0,0.0,0.9,5.1,77.0,215.3,206.6,262.5,185.9,97.8,21.1,38.9,1111.2,0.0,83.0,870.3,157.8,1037.5555555555557,73.64444444444439,7.097879631612759
South Interior Karnataka,1984,2.1,7.9,75.4,39.0,44.7,196.2,256.8,122.3,167.1,142.3,5.7,4.4,1063.9,10.0,159.1,742.4,152.4,1037.5555555555557,26.344444444444434,2.5390875990576127
South Interior Karnataka,1985,4.1,0.1,13.8,42.1,52.8,193.3,138.7,172.3,139.7,67.4,29.3,5.8,859.3,4.2,108.6,644.0,102.5,1037.5555555555557,-178.2555555555557,-17.18033840222747
South Interior Karnataka,1986,13.9,9.2,3.9,26.2,51.7,210.0,149.9,208.2,175.3,79.4,94.1,8.4,1030.2,23.1,81.8,743.4,181.8,1037.5555555555557,-7.355555555555611,-0.7089312486613888
South Interior Karnataka,1987,0.3,0.0,4.5,9.2,64.2,135.7,114.9,151.7,139.9,205.4,76.9,31.9,934.7,0.3,77.9,542.3,314.2,1037.5555555555557,-102.85555555555561,-9.913257656885847
South Interior Karnataka,1988,0.2,2.9,11.9,71.4,84.9,68.0,276.0,251.3,199.2,30.6,5.9,19.9,1022.2,3.1,168.2,794.6,56.4,1037.5555555555557,-15.355555555555611,-1.4799742985650084
South Interior Karnataka,1989,0.0,0.1,12.5,24.0,53.3,145.0,286.3,135.0,149.4,86.9,15.7,5.2,913.5,0.1,89.8,715.7,107.9,1037.5555555555557,-124.05555555555566,-11.956521739130444
South Interior Karnataka,1990,4.0,0.1,5.0,15.2,115.1,130.1,148.5,193.8,59.0,128.5,47.0,2.2,848.5,4.2,135.3,531.3,177.7,1037.5555555555557,-189.05555555555566,-18.221246519597354
South Interior Karnataka,1991,1.0,0.1,2.6,64.2,108.6,248.9,261.9,165.5,115.8,192.5,60.0,0.1,1221.2,1.1,175.3,792.2,252.6,1037.5555555555557,183.6444444444444,17.699721567787527
South Interior Karnataka,1992,0.2,0.3,0.0,28.6,78.9,269.4,202.1,215.9,145.5,113.5,146.5,0.2,1201.0,0.4,107.5,832.9,260.2,1037.5555555555557,163.44444444444434,15.752837866780883
South Interior Karnataka,1993,0.0,0.5,6.2,22.9,66.4,149.0,204.7,189.9,105.3,234.5,25.0,33.7,1038.1,0.5,95.5,648.9,293.2,1037.5555555555557,0.5444444444442524,0.052473763118422265
South Interior Karnataka,1994,11.7,2.4,3.9,54.6,70.9,184.9,336.4,132.6,96.4,238.6,24.8,0.5,1157.8,14.1,129.4,750.4,263.9,1037.5555555555557,120.2444444444443,11.589205397301335
South Interior Karnataka,1995,4.2,0.2,3.5,32.1,70.9,79.6,248.4,179.8,135.6,98.8,30.1,0.0,883.2,4.4,106.5,643.4,128.9,1037.5555555555557,-154.3555555555556,-14.876847290640399
South Interior Karnataka,1996,1.1,0.2,1.5,49.8,52.8,204.4,187.3,187.4,188.3,132.9,10.9,27.5,1044.0,1.3,104.0,767.5,171.2,1037.5555555555557,6.444444444444343,0.6211180124223504
South Interior Karnataka,1997,4.9,0.1,26.2,26.0,45.3,178.9,251.7,246.8,108.4,134.4,123.8,33.6,1180.0,4.9,97.5,785.8,291.8,1037.5555555555557,142.44444444444434,13.728849860783882
South Interior Karnataka,1998,0.0,0.0,3.5,31.6,47.0,155.6,278.4,205.5,175.8,148.9,55.0,11.7,1113.3,0.1,82.2,815.4,215.7,1037.5555555555557,75.7444444444443,7.300278432212451
South Interior Karnataka,1999,0.1,4.6,1.5,42.2,131.2,129.5,289.6,138.8,108.0,271.9,28.8,3.5,1149.6,4.7,174.9,665.9,304.2,1037.5555555555557,112.04444444444425,10.798886271150119
South Interior Karnataka,2000,1.4,15.5,0.3,46.3,59.3,167.5,200.5,300.6,183.5,206.2,14.1,12.1,1207.2,16.9,105.9,852.1,232.3,1037.5555555555557,169.6444444444444,16.350396230456195
South Interior Karnataka,2001,0.5,1.1,1.7,90.6,30.4,127.2,168.2,152.0,189.9,122.7,40.0,2.1,926.3,1.6,122.7,637.2,164.8,1037.5555555555557,-111.2555555555557,-10.722852859284657
South Interior Karnataka,2002,2.0,11.4,2.3,20.6,77.2,131.9,92.6,155.1,74.9,168.4,18.8,0.6,755.8,13.4,100.0,454.5,187.8,1037.5555555555557,-281.7555555555557,-27.155707860355548
South Interior Karnataka,2003,0.1,4.2,20.1,36.4,9.6,118.2,162.5,152.2,51.9,192.4,11.5,3.6,762.8,4.3,66.1,484.9,207.4,1037.5555555555557,-274.7555555555557,-26.48104519168988
South Interior Karnataka,2004,9.1,12.8,16.4,62.2,180.2,196.6,191.7,211.1,117.5,101.5,24.0,10.4,1133.4,21.9,258.7,716.8,136.0,1037.5555555555557,95.84444444444443,9.237524095095308
South Interior Karnataka,2005,7.2,3.9,3.2,76.0,74.7,138.7,333.5,233.2,145.5,241.8,56.3,5.3,1319.3,11.1,153.8,851.0,303.5,1037.5555555555557,281.7444444444443,27.154636967230655
South Interior Karnataka,2006,0.2,0.1,35.4,24.7,127.1,183.7,226.7,172.9,112.0,61.7,84.9,1.1,1030.5,0.3,187.2,695.3,147.7,1037.5555555555557,-7.055555555555657,-0.6800171342900075
South Interior Karnataka,2007,0.1,0.3,0.9,39.8,76.7,216.7,267.2,245.5,198.5,152.5,18.2,14.6,1231.0,0.4,117.5,927.9,185.3,1037.5555555555557,193.44444444444434,18.64424930391946
South Interior Karnataka,2008,0.8,20.7,108.9,24.9,66.3,149.8,203.4,269.8,141.4,117.1,32.3,5.2,1140.6,21.5,200.1,764.4,154.6,1037.5555555555557,103.04444444444425,9.931462840008548
South Interior Karnataka,2009,0.1,0.1,27.3,25.4,101.3,101.6,324.7,153.2,247.9,98.2,55.7,22.9,1158.4,0.2,153.9,827.5,176.8,1037.5555555555557,120.84444444444443,11.647033626044118
South Interior Karnataka,2010,7.9,1.7,5.6,71.1,94.9,129.1,235.1,228.1,150.7,129.6,183.5,2.5,1239.7,9.5,171.6,743.1,315.5,1037.5555555555557,202.1444444444444,19.482758620689648
South Interior Karnataka,2011,2.1,12.4,12.4,80.2,83.5,177.1,202.4,199.5,111.2,144.8,56.7,5.0,1087.4,14.5,176.1,690.2,206.5,1037.5555555555557,49.844444444444434,4.804026558149496
South Interior Karnataka,2012,4.6,5.5,8.1,99.0,45.6,81.8,144.7,236.5,100.6,62.8,82.6,6.2,877.8,10.1,152.6,563.5,151.6,1037.5555555555557,-159.7555555555557,-15.397301349325351
South Interior Karnataka,2013,0.5,10.1,11.7,34.6,95.6,176.2,307.4,151.7,191.8,103.7,24.9,2.4,1110.7,10.6,142.0,827.1,131.0,1037.5555555555557,73.14444444444439,7.049689440993783
South Interior Karnataka,2014,0.4,2.4,17.7,46.7,130.5,106.8,271.6,254.6,161.6,152.9,20.2,18.7,1184.2,2.8,195.0,794.5,191.8,1037.5555555555557,146.6444444444444,14.133647461983287
South Interior Karnataka,2015,1.7,0.2,24.4,80.5,125.3,218.7,112.0,136.6,164.5,106.1,138.1,4.4,1112.5,1.9,230.2,631.8,248.6,1037.5555555555557,74.94444444444434,7.223174127222093
South Interior Karnataka,2016,3.6,0.4,3.2,8.8,92.0,172.2,196.5,85.9,62.8,21.9,9.1,31.0,687.3,4.0,103.9,517.4,61.9,1037.5555555555557,-350.2555555555557,-33.75776397515529
South Interior Karnataka,2017,5.0,0.0,16.8,34.1,140.9,107.6,125.9,181.4,250.3,178.3,13.8,7.7,1061.7,5.0,191.8,665.2,199.8,1037.5555555555557,24.14444444444439,2.327050760334113
Kerala,1901,28.7,44.7,51.6,160.0,174.7,824.6,743.0,357.5,197.7,266.9,350.8,48.4,3248.6,73.4,386.2,2122.8,666.1,2914.2470085470086,334.3529914529913,11.473049143479905
Kerala,1902,6.7,2.6,57.3,83.9,134.5,390.9,1205.0,315.8,491.6,358.4,158.3,121.5,3326.6,9.3,275.7,2403.4,638.2,2914.2470085470086,412.3529914529913,14.149555279412748
Kerala,1903,3.2,18.6,3.1,83.6,249.7,558.6,1022.5,420.2,341.8,354.1,157.0,59.0,3271.2,21.7,336.3,2343.0,570.1,2914.2470085470086,356.9529914529912,12.248549639275828
Kerala,1904,23.7,3.0,32.2,71.5,235.7,1098.2,725.5,351.8,222.7,328.1,33.9,3.3,3129.7,26.7,339.4,2398.2,365.3,2914.2470085470086,215.45299145299123,7.393092995243812
Kerala,1905,1.2,22.3,9.4,105.9,263.3,850.2,520.5,293.6,217.2,383.5,74.4,0.2,2741.6,23.4,378.5,1881.5,458.1,2914.2470085470086,-172.64700854700868,-5.924240740083573
Kerala,1906,26.7,7.4,9.9,59.4,160.8,414.9,954.2,442.8,131.2,251.7,163.1,86.0,2708.0,34.1,230.0,1943.1,500.8,2914.2470085470086,-206.2470085470086,-7.077197229408487
Kerala,1907,18.8,4.8,55.7,170.8,101.4,770.9,760.4,981.5,225.0,309.7,219.1,52.8,3671.1,23.7,328.0,2737.8,581.7,2914.2470085470086,756.8529914529913,25.970790713116138
Kerala,1908,8.0,20.8,38.2,102.9,142.6,592.6,902.2,352.9,175.9,253.3,47.9,11.0,2648.3,28.8,283.7,2023.6,312.2,2914.2470085470086,-265.9470085470084,-9.125753848834002
Kerala,1909,54.1,11.8,61.3,93.8,473.2,704.7,782.3,258.0,195.4,212.1,171.1,32.3,3050.2,65.9,628.3,1940.4,415.5,2914.2470085470086,135.95299145299123,4.665115587466107
Kerala,1910,2.7,25.7,23.3,124.5,148.8,680.0,484.1,473.8,248.6,356.6,280.4,0.1,2848.6,28.4,296.7,1886.5,637.0,2914.2470085470086,-65.64700854700868,-2.2526233484833913
Kerala,1911,3.0,4.3,18.2,51.0,180.6,990.0,705.3,178.6,60.2,302.3,145.7,87.6,2726.7,7.3,249.7,1934.0,535.7,2914.2470085470086,-187.54700854700877,-6.435522040409208
Kerala,1912,1.9,15.0,11.2,122.7,217.3,948.2,833.6,534.4,136.8,469.5,138.7,22.0,3451.3,16.9,351.1,2453.1,630.2,2914.2470085470086,537.0529914529916,18.428533678782312
Kerala,1913,3.1,5.2,20.7,75.7,198.8,541.7,763.2,247.2,176.9,422.5,109.9,45.8,2610.8,8.3,295.2,1729.0,578.3,2914.2470085470086,-303.4470085470084,-10.412535644955561
Kerala,1914,0.7,6.8,18.1,32.7,164.2,565.3,857.7,402.2,241.0,374.4,100.9,135.2,2899.1,7.6,215.0,2066.1,610.5,2914.2470085470086,-15.147008547008681,-0.519757196373025
Kerala,1915,16.9,23.5,42.7,106.0,154.5,696.1,775.6,298.8,396.6,196.6,302.5,14.9,3024.5,40.4,303.1,2167.0,514.0,2914.2470085470086,110.25299145299141,3.7832411298574717
Kerala,1916,0.0,7.8,22.0,82.4,199.0,920.2,513.9,396.9,339.3,320.7,134.3,8.9,2945.3,7.8,303.4,2170.2,463.9,2914.2470085470086,31.05299145299159,1.065557976448745
Kerala,1917,2.9,47.6,79.4,38.1,122.9,703.7,342.7,335.1,470.3,264.1,256.4,41.6,2704.8,50.5,240.4,1851.7,562.1,2914.2470085470086,-209.4470085470084,-7.187002609344187
Kerala,1918,42.9,5.0,32.8,51.3,683.0,464.3,167.5,376.0,96.4,233.2,295.4,54.1,2501.9,47.9,767.0,1104.3,582.6,2914.2470085470086,-412.3470085470085,-14.149349980892573
Kerala,1919,43.0,6.1,33.9,65.9,247.0,636.8,648.0,484.2,255.9,249.2,280.1,53.0,3003.3,49.2,346.8,2025.0,582.3,2914.2470085470086,89.05299145299159,3.055780487783423
Kerala,1920,35.2,5.5,24.1,172.0,87.7,964.3,940.8,235.0,178.0,350.1,302.3,8.2,3303.1,40.6,283.7,2318.2,660.6,2914.2470085470086,388.8529914529913,13.343172020509906
Kerala,1921,43.0,4.7,15.0,171.3,104.1,489.1,639.8,641.9,156.7,302.4,136.2,15.8,2719.9,47.8,290.3,1927.5,454.3,2914.2470085470086,-194.3470085470085,-6.668858472772575
Kerala,1922,30.5,21.4,16.3,89.6,293.6,663.1,1025.1,320.6,222.4,266.3,293.7,25.1,3267.6,51.9,399.4,2231.2,585.1,2914.2470085470086,353.3529914529913,12.125018586848162
Kerala,1923,24.7,0.7,78.9,43.5,80.0,722.5,1008.7,943.0,254.3,203.1,83.9,41.6,3484.7,25.3,202.3,2928.4,328.6,2914.2470085470086,570.4529914529912,19.574627331861237
Kerala,1924,19.3,2.9,66.6,111.0,185.4,1011.7,1526.5,624.0,289.1,176.5,162.9,50.4,4226.4,22.2,363.0,3451.3,389.9,2914.2470085470086,1312.152991452991,45.02545555008417
Kerala,1925,4.1,16.5,76.9,93.4,258.2,688.8,593.5,554.1,158.8,295.4,223.7,98.8,3062.1,20.5,428.5,1995.2,617.9,2914.2470085470086,147.85299145299132,5.073454344102018
Kerala,1926,28.6,5.8,23.1,55.8,222.6,563.9,885.2,536.0,322.7,216.7,88.8,16.2,2965.4,34.4,301.5,2307.8,321.7,2914.2470085470086,51.1529914529915,1.7552730191698975
Kerala,1927,18.8,35.3,49.6,86.5,265.4,720.2,888.2,315.0,335.6,135.8,137.6,6.8,2994.7,54.1,401.4,2258.9,280.2,2914.2470085470086,80.45299145299123,2.7606785292061997
Kerala,1928,12.7,65.9,51.3,121.1,81.9,590.7,420.6,553.2,75.9,321.5,155.2,52.7,2502.8,78.6,254.3,1640.4,529.4,2914.2470085470086,-411.4470085470084,-14.118467217785652
Kerala,1929,12.8,29.8,58.9,210.7,148.0,946.6,844.0,293.9,268.9,350.4,158.2,39.4,3361.6,42.6,417.6,2353.5,548.0,2914.2470085470086,447.3529914529913,15.350551622459536
Kerala,1930,10.8,10.8,39.0,102.7,404.9,633.1,401.7,273.4,411.5,433.9,207.0,89.2,3018.0,21.6,546.5,1719.7,730.2,2914.2470085470086,103.75299145299141,3.560198951863068
Kerala,1931,3.3,0.3,19.2,126.9,131.7,541.7,653.9,1199.2,163.2,149.3,164.3,106.5,3259.6,3.6,277.8,2558.0,420.1,2914.2470085470086,345.3529914529913,11.850505137008897
Kerala,1932,0.1,19.3,28.6,113.0,646.5,341.0,716.4,423.2,317.3,543.2,223.2,31.3,3403.0,19.4,788.1,1797.8,797.7,2914.2470085470086,488.7529914529914,16.77115872537774
Kerala,1933,1.0,9.3,36.9,139.5,738.8,859.3,773.4,479.5,469.7,397.0,126.1,42.3,4072.9,10.3,915.2,2581.9,565.5,2914.2470085470086,1158.6529914529915,39.75822873129327
Kerala,1934,74.5,1.7,47.7,92.4,106.7,852.9,415.0,337.2,48.4,335.9,93.4,4.9,2410.7,76.2,246.8,1653.5,434.2,2914.2470085470086,-503.5470085470088,-17.278803309060212
Kerala,1935,23.9,8.3,18.1,120.7,56.6,431.3,687.3,280.9,283.3,403.8,153.0,30.9,2498.2,32.3,195.4,1682.9,587.6,2914.2470085470086,-416.0470085470088,-14.276312451443241
Kerala,1936,1.2,16.5,116.0,34.0,466.5,620.8,672.1,367.9,286.7,231.7,211.1,18.6,3043.3,17.7,616.6,1947.5,461.5,2914.2470085470086,129.0529914529916,4.428347736979752
Kerala,1937,6.5,21.2,58.7,175.5,137.1,485.6,970.5,281.2,139.8,401.9,121.0,19.1,2818.2,27.7,371.3,1877.1,542.0,2914.2470085470086,-96.04700854700877,-3.295774457872605
Kerala,1938,0.3,79.0,53.3,164.5,179.6,681.6,648.6,287.9,223.2,223.7,69.5,22.9,2634.1,79.4,397.3,1841.3,316.1,2914.2470085470086,-280.1470085470087,-9.613015222298708
Kerala,1939,13.6,3.6,24.9,172.8,105.1,625.8,749.6,459.9,134.1,339.8,298.1,10.2,2937.5,17.2,302.8,1969.4,648.1,2914.2470085470086,23.25299145299141,0.7979073628554545
Kerala,1940,0.6,1.5,3.8,126.5,217.4,606.4,877.3,610.8,68.2,257.7,287.5,60.1,3117.8,2.1,347.6,2162.7,605.3,2914.2470085470086,203.5529914529916,6.984754238607917
Kerala,1941,15.9,4.6,12.7,101.9,417.5,797.6,517.9,458.5,257.9,221.6,220.5,84.6,3111.1,20.5,532.0,2031.8,526.7,2914.2470085470086,196.85299145299132,6.754849224367522
Kerala,1942,2.4,4.7,23.2,180.3,191.9,813.6,828.8,329.3,99.8,374.4,84.7,117.9,3050.9,7.0,395.4,2071.4,577.0,2914.2470085470086,136.6529914529915,4.689135514327052
Kerala,1943,83.5,14.6,38.4,107.5,478.4,794.5,831.6,183.3,257.6,427.2,223.4,24.3,3464.2,98.1,624.3,2067.0,674.9,2914.2470085470086,549.9529914529912,18.87118661664812
Kerala,1944,6.4,26.6,61.6,61.6,212.7,498.9,614.1,230.7,155.0,289.0,244.1,89.2,2490.0,33.0,336.0,1498.7,622.3,2914.2470085470086,-424.2470085470086,-14.557688737528482
Kerala,1945,4.4,9.9,12.7,104.1,53.4,549.8,704.0,351.8,110.9,253.8,259.5,18.0,2432.4,14.3,170.2,1716.5,531.4,2914.2470085470086,-481.8470085470085,-16.534185576371193
Kerala,1946,1.8,5.4,108.4,139.8,83.0,919.0,671.7,695.6,199.4,266.1,273.0,202.3,3565.5,7.3,331.2,2485.7,741.3,2914.2470085470086,651.2529914529914,22.34721317523783
Kerala,1947,22.2,27.3,98.0,142.2,85.7,556.1,669.3,739.6,394.5,183.7,32.4,47.0,2998.1,49.5,325.9,2359.5,263.2,2914.2470085470086,83.85299145299132,2.8773467453878907
Kerala,1948,43.0,8.3,48.2,125.0,212.3,910.2,619.0,487.9,166.6,183.9,215.6,19.2,3039.2,51.3,385.5,2183.7,418.7,2914.2470085470086,124.95299145299123,4.287659593937116
Kerala,1949,0.6,1.8,4.5,98.1,440.0,536.3,758.7,445.2,354.5,229.1,71.9,1.8,2942.6,2.4,542.6,2094.7,302.8,2914.2470085470086,28.35299145299132,0.9729096871279834
Kerala,1950,0.1,53.7,31.1,68.5,242.0,638.3,905.7,387.3,411.6,250.4,149.2,8.8,3146.6,53.8,341.5,2342.9,408.4,2914.2470085470086,232.35299145299132,7.973002658029264
Kerala,1951,6.6,6.5,41.6,175.9,148.5,774.1,544.6,190.6,313.8,250.6,229.6,23.2,2705.5,13.1,366.0,1823.0,503.5,2914.2470085470086,-208.7470085470086,-7.162982682483257
Kerala,1952,5.2,48.2,20.8,112.2,214.6,576.7,430.0,413.6,57.4,339.6,49.6,66.9,2334.8,53.4,347.6,1477.7,456.1,2914.2470085470086,-579.4470085470084,-19.883249664410236
Kerala,1953,13.1,22.6,18.5,132.4,55.4,340.5,1027.6,356.4,100.5,410.5,62.2,5.1,2544.9,35.7,206.3,1825.1,477.8,2914.2470085470086,-369.3470085470085,-12.673840188006515
Kerala,1954,23.5,2.8,90.6,136.9,179.5,798.3,640.5,467.0,201.6,303.1,31.6,62.5,2938.0,26.3,407.0,2107.4,397.2,2914.2470085470086,23.75299145299141,0.8150644534704087
Kerala,1955,4.2,6.3,28.2,125.9,544.2,782.4,392.8,236.0,438.5,378.2,178.1,19.8,3134.7,10.5,698.3,1849.7,576.1,2914.2470085470086,220.45299145299123,7.564663901393354
Kerala,1956,7.9,11.7,15.1,151.6,351.3,755.4,466.8,319.5,178.4,353.3,178.2,9.1,2798.4,19.6,518.0,1720.1,540.6,2914.2470085470086,-115.8470085470085,-3.975195246224778
Kerala,1957,1.2,16.0,25.7,70.2,381.2,872.0,835.3,358.8,41.3,280.1,192.5,28.9,3103.3,17.2,477.2,2107.4,501.5,2914.2470085470086,189.0529914529916,6.487198610774247
Kerala,1958,4.4,19.3,57.3,135.1,353.5,713.3,622.7,526.6,86.1,191.0,206.1,7.7,2923.1,23.7,545.9,1948.7,404.8,2914.2470085470086,8.852991452991319,0.3037831531447728
Kerala,1959,3.0,21.4,6.3,150.7,347.2,872.8,1155.7,397.3,405.5,200.4,151.9,34.0,3746.0,24.3,504.2,2831.2,386.3,2914.2470085470086,831.7529914529914,28.540922887236263
Kerala,1960,9.4,8.4,44.4,206.6,540.0,480.3,750.9,336.8,371.2,255.9,358.0,23.7,3385.5,17.8,791.0,1939.2,637.5,2914.2470085470086,471.2529914529914,16.170660553854347
Kerala,1961,13.7,31.3,11.4,94.1,500.5,1005.2,1146.5,678.3,399.3,274.2,85.9,17.5,4257.8,45.0,606.0,3229.3,377.6,2914.2470085470086,1343.5529914529916,46.10292084070331
Kerala,1962,28.4,54.7,39.6,95.1,472.4,244.9,951.1,510.7,394.9,475.6,31.5,76.9,3375.8,83.1,607.1,2101.6,584.0,2914.2470085470086,461.5529914529916,15.837812995924242
Kerala,1963,30.2,24.8,69.8,96.3,157.1,393.3,720.2,511.0,223.9,282.6,93.4,48.4,2651.1,55.0,323.2,1848.5,424.4,2914.2470085470086,-263.1470085470087,-9.029674141390268
Kerala,1964,1.1,7.8,67.2,83.3,94.8,379.4,754.2,548.0,398.2,325.7,191.7,17.8,2869.1,8.8,245.2,2079.8,535.2,2914.2470085470086,-45.14700854700868,-1.549182633270272
Kerala,1965,9.1,0.9,28.3,109.8,214.5,597.7,465.1,296.1,150.1,183.7,131.7,155.5,2342.4,10.0,352.6,1508.9,470.9,2914.2470085470086,-571.8470085470085,-19.622461887062936
Kerala,1966,3.0,6.9,67.7,167.4,95.2,496.2,601.9,202.1,293.2,392.3,245.4,50.5,2621.7,9.9,330.3,1593.3,688.2,2914.2470085470086,-292.5470085470088,-10.038511069549575
Kerala,1967,14.3,0.1,24.6,70.1,244.9,541.7,741.4,508.4,145.8,172.7,74.0,31.1,2569.1,14.4,339.6,1937.3,277.8,2914.2470085470086,-345.1470085470087,-11.843437002242744
Kerala,1968,7.3,30.5,89.2,133.3,90.0,696.4,1308.9,380.7,325.4,178.9,119.4,32.7,3392.7,37.8,312.5,2711.4,331.0,2914.2470085470086,478.4529914529912,16.41772265870968
Kerala,1969,2.7,6.4,19.4,117.2,227.4,550.5,818.8,284.8,216.4,235.6,119.4,66.3,2665.0,9.1,364.0,1870.6,421.3,2914.2470085470086,-249.2470085470086,-8.552707022294541
Kerala,1970,12.9,17.6,25.8,132.7,289.1,535.3,558.1,554.8,212.5,278.3,80.5,5.7,2703.5,30.5,447.7,1860.7,364.6,2914.2470085470086,-210.7470085470086,-7.231611044943073
Kerala,1971,31.6,18.5,20.0,113.0,317.5,889.6,648.6,385.2,331.2,220.9,38.3,62.3,3076.8,50.1,450.6,2254.6,321.5,2914.2470085470086,162.5529914529916,5.577872808181679
Kerala,1972,2.6,7.5,2.5,87.5,436.0,401.8,714.4,294.9,185.7,351.5,140.5,114.3,2739.4,10.2,526.0,1596.8,606.4,2914.2470085470086,-174.8470085470085,-5.999731938789365
Kerala,1973,0.0,0.3,12.3,131.5,119.9,617.0,583.5,487.5,61.3,260.8,84.5,53.8,2412.5,0.3,263.8,1749.2,399.2,2914.2470085470086,-501.7470085470086,-17.21703778284637
Kerala,1974,1.6,5.4,16.0,128.0,221.5,266.9,1004.2,533.6,383.6,142.1,61.0,3.6,2767.4,7.0,365.6,2188.2,206.6,2914.2470085470086,-146.8470085470085,-5.038934864351934
Kerala,1975,5.2,21.4,63.4,123.8,162.2,864.4,531.3,675.9,457.7,368.9,204.3,19.9,3498.4,26.6,349.3,2529.3,593.1,2914.2470085470086,584.1529914529915,20.04473161471099
Kerala,1976,0.1,1.5,21.0,134.5,75.8,196.8,641.5,342.6,116.2,221.3,286.7,30.8,2068.8,1.6,231.3,1297.1,538.8,2914.2470085470086,-845.4470085470084,-29.010821871565827
Kerala,1977,1.1,15.7,28.3,102.3,306.4,599.6,753.3,234.2,201.3,437.0,361.7,6.7,3047.6,16.8,436.9,1788.5,805.4,2914.2470085470086,133.35299145299132,4.575898716268348
Kerala,1978,3.3,14.7,31.4,73.9,396.8,758.1,686.7,516.8,119.4,171.0,365.6,39.0,3176.7,18.0,502.1,2081.1,575.6,2914.2470085470086,262.4529914529912,9.005859513049499
Kerala,1979,2.4,30.0,11.7,42.0,127.7,582.9,662.2,383.7,211.7,163.8,261.7,23.3,2503.0,32.4,181.3,1840.5,448.8,2914.2470085470086,-411.2470085470086,-14.111604381539674
Kerala,1980,0.0,0.9,20.8,114.8,105.3,745.9,754.0,438.1,139.5,282.3,162.3,39.5,2803.4,0.9,240.9,2077.5,484.1,2914.2470085470086,-110.8470085470085,-3.8036243400752374
Kerala,1981,7.0,6.8,28.5,75.9,166.3,912.4,489.8,495.6,376.6,265.0,138.6,43.3,3005.9,13.8,270.8,2274.4,446.9,2914.2470085470086,91.6529914529915,3.144997358981181
Kerala,1982,0.7,0.1,21.9,60.4,148.2,612.2,511.5,495.0,70.6,164.4,127.5,10.8,2223.3,0.8,230.6,1689.2,302.7,2914.2470085470086,-690.9470085470084,-23.709280871545005
Kerala,1983,0.2,1.5,0.9,13.1,76.0,322.8,583.2,579.9,421.1,136.2,116.5,69.1,2320.3,1.7,89.9,1906.9,321.8,2914.2470085470086,-593.9470085470084,-20.380805292243906
Kerala,1984,36.8,60.0,95.3,162.1,84.6,842.6,653.6,284.4,171.1,286.0,67.7,18.0,2762.1,96.8,342.0,1951.6,371.7,2914.2470085470086,-152.14700854700868,-5.220800024870454
Kerala,1985,61.2,6.1,29.3,66.6,254.2,828.7,388.9,315.3,117.6,204.0,74.9,44.0,2390.5,67.3,350.0,1650.4,322.8,2914.2470085470086,-523.7470085470086,-17.971949769904352
Kerala,1986,5.6,18.7,11.2,63.1,126.7,597.9,324.8,340.3,235.4,165.5,194.7,9.5,2093.2,24.3,200.9,1498.4,369.6,2914.2470085470086,-821.0470085470088,-28.17355584955608
Kerala,1987,0.6,0.8,4.3,57.2,108.3,572.6,221.0,396.6,157.0,272.1,216.0,131.1,2137.6,1.4,169.7,1347.2,619.2,2914.2470085470086,-776.6470085470087,-26.650006202948152
Kerala,1988,0.8,17.5,38.1,177.6,157.2,511.3,502.8,379.8,451.7,68.5,67.0,31.1,2403.5,18.3,372.9,1845.7,166.6,2914.2470085470086,-510.7470085470086,-17.525865413915547
Kerala,1989,10.3,0.0,30.1,141.5,169.4,657.5,450.7,285.5,271.1,308.0,92.9,5.6,2422.7,10.3,341.1,1664.7,406.5,2914.2470085470086,-491.5470085470088,-16.867033134301312
Kerala,1990,14.9,4.8,18.0,41.8,488.5,528.6,635.4,370.8,103.3,323.2,158.8,5.2,2693.1,19.7,548.3,1638.0,487.2,2914.2470085470086,-221.14700854700868,-7.588478529734122
Kerala,1991,10.9,4.4,33.2,97.0,113.4,1096.1,905.5,465.5,48.5,307.8,99.9,2.3,3184.5,15.3,243.6,2515.6,410.0,2914.2470085470086,270.2529914529914,9.273510126642789
Kerala,1992,2.4,0.9,0.1,43.0,218.4,819.3,767.8,508.0,297.5,290.7,287.6,3.7,3239.5,3.4,261.6,2392.5,582.1,2914.2470085470086,325.2529914529914,11.160790094287742
Kerala,1993,0.0,17.8,20.1,66.5,159.0,657.1,776.1,301.9,88.0,431.2,153.8,46.2,2717.7,17.8,245.6,1823.1,631.3,2914.2470085470086,-196.54700854700877,-6.744349671478384
Kerala,1994,24.3,27.1,18.1,154.5,141.3,845.0,955.5,479.9,212.6,428.4,117.6,6.5,3410.8,51.4,313.9,2493.0,552.5,2914.2470085470086,496.5529914529916,17.03880933897103
Kerala,1995,10.3,6.5,37.3,134.9,355.6,493.4,702.5,457.3,280.0,198.3,182.6,0.1,2858.8,16.8,527.8,1933.2,380.9,2914.2470085470086,-55.44700854700841,-1.9026186999383177
Kerala,1996,2.8,9.1,14.4,124.3,74.3,572.4,696.0,327.4,342.7,294.1,89.9,62.5,2610.0,11.8,213.0,1938.5,446.6,2914.2470085470086,-304.2470085470086,-10.439986989939493
Kerala,1997,2.1,1.5,36.1,60.6,133.6,544.2,970.5,536.0,292.2,288.9,298.4,88.4,3252.4,3.7,230.2,2342.9,675.7,2914.2470085470086,338.1529914529915,11.603443032153562
Kerala,1998,6.0,2.1,8.1,61.1,151.6,732.5,641.4,371.8,517.6,444.8,135.0,79.4,3151.5,8.0,220.8,2263.4,659.3,2914.2470085470086,237.2529914529914,8.141142146055817
Kerala,1999,1.8,23.8,21.4,111.6,453.2,607.3,700.4,266.3,88.0,567.9,68.1,4.9,2914.6,25.5,586.2,1661.9,640.9,2914.2470085470086,0.3529914529913185,0.012112612690552738
Kerala,2000,11.7,57.8,21.5,96.3,124.5,633.8,343.2,566.5,195.8,214.2,78.1,69.1,2412.6,69.5,242.3,1739.4,361.5,2914.2470085470086,-501.6470085470087,-17.213606364723383
Kerala,2001,16.5,28.3,7.0,238.0,238.6,715.3,598.5,361.3,216.8,319.6,181.0,10.1,2931.1,44.7,483.7,1892.0,510.7,2914.2470085470086,16.85299145299132,0.5782966029840386
Kerala,2002,4.7,8.7,35.7,117.3,330.8,503.1,318.7,438.2,99.0,511.7,137.5,2.1,2507.4,13.3,483.7,1359.0,651.3,2914.2470085470086,-406.8470085470085,-13.960621984128077
Kerala,2003,0.7,50.9,82.1,134.4,91.0,566.7,532.0,350.3,93.6,407.0,76.4,9.7,2394.9,51.6,307.5,1542.6,493.1,2914.2470085470086,-519.3470085470085,-17.820967372492753
Kerala,2004,2.4,8.1,37.9,113.2,610.9,673.4,385.4,417.9,192.8,320.6,120.7,2.7,2886.1,10.5,762.0,1669.5,444.0,2914.2470085470086,-28.14700854700868,-0.9658415523618321
Kerala,2005,19.8,7.0,25.3,205.9,134.8,619.2,832.7,291.0,414.7,240.1,184.3,56.4,3031.1,26.8,366.0,2157.6,480.7,2914.2470085470086,116.85299145299132,4.009714725974862
Kerala,2006,8.1,0.5,90.7,65.3,521.2,482.4,804.0,432.6,474.8,376.4,162.8,1.8,3420.6,8.6,677.2,2193.8,541.0,2914.2470085470086,506.3529914529913,17.375088315024122
Kerala,2007,0.5,5.6,7.3,138.5,192.7,705.9,966.3,489.6,526.7,357.2,87.4,11.9,3489.6,6.1,338.4,2688.5,456.5,2914.2470085470086,575.3529914529913,19.74276681988779
Kerala,2008,0.8,30.3,217.2,108.4,81.2,469.9,505.1,349.0,347.0,343.4,55.4,17.0,2524.5,31.1,406.7,1670.9,415.7,2914.2470085470086,-389.7470085470086,-13.373849485096647
Kerala,2009,3.3,1.5,62.6,69.0,191.6,438.2,924.9,269.3,326.5,205.2,274.4,44.2,2810.6,4.8,323.1,1958.9,523.8,2914.2470085470086,-103.64700854700868,-3.556562235219904
Kerala,2010,18.6,1.0,31.4,138.9,190.6,667.5,629.0,356.0,275.6,441.4,335.1,46.8,3131.8,19.6,360.9,1928.0,823.3,2914.2470085470086,217.5529914529916,7.465152775826632
Kerala,2011,20.5,45.7,24.1,165.2,124.2,788.5,536.8,492.7,391.2,227.2,169.7,49.5,3035.1,66.2,313.5,2209.1,446.3,2914.2470085470086,120.85299145299132,4.146971450894496
Kerala,2012,7.4,11.0,21.0,171.1,95.3,430.3,362.6,501.6,241.1,187.5,112.9,9.4,2151.1,18.3,287.4,1535.6,309.8,2914.2470085470086,-763.1470085470087,-26.186764756344388
Kerala,2013,3.9,40.1,49.9,49.3,119.3,1042.7,830.2,369.7,318.6,259.9,154.9,17.0,3255.4,43.9,218.5,2561.2,431.8,2914.2470085470086,341.1529914529915,11.706385575843287
Kerala,2014,4.6,10.3,17.9,95.7,251.0,454.4,677.8,733.9,298.8,355.5,99.5,47.2,3046.4,14.9,364.5,2164.8,502.1,2914.2470085470086,132.1529914529915,4.534721698792465
Kerala,2015,3.1,5.8,50.1,214.1,201.8,563.6,406.0,252.2,292.9,308.1,223.6,79.4,2600.6,8.9,465.9,1514.7,611.1,2914.2470085470086,-313.6470085470087,-10.762540293500635
Kerala,2016,3.0,16.4,22.4,33.3,258.4,595.7,441.5,231.0,84.1,105.1,57.9,22.0,1870.9,19.3,314.2,1352.3,185.0,2914.2470085470086,-1043.3470085470085,-35.801598336964666
Kerala,2017,12.7,0.3,87.8,52.8,213.3,579.8,378.5,462.6,435.5,228.0,152.1,61.4,2664.9,13.0,353.9,1856.5,441.5,2914.2470085470086,-249.3470085470085,-8.556138440417529
Lakshadweep,1901,22.6,86.4,114.8,263.8,37.3,459.0,0.0,0.0,46.7,183.7,229.9,15.0,1459.2,109.0,415.9,505.7,428.6,1587.2942857142857,-128.09428571428566,-8.069977121894757
Lakshadweep,1902,99.3,9.6,32.6,40.4,179.1,374.2,413.3,170.0,214.3,384.2,192.8,49.0,2158.8,108.9,252.1,1171.8,626.0,1587.2942857142857,571.5057142857145,36.00502562311788
Lakshadweep,1904,0.0,0.0,13.5,13.2,143.3,261.3,256.0,38.9,219.9,153.6,8.3,68.9,1176.9,0.0,170.0,776.1,230.8,1587.2942857142857,-410.3942857142856,-25.854958932811083
Lakshadweep,1905,62.4,0.0,0.0,0.0,166.7,400.7,68.7,377.5,107.5,232.1,159.3,0.0,1574.9,62.4,166.7,954.4,391.4,1587.2942857142857,-12.394285714285616,-0.7808435918805164
Lakshadweep,1906,17.8,0.0,24.4,33.8,213.0,465.0,348.6,260.5,25.9,252.3,106.5,63.8,1811.6,17.8,271.2,1100.0,422.6,1587.2942857142857,224.3057142857142,14.131325004095013
Lakshadweep,1907,60.6,49.3,0.0,123.5,77.0,241.1,199.5,165.6,25.8,176.3,292.7,47.4,1458.8,109.9,200.5,632.0,516.4,1587.2942857142857,-128.49428571428575,-8.095177237815296
Lakshadweep,1908,18.0,9.2,5.6,162.0,150.9,471.7,184.9,73.9,437.0,251.2,98.0,96.7,1959.1,27.2,318.5,1167.5,445.9,1587.2942857142857,371.8057142857142,23.423867749791643
Lakshadweep,1909,70.4,0.0,34.2,92.4,48.4,204.0,122.4,368.8,105.1,340.5,45.0,32.3,1463.5,70.4,175.0,800.3,417.8,1587.2942857142857,-123.7942857142857,-7.799075875749029
Lakshadweep,1910,2.3,0.0,32.8,34.3,201.1,340.4,155.2,292.4,301.8,317.1,171.8,0.0,1849.2,2.3,268.2,1089.8,488.9,1587.2942857142857,261.90571428571434,16.500135900625146
Lakshadweep,1911,22.4,0.0,0.0,0.0,104.2,425.3,245.5,60.3,67.9,316.1,276.0,170.0,1687.7,22.4,104.2,799.0,762.1,1587.2942857142857,100.40571428571434,6.325589097709853
Lakshadweep,1912,11.4,54.6,8.1,118.6,165.1,417.8,171.7,152.2,68.9,267.8,126.2,92.5,1654.9,66.0,291.8,810.6,486.5,1587.2942857142857,67.60571428571438,4.25917959222613
Lakshadweep,1913,77.0,1.8,50.3,53.4,244.0,251.8,215.5,235.5,38.6,154.3,111.4,84.9,1518.5,78.8,347.7,741.4,350.6,1587.2942857142857,-68.7942857142857,-4.334059936675708
Lakshadweep,1914,10.4,0.0,53.3,10.2,120.7,377.1,347.5,220.4,26.5,437.0,172.0,258.9,2034.0,10.4,184.2,971.5,867.9,1587.2942857142857,446.7057142857143,28.142589455911498
Lakshadweep,1915,0.0,0.0,22.9,50.5,143.3,183.4,461.6,76.0,222.1,151.6,155.8,78.3,1545.5,0.0,216.7,943.1,385.7,1587.2942857142857,-41.79428571428571,-2.633052112039715
Lakshadweep,1916,0.3,13.2,32.0,28.7,130.5,327.6,445.9,31.8,275.4,85.2,17.5,10.4,1398.5,13.5,191.2,1080.7,113.1,1587.2942857142857,-188.7942857142857,-11.89409471283568
Lakshadweep,1919,74.4,1.3,39.4,25.6,249.8,352.1,367.4,175.6,196.9,181.0,150.2,112.8,1926.5,75.7,314.8,1092.0,444.0,1587.2942857142857,339.2057142857143,21.37005830226819
Lakshadweep,1922,17.8,56.7,0.0,214.1,112.8,232.9,258.0,190.4,425.2,152.7,210.0,57.9,1928.5,74.5,326.9,1106.5,420.6,1587.2942857142857,341.2057142857143,21.49605888187086
Lakshadweep,1923,43.7,1.6,25.0,0.0,13.5,372.8,314.6,198.9,189.3,149.7,65.2,197.9,1572.2,45.3,38.5,1075.6,412.8,1587.2942857142857,-15.094285714285661,-0.9509443743441186
Lakshadweep,1924,23.8,1.0,4.7,57.6,224.9,567.3,339.2,396.4,236.8,96.5,15.2,8.6,1972.0,24.8,287.2,1539.7,120.3,1587.2942857142857,384.7057142857143,24.236571488228847
Lakshadweep,1925,2.3,7.5,15.5,32.6,244.2,327.5,192.3,295.3,63.5,109.3,144.9,242.0,1676.9,9.8,292.3,878.6,496.2,1587.2942857142857,89.60571428571438,5.645185967855458
Lakshadweep,1926,262.8,16.0,33.6,60.2,335.8,392.0,303.9,118.2,97.2,83.4,119.3,13.8,1836.2,278.8,429.6,911.3,216.5,1587.2942857142857,248.90571428571434,15.681132133207818
Lakshadweep,1930,14.0,24.6,14.2,0.0,110.6,277.5,115.5,186.4,193.0,170.6,79.6,72.4,1258.4,38.6,124.8,772.4,322.6,1587.2942857142857,-328.8942857142856,-20.72043531400244
Lakshadweep,1932,0.0,0.2,4.8,0.4,372.6,239.4,435.0,286.7,63.5,256.3,178.1,56.7,1893.7,0.2,377.8,1024.6,491.1,1587.2942857142857,306.40571428571434,19.30364879678447
Lakshadweep,1933,6.1,34.5,16.5,44.5,660.8,200.3,366.0,334.8,390.0,157.9,85.1,17.6,2314.1,40.6,721.8,1291.1,260.6,1587.2942857142857,726.8057142857142,45.78897062926489
Lakshadweep,1934,122.3,5.7,5.1,30.8,37.4,305.1,197.1,71.4,76.3,161.5,74.9,0.3,1087.9,128.0,73.3,649.9,236.7,1587.2942857142857,-499.3942857142856,-31.461984725129728
Lakshadweep,1935,9.2,7.7,0.0,41.1,15.8,351.8,309.1,277.5,136.4,142.8,145.4,92.4,1529.2,16.9,56.9,1074.8,380.6,1587.2942857142857,-58.09428571428566,-3.6599568358014416
Lakshadweep,1936,0.5,1.0,41.1,18.8,354.8,464.2,177.1,161.1,219.1,70.1,177.1,59.2,1744.1,1.5,414.7,1021.5,306.4,1587.2942857142857,156.8057142857142,9.87880544250503
Lakshadweep,1937,8.3,2.5,1.5,15.8,79.7,371.8,391.0,80.0,101.3,167.9,191.0,32.8,1443.6,10.8,97.0,944.1,391.7,1587.2942857142857,-143.6942857142858,-9.052781642795562
Lakshadweep,1938,6.8,6.3,8.0,74.0,113.8,145.4,230.3,385.8,132.8,113.3,210.8,120.3,1547.6,13.1,195.8,894.3,444.4,1587.2942857142857,-39.6942857142858,-2.500751503456921
Lakshadweep,1939,9.0,0.5,0.0,2.5,20.3,412.7,220.1,248.0,47.0,114.6,126.8,5.8,1207.3,9.5,22.8,927.8,247.2,1587.2942857142857,-379.99428571428575,-23.93975012285057
Lakshadweep,1940,14.8,0.4,0.0,19.2,61.4,292.5,267.2,242.0,36.4,237.7,194.3,40.8,1406.7,15.2,80.6,838.1,472.8,1587.2942857142857,-180.59428571428566,-11.377492336464744
Lakshadweep,1941,44.4,16.5,2.7,1.0,227.6,213.3,142.0,182.4,138.5,78.1,72.9,44.0,1163.4,60.9,231.3,676.2,195.0,1587.2942857142857,-423.8942857142856,-26.70546284512908
Lakshadweep,1942,40.0,3.8,15.1,69.1,154.1,539.7,346.6,207.3,90.1,120.5,39.2,160.7,1786.2,43.8,238.3,1183.7,320.4,1587.2942857142857,198.90571428571434,12.531117643141162
Lakshadweep,1944,25.4,67.9,5.8,16.6,174.5,261.4,247.3,99.1,272.6,175.9,234.9,86.7,1668.1,93.3,196.9,880.4,497.5,1587.2942857142857,80.8057142857142,5.090783417603715
Lakshadweep,1945,16.8,1.3,0.0,0.9,54.2,362.0,341.0,148.8,42.8,132.8,155.1,65.6,1321.3,18.1,55.1,894.6,353.5,1587.2942857142857,-265.99428571428575,-16.757717085498598
Lakshadweep,1947,20.1,9.1,24.3,140.2,87.9,364.8,303.6,504.6,168.8,74.2,28.4,29.9,1755.9,29.2,252.4,1341.8,132.5,1587.2942857142857,168.60571428571438,10.622208862160772
Lakshadweep,1948,70.0,5.7,0.2,17.2,121.0,278.5,159.0,124.8,39.5,356.7,118.5,34.2,1325.3,75.7,138.4,601.8,509.4,1587.2942857142857,-261.99428571428575,-16.505715926293263
Lakshadweep,1950,8.5,38.7,25.1,69.9,158.6,203.1,405.0,266.5,135.3,52.7,31.0,99.7,1494.1,47.2,253.6,1009.9,183.4,1587.2942857142857,-93.1942857142858,-5.871267007828241
Lakshadweep,1951,24.3,28.9,35.3,129.9,108.4,445.1,524.2,43.7,156.0,68.6,103.6,47.3,1715.3,53.2,273.6,1169.0,219.5,1587.2942857142857,128.00571428571425,8.06439709622664
Lakshadweep,1952,21.3,11.2,0.8,11.6,152.4,343.5,157.9,79.6,38.3,273.0,12.2,22.7,1124.5,32.5,164.8,619.3,307.9,1587.2942857142857,-462.7942857142857,-29.156174118400948
Lakshadweep,1953,10.4,40.8,9.3,35.0,15.3,205.8,537.0,69.4,125.5,452.4,95.6,9.7,1606.2,51.2,59.6,937.7,557.7,1587.2942857142857,18.90571428571434,1.1910654789012063
Lakshadweep,1954,74.1,0.0,14.6,39.8,122.3,375.2,259.5,232.9,123.5,256.2,34.1,23.3,1555.5,74.1,176.7,991.1,313.6,1587.2942857142857,-31.794285714285706,-2.003049214026384
Lakshadweep,1955,11.4,39.1,0.0,105.4,235.2,345.5,215.4,63.2,302.5,155.9,61.2,13.5,1548.3,50.5,340.6,926.6,230.6,1587.2942857142857,-38.99428571428575,-2.4566513005959854
Lakshadweep,1956,13.6,27.7,1.3,40.8,269.5,356.1,109.8,91.6,148.0,175.6,48.5,4.9,1287.4,41.3,311.6,705.5,229.0,1587.2942857142857,-299.8942857142856,-18.89342690976378
Lakshadweep,1957,0.9,11.4,34.6,23.7,195.6,309.9,129.1,149.6,47.5,215.2,198.5,31.2,1347.2,12.3,253.9,636.1,444.9,1587.2942857142857,-240.09428571428566,-15.126009579644062
Lakshadweep,1958,0.2,1.6,0.0,8.0,116.0,269.4,84.5,238.2,54.0,133.4,51.1,36.2,992.6,1.8,124.0,646.1,220.7,1587.2942857142857,-594.6942857142857,-37.46591234319678
Lakshadweep,1959,15.0,0.0,8.0,51.6,320.5,337.7,205.8,151.2,183.2,183.8,97.8,29.0,1583.6,15.0,380.1,877.9,310.6,1587.2942857142857,-3.6942857142857974,-0.23274107060893007
Lakshadweep,1960,29.6,40.0,3.3,85.4,497.1,176.8,257.3,168.4,221.3,169.7,235.9,17.0,1901.8,69.6,585.8,823.8,422.6,1587.2942857142857,314.50571428571425,19.81395114417526
Lakshadweep,1961,60.3,47.4,0.0,31.3,421.1,593.2,297.3,228.2,215.8,148.1,98.8,93.8,2235.3,107.7,452.4,1334.5,340.7,1587.2942857142857,648.0057142857145,40.82454779291986
Lakshadweep,1962,11.1,0.0,0.0,81.5,331.2,149.3,204.5,286.7,201.8,210.9,33.5,76.1,1586.6,11.1,412.7,842.3,320.5,1587.2942857142857,-0.6942857142857974,-0.04374020120493078
Lakshadweep,1963,126.7,112.9,6.5,72.6,204.6,233.0,367.0,249.9,121.8,113.5,211.5,82.1,1902.1,239.6,283.7,971.7,407.1,1587.2942857142857,314.8057142857142,19.832851231115658
Lakshadweep,1964,2.5,3.5,5.2,40.4,64.2,376.1,407.0,174.6,342.5,120.9,90.8,24.0,1651.7,6.0,109.8,1300.2,235.7,1587.2942857142857,64.40571428571434,4.057578664861862
Lakshadweep,1965,0.2,7.3,8.3,35.0,162.5,200.6,164.2,267.7,92.4,69.2,77.9,320.6,1405.9,7.5,205.8,724.9,467.7,1587.2942857142857,-181.39428571428562,-11.427892568305808
Lakshadweep,1966,21.3,0.2,6.2,4.4,34.9,376.7,421.9,158.9,225.4,266.1,158.0,67.5,1741.5,21.5,45.5,1182.9,491.6,1587.2942857142857,154.2057142857143,9.715004689021569
Lakshadweep,1967,7.8,2.7,0.0,0.0,148.3,301.2,380.1,196.9,100.4,92.3,24.5,33.1,1287.3,10.5,148.3,978.6,149.9,1587.2942857142857,-299.99428571428575,-18.89972693874392
Lakshadweep,1968,8.7,1.8,30.6,45.4,16.6,393.8,439.8,84.1,202.8,46.5,31.4,42.9,1344.4,10.5,92.6,1120.5,120.8,1587.2942857142857,-242.89428571428562,-15.302410391087792
Lakshadweep,1969,30.0,4.1,0.0,63.3,237.9,125.6,149.0,225.3,95.9,162.3,157.5,165.2,1416.1,34.1,301.2,595.8,485.0,1587.2942857142857,-171.1942857142858,-10.785289612332221
Lakshadweep,1970,18.7,6.3,13.8,32.3,164.9,322.1,484.4,284.6,228.9,126.9,81.2,18.9,1783.0,25.0,211.0,1320.0,227.0,1587.2942857142857,195.7057142857143,12.329516715776894
Lakshadweep,1971,3.8,12.3,5.4,25.0,271.6,333.9,308.1,349.6,281.8,113.8,63.0,133.1,1901.4,16.1,302.0,1273.4,309.9,1587.2942857142857,314.1057142857144,19.788751028254737
Lakshadweep,1972,0.0,1.1,0.0,11.4,81.3,349.2,197.3,172.5,152.0,219.2,94.2,9.4,1287.6,1.1,92.7,871.0,322.8,1587.2942857142857,-299.6942857142858,-18.880826851803523
Lakshadweep,1973,0.3,5.8,0.0,40.7,96.3,260.5,299.9,437.9,57.3,150.9,108.1,99.7,1557.4,6.1,137.0,1055.6,358.7,1587.2942857142857,-29.894285714285616,-1.8833486634038454
Lakshadweep,1974,0.0,16.8,0.8,35.4,171.9,277.6,491.6,165.7,258.3,65.9,20.1,7.2,1511.3,16.8,208.1,1193.2,93.2,1587.2942857142857,-75.99428571428575,-4.787662023245309
Lakshadweep,1975,8.6,0.7,18.4,92.9,282.2,250.0,278.0,348.4,299.5,111.6,155.2,45.0,1890.5,9.3,393.5,1175.9,311.8,1587.2942857142857,303.2057142857143,19.1020478694202
Lakshadweep,1976,10.3,0.0,1.1,72.9,85.3,260.7,329.2,344.1,36.6,189.2,161.6,11.1,1502.1,10.3,159.3,970.6,361.9,1587.2942857142857,-85.1942857142858,-5.367264689417577
Lakshadweep,1977,1.4,38.2,16.5,27.6,256.8,460.7,337.4,125.3,90.7,248.4,243.8,1.4,1848.2,39.6,300.9,1014.1,493.6,1587.2942857142857,260.90571428571434,16.437135610823812
Lakshadweep,1978,0.2,6.5,0.6,44.1,309.5,568.3,224.7,303.5,105.1,92.1,294.2,18.6,1967.4,6.7,354.2,1201.6,404.9,1587.2942857142857,380.1057142857144,23.94677015514272
Lakshadweep,1979,14.9,1.3,10.0,15.4,23.1,367.1,451.3,127.3,221.1,173.6,378.1,42.2,1825.4,16.2,48.5,1166.8,593.9,1587.2942857142857,238.10571428571438,15.000729003353422
Lakshadweep,1980,7.5,10.5,13.1,19.7,123.5,233.6,185.0,217.6,67.0,122.1,98.5,113.6,1211.7,18.0,156.3,703.2,334.2,1587.2942857142857,-375.59428571428566,-23.662548847724697
Lakshadweep,1981,1.8,20.4,0.6,22.3,208.6,421.5,168.9,213.3,281.4,167.4,76.6,34.6,1617.4,22.2,231.5,1085.1,278.6,1587.2942857142857,30.105714285714384,1.89666872467614
Lakshadweep,1982,1.6,0.4,0.6,0.4,106.8,321.6,254.5,326.1,121.3,70.7,178.6,9.4,1392.0,2.0,107.8,1023.5,258.7,1587.2942857142857,-195.2942857142857,-12.303596596544343
Lakshadweep,1983,1.4,0.0,0.0,0.2,113.5,215.0,277.0,375.0,219.8,77.6,71.2,52.5,1403.2,1.4,113.7,1086.8,201.3,1587.2942857142857,-184.09428571428566,-11.59799335076941
Lakshadweep,1984,71.1,114.9,96.7,65.1,46.7,318.9,271.5,124.9,83.1,218.3,155.4,25.0,1591.6,186.0,208.5,798.4,398.7,1587.2942857142857,4.305714285714203,0.27126124780173466
Lakshadweep,1985,6.4,0.0,27.4,11.1,182.9,326.1,152.1,203.0,206.4,42.0,62.3,83.7,1303.4,6.4,221.4,887.6,188.0,1587.2942857142857,-283.8942857142856,-17.88542227294245
Lakshadweep,1986,12.4,3.0,25.3,6.5,102.1,399.2,193.3,218.3,179.9,128.6,147.8,49.5,1465.9,15.4,133.9,990.7,325.9,1587.2942857142857,-121.39428571428562,-7.647875180225823
Lakshadweep,1987,1.9,1.5,0.0,16.5,72.9,389.3,29.4,284.7,183.4,133.0,47.7,128.3,1288.6,3.4,89.4,886.8,309.0,1587.2942857142857,-298.6942857142858,-18.81782656200219
Lakshadweep,1988,0.8,7.0,0.9,54.0,142.8,352.5,293.6,240.9,240.9,28.9,82.7,5.8,1450.8,7.8,197.7,1127.9,117.4,1587.2942857142857,-136.49428571428575,-8.59917955622596
Lakshadweep,1989,20.6,0.0,4.4,93.0,106.7,473.5,387.5,167.3,216.3,172.4,69.2,3.5,1714.4,20.6,204.1,1244.6,245.1,1587.2942857142857,127.10571428571438,8.007696835405449
Lakshadweep,1990,38.9,0.3,21.4,0.0,191.1,181.6,334.0,123.5,98.9,160.4,155.4,5.0,1310.5,39.2,212.5,738.0,320.8,1587.2942857142857,-276.7942857142857,-17.43812021535299
Lakshadweep,1991,12.3,0.0,18.7,12.3,68.0,604.3,241.1,253.8,45.7,222.7,75.5,28.6,1583.0,12.3,99.0,1144.9,326.8,1587.2942857142857,-4.2942857142857065,-0.27054124448972416
Lakshadweep,1992,4.0,0.1,0.0,3.3,128.1,346.6,363.0,373.3,95.1,120.4,69.3,31.7,1534.9,4.1,131.4,1178.0,221.4,1587.2942857142857,-52.394285714285616,-3.30085518393384
Lakshadweep,1993,1.2,0.5,0.2,0.2,56.5,276.1,346.7,154.4,161.0,131.6,280.5,40.8,1449.7,1.7,56.9,938.2,452.9,1587.2942857142857,-137.59428571428566,-8.668479875007423
Lakshadweep,1994,12.4,66.6,34.8,88.8,78.9,361.1,240.2,219.7,76.2,213.5,153.7,1.2,1547.1,79.0,202.5,897.2,368.4,1587.2942857142857,-40.1942857142858,-2.5322516483575876
Lakshadweep,1995,131.3,18.5,0.3,315.4,179.6,286.0,486.7,384.8,71.8,81.0,72.2,3.3,2030.9,149.8,495.3,1229.3,156.5,1587.2942857142857,443.6057142857144,27.947288557527372
Lakshadweep,1996,44.7,1.1,1.6,17.4,50.0,427.1,335.3,197.3,230.4,109.0,60.5,131.6,1606.0,45.8,69.0,1190.1,301.1,1587.2942857142857,18.705714285714294,1.1784654209409369
Lakshadweep,1997,2.2,0.1,4.9,33.8,62.3,307.0,459.6,216.8,144.0,213.5,200.8,119.7,1764.7,2.3,101.0,1127.4,534.0,1587.2942857142857,177.40571428571434,11.1766114124125
Lakshadweep,1998,52.0,0.0,1.8,40.3,68.2,382.0,388.8,196.7,274.7,184.8,144.1,253.5,1986.9,52.0,110.3,1242.2,582.4,1587.2942857142857,399.6057142857144,25.175275806268715
Lakshadweep,1999,47.8,2.5,18.3,20.6,416.7,279.6,459.4,133.8,73.4,305.0,51.2,49.0,1857.3,50.3,455.6,946.2,405.2,1587.2942857142857,270.00571428571425,17.010438248015937
Lakshadweep,2000,83.3,18.9,3.4,47.9,204.6,225.4,95.5,319.9,164.5,141.4,56.3,11.0,1372.1,102.2,255.9,805.3,208.7,1587.2942857142857,-215.1942857142858,-13.557302363590878
Lakshadweep,2001,4.4,20.4,0.0,104.6,187.3,283.9,198.9,144.3,213.5,105.2,101.5,16.6,1380.6,24.8,291.9,840.6,223.3,1587.2942857142857,-206.6942857142858,-13.021799900279547
Lakshadweep,2002,10.8,16.8,7.2,23.4,189.8,261.8,81.3,143.9,50.0,178.2,52.9,17.4,1033.5,27.6,220.4,537.0,248.5,1587.2942857142857,-553.7942857142857,-34.88920049032225
Lakshadweep,2003,11.8,18.2,28.5,18.1,109.6,364.5,400.6,92.1,84.3,191.6,206.1,7.5,1532.9,30.0,156.2,941.5,405.2,1587.2942857142857,-54.394285714285616,-3.426855763536506
Lakshadweep,2004,7.2,1.5,1.9,7.7,330.2,251.2,280.8,169.5,200.0,193.4,107.6,2.2,1553.2,8.7,339.8,901.5,303.2,1587.2942857142857,-34.09428571428566,-2.1479498805694472
Lakshadweep,2005,17.6,11.1,0.0,37.0,92.8,248.5,378.9,102.4,278.0,164.2,218.3,26.6,1575.4,28.7,129.8,1007.8,409.1,1587.2942857142857,-11.894285714285616,-0.7493434469798499
Lakshadweep,2006,20.1,0.0,33.0,0.3,327.9,286.9,172.3,150.7,318.5,119.1,158.9,10.9,1598.6,20.1,361.2,928.4,288.9,1587.2942857142857,11.305714285714203,0.7122632764110662
Lakshadweep,2007,2.5,4.2,0.2,22.2,166.2,573.4,427.4,294.7,457.5,256.1,47.6,109.6,2361.6,6.7,188.6,1753.0,413.3,1587.2942857142857,774.3057142857142,48.78148439482821
Lakshadweep,2008,5.5,19.8,120.7,15.8,180.4,254.6,363.9,206.6,108.9,252.9,67.6,130.1,1726.8,25.3,316.9,934.0,450.6,1587.2942857142857,139.50571428571425,8.78890042894197
Lakshadweep,2009,4.7,1.5,0.1,18.1,162.1,401.2,266.4,185.0,145.1,87.4,166.2,132.3,1570.1,6.2,180.3,997.7,385.9,1587.2942857142857,-17.194285714285797,-1.0832449829269266
Lakshadweep,2010,18.8,0.0,1.2,35.6,79.0,318.9,336.7,335.1,161.5,155.4,201.5,81.5,1725.2,18.8,115.8,1152.2,438.4,1587.2942857142857,137.90571428571434,8.688099965259843
Lakshadweep,2011,5.1,2.8,3.1,85.9,107.2,153.6,350.2,254.0,255.2,117.4,184.3,14.9,1533.7,7.9,196.2,1013.0,316.6,1587.2942857142857,-53.59428571428566,-3.3764555316954423
Lakshadweep,2012,19.2,0.1,1.6,76.8,21.2,327.0,231.5,381.2,179.8,145.9,12.4,8.8,1405.5,19.3,99.6,1119.5,167.1,1587.2942857142857,-181.7942857142857,-11.453092684226347
Lakshadweep,2013,26.2,34.4,37.5,5.3,88.3,426.2,296.4,154.4,180.0,72.8,78.1,26.7,1426.3,60.6,131.1,1057.0,177.6,1587.2942857142857,-160.99428571428575,-10.14268665635862
Lakshadweep,2014,53.2,16.1,4.4,14.9,57.4,244.1,116.1,466.1,132.2,169.2,59.0,62.3,1395.0,69.3,76.7,958.5,290.5,1587.2942857142857,-192.2942857142857,-12.114595727140344
Lakshadweep,2015,2.2,0.5,3.7,87.1,133.1,296.6,257.5,146.4,160.4,165.4,231.0,159.0,1642.9,2.7,223.9,860.9,555.4,1587.2942857142857,55.605714285714384,3.5031761146101332
Lakshadweep,2016,59.6,12.1,3.2,2.6,77.4,321.1,262.6,86.2,75.6,58.6,32.0,74.7,1065.7,71.7,83.2,745.4,165.4,1587.2942857142857,-521.5942857142857,-32.86059115871932
Lakshadweep,2017,21.3,0.9,100.2,1.8,145.7,521.9,164.2,206.2,216.0,137.1,63.5,160.1,1738.9,22.2,247.8,1108.3,360.7,1587.2942857142857,151.60571428571438,9.551203935538108
