State,Year,Annual_Rainfall,Historical_Avg_Rainfall,Rainfall_Anomaly,Rainfall_Anomaly_Percent,Rainfall_Risk_Score,Regional_Rainfall_Risk,Flood_Events,Total_Known_Fatalities,Total_Known_Injuries,Total_Known_Displaced,Total_Animal_Fatalities,Average_Impact_Score,Historical_Flood_Present,Combined_Risk_Score,Combined_Risk_Level,Rainfall_Data_Available,Final_Risk_Level,Final_Risk_Score,Rainfall_Signal,Historical_Flood_Signal,Risk_Fusion_Score,Overall_Risk_Level,Recommended_Action
Andaman & Nicobar Islands,2012.0,,,,,,,2.0,0.0,0.0,0.0,0.0,-1.0,1,1.0,Moderate,0,Historical Flood Signal,2,0.0,1,1.0,MODERATE,Continue monitoring rainfall and historical flood conditions.
Andaman & Nicobar Islands,2013.0,,,,,,,1.0,1.0,0.0,0.0,0.0,1.0,1,1.0,Moderate,0,Historical Flood Signal,2,0.0,1,1.0,MODERATE,Continue monitoring rainfall and historical flood conditions.
Andhra Pradesh,1901.0,853.9,907.646153846154,-53.74615384615396,-6.022503581177201,0.0,Low,0.0,0.0,0.0,0.0,0.0,,0,0.0,Low,1,Low,0,0.0,0,0.0,LOW,Routine monitoring recommended.
Andhra Pradesh,1902.0,941.0,907.646153846154,33.35384615384601,4.123979178130388,0.0,Low,0.0,0.0,0.0,0.0,0.0,,0,0.0,Low,1,Low,0,0.0,0,0.0,LOW,Routine monitoring recommended.
Andhra Pradesh,1903.0,1227.2,907.646153846154,319.5538461538461,37.05135365468781,1.5,High,0.0,0.0,0.0,0.0,0.0,,0,1.5,Moderate,1,Moderate,1,1.5,0,1.5,LOW,Routine monitoring recommended.
Andhra Pradesh,1904.0,646.8,907.646153846154,-260.8461538461539,-30.7227214472583,0.0,Low,0.0,0.0,0.0,0.0,0.0,,0,0.0,Low,1,Low,0,0.0,0,0.0,LOW,Routine monitoring recommended.
Andhra Pradesh,1905.0,749.3,907.646153846154,-158.34615384615392,-16.16972799516569,0.0,Low,0.0,0.0,0.0,0.0,0.0,,0,0.0,Low,1,Low,0,0.0,0,0.0,LOW,Routine monitoring recommended.
Andhra Pradesh,1906.0,967.05,907.646153846154,59.40384615384606,8.276757103264126,0.5,Moderate,0.0,0.0,0.0,0.0,0.0,,0,0.5,Low,1,Low,0,0.5,0,0.5,LOW,Routine monitoring recommended.
Andhra Pradesh,1907.0,729.15,907.646153846154,-178.49615384615396,-19.206800232839136,0.0,Low,0.0,0.0,0.0,0.0,0.0,,0,0.0,Low,1,Low,0,0.0,0,0.0,LOW,Routine monitoring recommended.
Andhra Pradesh,1908.0,729.7,907.646153846154,-177.94615384615395,-19.568131712694463,0.0,Low,0.0,0.0,0.0,0.0,0.0,,0,0.0,Low,1,Low,0,0.0,0,0.0,LOW,Routine monitoring recommended.
Andhra Pradesh,1909.0,869.1,907.646153846154,-38.54615384615392,-1.7948322132483767,0.5,Moderate,0.0,0.0,0.0,0.0,0.0,,0,0.5,Low,1,Low,0,0.5,0,0.5,LOW,Routine monitoring recommended.
Andhra Pradesh,1910.0,1127.85,907.646153846154,220.203846153846,25.15794563223524,1.0,Moderate,0.0,0.0,0.0,0.0,0.0,,0,1.0,Moderate,1,Moderate,1,1.0,0,1.0,MODERATE,Continue monitoring rainfall and historical flood conditions.
Andhra Pradesh,1911.0,705.05,907.646153846154,-202.59615384615392,-22.385584702459425,0.0,Low,0.0,0.0,0.0,0.0,0.0,,0,0.0,Low,1,Low,0,0.0,0,0.0,LOW,Routine monitoring recommended.
Andhra Pradesh,1912.0,824.55,907.646153846154,-83.09615384615392,-8.257641611305043,0.0,Low,0.0,0.0,0.0,0.0,0.0,,0,0.0,Low,1,Low,0,0.0,0,0.0,LOW,Routine monitoring recommended.
Andhra Pradesh,1913.0,728.65,907.646153846154,-178.99615384615396,-19.682306940341466,0.0,Low,0.0,0.0,0.0,0.0,0.0,,0,0.0,Low,1,Low,0,0.0,0,0.0,LOW,Routine monitoring recommended.
Andhra Pradesh,1914.0,845.75,907.646153846154,-61.896153846153936,-7.432331516234234,0.0,Low,0.0,0.0,0.0,0.0,0.0,,0,0.0,Low,1,Low,0,0.0,0,0.0,LOW,Routine monitoring recommended.
Andhra Pradesh,1915.0,1135.25,907.646153846154,227.6038461538461,24.477594093345203,1.0,Moderate,0.0,0.0,0.0,0.0,0.0,,0,1.0,Moderate,1,Moderate,1,1.0,0,1.0,MODERATE,Continue monitoring rainfall and historical flood conditions.
Andhra Pradesh,1916.0,1199.1,907.646153846154,291.45384615384603,32.75665993616182,1.5,High,0.0,0.0,0.0,0.0,0.0,,0,1.5,Moderate,1,Moderate,1,1.5,0,1.5,LOW,Routine monitoring recommended.
Andhra Pradesh,1917.0,1111.35,907.646153846154,203.70384615384603,22.37961550131913,1.0,Moderate,0.0,0.0,0.0,0.0,0.0,,0,1.0,Moderate,1,Moderate,1,1.0,0,1.0,MODERATE,Continue monitoring rainfall and historical flood conditions.
Andhra Pradesh,1918.0,711.9,907.646153846154,-195.746153846154,-20.7533031050786,0.0,Low,0.0,0.0,0.0,0.0,0.0,,0,0.0,Low,1,Low,0,0.0,0,0.0,LOW,Routine monitoring recommended.
Andhra Pradesh,1919.0,1015.95,907.646153846154,108.30384615384612,12.54015982360643,0.5,Moderate,0.0,0.0,0.0,0.0,0.0,,0,0.5,Low,1,Low,0,0.5,0,0.5,LOW,Routine monitoring recommended.
Andhra Pradesh,1920.0,699.15,907.646153846154,-208.496153846154,-21.452334874447907,0.0,Low,0.0,0.0,0.0,0.0,0.0,,0,0.0,Low,1,Low,0,0.0,0,0.0,LOW,Routine monitoring recommended.
Andhra Pradesh,1921.0,879.3,907.646153846154,-28.346153846153925,-3.078601446851493,0.0,Low,0.0,0.0,0.0,0.0,0.0,,0,0.0,Low,1,Low,0,0.0,0,0.0,LOW,Routine monitoring recommended.
Andhra Pradesh,1922.0,811.8,907.646153846154,-95.84615384615398,-9.031245418499148,0.0,Low,0.0,0.0,0.0,0.0,0.0,,0,0.0,Low,1,Low,0,0.0,0,0.0,LOW,Routine monitoring recommended.
Andhra Pradesh,1923.0,821.1,907.646153846154,-86.54615384615391,-12.66449811175453,0.0,Low,0.0,0.0,0.0,0.0,0.0,,0,0.0,Low,1,Low,0,0.0,0,0.0,LOW,Routine monitoring recommended.
Andhra Pradesh,1924.0,933.15,907.646153846154,25.50384615384604,0.995598079739846,0.5,Moderate,0.0,0.0,0.0,0.0,0.0,,0,0.5,Low,1,Low,0,0.5,0,0.5,LOW,Routine monitoring recommended.
Andhra Pradesh,1925.0,1052.0,907.646153846154,144.3538461538461,15.52861734158003,1.0,Moderate,0.0,0.0,0.0,0.0,0.0,,0,1.0,Moderate,1,Moderate,1,1.0,0,1.0,MODERATE,Continue monitoring rainfall and historical flood conditions.
Andhra Pradesh,1926.0,776.6500000000001,907.646153846154,-130.9961538461539,-13.935029830514823,0.0,Low,0.0,0.0,0.0,0.0,0.0,,0,0.0,Low,1,Low,0,0.0,0,0.0,LOW,Routine monitoring recommended.
Andhra Pradesh,1927.0,867.5,907.646153846154,-40.146153846153936,-5.295808624091159,0.0,Low,0.0,0.0,0.0,0.0,0.0,,0,0.0,Low,1,Low,0,0.0,0,0.0,LOW,Routine monitoring recommended.
Andhra Pradesh,1928.0,906.3,907.646153846154,-1.3461538461539782,-1.0814123005191345,0.0,Low,0.0,0.0,0.0,0.0,0.0,,0,0.0,Low,1,Low,0,0.0,0,0.0,LOW,Routine monitoring recommended.
Andhra Pradesh,1929.0,777.85,907.646153846154,-129.7961538461539,-13.572203765423312,0.0,Low,0.0,0.0,0.0,0.0,0.0,,0,0.0,Low,1,Low,0,0.0,0,0.0,LOW,Routine monitoring recommended.
Andhra Pradesh,1930.0,1109.1,907.646153846154,201.45384615384603,23.2733192847888,1.0,Moderate,0.0,0.0,0.0,0.0,0.0,,0,1.0,Moderate,1,Moderate,1,1.0,0,1.0,MODERATE,Continue monitoring rainfall and historical flood conditions.
Andhra Pradesh,1931.0,1003.15,907.646153846154,95.50384615384604,8.27999153464186,0.5,Moderate,0.0,0.0,0.0,0.0,0.0,,0,0.5,Low,1,Low,0,0.5,0,0.5,LOW,Routine monitoring recommended.
Andhra Pradesh,1932.0,803.65,907.646153846154,-103.99615384615396,-12.19529176714903,0.0,Low,0.0,0.0,0.0,0.0,0.0,,0,0.0,Low,1,Low,0,0.0,0,0.0,LOW,Routine monitoring recommended.
Andhra Pradesh,1933.0,882.75,907.646153846154,-24.896153846153936,-3.911318365949065,0.0,Low,0.0,0.0,0.0,0.0,0.0,,0,0.0,Low,1,Low,0,0.0,0,0.0,LOW,Routine monitoring recommended.
Andhra Pradesh,1934.0,747.85,907.646153846154,-159.7961538461539,-17.93949043561858,0.0,Low,0.0,0.0,0.0,0.0,0.0,,0,0.0,Low,1,Low,0,0.0,0,0.0,LOW,Routine monitoring recommended.
Andhra Pradesh,1935.0,766.7,907.646153846154,-140.94615384615395,-13.112176216590491,0.0,Low,0.0,0.0,0.0,0.0,0.0,,0,0.0,Low,1,Low,0,0.0,0,0.0,LOW,Routine monitoring recommended.
Andhra Pradesh,1936.0,1012.15,907.646153846154,104.5038461538461,8.71786224562133,0.5,Moderate,0.0,0.0,0.0,0.0,0.0,,0,0.5,Low,1,Low,0,0.5,0,0.5,LOW,Routine monitoring recommended.
Andhra Pradesh,1937.0,833.8,907.646153846154,-73.84615384615392,-6.84606255423207,0.0,Low,0.0,0.0,0.0,0.0,0.0,,0,0.0,Low,1,Low,0,0.0,0,0.0,LOW,Routine monitoring recommended.
Andhra Pradesh,1938.0,940.3,907.646153846154,32.65384615384607,1.5005762422551978,0.5,Moderate,0.0,0.0,0.0,0.0,0.0,,0,0.5,Low,1,Low,0,0.5,0,0.5,LOW,Routine monitoring recommended.
Andhra Pradesh,1939.0,934.25,907.646153846154,26.603846153846064,3.122652279762508,0.0,Low,0.0,0.0,0.0,0.0,0.0,,0,0.0,Low,1,Low,0,0.0,0,0.0,LOW,Routine monitoring recommended.
Andhra Pradesh,1940.0,986.8,907.646153846154,79.15384615384606,10.015122594864632,0.5,Moderate,0.0,0.0,0.0,0.0,0.0,,0,0.5,Low,1,Low,0,0.5,0,0.5,LOW,Routine monitoring recommended.
Andhra Pradesh,1941.0,840.0,907.646153846154,-67.64615384615394,-8.42012204653777,0.0,Low,0.0,0.0,0.0,0.0,0.0,,0,0.0,Low,1,Low,0,0.0,0,0.0,LOW,Routine monitoring recommended.
Andhra Pradesh,1942.0,708.3499999999999,907.646153846154,-199.296153846154,-23.02484680618308,0.0,Low,0.0,0.0,0.0,0.0,0.0,,0,0.0,Low,1,Low,0,0.0,0,0.0,LOW,Routine monitoring recommended.
Andhra Pradesh,1943.0,1007.2,907.646153846154,99.55384615384602,14.299333983989166,1.0,Moderate,0.0,0.0,0.0,0.0,0.0,,0,1.0,Moderate,1,Moderate,1,1.0,0,1.0,MODERATE,Continue monitoring rainfall and historical flood conditions.
Andhra Pradesh,1944.0,1036.65,907.646153846154,129.0038461538461,14.988633418529918,0.5,Moderate,0.0,0.0,0.0,0.0,0.0,,0,0.5,Low,1,Low,0,0.5,0,0.5,LOW,Routine monitoring recommended.
Andhra Pradesh,1945.0,797.8,907.646153846154,-109.84615384615394,-13.315114552923404,0.0,Low,0.0,0.0,0.0,0.0,0.0,,0,0.0,Low,1,Low,0,0.0,0,0.0,LOW,Routine monitoring recommended.
Andhra Pradesh,1946.0,961.95,907.646153846154,54.30384615384611,8.520924185000101,0.5,Moderate,0.0,0.0,0.0,0.0,0.0,,0,0.5,Low,1,Low,0,0.5,0,0.5,LOW,Routine monitoring recommended.
Andhra Pradesh,1947.0,875.25,907.646153846154,-32.396153846153936,-5.582404970172648,0.0,Low,0.0,0.0,0.0,0.0,0.0,,0,0.0,Low,1,Low,0,0.0,0,0.0,LOW,Routine monitoring recommended.
Andhra Pradesh,1948.0,816.75,907.646153846154,-90.896153846154,-11.425650302211965,0.0,Low,0.0,0.0,0.0,0.0,0.0,,0,0.0,Low,1,Low,0,0.0,0,0.0,LOW,Routine monitoring recommended.
Andhra Pradesh,1949.0,1021.9,907.646153846154,114.25384615384604,11.970326512274458,0.5,Moderate,0.0,0.0,0.0,0.0,0.0,,0,0.5,Low,1,Low,0,0.5,0,0.5,LOW,Routine monitoring recommended.
Andhra Pradesh,1950.0,748.45,907.646153846154,-159.19615384615395,-19.668541991155724,0.0,Low,0.0,0.0,0.0,0.0,0.0,,0,0.0,Low,1,Low,0,0.0,0,0.0,LOW,Routine monitoring recommended.
Andhra Pradesh,1951.0,817.25,907.646153846154,-90.396153846154,-12.629789970477692,0.0,Low,0.0,0.0,0.0,0.0,0.0,,0,0.0,Low,1,Low,0,0.0,0,0.0,LOW,Routine monitoring recommended.
Andhra Pradesh,1952.0,808.95,907.646153846154,-98.69615384615388,-10.529482931667433,0.0,Low,0.0,0.0,0.0,0.0,0.0,,0,0.0,Low,1,Low,0,0.0,0,0.0,LOW,Routine monitoring recommended.
Andhra Pradesh,1953.0,892.85,907.646153846154,-14.796153846153908,-0.863450733795875,0.0,Low,0.0,0.0,0.0,0.0,0.0,,0,0.0,Low,1,Low,0,0.0,0,0.0,LOW,Routine monitoring recommended.
Andhra Pradesh,1954.0,969.45,907.646153846154,61.80384615384605,6.246794883349882,0.0,Low,0.0,0.0,0.0,0.0,0.0,,0,0.0,Low,1,Low,0,0.0,0,0.0,LOW,Routine monitoring recommended.
Andhra Pradesh,1955.0,1097.65,907.646153846154,190.0038461538461,19.00319424982029,0.5,Moderate,0.0,0.0,0.0,0.0,0.0,,0,0.5,Low,1,Low,0,0.5,0,0.5,LOW,Routine monitoring recommended.
Andhra Pradesh,1956.0,1169.75,907.646153846154,262.10384615384606,27.9026229586155,1.5,High,0.0,0.0,0.0,0.0,0.0,,0,1.5,Moderate,1,Moderate,1,1.5,0,1.5,LOW,Routine monitoring recommended.
Andhra Pradesh,1957.0,794.6500000000001,907.646153846154,-112.9961538461539,-14.190297648898657,0.0,Low,0.0,0.0,0.0,0.0,0.0,,0,0.0,Low,1,Low,0,0.0,0,0.0,LOW,Routine monitoring recommended.
Andhra Pradesh,1958.0,1206.85,907.646153846154,299.20384615384603,29.258139389483706,1.0,Moderate,0.0,0.0,0.0,0.0,0.0,,0,1.0,Moderate,1,Moderate,1,1.0,0,1.0,MODERATE,Continue monitoring rainfall and historical flood conditions.
Andhra Pradesh,1959.0,878.25,907.646153846154,-29.396153846153936,-5.092588114320705,0.0,Low,0.0,0.0,0.0,0.0,0.0,,0,0.0,Low,1,Low,0,0.0,0,0.0,LOW,Routine monitoring recommended.
Andhra Pradesh,1960.0,843.8,907.646153846154,-63.846153846153925,-6.451472265911914,0.0,Low,0.0,0.0,0.0,0.0,0.0,,0,0.0,Low,1,Low,0,0.0,0,0.0,LOW,Routine monitoring recommended.
Andhra Pradesh,1961.0,885.35,907.646153846154,-22.296153846153903,-4.137836151252595,0.0,Low,0.0,0.0,0.0,0.0,0.0,,0,0.0,Low,1,Low,0,0.0,0,0.0,LOW,Routine monitoring recommended.
Andhra Pradesh,1962.0,1080.9,907.646153846154,173.25384615384604,17.406642770889334,0.5,Moderate,0.0,0.0,0.0,0.0,0.0,,0,0.5,Low,1,Low,0,0.5,0,0.5,LOW,Routine monitoring recommended.
Andhra Pradesh,1963.0,866.5,907.646153846154,-41.146153846153936,-4.909851932379808,0.0,Low,0.0,0.0,0.0,0.0,0.0,,0,0.0,Low,1,Low,0,0.0,0,0.0,LOW,Routine monitoring recommended.
Andhra Pradesh,1964.0,926.3,907.646153846154,18.653846153846075,2.248544136294633,0.0,Low,0.0,0.0,0.0,0.0,0.0,,0,0.0,Low,1,Low,0,0.0,0,0.0,LOW,Routine monitoring recommended.
Andhra Pradesh,1965.0,675.05,907.646153846154,-232.59615384615392,-25.147797034711434,0.0,Low,0.0,0.0,0.0,0.0,0.0,,0,0.0,Low,1,Low,0,0.0,0,0.0,LOW,Routine monitoring recommended.
Andhra Pradesh,1966.0,929.4,907.646153846154,21.753846153846084,4.541161999834896,0.5,Moderate,0.0,0.0,0.0,0.0,0.0,,0,0.5,Low,1,Low,0,0.5,0,0.5,LOW,Routine monitoring recommended.
Andhra Pradesh,1967.0,790.35,907.646153846154,-117.29615384615391,-11.654107325156458,0.0,Low,0.0,0.0,0.0,0.0,0.0,,0,0.0,Low,1,Low,0,0.0,0,0.0,LOW,Routine monitoring recommended.
Andhra Pradesh,1968.0,731.4,907.646153846154,-176.24615384615396,-19.28553817436638,0.0,Low,1.0,0.0,0.0,0.0,0.0,-1.0,1,1.0,Moderate,1,Moderate,1,0.0,1,1.0,MODERATE,Continue monitoring rainfall and historical flood conditions.
Andhra Pradesh,1969.0,1061.05,907.646153846154,153.40384615384608,15.980126201346543,0.5,Moderate,0.0,0.0,0.0,0.0,0.0,,0,0.5,Low,1,Low,0,0.5,0,0.5,LOW,Routine monitoring recommended.
Andhra Pradesh,1970.0,920.3,907.646153846154,12.653846153846075,1.407401351979658,0.0,Low,0.0,0.0,0.0,0.0,0.0,,0,0.0,Low,1,Low,0,0.0,0,0.0,LOW,Routine monitoring recommended.
Andhra Pradesh,1971.0,827.1500000000001,907.646153846154,-80.49615384615392,-10.218847038390164,0.0,Low,0.0,0.0,0.0,0.0,0.0,,0,0.0,Low,1,Low,0,0.0,0,0.0,LOW,Routine monitoring recommended.
Andhra Pradesh,1972.0,927.25,907.646153846154,19.603846153846064,2.949774616067045,0.0,Low,0.0,0.0,0.0,0.0,0.0,,0,0.0,Low,1,Low,0,0.0,0,0.0,LOW,Routine monitoring recommended.
Andhra Pradesh,1973.0,774.3,907.646153846154,-133.34615384615392,-14.036263311631512,0.0,Low,0.0,0.0,0.0,0.0,0.0,,0,0.0,Low,1,Low,0,0.0,0,0.0,LOW,Routine monitoring recommended.
Andhra Pradesh,1974.0,836.7,907.646153846154,-70.94615384615395,-7.402673179559795,0.0,Low,0.0,0.0,0.0,0.0,0.0,,0,0.0,Low,1,Low,0,0.0,0,0.0,LOW,Routine monitoring recommended.
Andhra Pradesh,1975.0,1117.0,907.646153846154,209.3538461538461,24.843999163515303,1.5,High,1.0,0.0,0.0,0.0,0.0,-1.0,1,2.5,High,1,High,2,1.5,1,2.5,LOW,Routine monitoring recommended.
Andhra Pradesh,1976.0,953.65,907.646153846154,46.00384615384604,5.30353471701826,0.0,Low,0.0,0.0,0.0,0.0,0.0,,0,0.0,Low,1,Low,0,0.0,0,0.0,LOW,Routine monitoring recommended.
Andhra Pradesh,1977.0,999.7,907.646153846154,92.05384615384604,10.568638716033092,0.5,Moderate,0.0,0.0,0.0,0.0,0.0,,0,0.5,Low,1,Low,0,0.5,0,0.5,LOW,Routine monitoring recommended.
Andhra Pradesh,1978.0,953.8,907.646153846154,46.15384615384602,6.246415716117433,0.5,Moderate,2.0,44.0,0.0,0.0,300.0,1.0,1,1.5,Moderate,1,Moderate,1,0.5,1,1.5,LOW,Routine monitoring recommended.
Andhra Pradesh,1979.0,873.75,907.646153846154,-33.896153846153936,-2.367703500441063,0.0,Low,1.0,0.0,0.0,0.0,0.0,-1.0,1,1.0,Moderate,1,Moderate,1,0.0,1,1.0,MODERATE,Continue monitoring rainfall and historical flood conditions.
Andhra Pradesh,1980.0,794.25,907.646153846154,-113.39615384615394,-14.192871356588212,0.0,Low,1.0,85.0,0.0,0.0,3100.0,3.0,1,1.0,Moderate,1,Moderate,1,0.0,1,1.0,MODERATE,Continue monitoring rainfall and historical flood conditions.
Andhra Pradesh,1981.0,857.25,907.646153846154,-50.39615384615394,-4.439374796731706,0.0,Low,4.0,19.0,0.0,0.0,0.0,0.25,1,1.0,Moderate,1,Moderate,1,0.0,1,1.0,MODERATE,Continue monitoring rainfall and historical flood conditions.
Andhra Pradesh,1982.0,742.05,907.646153846154,-165.59615384615392,-18.77401979195844,0.0,Low,0.0,0.0,0.0,0.0,0.0,,0,0.0,Low,1,Low,0,0.0,0,0.0,LOW,Routine monitoring recommended.
Andhra Pradesh,1983.0,1069.5,907.646153846154,161.85384615384606,18.57083282468659,1.0,Moderate,11.0,49.0,0.0,0.0,5723.0,0.0909090909090909,1,2.0,High,1,High,2,1.0,1,2.0,HIGH,Increase monitoring and prepare local response resources.
Andhra Pradesh,1984.0,759.1,907.646153846154,-148.5461538461539,-14.71110973462178,0.0,Low,2.0,5.0,4.0,0.0,250.0,0.5,1,1.0,Moderate,1,Moderate,1,0.0,1,1.0,MODERATE,Continue monitoring rainfall and historical flood conditions.
Andhra Pradesh,1985.0,826.7,907.646153846154,-80.94615384615395,-9.112927278074586,0.0,Low,2.0,7.0,0.0,0.0,0.0,1.5,1,1.0,Moderate,1,Moderate,1,0.0,1,1.0,MODERATE,Continue monitoring rainfall and historical flood conditions.
Andhra Pradesh,1986.0,795.3,907.646153846154,-112.34615384615392,-13.96506254749391,0.0,Low,8.0,296.0,0.0,0.0,19405.0,1.375,1,1.0,Moderate,1,Moderate,1,0.0,1,1.0,MODERATE,Continue monitoring rainfall and historical flood conditions.
Andhra Pradesh,1987.0,924.7,907.646153846154,17.05384615384611,1.70381636779203,0.0,Low,1.0,53.0,0.0,0.0,0.0,3.0,1,1.0,Moderate,1,Moderate,1,0.0,1,1.0,MODERATE,Continue monitoring rainfall and historical flood conditions.
Andhra Pradesh,1988.0,1003.55,907.646153846154,95.90384615384602,10.5037466546843,0.0,Low,2.0,110.0,0.0,0.0,4233.0,2.5,1,1.0,Moderate,1,Moderate,1,0.0,1,1.0,MODERATE,Continue monitoring rainfall and historical flood conditions.
Andhra Pradesh,1989.0,861.85,907.646153846154,-45.79615384615391,-5.626011584730045,0.0,Low,1.0,226.0,0.0,0.0,0.0,4.0,1,1.0,Moderate,1,Moderate,1,0.0,1,1.0,MODERATE,Continue monitoring rainfall and historical flood conditions.
Andhra Pradesh,1990.0,1270.9,907.646153846154,363.2538461538461,37.52783893788441,1.5,High,1.0,36.0,0.0,0.0,0.0,3.0,1,2.5,High,1,High,2,1.5,1,2.5,LOW,Routine monitoring recommended.
Andhra Pradesh,1991.0,1044.8,907.646153846154,137.15384615384596,16.654136911843395,0.5,Moderate,4.0,63.0,0.0,0.0,0.0,2.0,1,1.5,Moderate,1,Moderate,1,0.5,1,1.5,LOW,Routine monitoring recommended.
Andhra Pradesh,1992.0,798.5,907.646153846154,-109.14615384615394,-13.392284701131931,0.0,Low,2.0,42.0,0.0,0.0,0.0,2.5,1,1.0,Moderate,1,Moderate,1,0.0,1,1.0,MODERATE,Continue monitoring rainfall and historical flood conditions.
Andhra Pradesh,1993.0,878.4000000000001,907.646153846154,-29.246153846153923,-0.6164129420942279,0.5,Moderate,1.0,13.0,0.0,0.0,0.0,2.0,1,1.5,Moderate,1,Moderate,1,0.5,1,1.5,LOW,Routine monitoring recommended.
Andhra Pradesh,1994.0,922.8,907.646153846154,15.153846153846018,0.1202518878155434,0.0,Low,3.0,52.0,0.0,0.0,0.0,2.333333333333333,1,1.0,Moderate,1,Moderate,1,0.0,1,1.0,MODERATE,Continue monitoring rainfall and historical flood conditions.
Andhra Pradesh,1995.0,1113.15,907.646153846154,205.50384615384604,21.506985880285253,1.0,Moderate,4.0,142.0,0.0,0.0,7187.0,1.75,1,2.0,High,1,High,2,1.0,1,2.0,HIGH,Increase monitoring and prepare local response resources.
Andhra Pradesh,1996.0,1244.3000000000002,907.646153846154,336.65384615384613,41.15631025617334,2.0,High,4.0,500.0,0.0,0.0,45213.0,3.25,1,3.0,Critical,1,Critical,3,2.0,1,3.0,CRITICAL,Immediate emergency monitoring and preparedness recommended.
Andhra Pradesh,1997.0,903.55,907.646153846154,-4.096153846153925,0.8530828778857549,0.0,Low,5.0,99.0,0.0,0.0,326.0,1.8,1,1.0,Moderate,1,Moderate,1,0.0,1,1.0,MODERATE,Continue monitoring rainfall and historical flood conditions.
Andhra Pradesh,1998.0,1129.45,907.646153846154,221.80384615384605,24.369254343442066,1.0,Moderate,4.0,263.0,0.0,0.0,0.0,2.75,1,2.0,High,1,High,2,1.0,1,2.0,HIGH,Increase monitoring and prepare local response resources.
Andhra Pradesh,1999.0,681.1500000000001,907.646153846154,-226.4961538461539,-25.609245960697905,0.0,Low,1.0,5.0,0.0,0.0,0.0,2.0,1,1.0,Moderate,1,Moderate,1,0.0,1,1.0,MODERATE,Continue monitoring rainfall and historical flood conditions.
Andhra Pradesh,2000.0,931.8,907.646153846154,24.15384615384602,4.187295106268472,0.5,Moderate,4.0,177.0,0.0,0.0,5368.0,2.0,1,1.5,Moderate,1,Moderate,1,0.5,1,1.5,LOW,Routine monitoring recommended.
Andhra Pradesh,2001.0,966.9,907.646153846154,59.25384615384604,8.473762968058272,0.5,Moderate,0.0,0.0,0.0,0.0,0.0,,0,0.5,Low,1,Low,0,0.5,0,0.5,LOW,Routine monitoring recommended.
Andhra Pradesh,2002.0,659.2,907.646153846154,-248.4461538461539,-26.31420726562358,0.0,Low,2.0,7.0,0.0,0.0,0.0,1.0,1,1.0,Moderate,1,Moderate,1,0.0,1,1.0,MODERATE,Continue monitoring rainfall and historical flood conditions.
Andhra Pradesh,2003.0,911.15,907.646153846154,3.503846153846041,-0.3675168437443421,0.0,Low,0.0,0.0,0.0,0.0,0.0,,0,0.0,Low,1,Low,0,0.0,0,0.0,LOW,Routine monitoring recommended.
Andhra Pradesh,2004.0,807.6500000000001,907.646153846154,-99.9961538461539,-9.934169080219656,0.0,Low,2.0,14.0,0.0,0.0,0.0,1.5,1,1.0,Moderate,1,Moderate,1,0.0,1,1.0,MODERATE,Continue monitoring rainfall and historical flood conditions.
Andhra Pradesh,2005.0,1144.0,907.646153846154,236.3538461538461,27.85501291932289,1.5,High,5.0,53.0,0.0,0.0,0.0,2.0,1,2.5,High,1,High,2,1.5,1,2.5,LOW,Routine monitoring recommended.
Andhra Pradesh,2006.0,898.8499999999999,907.646153846154,-8.796153846153977,-3.0904146485582755,0.0,Low,2.0,261.0,0.0,0.0,0.0,3.5,1,1.0,Moderate,1,Moderate,1,0.0,1,1.0,MODERATE,Continue monitoring rainfall and historical flood conditions.
Andhra Pradesh,2007.0,1039.9,907.646153846154,132.25384615384604,16.420199175693313,0.5,Moderate,10.0,128.0,2.0,0.0,0.0,1.2,1,1.5,Moderate,1,Moderate,1,0.5,1,1.5,LOW,Routine monitoring recommended.
Andhra Pradesh,2008.0,952.75,907.646153846154,45.103846153846064,4.880495567839919,0.0,Low,5.0,8.0,0.0,0.0,0.0,-0.4,1,1.0,Moderate,1,Moderate,1,0.0,1,1.0,MODERATE,Continue monitoring rainfall and historical flood conditions.
Andhra Pradesh,2009.0,739.35,907.646153846154,-168.2961538461539,-17.38695227316259,0.0,Low,1.0,49.0,0.0,0.0,0.0,3.0,1,1.0,Moderate,1,Moderate,1,0.0,1,1.0,MODERATE,Continue monitoring rainfall and historical flood conditions.
Andhra Pradesh,2010.0,1337.95,907.646153846154,430.30384615384605,44.49407538492171,2.0,High,1.0,14.0,0.0,0.0,0.0,2.0,1,3.0,Critical,1,Critical,3,2.0,1,3.0,CRITICAL,Immediate emergency monitoring and preparedness recommended.
Andhra Pradesh,2011.0,799.95,907.646153846154,-107.69615384615396,-10.732984380911825,0.0,Low,0.0,0.0,0.0,0.0,0.0,,0,0.0,Low,1,Low,0,0.0,0,0.0,LOW,Routine monitoring recommended.
Andhra Pradesh,2012.0,1016.7,907.646153846154,109.05384615384612,9.495521835903176,0.5,Moderate,7.0,72.0,0.0,0.0,0.0,1.0,1,1.5,Moderate,1,Moderate,1,0.5,1,1.5,LOW,Routine monitoring recommended.
Andhra Pradesh,2013.0,941.55,907.646153846154,33.903846153846075,3.185602167487943,0.0,Low,9.0,77.0,7.0,0.0,2011.0,1.1111111111111112,1,1.0,Moderate,1,Moderate,1,0.0,1,1.0,MODERATE,Continue monitoring rainfall and historical flood conditions.
Andhra Pradesh,2014.0,713.3499999999999,907.646153846154,-194.296153846154,-22.28424110072805,0.0,Low,2.0,4.0,0.0,0.0,86.0,0.0,1,1.0,Moderate,1,Moderate,1,0.0,1,1.0,MODERATE,Continue monitoring rainfall and historical flood conditions.
Andhra Pradesh,2015.0,1029.0,907.646153846154,121.353846153846,16.563128606366597,1.0,Moderate,3.0,92.0,0.0,0.0,16710.0,1.0,1,2.0,High,1,High,2,1.0,1,2.0,HIGH,Increase monitoring and prepare local response resources.
Andhra Pradesh,2016.0,732.15,907.646153846154,-175.49615384615396,-20.43036472224741,0.0,Low,3.0,20.0,432.0,0.0,39562.0,0.0,1,1.0,Moderate,1,Moderate,1,0.0,1,1.0,MODERATE,Continue monitoring rainfall and historical flood conditions.
Andhra Pradesh,2017.0,863.6,907.646153846154,-44.04615384615391,-2.9594544096124222,0.0,Low,1.0,15.0,0.0,0.0,0.0,2.0,1,1.0,Moderate,1,Moderate,1,0.0,1,1.0,MODERATE,Continue monitoring rainfall and historical flood conditions.
Andhra Pradesh,2018.0,,,,,,,3.0,10.0,0.0,0.0,0.0,0.6666666666666666,1,1.0,Moderate,0,Historical Flood Signal,2,0.0,1,1.0,MODERATE,Continue monitoring rainfall and historical flood conditions.
Andhra Pradesh,2020.0,,,,,,,8.0,20.0,0.0,4.0,0.0,0.875,1,1.0,Moderate,0,Historical Flood Signal,2,0.0,1,1.0,MODERATE,Continue monitoring rainfall and historical flood conditions.
Andhra Pradesh,2021.0,,,,,,,7.0,46.0,0.0,17.0,2400.0,1.2857142857142858,1,1.0,Moderate,0,Historical Flood Signal,2,0.0,1,1.0,MODERATE,Continue monitoring rainfall and historical flood conditions.
Andhra Pradesh,2022.0,,,,,,,9.0,7.0,0.0,0.0,0.0,-0.2222222222222222,1,1.0,Moderate,0,Historical Flood Signal,2,0.0,1,1.0,MODERATE,Continue monitoring rainfall and historical flood conditions.
"Andhra Pradesh, Madhya Pradesh",1970.0,,,,,,,1.0,0.0,0.0,0.0,0.0,-1.0,1,1.0,Moderate,0,Historical Flood Signal,2,0.0,1,1.0,MODERATE,Continue monitoring rainfall and historical flood conditions.
"Andhra Pradesh, Telangana",2008.0,,,,,,,1.0,66.0,3.0,0.0,0.0,3.0,1,1.0,Moderate,0,Historical Flood Signal,2,0.0,1,1.0,MODERATE,Continue monitoring rainfall and historical flood conditions.
Arunachal Pradesh,1918.0,5486.3,3403.9591397849463,2082.340860215054,61.17408507866552,3.0,Critical,0.0,0.0,0.0,0.0,0.0,,0,3.0,Critical,1,Critical,3,3.0,0,3.0,CRITICAL,Immediate emergency monitoring and preparedness recommended.
Arunachal Pradesh,1919.0,4693.9,3403.9591397849463,1289.9408602150534,37.895309762635655,2.0,High,0.0,0.0,0.0,0.0,0.0,,0,2.0,High,1,High,2,2.0,0,2.0,HIGH,Increase monitoring and prepare local response resources.
Arunachal Pradesh,1920.0,4106.7,3403.9591397849463,702.7408602150535,20.64480892269027,1.0,Moderate,0.0,0.0,0.0,0.0,0.0,,0,1.0,Moderate,1,Moderate,1,1.0,0,1.0,MODERATE,Continue monitoring rainfall and historical flood conditions.
Arunachal Pradesh,1921.0,5691.4,3403.9591397849463,2287.4408602150534,67.19942179915732,3.0,Critical,0.0,0.0,0.0,0.0,0.0,,0,3.0,Critical,1,Critical,3,3.0,0,3.0,CRITICAL,Immediate emergency monitoring and preparedness recommended.
Arunachal Pradesh,1922.0,4187.2,3403.9591397849463,783.2408602150535,23.00970217476044,1.0,Moderate,0.0,0.0,0.0,0.0,0.0,,0,1.0,Moderate,1,Moderate,1,1.0,0,1.0,MODERATE,Continue monitoring rainfall and historical flood conditions.
Arunachal Pradesh,1923.0,3507.5,3403.9591397849463,103.54086021505373,3.041777411628836,0.0,Low,0.0,0.0,0.0,0.0,0.0,,0,0.0,Low,1,Low,0,0.0,0,0.0,LOW,Routine monitoring recommended.
Arunachal Pradesh,1924.0,4450.5,3403.9591397849463,1046.5408602150535,30.74481265016512,1.0,Moderate,0.0,0.0,0.0,0.0,0.0,,0,1.0,Moderate,1,Moderate,1,1.0,0,1.0,MODERATE,Continue monitoring rainfall and historical flood conditions.
Arunachal Pradesh,1925.0,4439.8,3403.9591397849463,1035.840860215054,30.430472801753304,1.0,Moderate,0.0,0.0,0.0,0.0,0.0,,0,1.0,Moderate,1,Moderate,1,1.0,0,1.0,MODERATE,Continue monitoring rainfall and historical flood conditions.
Arunachal Pradesh,1926.0,3521.6,3403.9591397849463,117.64086021505364,3.456000950190192,0.0,Low,0.0,0.0,0.0,0.0,0.0,,0,0.0,Low,1,Low,0,0.0,0,0.0,LOW,Routine monitoring recommended.
Arunachal Pradesh,1927.0,5253.2,3403.9591397849463,1849.240860215053,54.32617679223624,2.0,High,0.0,0.0,0.0,0.0,0.0,,0,2.0,High,1,High,2,2.0,0,2.0,HIGH,Increase monitoring and prepare local response resources.
Arunachal Pradesh,1928.0,5272.7,3403.9591397849463,1868.740860215053,54.89903913279981,2.0,High,0.0,0.0,0.0,0.0,0.0,,0,2.0,High,1,High,2,2.0,0,2.0,HIGH,Increase monitoring and prepare local response resources.
Arunachal Pradesh,1929.0,4320.2,3403.9591397849463,916.2408602150535,26.91691711296333,1.0,Moderate,0.0,0.0,0.0,0.0,0.0,,0,1.0,Moderate,1,Moderate,1,1.0,0,1.0,MODERATE,Continue monitoring rainfall and historical flood conditions.
Arunachal Pradesh,1930.0,4334.1,3403.9591397849463,930.140860215054,27.32526514033944,1.0,Moderate,0.0,0.0,0.0,0.0,0.0,,0,1.0,Moderate,1,Moderate,1,1.0,0,1.0,MODERATE,Continue monitoring rainfall and historical flood conditions.
Arunachal Pradesh,1931.0,4872.1,3403.9591397849463,1468.140860215054,43.13039022870902,2.0,High,0.0,0.0,0.0,0.0,0.0,,0,2.0,High,1,High,2,2.0,0,2.0,HIGH,Increase monitoring and prepare local response resources.
Arunachal Pradesh,1932.0,4850.9,3403.9591397849463,1446.9408602150534,42.507586043070646,2.0,High,0.0,0.0,0.0,0.0,0.0,,0,2.0,High,1,High,2,2.0,0,2.0,HIGH,Increase monitoring and prepare local response resources.
Arunachal Pradesh,1933.0,3773.3,3403.9591397849463,369.3408602150539,10.850331776849352,0.0,Low,0.0,0.0,0.0,0.0,0.0,,0,0.0,Low,1,Low,0,0.0,0,0.0,LOW,Routine monitoring recommended.
Arunachal Pradesh,1934.0,4575.7,3403.9591397849463,1171.7408602150535,34.42288265214257,2.0,High,0.0,0.0,0.0,0.0,0.0,,0,2.0,High,1,High,2,2.0,0,2.0,HIGH,Increase monitoring and prepare local response resources.
Arunachal Pradesh,1935.0,4173.7,3403.9591397849463,769.7408602150535,22.61310516975488,1.0,Moderate,0.0,0.0,0.0,0.0,0.0,,0,1.0,Moderate,1,Moderate,1,1.0,0,1.0,MODERATE,Continue monitoring rainfall and historical flood conditions.
Arunachal Pradesh,1936.0,4788.9,3403.9591397849463,1384.9408602150534,40.686177575637714,2.0,High,0.0,0.0,0.0,0.0,0.0,,0,2.0,High,1,High,2,2.0,0,2.0,HIGH,Increase monitoring and prepare local response resources.
Arunachal Pradesh,1937.0,3375.1,3403.9591397849463,-28.859139784946365,-0.8478109930182538,0.0,Low,0.0,0.0,0.0,0.0,0.0,,0,0.0,Low,1,Low,0,0.0,0,0.0,LOW,Routine monitoring recommended.
Arunachal Pradesh,1938.0,6129.0,3403.9591397849463,2725.0408602150537,80.05504027252263,3.0,Critical,0.0,0.0,0.0,0.0,0.0,,0,3.0,Critical,1,Critical,3,3.0,0,3.0,CRITICAL,Immediate emergency monitoring and preparedness recommended.
Arunachal Pradesh,1939.0,3898.7,3403.9591397849463,494.7408602150536,14.534277290012064,1.0,Moderate,0.0,0.0,0.0,0.0,0.0,,0,1.0,Moderate,1,Moderate,1,1.0,0,1.0,MODERATE,Continue monitoring rainfall and historical flood conditions.
Arunachal Pradesh,1940.0,4099.3,3403.9591397849463,695.3408602150539,20.427415008835386,1.0,Moderate,0.0,0.0,0.0,0.0,0.0,,0,1.0,Moderate,1,Moderate,1,1.0,0,1.0,MODERATE,Continue monitoring rainfall and historical flood conditions.
Arunachal Pradesh,1941.0,4220.2,3403.9591397849463,816.2408602150535,23.97916152032958,1.0,Moderate,0.0,0.0,0.0,0.0,0.0,,0,1.0,Moderate,1,Moderate,1,1.0,0,1.0,MODERATE,Continue monitoring rainfall and historical flood conditions.
Arunachal Pradesh,1942.0,3828.2,3403.9591397849463,424.2408602150536,12.463159597205271,1.0,Moderate,0.0,0.0,0.0,0.0,0.0,,0,1.0,Moderate,1,Moderate,1,1.0,0,1.0,MODERATE,Continue monitoring rainfall and historical flood conditions.
Arunachal Pradesh,1943.0,4326.7,3403.9591397849463,922.7408602150535,27.107871226484527,1.0,Moderate,0.0,0.0,0.0,0.0,0.0,,0,1.0,Moderate,1,Moderate,1,1.0,0,1.0,MODERATE,Continue monitoring rainfall and historical flood conditions.
Arunachal Pradesh,1944.0,3904.3,3403.9591397849463,500.3408602150539,14.698791603199568,1.0,Moderate,0.0,0.0,0.0,0.0,0.0,,0,1.0,Moderate,1,Moderate,1,1.0,0,1.0,MODERATE,Continue monitoring rainfall and historical flood conditions.
Arunachal Pradesh,1945.0,3649.3,3403.9591397849463,245.3408602150539,7.2075148419835005,0.0,Low,0.0,0.0,0.0,0.0,0.0,,0,0.0,Low,1,Low,0,0.0,0,0.0,LOW,Routine monitoring recommended.
Arunachal Pradesh,1946.0,4011.2,3403.9591397849463,607.2408602150535,17.839252331725035,1.0,Moderate,0.0,0.0,0.0,0.0,0.0,,0,1.0,Moderate,1,Moderate,1,1.0,0,1.0,MODERATE,Continue monitoring rainfall and historical flood conditions.
Arunachal Pradesh,1947.0,4369.1,3403.9591397849463,965.140860215054,28.35347959776125,1.0,Moderate,0.0,0.0,0.0,0.0,0.0,,0,1.0,Moderate,1,Moderate,1,1.0,0,1.0,MODERATE,Continue monitoring rainfall and historical flood conditions.
Arunachal Pradesh,1948.0,6331.1,3403.9591397849463,2927.140860215054,85.99224432523546,3.0,Critical,0.0,0.0,0.0,0.0,0.0,,0,3.0,Critical,1,Critical,3,3.0,0,3.0,CRITICAL,Immediate emergency monitoring and preparedness recommended.
Arunachal Pradesh,1949.0,4874.7,3403.9591397849463,1470.7408602150535,43.206771874117486,2.0,High,0.0,0.0,0.0,0.0,0.0,,0,2.0,High,1,High,2,2.0,0,2.0,HIGH,Increase monitoring and prepare local response resources.
Arunachal Pradesh,1951.0,3354.2,3403.9591397849463,-49.759139784946456,-1.461801911878711,0.0,Low,0.0,0.0,0.0,0.0,0.0,,0,0.0,Low,1,Low,0,0.0,0,0.0,LOW,Routine monitoring recommended.
Arunachal Pradesh,1952.0,2396.1,3403.9591397849463,-1007.8591397849464,-29.60843824490268,0.0,Low,0.0,0.0,0.0,0.0,0.0,,0,0.0,Low,1,Low,0,0.0,0,0.0,LOW,Routine monitoring recommended.
Arunachal Pradesh,1958.0,5063.5,3403.9591397849463,1659.5408602150535,48.753254433010014,2.0,High,0.0,0.0,0.0,0.0,0.0,,0,2.0,High,1,High,2,2.0,0,2.0,HIGH,Increase monitoring and prepare local response resources.
Arunachal Pradesh,1959.0,4195.5,3403.9591397849463,791.5408602150537,23.25353588894905,1.0,Moderate,0.0,0.0,0.0,0.0,0.0,,0,1.0,Moderate,1,Moderate,1,1.0,0,1.0,MODERATE,Continue monitoring rainfall and historical flood conditions.
Arunachal Pradesh,1960.0,3709.4,3403.9591397849463,305.4408602150538,8.973105953156383,0.0,Low,0.0,0.0,0.0,0.0,0.0,,0,0.0,Low,1,Low,0,0.0,0,0.0,LOW,Routine monitoring recommended.
Arunachal Pradesh,1961.0,3676.5,3403.9591397849463,272.5408602150537,8.006584363179876,0.0,Low,0.0,0.0,0.0,0.0,0.0,,0,0.0,Low,1,Low,0,0.0,0,0.0,LOW,Routine monitoring recommended.
Arunachal Pradesh,1963.0,4138.0,3403.9591397849463,734.0408602150537,21.56432642318464,1.0,Moderate,0.0,0.0,0.0,0.0,0.0,,0,1.0,Moderate,1,Moderate,1,1.0,0,1.0,MODERATE,Continue monitoring rainfall and historical flood conditions.
Arunachal Pradesh,1964.0,4959.3,3403.9591397849463,1555.340860215054,45.692113105485646,2.0,High,0.0,0.0,0.0,0.0,0.0,,0,2.0,High,1,High,2,2.0,0,2.0,HIGH,Increase monitoring and prepare local response resources.
Arunachal Pradesh,1965.0,2196.8,3403.9591397849463,-1207.159139784946,-35.46338514102174,0.0,Low,0.0,0.0,0.0,0.0,0.0,,0,0.0,Low,1,Low,0,0.0,0,0.0,LOW,Routine monitoring recommended.
Arunachal Pradesh,1966.0,2209.6,3403.9591397849463,-1194.3591397849464,-35.08735242516463,0.0,Low,0.0,0.0,0.0,0.0,0.0,,0,0.0,Low,1,Low,0,0.0,0,0.0,LOW,Routine monitoring recommended.
Arunachal Pradesh,1967.0,1668.5,3403.9591397849463,-1735.4591397849465,-50.98354793690586,0.0,Low,0.0,0.0,0.0,0.0,0.0,,0,0.0,Low,1,Low,0,0.0,0,0.0,LOW,Routine monitoring recommended.
Arunachal Pradesh,1968.0,2139.0,3403.9591397849463,-1264.9591397849465,-37.16140787356406,0.0,Low,0.0,0.0,0.0,0.0,0.0,,0,0.0,Low,1,Low,0,0.0,0,0.0,LOW,Routine monitoring recommended.
Arunachal Pradesh,1969.0,1877.7,3403.9591397849463,-1526.2591397849462,-44.83776323711604,0.0,Low,0.0,0.0,0.0,0.0,0.0,,0,0.0,Low,1,Low,0,0.0,0,0.0,LOW,Routine monitoring recommended.
Arunachal Pradesh,1970.0,1973.4,3403.9591397849463,-1430.5591397849462,-42.026331134965545,0.0,Low,0.0,0.0,0.0,0.0,0.0,,0,0.0,Low,1,Low,0,0.0,0,0.0,LOW,Routine monitoring recommended.
Arunachal Pradesh,1971.0,2184.5,3403.9591397849463,-1219.4591397849465,-35.824729078915695,0.0,Low,0.0,0.0,0.0,0.0,0.0,,0,0.0,Low,1,Low,0,0.0,0,0.0,LOW,Routine monitoring recommended.
Arunachal Pradesh,1972.0,2281.3,3403.9591397849463,-1122.659139784946,-32.980981665246226,0.0,Low,0.0,0.0,0.0,0.0,0.0,,0,0.0,Low,1,Low,0,0.0,0,0.0,LOW,Routine monitoring recommended.
Arunachal Pradesh,1973.0,2457.5,3403.9591397849463,-946.4591397849464,-27.80465631102556,0.0,Low,0.0,0.0,0.0,0.0,0.0,,0,0.0,Low,1,Low,0,0.0,0,0.0,LOW,Routine monitoring recommended.
Arunachal Pradesh,1974.0,3063.9,3403.9591397849463,-340.0591397849462,-9.990106397294484,0.0,Low,0.0,0.0,0.0,0.0,0.0,,0,0.0,Low,1,Low,0,0.0,0,0.0,LOW,Routine monitoring recommended.
Arunachal Pradesh,1975.0,2213.3,3403.9591397849463,-1190.659139784946,-34.97865546823717,0.0,Low,0.0,0.0,0.0,0.0,0.0,,0,0.0,Low,1,Low,0,0.0,0,0.0,LOW,Routine monitoring recommended.
Arunachal Pradesh,1976.0,2419.5,3403.9591397849463,-984.4591397849464,-28.921003436226385,0.0,Low,0.0,0.0,0.0,0.0,0.0,,0,0.0,Low,1,Low,0,0.0,0,0.0,LOW,Routine monitoring recommended.
Arunachal Pradesh,1977.0,3774.3,3403.9591397849463,370.3408602150539,10.87970933277569,0.0,Low,0.0,0.0,0.0,0.0,0.0,,0,0.0,Low,1,Low,0,0.0,0,0.0,LOW,Routine monitoring recommended.
Arunachal Pradesh,1978.0,2531.0,3403.9591397849463,-872.9591397849463,-25.64540595043975,0.0,Low,0.0,0.0,0.0,0.0,0.0,,0,0.0,Low,1,Low,0,0.0,0,0.0,LOW,Routine monitoring recommended.
Arunachal Pradesh,1979.0,2773.6,3403.9591397849463,-630.3591397849464,-18.51841088271027,0.0,Low,1.0,5.0,0.0,0.0,0.0,2.0,1,1.0,Moderate,1,Moderate,1,0.0,1,1.0,MODERATE,Continue monitoring rainfall and historical flood conditions.
Arunachal Pradesh,1980.0,3215.3,3403.9591397849463,-188.6591397849461,-5.542344430046981,0.0,Low,0.0,0.0,0.0,0.0,0.0,,0,0.0,Low,1,Low,0,0.0,0,0.0,LOW,Routine monitoring recommended.
Arunachal Pradesh,1981.0,2790.9,3403.9591397849463,-613.0591397849462,-18.010179165184624,0.0,Low,0.0,0.0,0.0,0.0,0.0,,0,0.0,Low,1,Low,0,0.0,0,0.0,LOW,Routine monitoring recommended.
Arunachal Pradesh,1982.0,2779.5,3403.9591397849463,-624.4591397849463,-18.345083302744875,0.0,Low,1.0,0.0,0.0,0.0,0.0,-1.0,1,1.0,Moderate,1,Moderate,1,0.0,1,1.0,MODERATE,Continue monitoring rainfall and historical flood conditions.
Arunachal Pradesh,1983.0,3335.3,3403.9591397849463,-68.65913978494609,-2.017037718886479,0.0,Low,1.0,0.0,0.0,0.0,0.0,-1.0,1,1.0,Moderate,1,Moderate,1,0.0,1,1.0,MODERATE,Continue monitoring rainfall and historical flood conditions.
Arunachal Pradesh,1984.0,3278.0,3403.9591397849463,-125.95913978494627,-3.700371673465624,0.0,Low,0.0,0.0,0.0,0.0,0.0,,0,0.0,Low,1,Low,0,0.0,0,0.0,LOW,Routine monitoring recommended.
Arunachal Pradesh,1985.0,3266.2,3403.9591397849463,-137.75913978494646,-4.047026833396412,0.0,Low,3.0,1.0,0.0,0.0,0.0,-0.3333333333333333,1,1.0,Moderate,1,Moderate,1,0.0,1,1.0,MODERATE,Continue monitoring rainfall and historical flood conditions.
Arunachal Pradesh,1986.0,2495.6,3403.9591397849463,-908.3591397849464,-26.68537143023209,0.0,Low,1.0,0.0,0.0,0.0,0.0,-1.0,1,1.0,Moderate,1,Moderate,1,0.0,1,1.0,MODERATE,Continue monitoring rainfall and historical flood conditions.
Arunachal Pradesh,1987.0,3433.2,3403.9591397849463,29.240860215053544,0.8590250063019531,0.0,Low,1.0,0.0,0.0,0.0,0.0,-1.0,1,1.0,Moderate,1,Moderate,1,0.0,1,1.0,MODERATE,Continue monitoring rainfall and historical flood conditions.
Arunachal Pradesh,1988.0,4155.3,3403.9591397849463,751.3408602150539,22.07255814071028,1.0,Moderate,1.0,0.0,0.0,0.0,0.0,-1.0,1,2.0,High,1,High,2,1.0,1,2.0,HIGH,Increase monitoring and prepare local response resources.
Arunachal Pradesh,1989.0,3281.6,3403.9591397849463,-122.35913978494636,-3.5946124721308115,0.0,Low,1.0,16.0,0.0,0.0,0.0,2.0,1,1.0,Moderate,1,Moderate,1,0.0,1,1.0,MODERATE,Continue monitoring rainfall and historical flood conditions.
Arunachal Pradesh,1990.0,3604.0,3403.9591397849463,200.04086021505373,5.876711558520406,0.0,Low,4.0,9.0,0.0,0.0,0.0,0.25,1,1.0,Moderate,1,Moderate,1,0.0,1,1.0,MODERATE,Continue monitoring rainfall and historical flood conditions.
Arunachal Pradesh,1991.0,3434.4,3403.9591397849463,30.440860215053817,0.8942780734135661,0.0,Low,6.0,79.0,25.0,0.0,0.0,0.8333333333333334,1,1.0,Moderate,1,Moderate,1,0.0,1,1.0,MODERATE,Continue monitoring rainfall and historical flood conditions.
Arunachal Pradesh,1992.0,2707.0,3403.9591397849463,-696.9591397849463,-20.474956107404346,0.0,Low,2.0,0.0,0.0,0.0,0.0,-1.0,1,1.0,Moderate,1,Moderate,1,0.0,1,1.0,MODERATE,Continue monitoring rainfall and historical flood conditions.
Arunachal Pradesh,1993.0,3348.9,3403.9591397849463,-55.05913978494618,-1.6175029582882912,0.0,Low,3.0,14.0,1.0,0.0,0.0,0.0,1,1.0,Moderate,1,Moderate,1,0.0,1,1.0,MODERATE,Continue monitoring rainfall and historical flood conditions.
Arunachal Pradesh,1994.0,2287.4,3403.9591397849463,-1116.5591397849462,-32.801778574095565,0.0,Low,3.0,13.0,3.0,0.0,0.0,0.6666666666666666,1,1.0,Moderate,1,Moderate,1,0.0,1,1.0,MODERATE,Continue monitoring rainfall and historical flood conditions.
Arunachal Pradesh,1995.0,3068.8,3403.9591397849463,-335.1591397849461,-9.846156373255427,0.0,Low,5.0,7.0,0.0,0.0,0.0,0.0,1,1.0,Moderate,1,Moderate,1,0.0,1,1.0,MODERATE,Continue monitoring rainfall and historical flood conditions.
Arunachal Pradesh,1996.0,2520.5,3403.9591397849463,-883.4591397849463,-25.95387028766629,0.0,Low,3.0,0.0,0.0,0.0,0.0,-1.0,1,1.0,Moderate,1,Moderate,1,0.0,1,1.0,MODERATE,Continue monitoring rainfall and historical flood conditions.
Arunachal Pradesh,1997.0,2274.9,3403.9591397849463,-1129.0591397849462,-33.16899802317479,0.0,Low,2.0,8.0,0.0,0.0,0.0,0.5,1,1.0,Moderate,1,Moderate,1,0.0,1,1.0,MODERATE,Continue monitoring rainfall and historical flood conditions.
Arunachal Pradesh,1998.0,3616.7,3403.9591397849463,212.7408602150536,6.249806518784888,0.0,Low,1.0,23.0,0.0,0.0,16.0,2.0,1,1.0,Moderate,1,Moderate,1,0.0,1,1.0,MODERATE,Continue monitoring rainfall and historical flood conditions.
Arunachal Pradesh,1999.0,2316.6,3403.9591397849463,-1087.3591397849464,-31.94395394104652,0.0,Low,2.0,1.0,0.0,0.0,0.0,0.0,1,1.0,Moderate,1,Moderate,1,0.0,1,1.0,MODERATE,Continue monitoring rainfall and historical flood conditions.
Arunachal Pradesh,2000.0,2596.8,3403.9591397849463,-807.1591397849461,-23.71236277048673,0.0,Low,3.0,33.0,2000.0,0.0,0.0,1.3333333333333333,1,1.0,Moderate,1,Moderate,1,0.0,1,1.0,MODERATE,Continue monitoring rainfall and historical flood conditions.
Arunachal Pradesh,2001.0,2036.0,3403.9591397849463,-1367.9591397849465,-40.187296133976815,0.0,Low,1.0,5.0,0.0,0.0,5.0,2.0,1,1.0,Moderate,1,Moderate,1,0.0,1,1.0,MODERATE,Continue monitoring rainfall and historical flood conditions.
Arunachal Pradesh,2002.0,2389.2,3403.9591397849463,-1014.7591397849465,-29.81114338079441,0.0,Low,1.0,0.0,8.0,0.0,0.0,-1.0,1,1.0,Moderate,1,Moderate,1,0.0,1,1.0,MODERATE,Continue monitoring rainfall and historical flood conditions.
Arunachal Pradesh,2003.0,2451.8,3403.9591397849463,-952.159139784946,-27.97210837980567,0.0,Low,1.0,2.0,0.0,0.0,0.0,1.0,1,1.0,Moderate,1,Moderate,1,0.0,1,1.0,MODERATE,Continue monitoring rainfall and historical flood conditions.
Arunachal Pradesh,2004.0,2545.7,3403.9591397849463,-858.2591397849465,-25.21355587832259,0.0,Low,2.0,16.0,0.0,0.0,500.0,2.0,1,1.0,Moderate,1,Moderate,1,0.0,1,1.0,MODERATE,Continue monitoring rainfall and historical flood conditions.
Arunachal Pradesh,2005.0,2335.5,3403.9591397849463,-1068.4591397849465,-31.388718134038733,0.0,Low,1.0,1.0,5.0,0.0,0.0,1.0,1,1.0,Moderate,1,Moderate,1,0.0,1,1.0,MODERATE,Continue monitoring rainfall and historical flood conditions.
Arunachal Pradesh,2006.0,2259.6,3403.9591397849463,-1144.3591397849464,-33.61847462884775,0.0,Low,1.0,0.0,0.0,0.0,0.0,-1.0,1,1.0,Moderate,1,Moderate,1,0.0,1,1.0,MODERATE,Continue monitoring rainfall and historical flood conditions.
Arunachal Pradesh,2007.0,3020.7,3403.9591397849463,-383.25913978494646,-11.259216813312271,0.0,Low,0.0,0.0,0.0,0.0,0.0,,0,0.0,Low,1,Low,0,0.0,0,0.0,LOW,Routine monitoring recommended.
Arunachal Pradesh,2008.0,2244.4,3403.9591397849463,-1159.5591397849462,-34.06501347892808,0.0,Low,2.0,80.0,0.0,0.0,0.0,3.0,1,1.0,Moderate,1,Moderate,1,0.0,1,1.0,MODERATE,Continue monitoring rainfall and historical flood conditions.
Arunachal Pradesh,2009.0,1749.9,3403.9591397849463,-1654.0591397849462,-48.59221488450198,0.0,Low,0.0,0.0,0.0,0.0,0.0,,0,0.0,Low,1,Low,0,0.0,0,0.0,LOW,Routine monitoring recommended.
Arunachal Pradesh,2010.0,2855.7,3403.9591397849463,-548.2591397849465,-16.106513541157963,0.0,Low,3.0,27.0,0.0,0.0,0.0,2.0,1,1.0,Moderate,1,Moderate,1,0.0,1,1.0,MODERATE,Continue monitoring rainfall and historical flood conditions.
Arunachal Pradesh,2011.0,2193.7,3403.9591397849463,-1210.2591397849465,-35.5544555643934,0.0,Low,1.0,3.0,0.0,0.0,0.0,1.0,1,1.0,Moderate,1,Moderate,1,0.0,1,1.0,MODERATE,Continue monitoring rainfall and historical flood conditions.
Arunachal Pradesh,2012.0,3440.3,3403.9591397849463,36.34086021505391,1.0676056533789602,0.0,Low,2.0,9.0,0.0,0.0,0.0,0.5,1,1.0,Moderate,1,Moderate,1,0.0,1,1.0,MODERATE,Continue monitoring rainfall and historical flood conditions.
Arunachal Pradesh,2013.0,2042.9,3403.9591397849463,-1361.0591397849462,-39.98459099808508,0.0,Low,1.0,0.0,0.0,0.0,0.0,-1.0,1,1.0,Moderate,1,Moderate,1,0.0,1,1.0,MODERATE,Continue monitoring rainfall and historical flood conditions.
Arunachal Pradesh,2014.0,2403.2,3403.9591397849463,-1000.7591397849465,-29.39985759782569,0.0,Low,1.0,1.0,0.0,0.0,0.0,1.0,1,1.0,Moderate,1,Moderate,1,0.0,1,1.0,MODERATE,Continue monitoring rainfall and historical flood conditions.
Arunachal Pradesh,2015.0,2767.5,3403.9591397849463,-636.4591397849463,-18.697613973860925,0.0,Low,1.0,2.0,0.0,0.0,0.0,1.0,1,1.0,Moderate,1,Moderate,1,0.0,1,1.0,MODERATE,Continue monitoring rainfall and historical flood conditions.
Arunachal Pradesh,2016.0,2706.9,3403.9591397849463,-697.0591397849462,-20.47789386299697,0.0,Low,5.0,30.0,5.0,0.0,0.0,0.6,1,1.0,Moderate,1,Moderate,1,0.0,1,1.0,MODERATE,Continue monitoring rainfall and historical flood conditions.
Arunachal Pradesh,2017.0,2745.3,3403.9591397849463,-658.6591397849461,-19.34979571542561,0.0,Low,0.0,0.0,0.0,0.0,0.0,,0,0.0,Low,1,Low,0,0.0,0,0.0,LOW,Routine monitoring recommended.
Arunachal Pradesh,2018.0,,,,,,,1.0,4.0,0.0,2.0,0.0,1.0,1,1.0,Moderate,0,Historical Flood Signal,2,0.0,1,1.0,MODERATE,Continue monitoring rainfall and historical flood conditions.
Arunachal Pradesh,2020.0,,,,,,,3.0,12.0,0.0,0.0,0.0,1.3333333333333333,1,1.0,Moderate,0,Historical Flood Signal,2,0.0,1,1.0,MODERATE,Continue monitoring rainfall and historical flood conditions.
Arunachal Pradesh,2022.0,,,,,,,67.0,32.0,28.0,12.0,150.0,-0.5671641791044776,1,1.0,Moderate,0,Historical Flood Signal,2,0.0,1,1.0,MODERATE,Continue monitoring rainfall and historical flood conditions.
Arunachal Pradesh,2023.0,,,,,,,12.0,9.0,0.0,0.0,0.0,-0.5,1,1.0,Moderate,0,Historical Flood Signal,2,0.0,1,1.0,MODERATE,Continue monitoring rainfall and historical flood conditions.
Assam,1967.0,,,,,,,1.0,0.0,0.0,0.0,0.0,-1.0,1,1.0,Moderate,0,Historical Flood Signal,2,0.0,1,1.0,MODERATE,Continue monitoring rainfall and historical flood conditions.
Assam,1968.0,,,,,,,1.0,0.0,0.0,0.0,0.0,-1.0,1,1.0,Moderate,0,Historical Flood Signal,2,0.0,1,1.0,MODERATE,Continue monitoring rainfall and historical flood conditions.
Assam,1969.0,,,,,,,1.0,0.0,0.0,0.0,0.0,-1.0,1,1.0,Moderate,0,Historical Flood Signal,2,0.0,1,1.0,MODERATE,Continue monitoring rainfall and historical flood conditions.
Assam,1970.0,,,,,,,1.0,0.0,0.0,0.0,0.0,-1.0,1,1.0,Moderate,0,Historical Flood Signal,2,0.0,1,1.0,MODERATE,Continue monitoring rainfall and historical flood conditions.
Assam,1971.0,,,,,,,1.0,0.0,0.0,0.0,0.0,-1.0,1,1.0,Moderate,0,Historical Flood Signal,2,0.0,1,1.0,MODERATE,Continue monitoring rainfall and historical flood conditions.
Assam,1972.0,,,,,,,1.0,50.0,0.0,0.0,0.0,3.0,1,1.0,Moderate,0,Historical Flood Signal,2,0.0,1,1.0,MODERATE,Continue monitoring rainfall and historical flood conditions.
Assam,1973.0,,,,,,,3.0,3.0,0.0,0.0,0.0,-0.3333333333333333,1,1.0,Moderate,0,Historical Flood Signal,2,0.0,1,1.0,MODERATE,Continue monitoring rainfall and historical flood conditions.
Assam,1974.0,,,,,,,1.0,0.0,0.0,0.0,0.0,-1.0,1,1.0,Moderate,0,Historical Flood Signal,2,0.0,1,1.0,MODERATE,Continue monitoring rainfall and historical flood conditions.
Assam,1975.0,,,,,,,2.0,0.0,0.0,0.0,0.0,-1.0,1,1.0,Moderate,0,Historical Flood Signal,2,0.0,1,1.0,MODERATE,Continue monitoring rainfall and historical flood conditions.
Assam,1978.0,,,,,,,4.0,11.0,0.0,0.0,5.0,0.25,1,1.0,Moderate,0,Historical Flood Signal,2,0.0,1,1.0,MODERATE,Continue monitoring rainfall and historical flood conditions.
Assam,1979.0,,,,,,,4.0,3.0,0.0,0.0,0.0,-0.5,1,1.0,Moderate,0,Historical Flood Signal,2,0.0,1,1.0,MODERATE,Continue monitoring rainfall and historical flood conditions.
Assam,1980.0,,,,,,,3.0,24.0,0.0,0.0,0.0,0.6666666666666666,1,1.0,Moderate,0,Historical Flood Signal,2,0.0,1,1.0,MODERATE,Continue monitoring rainfall and historical flood conditions.
Assam,1981.0,,,,,,,3.0,12.0,0.0,0.0,0.0,0.6666666666666666,1,1.0,Moderate,0,Historical Flood Signal,2,0.0,1,1.0,MODERATE,Continue monitoring rainfall and historical flood conditions.
Assam,1982.0,,,,,,,3.0,0.0,0.0,0.0,0.0,-1.0,1,1.0,Moderate,0,Historical Flood Signal,2,0.0,1,1.0,MODERATE,Continue monitoring rainfall and historical flood conditions.
Assam,1983.0,,,,,,,5.0,34.0,6.0,0.0,0.0,0.6,1,1.0,Moderate,0,Historical Flood Signal,2,0.0,1,1.0,MODERATE,Continue monitoring rainfall and historical flood conditions.
Assam,1984.0,,,,,,,6.0,83.0,3.0,0.0,0.0,1.1666666666666667,1,1.0,Moderate,0,Historical Flood Signal,2,0.0,1,1.0,MODERATE,Continue monitoring rainfall and historical flood conditions.
Assam,1985.0,,,,,,,3.0,24.0,0.0,0.0,0.0,1.6666666666666667,1,1.0,Moderate,0,Historical Flood Signal,2,0.0,1,1.0,MODERATE,Continue monitoring rainfall and historical flood conditions.
Assam,1986.0,,,,,,,4.0,21.0,0.0,0.0,0.0,0.25,1,1.0,Moderate,0,Historical Flood Signal,2,0.0,1,1.0,MODERATE,Continue monitoring rainfall and historical flood conditions.
Assam,1987.0,,,,,,,5.0,70.0,0.0,0.0,44852.0,1.4,1,1.0,Moderate,0,Historical Flood Signal,2,0.0,1,1.0,MODERATE,Continue monitoring rainfall and historical flood conditions.
Assam,1988.0,,,,,,,5.0,226.0,0.0,0.0,39908.0,1.4,1,1.0,Moderate,0,Historical Flood Signal,2,0.0,1,1.0,MODERATE,Continue monitoring rainfall and historical flood conditions.
Assam,1989.0,,,,,,,3.0,28.0,0.0,0.0,0.0,0.3333333333333333,1,1.0,Moderate,0,Historical Flood Signal,2,0.0,1,1.0,MODERATE,Continue monitoring rainfall and historical flood conditions.
Assam,1990.0,,,,,,,4.0,140.0,0.0,0.0,0.0,1.75,1,1.0,Moderate,0,Historical Flood Signal,2,0.0,1,1.0,MODERATE,Continue monitoring rainfall and historical flood conditions.
Assam,1991.0,,,,,,,10.0,114.0,0.0,0.0,1509.0,0.6,1,1.0,Moderate,0,Historical Flood Signal,2,0.0,1,1.0,MODERATE,Continue monitoring rainfall and historical flood conditions.
Assam,1992.0,,,,,,,9.0,31.0,0.0,0.0,0.0,-0.3333333333333333,1,1.0,Moderate,0,Historical Flood Signal,2,0.0,1,1.0,MODERATE,Continue monitoring rainfall and historical flood conditions.
Assam,1993.0,,,,,,,4.0,53.0,0.0,0.0,2399.0,1.75,1,1.0,Moderate,0,Historical Flood Signal,2,0.0,1,1.0,MODERATE,Continue monitoring rainfall and historical flood conditions.
Assam,1994.0,,,,,,,5.0,10.0,0.0,0.0,0.0,0.0,1,1.0,Moderate,0,Historical Flood Signal,2,0.0,1,1.0,MODERATE,Continue monitoring rainfall and historical flood conditions.
Assam,1995.0,,,,,,,5.0,53.0,0.0,0.0,216.0,1.0,1,1.0,Moderate,0,Historical Flood Signal,2,0.0,1,1.0,MODERATE,Continue monitoring rainfall and historical flood conditions.
Assam,1996.0,,,,,,,10.0,34.0,0.0,0.0,0.0,-0.3,1,1.0,Moderate,0,Historical Flood Signal,2,0.0,1,1.0,MODERATE,Continue monitoring rainfall and historical flood conditions.
Assam,1997.0,,,,,,,7.0,13.0,0.0,0.0,0.0,0.0,1,1.0,Moderate,0,Historical Flood Signal,2,0.0,1,1.0,MODERATE,Continue monitoring rainfall and historical flood conditions.
Assam,1998.0,,,,,,,15.0,478.0,158.0,0.0,7195.0,0.9333333333333332,1,1.0,Moderate,0,Historical Flood Signal,2,0.0,1,1.0,MODERATE,Continue monitoring rainfall and historical flood conditions.
Assam,1999.0,,,,,,,6.0,17.0,40.0,0.0,0.0,0.1666666666666666,1,1.0,Moderate,0,Historical Flood Signal,2,0.0,1,1.0,MODERATE,Continue monitoring rainfall and historical flood conditions.
Assam,2000.0,,,,,,,13.0,75.0,3.0,0.0,0.0,0.3846153846153846,1,1.0,Moderate,0,Historical Flood Signal,2,0.0,1,1.0,MODERATE,Continue monitoring rainfall and historical flood conditions.
Assam,2001.0,,,,,,,8.0,18.0,3.0,0.0,0.0,0.0,1,1.0,Moderate,0,Historical Flood Signal,2,0.0,1,1.0,MODERATE,Continue monitoring rainfall and historical flood conditions.
Assam,2002.0,,,,,,,4.0,41.0,5.0,0.0,482.0,0.0,1,1.0,Moderate,0,Historical Flood Signal,2,0.0,1,1.0,MODERATE,Continue monitoring rainfall and historical flood conditions.
Assam,2003.0,,,,,,,11.0,41.0,3.0,0.0,0.0,-0.2727272727272727,1,1.0,Moderate,0,Historical Flood Signal,2,0.0,1,1.0,MODERATE,Continue monitoring rainfall and historical flood conditions.
Assam,2004.0,,,,,,,10.0,458.0,0.0,0.0,12160.0,0.7,1,1.0,Moderate,0,Historical Flood Signal,2,0.0,1,1.0,MODERATE,Continue monitoring rainfall and historical flood conditions.
Assam,2005.0,,,,,,,11.0,75.0,4.0,0.0,0.0,0.0909090909090909,1,1.0,Moderate,0,Historical Flood Signal,2,0.0,1,1.0,MODERATE,Continue monitoring rainfall and historical flood conditions.
Assam,2006.0,,,,,,,8.0,17.0,2.0,0.0,0.0,0.0,1,1.0,Moderate,0,Historical Flood Signal,2,0.0,1,1.0,MODERATE,Continue monitoring rainfall and historical flood conditions.
Assam,2007.0,,,,,,,10.0,59.0,10.0,0.0,0.0,0.2,1,1.0,Moderate,0,Historical Flood Signal,2,0.0,1,1.0,MODERATE,Continue monitoring rainfall and historical flood conditions.
Assam,2008.0,,,,,,,12.0,66.0,0.0,0.0,2.0,0.1666666666666666,1,1.0,Moderate,0,Historical Flood Signal,2,0.0,1,1.0,MODERATE,Continue monitoring rainfall and historical flood conditions.
Assam,2009.0,,,,,,,13.0,14.0,4.0,0.0,0.0,-0.4615384615384615,1,1.0,Moderate,0,Historical Flood Signal,2,0.0,1,1.0,MODERATE,Continue monitoring rainfall and historical flood conditions.
Assam,2010.0,,,,,,,23.0,53.0,2.0,0.0,0.0,-0.4782608695652174,1,1.0,Moderate,0,Historical Flood Signal,2,0.0,1,1.0,MODERATE,Continue monitoring rainfall and historical flood conditions.
Assam,2011.0,,,,,,,10.0,18.0,15.0,0.0,0.0,-0.2,1,1.0,Moderate,0,Historical Flood Signal,2,0.0,1,1.0,MODERATE,Continue monitoring rainfall and historical flood conditions.
Assam,2012.0,,,,,,,11.0,153.0,0.0,0.0,540.0,0.3636363636363636,1,1.0,Moderate,0,Historical Flood Signal,2,0.0,1,1.0,MODERATE,Continue monitoring rainfall and historical flood conditions.
Assam,2013.0,,,,,,,10.0,1.0,5.0,0.0,0.0,-0.8,1,1.0,Moderate,0,Historical Flood Signal,2,0.0,1,1.0,MODERATE,Continue monitoring rainfall and historical flood conditions.
Assam,2014.0,,,,,,,6.0,69.0,4.0,0.0,0.0,0.6666666666666666,1,1.0,Moderate,0,Historical Flood Signal,2,0.0,1,1.0,MODERATE,Continue monitoring rainfall and historical flood conditions.
Assam,2015.0,,,,,,,9.0,54.0,10.0,0.0,0.0,1.1111111111111112,1,1.0,Moderate,0,Historical Flood Signal,2,0.0,1,1.0,MODERATE,Continue monitoring rainfall and historical flood conditions.
Assam,2016.0,,,,,,,14.0,96.0,16.0,0.0,15900.0,0.7857142857142857,1,1.0,Moderate,0,Historical Flood Signal,2,0.0,1,1.0,MODERATE,Continue monitoring rainfall and historical flood conditions.
Assam,2017.0,,,,,,,11.0,147.0,24.0,0.0,0.0,1.181818181818182,1,1.0,Moderate,0,Historical Flood Signal,2,0.0,1,1.0,MODERATE,Continue monitoring rainfall and historical flood conditions.
Assam,2018.0,,,,,,,4.0,51.0,0.0,0.0,279859.0,1.75,1,1.0,Moderate,0,Historical Flood Signal,2,0.0,1,1.0,MODERATE,Continue monitoring rainfall and historical flood conditions.
Assam,2019.0,,,,,,,3.0,94.0,0.0,0.0,3725000.0,1.3333333333333333,1,1.0,Moderate,0,Historical Flood Signal,2,0.0,1,1.0,MODERATE,Continue monitoring rainfall and historical flood conditions.
Assam,2020.0,,,,,,,6.0,129.0,0.0,0.0,6582000.0,2.0,1,1.0,Moderate,0,Historical Flood Signal,2,0.0,1,1.0,MODERATE,Continue monitoring rainfall and historical flood conditions.
Assam,2021.0,,,,,,,23.0,14.0,0.0,0.0,256145.0,0.0434782608695652,1,1.0,Moderate,0,Historical Flood Signal,2,0.0,1,1.0,MODERATE,Continue monitoring rainfall and historical flood conditions.
Assam,2022.0,,,,,,,306.0,199.0,3.0,41.0,114506.0,-0.1111111111111111,1,1.0,Moderate,0,Historical Flood Signal,2,0.0,1,1.0,MODERATE,Continue monitoring rainfall and historical flood conditions.
Assam,2023.0,,,,,,,237.0,18.0,0.0,0.0,1494.0,-0.8649789029535865,1,1.0,Moderate,0,Historical Flood Signal,2,0.0,1,1.0,MODERATE,Continue monitoring rainfall and historical flood conditions.
"Assam, Manipur, Arunachal Pradesh",1976.0,,,,,,,1.0,44.0,0.0,0.0,500.0,3.0,1,1.0,Moderate,0,Historical Flood Signal,2,0.0,1,1.0,MODERATE,Continue monitoring rainfall and historical flood conditions.
"Assam, Manipur, Tripura, Arunachal Pradesh",1976.0,,,,,,,1.0,0.0,0.0,0.0,0.0,-1.0,1,1.0,Moderate,0,Historical Flood Signal,2,0.0,1,1.0,MODERATE,Continue monitoring rainfall and historical flood conditions.
"Assam, Odisha, West Bengal, Bihar",1971.0,,,,,,,1.0,0.0,0.0,0.0,0.0,-1.0,1,1.0,Moderate,0,Historical Flood Signal,2,0.0,1,1.0,MODERATE,Continue monitoring rainfall and historical flood conditions.
Bihar,1901.0,952.3,1196.563247863248,-244.2632478632479,-20.41373477745024,0.0,Low,0.0,0.0,0.0,0.0,0.0,,0,0.0,Low,1,Low,0,0.0,0,0.0,LOW,Routine monitoring recommended.
Bihar,1902.0,1206.2,1196.563247863248,9.636752136752191,0.8053692233954985,0.0,Low,0.0,0.0,0.0,0.0,0.0,,0,0.0,Low,1,Low,0,0.0,0,0.0,LOW,Routine monitoring recommended.
Bihar,1903.0,1016.3,1196.563247863248,-180.2632478632479,-15.065083119103932,0.0,Low,0.0,0.0,0.0,0.0,0.0,,0,0.0,Low,1,Low,0,0.0,0,0.0,LOW,Routine monitoring recommended.
Bihar,1904.0,1269.5,1196.563247863248,72.93675213675215,6.095520004228636,0.0,Low,0.0,0.0,0.0,0.0,0.0,,0,0.0,Low,1,Low,0,0.0,0,0.0,LOW,Routine monitoring recommended.
Bihar,1905.0,1498.5,1196.563247863248,301.93675213675215,25.233664219249004,1.0,Moderate,0.0,0.0,0.0,0.0,0.0,,0,1.0,Moderate,1,Moderate,1,1.0,0,1.0,MODERATE,Continue monitoring rainfall and historical flood conditions.
Bihar,1906.0,1265.1,1196.563247863248,68.53675213675206,5.72780020271732,0.0,Low,0.0,0.0,0.0,0.0,0.0,,0,0.0,Low,1,Low,0,0.0,0,0.0,LOW,Routine monitoring recommended.
Bihar,1907.0,1126.4,1196.563247863248,-70.16324786324776,-5.863730813105046,0.0,Low,0.0,0.0,0.0,0.0,0.0,,0,0.0,Low,1,Low,0,0.0,0,0.0,LOW,Routine monitoring recommended.
Bihar,1908.0,737.5,1196.563247863248,-459.0632478632479,-38.36514690577501,0.0,Low,0.0,0.0,0.0,0.0,0.0,,0,0.0,Low,1,Low,0,0.0,0,0.0,LOW,Routine monitoring recommended.
Bihar,1909.0,1390.5,1196.563247863248,193.9367521367521,16.207814545789617,1.0,Moderate,0.0,0.0,0.0,0.0,0.0,,0,1.0,Moderate,1,Moderate,1,1.0,0,1.0,MODERATE,Continue monitoring rainfall and historical flood conditions.
Bihar,1910.0,1398.5,1196.563247863248,201.9367521367521,16.876396003082906,1.0,Moderate,0.0,0.0,0.0,0.0,0.0,,0,1.0,Moderate,1,Moderate,1,1.0,0,1.0,MODERATE,Continue monitoring rainfall and historical flood conditions.
Bihar,1911.0,1449.2,1196.563247863248,252.6367521367522,21.113530988679123,1.0,Moderate,0.0,0.0,0.0,0.0,0.0,,0,1.0,Moderate,1,Moderate,1,1.0,0,1.0,MODERATE,Continue monitoring rainfall and historical flood conditions.
Bihar,1912.0,1129.4,1196.563247863248,-67.16324786324776,-5.613012766620063,0.0,Low,0.0,0.0,0.0,0.0,0.0,,0,0.0,Low,1,Low,0,0.0,0,0.0,LOW,Routine monitoring recommended.
Bihar,1913.0,1529.7,1196.563247863248,333.1367521367522,27.84113190269283,1.0,Moderate,0.0,0.0,0.0,0.0,0.0,,0,1.0,Moderate,1,Moderate,1,1.0,0,1.0,MODERATE,Continue monitoring rainfall and historical flood conditions.
Bihar,1914.0,1059.8,1196.563247863248,-136.7632478632479,-11.42967144507168,0.0,Low,0.0,0.0,0.0,0.0,0.0,,0,0.0,Low,1,Low,0,0.0,0,0.0,LOW,Routine monitoring recommended.
Bihar,1915.0,1349.4,1196.563247863248,152.83675213675224,12.772977308945356,1.0,Moderate,0.0,0.0,0.0,0.0,0.0,,0,1.0,Moderate,1,Moderate,1,1.0,0,1.0,MODERATE,Continue monitoring rainfall and historical flood conditions.
Bihar,1916.0,1504.6,1196.563247863248,308.03675213675206,25.74345758043513,1.0,Moderate,0.0,0.0,0.0,0.0,0.0,,0,1.0,Moderate,1,Moderate,1,1.0,0,1.0,MODERATE,Continue monitoring rainfall and historical flood conditions.
Bihar,1917.0,1334.1,1196.563247863248,137.53675213675206,11.494315271871928,0.0,Low,0.0,0.0,0.0,0.0,0.0,,0,0.0,Low,1,Low,0,0.0,0,0.0,LOW,Routine monitoring recommended.
Bihar,1918.0,1411.7,1196.563247863248,215.1367521367522,17.979555407616836,1.0,Moderate,0.0,0.0,0.0,0.0,0.0,,0,1.0,Moderate,1,Moderate,1,1.0,0,1.0,MODERATE,Continue monitoring rainfall and historical flood conditions.
Bihar,1919.0,1252.7,1196.563247863248,56.13675213675219,4.691498943912735,0.0,Low,0.0,0.0,0.0,0.0,0.0,,0,0.0,Low,1,Low,0,0.0,0,0.0,LOW,Routine monitoring recommended.
Bihar,1920.0,1123.9,1196.563247863248,-72.66324786324776,-6.072662518509198,0.0,Low,0.0,0.0,0.0,0.0,0.0,,0,0.0,Low,1,Low,0,0.0,0,0.0,LOW,Routine monitoring recommended.
Bihar,1921.0,1272.2,1196.563247863248,75.6367521367522,6.321166246065124,0.0,Low,0.0,0.0,0.0,0.0,0.0,,0,0.0,Low,1,Low,0,0.0,0,0.0,LOW,Routine monitoring recommended.
Bihar,1922.0,1449.2,1196.563247863248,252.6367521367522,21.113530988679123,1.0,Moderate,0.0,0.0,0.0,0.0,0.0,,0,1.0,Moderate,1,Moderate,1,1.0,0,1.0,MODERATE,Continue monitoring rainfall and historical flood conditions.
Bihar,1923.0,982.8,1196.563247863248,-213.7632478632479,-17.864767971519576,0.0,Low,0.0,0.0,0.0,0.0,0.0,,0,0.0,Low,1,Low,0,0.0,0,0.0,LOW,Routine monitoring recommended.
Bihar,1924.0,1456.3,1196.563247863248,259.7367521367521,21.706897032026905,1.0,Moderate,0.0,0.0,0.0,0.0,0.0,,0,1.0,Moderate,1,Moderate,1,1.0,0,1.0,MODERATE,Continue monitoring rainfall and historical flood conditions.
Bihar,1925.0,1191.5,1196.563247863248,-5.063247863247852,-0.4231492043809219,0.0,Low,0.0,0.0,0.0,0.0,0.0,,0,0.0,Low,1,Low,0,0.0,0,0.0,LOW,Routine monitoring recommended.
Bihar,1926.0,1121.8,1196.563247863248,-74.7632478632479,-6.248165151048697,0.0,Low,0.0,0.0,0.0,0.0,0.0,,0,0.0,Low,1,Low,0,0.0,0,0.0,LOW,Routine monitoring recommended.
Bihar,1927.0,1100.2,1196.563247863248,-96.3632478632478,-8.053335085740567,0.0,Low,0.0,0.0,0.0,0.0,0.0,,0,0.0,Low,1,Low,0,0.0,0,0.0,LOW,Routine monitoring recommended.
Bihar,1928.0,1249.8,1196.563247863248,53.2367521367521,4.44913816564391,0.0,Low,0.0,0.0,0.0,0.0,0.0,,0,0.0,Low,1,Low,0,0.0,0,0.0,LOW,Routine monitoring recommended.
Bihar,1929.0,1359.2,1196.563247863248,162.6367521367522,13.59198959412963,1.0,Moderate,0.0,0.0,0.0,0.0,0.0,,0,1.0,Moderate,1,Moderate,1,1.0,0,1.0,MODERATE,Continue monitoring rainfall and historical flood conditions.
Bihar,1930.0,1114.3,1196.563247863248,-82.2632478632479,-6.874960267261154,0.0,Low,0.0,0.0,0.0,0.0,0.0,,0,0.0,Low,1,Low,0,0.0,0,0.0,LOW,Routine monitoring recommended.
Bihar,1931.0,1146.3,1196.563247863248,-50.2632478632479,-4.200634438088003,0.0,Low,0.0,0.0,0.0,0.0,0.0,,0,0.0,Low,1,Low,0,0.0,0,0.0,LOW,Routine monitoring recommended.
Bihar,1932.0,926.9,1196.563247863248,-269.6632478632479,-22.536480904356424,0.0,Low,0.0,0.0,0.0,0.0,0.0,,0,0.0,Low,1,Low,0,0.0,0,0.0,LOW,Routine monitoring recommended.
Bihar,1933.0,1392.6,1196.563247863248,196.03675213675209,16.383317178329097,1.0,Moderate,0.0,0.0,0.0,0.0,0.0,,0,1.0,Moderate,1,Moderate,1,1.0,0,1.0,MODERATE,Continue monitoring rainfall and historical flood conditions.
Bihar,1934.0,1226.1,1196.563247863248,29.536752136752057,2.468465598412541,0.0,Low,0.0,0.0,0.0,0.0,0.0,,0,0.0,Low,1,Low,0,0.0,0,0.0,LOW,Routine monitoring recommended.
Bihar,1935.0,1240.4,1196.563247863248,43.83675213675224,3.663554953324309,0.0,Low,0.0,0.0,0.0,0.0,0.0,,0,0.0,Low,1,Low,0,0.0,0,0.0,LOW,Routine monitoring recommended.
Bihar,1936.0,1572.5,1196.563247863248,375.93675213675215,31.41804269921192,1.0,Moderate,0.0,0.0,0.0,0.0,0.0,,0,1.0,Moderate,1,Moderate,1,1.0,0,1.0,MODERATE,Continue monitoring rainfall and historical flood conditions.
Bihar,1937.0,1306.4,1196.563247863248,109.83675213675224,9.179351975993931,0.0,Low,0.0,0.0,0.0,0.0,0.0,,0,0.0,Low,1,Low,0,0.0,0,0.0,LOW,Routine monitoring recommended.
Bihar,1938.0,1506.7,1196.563247863248,310.1367521367522,25.91896021297463,1.0,Moderate,0.0,0.0,0.0,0.0,0.0,,0,1.0,Moderate,1,Moderate,1,1.0,0,1.0,MODERATE,Continue monitoring rainfall and historical flood conditions.
Bihar,1939.0,1243.2,1196.563247863248,46.63675213675219,3.897558463376955,0.0,Low,0.0,0.0,0.0,0.0,0.0,,0,0.0,Low,1,Low,0,0.0,0,0.0,LOW,Routine monitoring recommended.
Bihar,1940.0,1088.3,1196.563247863248,-108.2632478632479,-9.04785000346434,0.0,Low,0.0,0.0,0.0,0.0,0.0,,0,0.0,Low,1,Low,0,0.0,0,0.0,LOW,Routine monitoring recommended.
Bihar,1941.0,1223.1,1196.563247863248,26.536752136752057,2.217747551927558,0.0,Low,0.0,0.0,0.0,0.0,0.0,,0,0.0,Low,1,Low,0,0.0,0,0.0,LOW,Routine monitoring recommended.
Bihar,1942.0,1252.5,1196.563247863248,55.93675213675215,4.674784407480399,0.0,Low,0.0,0.0,0.0,0.0,0.0,,0,0.0,Low,1,Low,0,0.0,0,0.0,LOW,Routine monitoring recommended.
Bihar,1943.0,1169.9,1196.563247863248,-26.66324786324776,-2.228319139072792,0.0,Low,0.0,0.0,0.0,0.0,0.0,,0,0.0,Low,1,Low,0,0.0,0,0.0,LOW,Routine monitoring recommended.
Bihar,1944.0,1228.8,1196.563247863248,32.2367521367521,2.6941118402490294,0.0,Low,0.0,0.0,0.0,0.0,0.0,,0,0.0,Low,1,Low,0,0.0,0,0.0,LOW,Routine monitoring recommended.
Bihar,1945.0,1242.9,1196.563247863248,46.33675213675224,3.872486658728461,0.0,Low,0.0,0.0,0.0,0.0,0.0,,0,0.0,Low,1,Low,0,0.0,0,0.0,LOW,Routine monitoring recommended.
Bihar,1946.0,1393.7,1196.563247863248,197.1367521367522,16.475247128706936,1.0,Moderate,0.0,0.0,0.0,0.0,0.0,,0,1.0,Moderate,1,Moderate,1,1.0,0,1.0,MODERATE,Continue monitoring rainfall and historical flood conditions.
Bihar,1947.0,1092.1,1196.563247863248,-104.46324786324794,-8.730273811250033,0.0,Low,0.0,0.0,0.0,0.0,0.0,,0,0.0,Low,1,Low,0,0.0,0,0.0,LOW,Routine monitoring recommended.
Bihar,1948.0,1299.2,1196.563247863248,102.6367521367522,8.577628664429971,0.0,Low,0.0,0.0,0.0,0.0,0.0,,0,0.0,Low,1,Low,0,0.0,0,0.0,LOW,Routine monitoring recommended.
Bihar,1949.0,1444.4,1196.563247863248,247.83675213675224,20.71238211430316,1.0,Moderate,0.0,0.0,0.0,0.0,0.0,,0,1.0,Moderate,1,Moderate,1,1.0,0,1.0,MODERATE,Continue monitoring rainfall and historical flood conditions.
Bihar,1950.0,1124.6,1196.563247863248,-71.96324786324794,-6.0141616409960506,0.0,Low,0.0,0.0,0.0,0.0,0.0,,0,0.0,Low,1,Low,0,0.0,0,0.0,LOW,Routine monitoring recommended.
Bihar,1951.0,850.2,1196.563247863248,-346.3632478632478,-28.94650562615581,0.0,Low,0.0,0.0,0.0,0.0,0.0,,0,0.0,Low,1,Low,0,0.0,0,0.0,LOW,Routine monitoring recommended.
Bihar,1952.0,1206.8,1196.563247863248,10.236752136752102,0.8555128326924875,0.0,Low,0.0,0.0,0.0,0.0,0.0,,0,0.0,Low,1,Low,0,0.0,0,0.0,LOW,Routine monitoring recommended.
Bihar,1953.0,1378.7,1196.563247863248,182.1367521367522,15.22165689628202,1.0,Moderate,0.0,0.0,0.0,0.0,0.0,,0,1.0,Moderate,1,Moderate,1,1.0,0,1.0,MODERATE,Continue monitoring rainfall and historical flood conditions.
Bihar,1954.0,1050.5,1196.563247863248,-146.06324786324785,-12.206897389175122,0.0,Low,0.0,0.0,0.0,0.0,0.0,,0,0.0,Low,1,Low,0,0.0,0,0.0,LOW,Routine monitoring recommended.
Bihar,1955.0,1244.2,1196.563247863248,47.63675213675219,3.981131145538616,0.0,Low,0.0,0.0,0.0,0.0,0.0,,0,0.0,Low,1,Low,0,0.0,0,0.0,LOW,Routine monitoring recommended.
Bihar,1956.0,1493.4,1196.563247863248,296.83675213675224,24.80744354022454,1.0,Moderate,0.0,0.0,0.0,0.0,0.0,,0,1.0,Moderate,1,Moderate,1,1.0,0,1.0,MODERATE,Continue monitoring rainfall and historical flood conditions.
Bihar,1957.0,966.9,1196.563247863248,-229.66324786324788,-19.193573617889985,0.0,Low,0.0,0.0,0.0,0.0,0.0,,0,0.0,Low,1,Low,0,0.0,0,0.0,LOW,Routine monitoring recommended.
Bihar,1958.0,1167.4,1196.563247863248,-29.16324786324776,-2.4372508444769445,0.0,Low,0.0,0.0,0.0,0.0,0.0,,0,0.0,Low,1,Low,0,0.0,0,0.0,LOW,Routine monitoring recommended.
Bihar,1959.0,1179.6,1196.563247863248,-16.963247863247943,-1.4176641221046953,0.0,Low,0.0,0.0,0.0,0.0,0.0,,0,0.0,Low,1,Low,0,0.0,0,0.0,LOW,Routine monitoring recommended.
Bihar,1960.0,1247.9,1196.563247863248,51.33675213675224,4.290350069536766,0.0,Low,0.0,0.0,0.0,0.0,0.0,,0,0.0,Low,1,Low,0,0.0,0,0.0,LOW,Routine monitoring recommended.
Bihar,1961.0,1258.1,1196.563247863248,61.53675213675206,5.142791427585693,0.0,Low,0.0,0.0,0.0,0.0,0.0,,0,0.0,Low,1,Low,0,0.0,0,0.0,LOW,Routine monitoring recommended.
Bihar,1962.0,1178.1,1196.563247863248,-18.463247863247943,-1.5430231453471868,0.0,Low,0.0,0.0,0.0,0.0,0.0,,0,0.0,Low,1,Low,0,0.0,0,0.0,LOW,Routine monitoring recommended.
Bihar,1963.0,1326.1,1196.563247863248,129.53675213675206,10.82573381457864,0.0,Low,0.0,0.0,0.0,0.0,0.0,,0,0.0,Low,1,Low,0,0.0,0,0.0,LOW,Routine monitoring recommended.
Bihar,1964.0,1122.5,1196.563247863248,-74.06324786324785,-6.189664273535531,0.0,Low,0.0,0.0,0.0,0.0,0.0,,0,0.0,Low,1,Low,0,0.0,0,0.0,LOW,Routine monitoring recommended.
Bihar,1965.0,1002.7,1196.563247863248,-193.8632478632478,-16.201671596502514,0.0,Low,0.0,0.0,0.0,0.0,0.0,,0,0.0,Low,1,Low,0,0.0,0,0.0,LOW,Routine monitoring recommended.
Bihar,1966.0,767.0,1196.563247863248,-429.5632478632479,-35.89975278200602,0.0,Low,0.0,0.0,0.0,0.0,0.0,,0,0.0,Low,1,Low,0,0.0,0,0.0,LOW,Routine monitoring recommended.
Bihar,1967.0,999.9,1196.563247863248,-196.66324786324788,-16.43567510655517,0.0,Low,0.0,0.0,0.0,0.0,0.0,,0,0.0,Low,1,Low,0,0.0,0,0.0,LOW,Routine monitoring recommended.
Bihar,1968.0,1140.1,1196.563247863248,-56.46324786324794,-4.7187850674903045,0.0,Low,0.0,0.0,0.0,0.0,0.0,,0,0.0,Low,1,Low,0,0.0,0,0.0,LOW,Routine monitoring recommended.
Bihar,1969.0,1288.6,1196.563247863248,92.03675213675206,7.691758233516353,0.0,Low,0.0,0.0,0.0,0.0,0.0,,0,0.0,Low,1,Low,0,0.0,0,0.0,LOW,Routine monitoring recommended.
Bihar,1970.0,1074.7,1196.563247863248,-121.8632478632478,-10.184438480862925,0.0,Low,0.0,0.0,0.0,0.0,0.0,,0,0.0,Low,1,Low,0,0.0,0,0.0,LOW,Routine monitoring recommended.
Bihar,1971.0,1432.6,1196.563247863248,236.03675213675209,19.726224464795536,1.0,Moderate,0.0,0.0,0.0,0.0,0.0,,0,1.0,Moderate,1,Moderate,1,1.0,0,1.0,MODERATE,Continue monitoring rainfall and historical flood conditions.
Bihar,1972.0,717.9,1196.563247863248,-478.6632478632479,-40.00317147614357,0.0,Low,0.0,0.0,0.0,0.0,0.0,,0,0.0,Low,1,Low,0,0.0,0,0.0,LOW,Routine monitoring recommended.
Bihar,1973.0,1189.0,1196.563247863248,-7.563247863247852,-0.6320809097850744,0.0,Low,0.0,0.0,0.0,0.0,0.0,,0,0.0,Low,1,Low,0,0.0,0,0.0,LOW,Routine monitoring recommended.
Bihar,1974.0,1235.2,1196.563247863248,38.63675213675219,3.228977006083668,0.0,Low,0.0,0.0,0.0,0.0,0.0,,0,0.0,Low,1,Low,0,0.0,0,0.0,LOW,Routine monitoring recommended.
Bihar,1975.0,1069.1,1196.563247863248,-127.46324786324794,-10.652445500968236,0.0,Low,4.0,237.0,0.0,0.0,1000.0,2.0,1,1.0,Moderate,1,Moderate,1,0.0,1,1.0,MODERATE,Continue monitoring rainfall and historical flood conditions.
Bihar,1976.0,1161.7,1196.563247863248,-34.86324786324781,-2.913615132798416,0.0,Low,1.0,0.0,0.0,0.0,0.0,-1.0,1,1.0,Moderate,1,Moderate,1,0.0,1,1.0,MODERATE,Continue monitoring rainfall and historical flood conditions.
Bihar,1977.0,1147.5,1196.563247863248,-49.06324786324785,-4.100347219494005,0.0,Low,0.0,0.0,0.0,0.0,0.0,,0,0.0,Low,1,Low,0,0.0,0,0.0,LOW,Routine monitoring recommended.
Bihar,1978.0,1290.8,1196.563247863248,94.2367521367521,7.8756181342720115,0.0,Low,8.0,114.0,0.0,0.0,4388.0,0.875,1,1.0,Moderate,1,Moderate,1,0.0,1,1.0,MODERATE,Continue monitoring rainfall and historical flood conditions.
Bihar,1979.0,1001.9,1196.563247863248,-194.66324786324788,-16.26852974223185,0.0,Low,0.0,0.0,0.0,0.0,0.0,,0,0.0,Low,1,Low,0,0.0,0,0.0,LOW,Routine monitoring recommended.
Bihar,1980.0,1252.2,1196.563247863248,55.63675213675219,4.6497126028319045,0.0,Low,3.0,21.0,3.0,0.0,500.0,0.6666666666666666,1,1.0,Moderate,1,Moderate,1,0.0,1,1.0,MODERATE,Continue monitoring rainfall and historical flood conditions.
Bihar,1981.0,1364.7,1196.563247863248,168.1367521367522,14.051639346018764,1.0,Moderate,2.0,3.0,40.0,0.0,0.0,0.0,1,2.0,High,1,High,2,1.0,1,2.0,HIGH,Increase monitoring and prepare local response resources.
Bihar,1982.0,933.5,1196.563247863248,-263.06324786324785,-21.98490120208946,0.0,Low,3.0,0.0,0.0,0.0,0.0,-1.0,1,1.0,Moderate,1,Moderate,1,0.0,1,1.0,MODERATE,Continue monitoring rainfall and historical flood conditions.
Bihar,1983.0,1104.2,1196.563247863248,-92.3632478632478,-7.719044357093924,0.0,Low,8.0,0.0,36.0,0.0,0.0,-1.0,1,1.0,Moderate,1,Moderate,1,0.0,1,1.0,MODERATE,Continue monitoring rainfall and historical flood conditions.
Bihar,1984.0,1426.2,1196.563247863248,229.6367521367522,19.191359298960915,1.0,Moderate,7.0,137.0,0.0,0.0,35.0,1.2857142857142858,1,2.0,High,1,High,2,1.0,1,2.0,HIGH,Increase monitoring and prepare local response resources.
Bihar,1985.0,1455.0,1196.563247863248,258.43675213675215,21.598252545216752,1.0,Moderate,8.0,62.0,5.0,0.0,0.0,0.25,1,2.0,High,1,High,2,1.0,1,2.0,HIGH,Increase monitoring and prepare local response resources.
Bihar,1986.0,1322.1,1196.563247863248,125.53675213675206,10.491443085931996,0.0,Low,3.0,113.0,0.0,0.0,0.0,1.3333333333333333,1,1.0,Moderate,1,Moderate,1,0.0,1,1.0,MODERATE,Continue monitoring rainfall and historical flood conditions.
Bihar,1987.0,1660.4,1196.563247863248,463.8367521367522,38.76408146122193,2.0,High,1.0,1024.0,0.0,0.0,0.0,4.0,1,3.0,Critical,1,Critical,3,2.0,1,3.0,CRITICAL,Immediate emergency monitoring and preparedness recommended.
Bihar,1988.0,1337.4,1196.563247863248,140.83675213675224,11.770105123005424,0.0,Low,4.0,37.0,4.0,0.0,0.0,1.75,1,1.0,Moderate,1,Moderate,1,0.0,1,1.0,MODERATE,Continue monitoring rainfall and historical flood conditions.
Bihar,1989.0,1269.9,1196.563247863248,73.33675213675224,6.128949077093307,0.0,Low,1.0,0.0,0.0,0.0,0.0,-1.0,1,1.0,Moderate,1,Moderate,1,0.0,1,1.0,MODERATE,Continue monitoring rainfall and historical flood conditions.
Bihar,1990.0,1239.4,1196.563247863248,42.83675213675224,3.579982271162648,0.0,Low,1.0,4.0,0.0,0.0,0.0,1.0,1,1.0,Moderate,1,Moderate,1,0.0,1,1.0,MODERATE,Continue monitoring rainfall and historical flood conditions.
Bihar,1991.0,1045.7,1196.563247863248,-150.8632478632478,-12.608046263551092,0.0,Low,0.0,0.0,0.0,0.0,0.0,,0,0.0,Low,1,Low,0,0.0,0,0.0,LOW,Routine monitoring recommended.
Bihar,1992.0,797.6,1196.563247863248,-398.96324786324783,-33.342428707859185,0.0,Low,1.0,0.0,0.0,0.0,0.0,-1.0,1,1.0,Moderate,1,Moderate,1,0.0,1,1.0,MODERATE,Continue monitoring rainfall and historical flood conditions.
Bihar,1993.0,1208.3,1196.563247863248,11.736752136752102,0.9808718559349788,0.0,Low,4.0,62.0,0.0,0.0,0.0,1.5,1,1.0,Moderate,1,Moderate,1,0.0,1,1.0,MODERATE,Continue monitoring rainfall and historical flood conditions.
Bihar,1994.0,969.4,1196.563247863248,-227.16324786324788,-18.98464191248583,0.0,Low,4.0,36.0,0.0,0.0,0.0,1.25,1,1.0,Moderate,1,Moderate,1,0.0,1,1.0,MODERATE,Continue monitoring rainfall and historical flood conditions.
Bihar,1995.0,1111.9,1196.563247863248,-84.66324786324776,-7.0755347044491295,0.0,Low,5.0,154.0,0.0,0.0,1700.0,1.4,1,1.0,Moderate,1,Moderate,1,0.0,1,1.0,MODERATE,Continue monitoring rainfall and historical flood conditions.
Bihar,1996.0,1107.2,1196.563247863248,-89.3632478632478,-7.46832631060894,0.0,Low,4.0,76.0,0.0,0.0,0.0,1.0,1,1.0,Moderate,1,Moderate,1,0.0,1,1.0,MODERATE,Continue monitoring rainfall and historical flood conditions.
Bihar,1997.0,1303.7,1196.563247863248,107.1367521367522,8.953705734157445,0.0,Low,4.0,85.0,0.0,0.0,0.0,1.5,1,1.0,Moderate,1,Moderate,1,0.0,1,1.0,MODERATE,Continue monitoring rainfall and historical flood conditions.
Bihar,1998.0,1332.5,1196.563247863248,135.93675213675215,11.36059898041328,0.0,Low,3.0,288.0,0.0,0.0,0.0,3.0,1,1.0,Moderate,1,Moderate,1,0.0,1,1.0,MODERATE,Continue monitoring rainfall and historical flood conditions.
Bihar,1999.0,1402.7,1196.563247863248,206.1367521367522,17.227401268161884,1.0,Moderate,2.0,285.0,0.0,0.0,2028.0,3.5,1,2.0,High,1,High,2,1.0,1,2.0,HIGH,Increase monitoring and prepare local response resources.
Bihar,2000.0,1207.0,1196.563247863248,10.436752136752148,0.8722273691248235,0.0,Low,1.0,48.0,0.0,0.0,0.0,3.0,1,1.0,Moderate,1,Moderate,1,0.0,1,1.0,MODERATE,Continue monitoring rainfall and historical flood conditions.
Bihar,2001.0,1247.0,1196.563247863248,50.43675213675215,4.215134655591264,0.0,Low,0.0,0.0,0.0,0.0,0.0,,0,0.0,Low,1,Low,0,0.0,0,0.0,LOW,Routine monitoring recommended.
Bihar,2002.0,1105.8,1196.563247863248,-90.7632478632479,-7.585328065635273,0.0,Low,0.0,0.0,0.0,0.0,0.0,,0,0.0,Low,1,Low,0,0.0,0,0.0,LOW,Routine monitoring recommended.
Bihar,2003.0,1353.9,1196.563247863248,157.33675213675224,13.149054378672831,1.0,Moderate,5.0,419.0,0.0,0.0,0.0,2.6,1,2.0,High,1,High,2,1.0,1,2.0,HIGH,Increase monitoring and prepare local response resources.
Bihar,2004.0,1147.8,1196.563247863248,-48.7632478632479,-4.075275414845511,0.0,Low,2.0,480.0,0.0,0.0,743.0,3.5,1,1.0,Moderate,1,Moderate,1,0.0,1,1.0,MODERATE,Continue monitoring rainfall and historical flood conditions.
Bihar,2005.0,907.8,1196.563247863248,-288.7632478632479,-24.13271913364415,0.0,Low,0.0,0.0,0.0,0.0,0.0,,0,0.0,Low,1,Low,0,0.0,0,0.0,LOW,Routine monitoring recommended.
Bihar,2006.0,1052.8,1196.563247863248,-143.7632478632479,-12.014680220203305,0.0,Low,3.0,59.0,7.0,0.0,0.0,1.3333333333333333,1,1.0,Moderate,1,Moderate,1,0.0,1,1.0,MODERATE,Continue monitoring rainfall and historical flood conditions.
Bihar,2007.0,1600.2,1196.563247863248,403.6367521367522,33.73300599508993,1.0,Moderate,8.0,164.0,103.0,0.0,0.0,1.75,1,2.0,High,1,High,2,1.0,1,2.0,HIGH,Increase monitoring and prepare local response resources.
Bihar,2008.0,1197.7,1196.563247863248,1.136752136752193,0.09500142502138,0.0,Low,2.0,137.0,0.0,0.0,0.0,3.0,1,1.0,Moderate,1,Moderate,1,0.0,1,1.0,MODERATE,Continue monitoring rainfall and historical flood conditions.
Bihar,2009.0,889.3,1196.563247863248,-307.2632478632479,-25.67881375363488,0.0,Low,1.0,39.0,0.0,0.0,0.0,3.0,1,1.0,Moderate,1,Moderate,1,0.0,1,1.0,MODERATE,Continue monitoring rainfall and historical flood conditions.
Bihar,2010.0,629.2,1196.563247863248,-567.3632478632478,-47.416068383882894,0.0,Low,3.0,2.0,0.0,0.0,0.0,-0.3333333333333333,1,1.0,Moderate,1,Moderate,1,0.0,1,1.0,MODERATE,Continue monitoring rainfall and historical flood conditions.
Bihar,2011.0,1097.1,1196.563247863248,-99.46324786324794,-8.312410400441728,0.0,Low,1.0,7.0,0.0,0.0,0.0,2.0,1,1.0,Moderate,1,Moderate,1,0.0,1,1.0,MODERATE,Continue monitoring rainfall and historical flood conditions.
Bihar,2012.0,1032.4,1196.563247863248,-164.16324786324776,-13.71956293630118,0.0,Low,2.0,4.0,2.0,0.0,0.0,0.0,1,1.0,Moderate,1,Moderate,1,0.0,1,1.0,MODERATE,Continue monitoring rainfall and historical flood conditions.
Bihar,2013.0,1069.9,1196.563247863248,-126.66324786324776,-10.585587355238893,0.0,Low,6.0,53.0,6.0,0.0,0.0,1.6666666666666667,1,1.0,Moderate,1,Moderate,1,0.0,1,1.0,MODERATE,Continue monitoring rainfall and historical flood conditions.
Bihar,2014.0,1061.0,1196.563247863248,-135.56324786324785,-11.329384226477682,0.0,Low,3.0,48.0,4.0,0.0,0.0,2.0,1,1.0,Moderate,1,Moderate,1,0.0,1,1.0,MODERATE,Continue monitoring rainfall and historical flood conditions.
Bihar,2015.0,872.7,1196.563247863248,-323.8632478632478,-27.066120277518447,0.0,Low,1.0,2.0,0.0,0.0,0.0,1.0,1,1.0,Moderate,1,Moderate,1,0.0,1,1.0,MODERATE,Continue monitoring rainfall and historical flood conditions.
Bihar,2016.0,1158.0,1196.563247863248,-38.56324786324785,-3.222834056796565,0.0,Low,9.0,39.0,1.0,0.0,73.0,0.0,1,1.0,Moderate,1,Moderate,1,0.0,1,1.0,MODERATE,Continue monitoring rainfall and historical flood conditions.
Bihar,2017.0,1112.0,1196.563247863248,-84.56324786324785,-7.067177436232972,0.0,Low,6.0,105.0,0.0,0.0,0.0,1.0,1,1.0,Moderate,1,Moderate,1,0.0,1,1.0,MODERATE,Continue monitoring rainfall and historical flood conditions.
Bihar,2019.0,,,,,,,12.0,306.0,0.0,0.0,0.0,2.0,1,1.0,Moderate,0,Historical Flood Signal,2,0.0,1,1.0,MODERATE,Continue monitoring rainfall and historical flood conditions.
Bihar,2020.0,,,,,,,2.0,54.0,0.0,0.0,0.0,3.0,1,1.0,Moderate,0,Historical Flood Signal,2,0.0,1,1.0,MODERATE,Continue monitoring rainfall and historical flood conditions.
Bihar,2021.0,,,,,,,2.0,12.0,0.0,0.0,0.0,0.5,1,1.0,Moderate,0,Historical Flood Signal,2,0.0,1,1.0,MODERATE,Continue monitoring rainfall and historical flood conditions.
Bihar,2022.0,,,,,,,3.0,3.0,0.0,0.0,0.0,1.0,1,1.0,Moderate,0,Historical Flood Signal,2,0.0,1,1.0,MODERATE,Continue monitoring rainfall and historical flood conditions.
Bihar,2023.0,,,,,,,1.0,1.0,2.0,0.0,0.0,1.0,1,1.0,Moderate,0,Historical Flood Signal,2,0.0,1,1.0,MODERATE,Continue monitoring rainfall and historical flood conditions.
"Bihar, Jharkhand",1983.0,,,,,,,1.0,0.0,0.0,0.0,0.0,-1.0,1,1.0,Moderate,0,Historical Flood Signal,2,0.0,1,1.0,MODERATE,Continue monitoring rainfall and historical flood conditions.
"Bihar, Jharkhand",2001.0,,,,,,,3.0,158.0,0.0,0.0,250.0,2.333333333333333,1,1.0,Moderate,0,Historical Flood Signal,2,0.0,1,1.0,MODERATE,Continue monitoring rainfall and historical flood conditions.
"Bihar, Jharkhand",2002.0,,,,,,,3.0,321.0,1.0,0.0,0.0,0.6666666666666666,1,1.0,Moderate,0,Historical Flood Signal,2,0.0,1,1.0,MODERATE,Continue monitoring rainfall and historical flood conditions.
"Bihar, Maharashtra",1971.0,,,,,,,1.0,0.0,0.0,0.0,0.0,-1.0,1,1.0,Moderate,0,Historical Flood Signal,2,0.0,1,1.0,MODERATE,Continue monitoring rainfall and historical flood conditions.
"Bihar, Odisha, West Bengal, Assam, Andhra Pradesh",1973.0,,,,,,,1.0,77.0,0.0,0.0,0.0,3.0,1,1.0,Moderate,0,Historical Flood Signal,2,0.0,1,1.0,MODERATE,Continue monitoring rainfall and historical flood conditions.
"Bihar, Uttar pradesh, West Bengal, Himachal Pradesh",1971.0,,,,,,,1.0,0.0,0.0,0.0,0.0,-1.0,1,1.0,Moderate,0,Historical Flood Signal,2,0.0,1,1.0,MODERATE,Continue monitoring rainfall and historical flood conditions.
"Bihar, West Bengal",1974.0,,,,,,,1.0,0.0,0.0,0.0,0.0,-1.0,1,1.0,Moderate,0,Historical Flood Signal,2,0.0,1,1.0,MODERATE,Continue monitoring rainfall and historical flood conditions.
Chandigarh,1980.0,,,,,,,1.0,3.0,0.0,0.0,0.0,1.0,1,1.0,Moderate,0,Historical Flood Signal,2,0.0,1,1.0,MODERATE,Continue monitoring rainfall and historical flood conditions.
Chandigarh,1981.0,,,,,,,1.0,0.0,0.0,0.0,0.0,-1.0,1,1.0,Moderate,0,Historical Flood Signal,2,0.0,1,1.0,MODERATE,Continue monitoring rainfall and historical flood conditions.
Chandigarh,1988.0,,,,,,,2.0,0.0,0.0,0.0,0.0,-1.0,1,1.0,Moderate,0,Historical Flood Signal,2,0.0,1,1.0,MODERATE,Continue monitoring rainfall and historical flood conditions.
Chandigarh,1990.0,,,,,,,1.0,0.0,0.0,0.0,0.0,-1.0,1,1.0,Moderate,0,Historical Flood Signal,2,0.0,1,1.0,MODERATE,Continue monitoring rainfall and historical flood conditions.
Chandigarh,2023.0,,,,,,,1.0,1.0,0.0,0.0,0.0,1.0,1,1.0,Moderate,0,Historical Flood Signal,2,0.0,1,1.0,MODERATE,Continue monitoring rainfall and historical flood conditions.
Chhattisgarh,1901.0,1387.0,1369.1367521367522,17.863247863247807,1.3047088127149764,0.0,Low,0.0,0.0,0.0,0.0,0.0,,0,0.0,Low,1,Low,0,0.0,0,0.0,LOW,Routine monitoring recommended.
Chhattisgarh,1902.0,923.9,1369.1367521367522,-445.2367521367522,-32.519523812496494,0.0,Low,0.0,0.0,0.0,0.0,0.0,,0,0.0,Low,1,Low,0,0.0,0,0.0,LOW,Routine monitoring recommended.
Chhattisgarh,1903.0,1331.2,1369.1367521367522,-37.93675213675215,-2.7708519311563222,0.0,Low,0.0,0.0,0.0,0.0,0.0,,0,0.0,Low,1,Low,0,0.0,0,0.0,LOW,Routine monitoring recommended.
Chhattisgarh,1904.0,1492.4,1369.1367521367522,123.2632478632479,9.00299021780522,0.0,Low,0.0,0.0,0.0,0.0,0.0,,0,0.0,Low,1,Low,0,0.0,0,0.0,LOW,Routine monitoring recommended.
Chhattisgarh,1905.0,1251.1,1369.1367521367522,-118.03675213675228,-8.621253644132878,0.0,Low,0.0,0.0,0.0,0.0,0.0,,0,0.0,Low,1,Low,0,0.0,0,0.0,LOW,Routine monitoring recommended.
Chhattisgarh,1906.0,1394.6,1369.1367521367522,25.46324786324772,1.8598031075791608,0.0,Low,0.0,0.0,0.0,0.0,0.0,,0,0.0,Low,1,Low,0,0.0,0,0.0,LOW,Routine monitoring recommended.
Chhattisgarh,1907.0,1308.8,1369.1367521367522,-60.33675213675224,-4.406919326545525,0.0,Low,0.0,0.0,0.0,0.0,0.0,,0,0.0,Low,1,Low,0,0.0,0,0.0,LOW,Routine monitoring recommended.
Chhattisgarh,1908.0,1488.7,1369.1367521367522,119.56324786324784,8.732746942673964,0.0,Low,0.0,0.0,0.0,0.0,0.0,,0,0.0,Low,1,Low,0,0.0,0,0.0,LOW,Routine monitoring recommended.
Chhattisgarh,1909.0,1284.1,1369.1367521367522,-85.03675213675228,-6.210975784854152,0.0,Low,0.0,0.0,0.0,0.0,0.0,,0,0.0,Low,1,Low,0,0.0,0,0.0,LOW,Routine monitoring recommended.
Chhattisgarh,1910.0,1407.2,1369.1367521367522,38.06324786324785,2.7800910174855944,0.0,Low,0.0,0.0,0.0,0.0,0.0,,0,0.0,Low,1,Low,0,0.0,0,0.0,LOW,Routine monitoring recommended.
Chhattisgarh,1911.0,1504.1,1369.1367521367522,134.96324786324772,9.857543277004028,0.0,Low,0.0,0.0,0.0,0.0,0.0,,0,0.0,Low,1,Low,0,0.0,0,0.0,LOW,Routine monitoring recommended.
Chhattisgarh,1912.0,1227.0,1369.1367521367522,-142.1367521367522,-10.381486868636427,0.0,Low,0.0,0.0,0.0,0.0,0.0,,0,0.0,Low,1,Low,0,0.0,0,0.0,LOW,Routine monitoring recommended.
Chhattisgarh,1913.0,1234.6,1369.1367521367522,-134.53675213675228,-9.82639257377224,0.0,Low,0.0,0.0,0.0,0.0,0.0,,0,0.0,Low,1,Low,0,0.0,0,0.0,LOW,Routine monitoring recommended.
Chhattisgarh,1914.0,1418.1,1369.1367521367522,48.96324786324772,3.5762130982776488,0.0,Low,0.0,0.0,0.0,0.0,0.0,,0,0.0,Low,1,Low,0,0.0,0,0.0,LOW,Routine monitoring recommended.
Chhattisgarh,1915.0,1455.9,1369.1367521367522,86.7632478632479,6.33707682799693,0.0,Low,0.0,0.0,0.0,0.0,0.0,,0,0.0,Low,1,Low,0,0.0,0,0.0,LOW,Routine monitoring recommended.
Chhattisgarh,1916.0,1443.0,1369.1367521367522,73.8632478632478,5.394877301187968,0.0,Low,0.0,0.0,0.0,0.0,0.0,,0,0.0,Low,1,Low,0,0.0,0,0.0,LOW,Routine monitoring recommended.
Chhattisgarh,1917.0,1727.7,1369.1367521367522,358.56324786324785,26.189001741692625,1.0,Moderate,0.0,0.0,0.0,0.0,0.0,,0,1.0,Moderate,1,Moderate,1,1.0,0,1.0,MODERATE,Continue monitoring rainfall and historical flood conditions.
Chhattisgarh,1918.0,1377.2,1369.1367521367522,8.063247863247852,0.5889293272322061,0.0,Low,0.0,0.0,0.0,0.0,0.0,,0,0.0,Low,1,Low,0,0.0,0,0.0,LOW,Routine monitoring recommended.
Chhattisgarh,1919.0,1859.0,1369.1367521367522,489.8632478632478,35.77898607270161,2.0,High,0.0,0.0,0.0,0.0,0.0,,0,2.0,High,1,High,2,2.0,0,2.0,HIGH,Increase monitoring and prepare local response resources.
Chhattisgarh,1920.0,1203.4,1369.1367521367522,-165.7367521367521,-12.105200731635753,0.0,Low,0.0,0.0,0.0,0.0,0.0,,0,0.0,Low,1,Low,0,0.0,0,0.0,LOW,Routine monitoring recommended.
Chhattisgarh,1921.0,1319.4,1369.1367521367522,-49.7367521367521,-3.632708862655985,0.0,Low,0.0,0.0,0.0,0.0,0.0,,0,0.0,Low,1,Low,0,0.0,0,0.0,LOW,Routine monitoring recommended.
Chhattisgarh,1922.0,1308.8,1369.1367521367522,-60.33675213675224,-4.406919326545525,0.0,Low,0.0,0.0,0.0,0.0,0.0,,0,0.0,Low,1,Low,0,0.0,0,0.0,LOW,Routine monitoring recommended.
Chhattisgarh,1923.0,1387.2,1369.1367521367522,18.06324786324785,1.319316557316669,0.0,Low,0.0,0.0,0.0,0.0,0.0,,0,0.0,Low,1,Low,0,0.0,0,0.0,LOW,Routine monitoring recommended.
Chhattisgarh,1924.0,1334.2,1369.1367521367522,-34.93675213675215,-2.5517357621309835,0.0,Low,0.0,0.0,0.0,0.0,0.0,,0,0.0,Low,1,Low,0,0.0,0,0.0,LOW,Routine monitoring recommended.
Chhattisgarh,1925.0,1737.1,1369.1367521367522,367.9632478632477,26.875565737972007,1.0,Moderate,0.0,0.0,0.0,0.0,0.0,,0,1.0,Moderate,1,Moderate,1,1.0,0,1.0,MODERATE,Continue monitoring rainfall and historical flood conditions.
Chhattisgarh,1926.0,1634.9,1369.1367521367522,265.7632478632479,19.41100824650881,1.0,Moderate,0.0,0.0,0.0,0.0,0.0,,0,1.0,Moderate,1,Moderate,1,1.0,0,1.0,MODERATE,Continue monitoring rainfall and historical flood conditions.
Chhattisgarh,1927.0,1537.1,1369.1367521367522,167.96324786324772,12.267821136282754,1.0,Moderate,0.0,0.0,0.0,0.0,0.0,,0,1.0,Moderate,1,Moderate,1,1.0,0,1.0,MODERATE,Continue monitoring rainfall and historical flood conditions.
Chhattisgarh,1928.0,1219.2,1369.1367521367522,-149.93675213675215,-10.951188908102305,0.0,Low,0.0,0.0,0.0,0.0,0.0,,0,0.0,Low,1,Low,0,0.0,0,0.0,LOW,Routine monitoring recommended.
Chhattisgarh,1929.0,1663.8,1369.1367521367522,294.66324786324776,21.5218273414529,1.0,Moderate,0.0,0.0,0.0,0.0,0.0,,0,1.0,Moderate,1,Moderate,1,1.0,0,1.0,MODERATE,Continue monitoring rainfall and historical flood conditions.
Chhattisgarh,1930.0,1383.5,1369.1367521367522,14.363247863247809,1.0490732821854143,0.0,Low,0.0,0.0,0.0,0.0,0.0,,0,0.0,Low,1,Low,0,0.0,0,0.0,LOW,Routine monitoring recommended.
Chhattisgarh,1931.0,1467.0,1369.1367521367522,97.8632478632478,7.147806653390678,0.0,Low,0.0,0.0,0.0,0.0,0.0,,0,0.0,Low,1,Low,0,0.0,0,0.0,LOW,Routine monitoring recommended.
Chhattisgarh,1932.0,1357.6,1369.1367521367522,-11.536752136752284,-0.8426296437333508,0.0,Low,0.0,0.0,0.0,0.0,0.0,,0,0.0,Low,1,Low,0,0.0,0,0.0,LOW,Routine monitoring recommended.
Chhattisgarh,1933.0,1650.6,1369.1367521367522,281.4632478632477,20.557716197741406,1.0,Moderate,0.0,0.0,0.0,0.0,0.0,,0,1.0,Moderate,1,Moderate,1,1.0,0,1.0,MODERATE,Continue monitoring rainfall and historical flood conditions.
Chhattisgarh,1934.0,1529.2,1369.1367521367522,160.06324786324785,11.69081522451604,0.0,Low,0.0,0.0,0.0,0.0,0.0,,0,0.0,Low,1,Low,0,0.0,0,0.0,LOW,Routine monitoring recommended.
Chhattisgarh,1935.0,1269.2,1369.1367521367522,-99.93675213675216,-7.299252757679992,0.0,Low,0.0,0.0,0.0,0.0,0.0,,0,0.0,Low,1,Low,0,0.0,0,0.0,LOW,Routine monitoring recommended.
Chhattisgarh,1936.0,1826.2,1369.1367521367522,457.0632478632479,33.38331595802458,1.0,Moderate,0.0,0.0,0.0,0.0,0.0,,0,1.0,Moderate,1,Moderate,1,1.0,0,1.0,MODERATE,Continue monitoring rainfall and historical flood conditions.
Chhattisgarh,1937.0,1616.8,1369.1367521367522,247.66324786324776,18.089007360055927,1.0,Moderate,0.0,0.0,0.0,0.0,0.0,,0,1.0,Moderate,1,Moderate,1,1.0,0,1.0,MODERATE,Continue monitoring rainfall and historical flood conditions.
Chhattisgarh,1938.0,1505.8,1369.1367521367522,136.66324786324776,9.981709106118393,0.0,Low,0.0,0.0,0.0,0.0,0.0,,0,0.0,Low,1,Low,0,0.0,0,0.0,LOW,Routine monitoring recommended.
Chhattisgarh,1939.0,1480.3,1369.1367521367522,111.16324786324776,8.119221669403009,0.0,Low,0.0,0.0,0.0,0.0,0.0,,0,0.0,Low,1,Low,0,0.0,0,0.0,LOW,Routine monitoring recommended.
Chhattisgarh,1940.0,1448.4,1369.1367521367522,79.2632478632479,5.789286405433583,0.0,Low,0.0,0.0,0.0,0.0,0.0,,0,0.0,Low,1,Low,0,0.0,0,0.0,LOW,Routine monitoring recommended.
Chhattisgarh,1941.0,1005.1,1369.1367521367522,-364.03675213675217,-26.588779504210653,0.0,Low,0.0,0.0,0.0,0.0,0.0,,0,0.0,Low,1,Low,0,0.0,0,0.0,LOW,Routine monitoring recommended.
Chhattisgarh,1942.0,1598.3,1369.1367521367522,229.16324786324776,16.73779098439967,1.0,Moderate,0.0,0.0,0.0,0.0,0.0,,0,1.0,Moderate,1,Moderate,1,1.0,0,1.0,MODERATE,Continue monitoring rainfall and historical flood conditions.
Chhattisgarh,1943.0,1645.1,1369.1367521367522,275.9632478632477,20.15600322119495,1.0,Moderate,0.0,0.0,0.0,0.0,0.0,,0,1.0,Moderate,1,Moderate,1,1.0,0,1.0,MODERATE,Continue monitoring rainfall and historical flood conditions.
Chhattisgarh,1944.0,1792.7,1369.1367521367522,423.5632478632479,30.93651873724163,1.0,Moderate,0.0,0.0,0.0,0.0,0.0,,0,1.0,Moderate,1,Moderate,1,1.0,0,1.0,MODERATE,Continue monitoring rainfall and historical flood conditions.
Chhattisgarh,1945.0,1585.6,1369.1367521367522,216.4632478632477,15.8101992021924,1.0,Moderate,0.0,0.0,0.0,0.0,0.0,,0,1.0,Moderate,1,Moderate,1,1.0,0,1.0,MODERATE,Continue monitoring rainfall and historical flood conditions.
Chhattisgarh,1946.0,1599.0,1369.1367521367522,229.8632478632478,16.788918090505586,1.0,Moderate,0.0,0.0,0.0,0.0,0.0,,0,1.0,Moderate,1,Moderate,1,1.0,0,1.0,MODERATE,Continue monitoring rainfall and historical flood conditions.
Chhattisgarh,1947.0,1599.6,1369.1367521367522,230.4632478632477,16.832741324310646,1.0,Moderate,0.0,0.0,0.0,0.0,0.0,,0,1.0,Moderate,1,Moderate,1,1.0,0,1.0,MODERATE,Continue monitoring rainfall and historical flood conditions.
Chhattisgarh,1948.0,1491.7,1369.1367521367522,122.56324786324784,8.951863111699303,0.0,Low,0.0,0.0,0.0,0.0,0.0,,0,0.0,Low,1,Low,0,0.0,0,0.0,LOW,Routine monitoring recommended.
Chhattisgarh,1949.0,1499.6,1369.1367521367522,130.46324786324772,9.52886902346602,0.0,Low,0.0,0.0,0.0,0.0,0.0,,0,0.0,Low,1,Low,0,0.0,0,0.0,LOW,Routine monitoring recommended.
Chhattisgarh,1950.0,1292.2,1369.1367521367522,-76.93675213675215,-5.619362128485727,0.0,Low,0.0,0.0,0.0,0.0,0.0,,0,0.0,Low,1,Low,0,0.0,0,0.0,LOW,Routine monitoring recommended.
Chhattisgarh,1951.0,1411.6,1369.1367521367522,42.46324786324772,3.101461398722748,0.0,Low,0.0,0.0,0.0,0.0,0.0,,0,0.0,Low,1,Low,0,0.0,0,0.0,LOW,Routine monitoring recommended.
Chhattisgarh,1952.0,1396.4,1369.1367521367522,27.26324786324789,1.9912728089943776,0.0,Low,0.0,0.0,0.0,0.0,0.0,,0,0.0,Low,1,Low,0,0.0,0,0.0,LOW,Routine monitoring recommended.
Chhattisgarh,1953.0,1370.2,1369.1367521367522,1.0632478632478524,0.0776582661730822,0.0,Low,0.0,0.0,0.0,0.0,0.0,,0,0.0,Low,1,Low,0,0.0,0,0.0,LOW,Routine monitoring recommended.
Chhattisgarh,1954.0,1193.7,1369.1367521367522,-175.43675213675215,-12.813676344817685,0.0,Low,0.0,0.0,0.0,0.0,0.0,,0,0.0,Low,1,Low,0,0.0,0,0.0,LOW,Routine monitoring recommended.
Chhattisgarh,1955.0,1440.7,1369.1367521367522,71.56324786324785,5.226888238268544,0.0,Low,0.0,0.0,0.0,0.0,0.0,,0,0.0,Low,1,Low,0,0.0,0,0.0,LOW,Routine monitoring recommended.
Chhattisgarh,1956.0,1557.0,1369.1367521367522,187.8632478632478,13.72129172415084,1.0,Moderate,0.0,0.0,0.0,0.0,0.0,,0,1.0,Moderate,1,Moderate,1,1.0,0,1.0,MODERATE,Continue monitoring rainfall and historical flood conditions.
Chhattisgarh,1957.0,1222.4,1369.1367521367522,-146.7367521367521,-10.717464994475272,0.0,Low,0.0,0.0,0.0,0.0,0.0,,0,0.0,Low,1,Low,0,0.0,0,0.0,LOW,Routine monitoring recommended.
Chhattisgarh,1958.0,1520.9,1369.1367521367522,151.7632478632479,11.084593823545935,0.0,Low,0.0,0.0,0.0,0.0,0.0,,0,0.0,Low,1,Low,0,0.0,0,0.0,LOW,Routine monitoring recommended.
Chhattisgarh,1959.0,1544.2,1369.1367521367522,175.06324786324785,12.786396069642732,1.0,Moderate,0.0,0.0,0.0,0.0,0.0,,0,1.0,Moderate,1,Moderate,1,1.0,0,1.0,MODERATE,Continue monitoring rainfall and historical flood conditions.
Chhattisgarh,1960.0,1364.3,1369.1367521367522,-4.836752136752239,-0.3532701995767573,0.0,Low,0.0,0.0,0.0,0.0,0.0,,0,0.0,Low,1,Low,0,0.0,0,0.0,LOW,Routine monitoring recommended.
Chhattisgarh,1961.0,1974.0,1369.1367521367522,604.8632478632478,44.178439218672935,2.0,High,0.0,0.0,0.0,0.0,0.0,,0,2.0,High,1,High,2,2.0,0,2.0,HIGH,Increase monitoring and prepare local response resources.
Chhattisgarh,1962.0,1124.7,1369.1367521367522,-244.4367521367521,-17.853348232400474,0.0,Low,0.0,0.0,0.0,0.0,0.0,,0,0.0,Low,1,Low,0,0.0,0,0.0,LOW,Routine monitoring recommended.
Chhattisgarh,1963.0,1337.2,1369.1367521367522,-31.936752136752148,-2.332619593105645,0.0,Low,0.0,0.0,0.0,0.0,0.0,,0,0.0,Low,1,Low,0,0.0,0,0.0,LOW,Routine monitoring recommended.
Chhattisgarh,1964.0,1509.1,1369.1367521367522,139.96324786324772,10.22273689204626,0.0,Low,0.0,0.0,0.0,0.0,0.0,,0,0.0,Low,1,Low,0,0.0,0,0.0,LOW,Routine monitoring recommended.
Chhattisgarh,1965.0,941.6,1369.1367521367522,-427.53675213675217,-31.22673841524699,0.0,Low,0.0,0.0,0.0,0.0,0.0,,0,0.0,Low,1,Low,0,0.0,0,0.0,LOW,Routine monitoring recommended.
Chhattisgarh,1966.0,1087.1,1369.1367521367522,-282.0367521367523,-20.599604217518067,0.0,Low,0.0,0.0,0.0,0.0,0.0,,0,0.0,Low,1,Low,0,0.0,0,0.0,LOW,Routine monitoring recommended.
Chhattisgarh,1967.0,1472.5,1369.1367521367522,103.3632478632478,7.549519629937132,0.0,Low,0.0,0.0,0.0,0.0,0.0,,0,0.0,Low,1,Low,0,0.0,0,0.0,LOW,Routine monitoring recommended.
Chhattisgarh,1968.0,1168.0,1369.1367521367522,-201.1367521367522,-14.690771526134755,0.0,Low,0.0,0.0,0.0,0.0,0.0,,0,0.0,Low,1,Low,0,0.0,0,0.0,LOW,Routine monitoring recommended.
Chhattisgarh,1969.0,1172.6,1369.1367521367522,-196.53675213675228,-14.35479340029591,0.0,Low,0.0,0.0,0.0,0.0,0.0,,0,0.0,Low,1,Low,0,0.0,0,0.0,LOW,Routine monitoring recommended.
Chhattisgarh,1970.0,1501.5,1369.1367521367522,132.3632478632478,9.667642597182075,0.0,Low,0.0,0.0,0.0,0.0,0.0,,0,0.0,Low,1,Low,0,0.0,0,0.0,LOW,Routine monitoring recommended.
Chhattisgarh,1971.0,1533.8,1369.1367521367522,164.66324786324776,12.026793350354884,1.0,Moderate,0.0,0.0,0.0,0.0,0.0,,0,1.0,Moderate,1,Moderate,1,1.0,0,1.0,MODERATE,Continue monitoring rainfall and historical flood conditions.
Chhattisgarh,1972.0,1198.9,1369.1367521367522,-170.2367521367521,-12.43387498517376,0.0,Low,0.0,0.0,0.0,0.0,0.0,,0,0.0,Low,1,Low,0,0.0,0,0.0,LOW,Routine monitoring recommended.
Chhattisgarh,1973.0,1467.3,1369.1367521367522,98.16324786324776,7.169718270293209,0.0,Low,0.0,0.0,0.0,0.0,0.0,,0,0.0,Low,1,Low,0,0.0,0,0.0,LOW,Routine monitoring recommended.
Chhattisgarh,1974.0,951.0,1369.1367521367522,-418.1367521367522,-30.5401744189676,0.0,Low,0.0,0.0,0.0,0.0,0.0,,0,0.0,Low,1,Low,0,0.0,0,0.0,LOW,Routine monitoring recommended.
Chhattisgarh,1975.0,1475.5,1369.1367521367522,106.3632478632478,7.768635798962471,0.0,Low,0.0,0.0,0.0,0.0,0.0,,0,0.0,Low,1,Low,0,0.0,0,0.0,LOW,Routine monitoring recommended.
Chhattisgarh,1976.0,1379.3,1369.1367521367522,10.16324786324776,0.7423106455499368,0.0,Low,0.0,0.0,0.0,0.0,0.0,,0,0.0,Low,1,Low,0,0.0,0,0.0,LOW,Routine monitoring recommended.
Chhattisgarh,1977.0,1465.5,1369.1367521367522,96.3632478632478,7.038248568878008,0.0,Low,0.0,0.0,0.0,0.0,0.0,,0,0.0,Low,1,Low,0,0.0,0,0.0,LOW,Routine monitoring recommended.
Chhattisgarh,1978.0,1370.4,1369.1367521367522,1.2632478632478978,0.0922660107747748,0.0,Low,0.0,0.0,0.0,0.0,0.0,,0,0.0,Low,1,Low,0,0.0,0,0.0,LOW,Routine monitoring recommended.
Chhattisgarh,1979.0,904.6,1369.1367521367522,-464.53675213675217,-33.9291711665595,0.0,Low,0.0,0.0,0.0,0.0,0.0,,0,0.0,Low,1,Low,0,0.0,0,0.0,LOW,Routine monitoring recommended.
Chhattisgarh,1980.0,1495.4,1369.1367521367522,126.2632478632479,9.22210638683056,0.0,Low,2.0,23.0,10.0,0.0,120.0,1.5,1,1.0,Moderate,1,Moderate,1,0.0,1,1.0,MODERATE,Continue monitoring rainfall and historical flood conditions.
Chhattisgarh,1981.0,1216.2,1369.1367521367522,-152.93675213675215,-11.170305077127644,0.0,Low,0.0,0.0,0.0,0.0,0.0,,0,0.0,Low,1,Low,0,0.0,0,0.0,LOW,Routine monitoring recommended.
Chhattisgarh,1982.0,1197.4,1369.1367521367522,-171.7367521367521,-12.54343306968643,0.0,Low,0.0,0.0,0.0,0.0,0.0,,0,0.0,Low,1,Low,0,0.0,0,0.0,LOW,Routine monitoring recommended.
Chhattisgarh,1983.0,1371.9,1369.1367521367522,2.763247863247898,0.2018240952874442,0.0,Low,0.0,0.0,0.0,0.0,0.0,,0,0.0,Low,1,Low,0,0.0,0,0.0,LOW,Routine monitoring recommended.
Chhattisgarh,1984.0,1254.7,1369.1367521367522,-114.43675213675216,-8.35831424130246,0.0,Low,0.0,0.0,0.0,0.0,0.0,,0,0.0,Low,1,Low,0,0.0,0,0.0,LOW,Routine monitoring recommended.
Chhattisgarh,1985.0,1237.5,1369.1367521367522,-131.6367521367522,-9.61458027704774,0.0,Low,0.0,0.0,0.0,0.0,0.0,,0,0.0,Low,1,Low,0,0.0,0,0.0,LOW,Routine monitoring recommended.
Chhattisgarh,1986.0,1368.6,1369.1367521367522,-0.5367521367522841,-0.0392036906404417,0.0,Low,1.0,0.0,0.0,0.0,0.0,-1.0,1,1.0,Moderate,1,Moderate,1,0.0,1,1.0,MODERATE,Continue monitoring rainfall and historical flood conditions.
Chhattisgarh,1987.0,1142.8,1369.1367521367522,-226.33675213675224,-16.531347345947605,0.0,Low,0.0,0.0,0.0,0.0,0.0,,0,0.0,Low,1,Low,0,0.0,0,0.0,LOW,Routine monitoring recommended.
Chhattisgarh,1988.0,1206.3,1369.1367521367522,-162.83675213675224,-11.89338843491127,0.0,Low,0.0,0.0,0.0,0.0,0.0,,0,0.0,Low,1,Low,0,0.0,0,0.0,LOW,Routine monitoring recommended.
Chhattisgarh,1989.0,1187.2,1369.1367521367522,-181.9367521367521,-13.288428044372584,0.0,Low,0.0,0.0,0.0,0.0,0.0,,0,0.0,Low,1,Low,0,0.0,0,0.0,LOW,Routine monitoring recommended.
Chhattisgarh,1990.0,1643.8,1369.1367521367522,274.66324786324776,20.06105288128397,1.0,Moderate,0.0,0.0,0.0,0.0,0.0,,0,1.0,Moderate,1,Moderate,1,1.0,0,1.0,MODERATE,Continue monitoring rainfall and historical flood conditions.
Chhattisgarh,1991.0,1220.8,1369.1367521367522,-148.33675213675224,-10.834326951288798,0.0,Low,0.0,0.0,0.0,0.0,0.0,,0,0.0,Low,1,Low,0,0.0,0,0.0,LOW,Routine monitoring recommended.
Chhattisgarh,1992.0,1156.6,1369.1367521367522,-212.53675213675228,-15.523412968431051,0.0,Low,0.0,0.0,0.0,0.0,0.0,,0,0.0,Low,1,Low,0,0.0,0,0.0,LOW,Routine monitoring recommended.
Chhattisgarh,1993.0,1205.3,1369.1367521367522,-163.83675213675224,-11.966427157919714,0.0,Low,0.0,0.0,0.0,0.0,0.0,,0,0.0,Low,1,Low,0,0.0,0,0.0,LOW,Routine monitoring recommended.
Chhattisgarh,1994.0,1754.5,1369.1367521367522,385.3632478632478,28.14643951831898,1.0,Moderate,0.0,0.0,0.0,0.0,0.0,,0,1.0,Moderate,1,Moderate,1,1.0,0,1.0,MODERATE,Continue monitoring rainfall and historical flood conditions.
Chhattisgarh,1995.0,1280.7,1369.1367521367522,-88.43675213675215,-6.459307443082859,0.0,Low,0.0,0.0,0.0,0.0,0.0,,0,0.0,Low,1,Low,0,0.0,0,0.0,LOW,Routine monitoring recommended.
Chhattisgarh,1996.0,1187.0,1369.1367521367522,-182.1367521367522,-13.303035788974276,0.0,Low,0.0,0.0,0.0,0.0,0.0,,0,0.0,Low,1,Low,0,0.0,0,0.0,LOW,Routine monitoring recommended.
Chhattisgarh,1997.0,1317.2,1369.1367521367522,-51.93675213675215,-3.79339405327457,0.0,Low,0.0,0.0,0.0,0.0,0.0,,0,0.0,Low,1,Low,0,0.0,0,0.0,LOW,Routine monitoring recommended.
Chhattisgarh,1998.0,1332.5,1369.1367521367522,-36.63675213675219,-2.675901591245345,0.0,Low,0.0,0.0,0.0,0.0,0.0,,0,0.0,Low,1,Low,0,0.0,0,0.0,LOW,Routine monitoring recommended.
Chhattisgarh,1999.0,1322.6,1369.1367521367522,-46.53675213675229,-3.39898494902897,0.0,Low,0.0,0.0,0.0,0.0,0.0,,0,0.0,Low,1,Low,0,0.0,0,0.0,LOW,Routine monitoring recommended.
Chhattisgarh,2000.0,906.3,1369.1367521367522,-462.8367521367522,-33.80500533744515,0.0,Low,0.0,0.0,0.0,0.0,0.0,,0,0.0,Low,1,Low,0,0.0,0,0.0,LOW,Routine monitoring recommended.
Chhattisgarh,2001.0,1600.1,1369.1367521367522,230.9632478632477,16.86926068581487,1.0,Moderate,0.0,0.0,0.0,0.0,0.0,,0,1.0,Moderate,1,Moderate,1,1.0,0,1.0,MODERATE,Continue monitoring rainfall and historical flood conditions.
Chhattisgarh,2002.0,990.2,1369.1367521367522,-378.93675213675215,-27.677056477036498,0.0,Low,0.0,0.0,0.0,0.0,0.0,,0,0.0,Low,1,Low,0,0.0,0,0.0,LOW,Routine monitoring recommended.
Chhattisgarh,2003.0,1694.3,1369.1367521367522,325.16324786324776,23.74950839321051,1.0,Moderate,2.0,0.0,3.0,0.0,0.0,-1.0,1,2.0,High,1,High,2,1.0,1,2.0,HIGH,Increase monitoring and prepare local response resources.
Chhattisgarh,2004.0,1144.5,1369.1367521367522,-224.6367521367522,-16.407181516833244,0.0,Low,0.0,0.0,0.0,0.0,0.0,,0,0.0,Low,1,Low,0,0.0,0,0.0,LOW,Routine monitoring recommended.
Chhattisgarh,2005.0,1287.2,1369.1367521367522,-81.93675213675215,-5.984555743527959,0.0,Low,0.0,0.0,0.0,0.0,0.0,,0,0.0,Low,1,Low,0,0.0,0,0.0,LOW,Routine monitoring recommended.
Chhattisgarh,2006.0,1317.7,1369.1367521367522,-51.43675213675215,-3.756874691770347,0.0,Low,0.0,0.0,0.0,0.0,0.0,,0,0.0,Low,1,Low,0,0.0,0,0.0,LOW,Routine monitoring recommended.
Chhattisgarh,2007.0,1281.2,1369.1367521367522,-87.93675213675215,-6.422788081578636,0.0,Low,1.0,0.0,0.0,0.0,0.0,-1.0,1,1.0,Moderate,1,Moderate,1,0.0,1,1.0,MODERATE,Continue monitoring rainfall and historical flood conditions.
Chhattisgarh,2008.0,1108.5,1369.1367521367522,-260.6367521367522,-19.03657554513731,0.0,Low,0.0,0.0,0.0,0.0,0.0,,0,0.0,Low,1,Low,0,0.0,0,0.0,LOW,Routine monitoring recommended.
Chhattisgarh,2009.0,956.6,1369.1367521367522,-412.53675213675217,-30.131157570120298,0.0,Low,0.0,0.0,0.0,0.0,0.0,,0,0.0,Low,1,Low,0,0.0,0,0.0,LOW,Routine monitoring recommended.
Chhattisgarh,2010.0,1306.6,1369.1367521367522,-62.53675213675229,-4.56760451716411,0.0,Low,4.0,23.0,6.0,0.0,0.0,1.0,1,1.0,Moderate,1,Moderate,1,0.0,1,1.0,MODERATE,Continue monitoring rainfall and historical flood conditions.
Chhattisgarh,2011.0,1302.7,1369.1367521367522,-66.43675213675215,-4.852455536897041,0.0,Low,2.0,6.0,0.0,0.0,0.0,0.5,1,1.0,Moderate,1,Moderate,1,0.0,1,1.0,MODERATE,Continue monitoring rainfall and historical flood conditions.
Chhattisgarh,2012.0,1377.4,1369.1367521367522,8.263247863247898,0.6035370718338987,0.0,Low,3.0,1.0,0.0,0.0,0.0,-0.3333333333333333,1,1.0,Moderate,1,Moderate,1,0.0,1,1.0,MODERATE,Continue monitoring rainfall and historical flood conditions.
Chhattisgarh,2013.0,1420.0,1369.1367521367522,50.86324786324781,3.714986671993703,0.0,Low,3.0,2.0,3.0,0.0,0.0,-0.3333333333333333,1,1.0,Moderate,1,Moderate,1,0.0,1,1.0,MODERATE,Continue monitoring rainfall and historical flood conditions.
Chhattisgarh,2014.0,1278.7,1369.1367521367522,-90.43675213675216,-6.605384889099751,0.0,Low,3.0,9.0,0.0,0.0,0.0,0.6666666666666666,1,1.0,Moderate,1,Moderate,1,0.0,1,1.0,MODERATE,Continue monitoring rainfall and historical flood conditions.
Chhattisgarh,2015.0,1117.6,1369.1367521367522,-251.53675213675228,-18.371923165760457,0.0,Low,2.0,3.0,8.0,0.0,0.0,1.0,1,1.0,Moderate,1,Moderate,1,0.0,1,1.0,MODERATE,Continue monitoring rainfall and historical flood conditions.
Chhattisgarh,2016.0,1315.8,1369.1367521367522,-53.33675213675224,-3.8956482654864018,0.0,Low,6.0,16.0,128.0,0.0,13.0,0.6666666666666666,1,1.0,Moderate,1,Moderate,1,0.0,1,1.0,MODERATE,Continue monitoring rainfall and historical flood conditions.
Chhattisgarh,2017.0,1124.4,1369.1367521367522,-244.7367521367521,-17.875259849303006,0.0,Low,2.0,27.0,0.0,0.0,42.0,1.5,1,1.0,Moderate,1,Moderate,1,0.0,1,1.0,MODERATE,Continue monitoring rainfall and historical flood conditions.
Chhattisgarh,2019.0,,,,,,,1.0,4.0,0.0,0.0,0.0,1.0,1,1.0,Moderate,0,Historical Flood Signal,2,0.0,1,1.0,MODERATE,Continue monitoring rainfall and historical flood conditions.
Chhattisgarh,2020.0,,,,,,,2.0,0.0,0.0,0.0,0.0,-1.0,1,1.0,Moderate,0,Historical Flood Signal,2,0.0,1,1.0,MODERATE,Continue monitoring rainfall and historical flood conditions.
Chhattisgarh,2022.0,,,,,,,11.0,7.0,1.0,0.0,4.0,-0.0909090909090909,1,1.0,Moderate,0,Historical Flood Signal,2,0.0,1,1.0,MODERATE,Continue monitoring rainfall and historical flood conditions.
Chhattisgarh,2023.0,,,,,,,7.0,1.0,0.0,0.0,36.0,-0.7142857142857143,1,1.0,Moderate,0,Historical Flood Signal,2,0.0,1,1.0,MODERATE,Continue monitoring rainfall and historical flood conditions.
Dadar&Nagar Haveli,2023.0,,,,,,,1.0,2.0,0.0,0.0,0.0,1.0,1,1.0,Moderate,0,Historical Flood Signal,2,0.0,1,1.0,MODERATE,Continue monitoring rainfall and historical flood conditions.
Dadra and Nagar Haveli,1976.0,,,,,,,1.0,15.0,0.0,0.0,0.0,2.0,1,1.0,Moderate,0,Historical Flood Signal,2,0.0,1,1.0,MODERATE,Continue monitoring rainfall and historical flood conditions.
Daman and Diu,1982.0,,,,,,,4.0,0.0,3.0,0.0,0.0,-1.0,1,1.0,Moderate,0,Historical Flood Signal,2,0.0,1,1.0,MODERATE,Continue monitoring rainfall and historical flood conditions.
Delhi,1972.0,,,,,,,1.0,0.0,0.0,0.0,0.0,-1.0,1,1.0,Moderate,0,Historical Flood Signal,2,0.0,1,1.0,MODERATE,Continue monitoring rainfall and historical flood conditions.
Delhi,1976.0,,,,,,,1.0,0.0,0.0,0.0,0.0,-1.0,1,1.0,Moderate,0,Historical Flood Signal,2,0.0,1,1.0,MODERATE,Continue monitoring rainfall and historical flood conditions.
Delhi,1978.0,,,,,,,3.0,33.0,0.0,0.0,0.0,0.3333333333333333,1,1.0,Moderate,0,Historical Flood Signal,2,0.0,1,1.0,MODERATE,Continue monitoring rainfall and historical flood conditions.
Delhi,1979.0,,,,,,,1.0,0.0,0.0,0.0,0.0,-1.0,1,1.0,Moderate,0,Historical Flood Signal,2,0.0,1,1.0,MODERATE,Continue monitoring rainfall and historical flood conditions.
Delhi,1980.0,,,,,,,2.0,5.0,5.0,0.0,0.0,1.0,1,1.0,Moderate,0,Historical Flood Signal,2,0.0,1,1.0,MODERATE,Continue monitoring rainfall and historical flood conditions.
Delhi,1981.0,,,,,,,1.0,1.0,2.0,0.0,0.0,1.0,1,1.0,Moderate,0,Historical Flood Signal,2,0.0,1,1.0,MODERATE,Continue monitoring rainfall and historical flood conditions.
Delhi,1982.0,,,,,,,1.0,3.0,0.0,0.0,0.0,1.0,1,1.0,Moderate,0,Historical Flood Signal,2,0.0,1,1.0,MODERATE,Continue monitoring rainfall and historical flood conditions.
Delhi,1983.0,,,,,,,2.0,3.0,13.0,0.0,25.0,1.0,1,1.0,Moderate,0,Historical Flood Signal,2,0.0,1,1.0,MODERATE,Continue monitoring rainfall and historical flood conditions.
Delhi,1984.0,,,,,,,2.0,4.0,19.0,0.0,0.0,1.0,1,1.0,Moderate,0,Historical Flood Signal,2,0.0,1,1.0,MODERATE,Continue monitoring rainfall and historical flood conditions.
Delhi,1985.0,,,,,,,2.0,2.0,0.0,0.0,0.0,0.0,1,1.0,Moderate,0,Historical Flood Signal,2,0.0,1,1.0,MODERATE,Continue monitoring rainfall and historical flood conditions.
Delhi,1986.0,,,,,,,2.0,3.0,6.0,0.0,0.0,0.0,1,1.0,Moderate,0,Historical Flood Signal,2,0.0,1,1.0,MODERATE,Continue monitoring rainfall and historical flood conditions.
Delhi,1988.0,,,,,,,1.0,0.0,0.0,0.0,0.0,-1.0,1,1.0,Moderate,0,Historical Flood Signal,2,0.0,1,1.0,MODERATE,Continue monitoring rainfall and historical flood conditions.
Delhi,1990.0,,,,,,,1.0,3.0,5.0,0.0,0.0,1.0,1,1.0,Moderate,0,Historical Flood Signal,2,0.0,1,1.0,MODERATE,Continue monitoring rainfall and historical flood conditions.
Delhi,1991.0,,,,,,,1.0,5.0,0.0,0.0,0.0,2.0,1,1.0,Moderate,0,Historical Flood Signal,2,0.0,1,1.0,MODERATE,Continue monitoring rainfall and historical flood conditions.
Delhi,1992.0,,,,,,,1.0,1.0,0.0,0.0,0.0,1.0,1,1.0,Moderate,0,Historical Flood Signal,2,0.0,1,1.0,MODERATE,Continue monitoring rainfall and historical flood conditions.
Delhi,1993.0,,,,,,,3.0,3.0,3.0,0.0,0.0,1.0,1,1.0,Moderate,0,Historical Flood Signal,2,0.0,1,1.0,MODERATE,Continue monitoring rainfall and historical flood conditions.
Delhi,1995.0,,,,,,,3.0,3.0,0.0,0.0,0.0,0.3333333333333333,1,1.0,Moderate,0,Historical Flood Signal,2,0.0,1,1.0,MODERATE,Continue monitoring rainfall and historical flood conditions.
Delhi,1996.0,,,,,,,2.0,10.0,0.0,0.0,0.0,1.5,1,1.0,Moderate,0,Historical Flood Signal,2,0.0,1,1.0,MODERATE,Continue monitoring rainfall and historical flood conditions.
Delhi,1997.0,,,,,,,2.0,2.0,1.0,0.0,0.0,0.0,1,1.0,Moderate,0,Historical Flood Signal,2,0.0,1,1.0,MODERATE,Continue monitoring rainfall and historical flood conditions.
Delhi,2003.0,,,,,,,2.0,8.0,6.0,0.0,0.0,1.0,1,1.0,Moderate,0,Historical Flood Signal,2,0.0,1,1.0,MODERATE,Continue monitoring rainfall and historical flood conditions.
Delhi,2009.0,,,,,,,1.0,2.0,0.0,0.0,0.0,1.0,1,1.0,Moderate,0,Historical Flood Signal,2,0.0,1,1.0,MODERATE,Continue monitoring rainfall and historical flood conditions.
Delhi,2010.0,,,,,,,1.0,0.0,0.0,0.0,0.0,-1.0,1,1.0,Moderate,0,Historical Flood Signal,2,0.0,1,1.0,MODERATE,Continue monitoring rainfall and historical flood conditions.
Delhi,2011.0,,,,,,,1.0,1.0,0.0,0.0,0.0,1.0,1,1.0,Moderate,0,Historical Flood Signal,2,0.0,1,1.0,MODERATE,Continue monitoring rainfall and historical flood conditions.
Delhi,2013.0,,,,,,,1.0,0.0,1.0,0.0,0.0,-1.0,1,1.0,Moderate,0,Historical Flood Signal,2,0.0,1,1.0,MODERATE,Continue monitoring rainfall and historical flood conditions.
Delhi,2021.0,,,,,,,1.0,4.0,0.0,0.0,0.0,1.0,1,1.0,Moderate,0,Historical Flood Signal,2,0.0,1,1.0,MODERATE,Continue monitoring rainfall and historical flood conditions.
Delhi,2022.0,,,,,,,1.0,3.0,9.0,0.0,0.0,1.0,1,1.0,Moderate,0,Historical Flood Signal,2,0.0,1,1.0,MODERATE,Continue monitoring rainfall and historical flood conditions.
Delhi,2023.0,,,,,,,3.0,2.0,10.0,0.0,0.0,-0.3333333333333333,1,1.0,Moderate,0,Historical Flood Signal,2,0.0,1,1.0,MODERATE,Continue monitoring rainfall and historical flood conditions.
Goa,1901.0,2792.9,2987.531623931624,-194.63162393162384,-6.514797111184602,0.0,Low,0.0,0.0,0.0,0.0,0.0,,0,0.0,Low,1,Low,0,0.0,0,0.0,LOW,Routine monitoring recommended.
Goa,1902.0,2673.9,2987.531623931624,-313.63162393162384,-10.498018545453297,0.0,Low,0.0,0.0,0.0,0.0,0.0,,0,0.0,Low,1,Low,0,0.0,0,0.0,LOW,Routine monitoring recommended.
Goa,1903.0,3084.3,2987.531623931624,96.76837606837626,3.239074535419579,0.0,Low,0.0,0.0,0.0,0.0,0.0,,0,0.0,Low,1,Low,0,0.0,0,0.0,LOW,Routine monitoring recommended.
Goa,1904.0,2393.7,2987.531623931624,-593.8316239316241,-19.87699876294984,0.0,Low,0.0,0.0,0.0,0.0,0.0,,0,0.0,Low,1,Low,0,0.0,0,0.0,LOW,Routine monitoring recommended.
Goa,1905.0,1682.8,2987.531623931624,-1304.731623931624,-43.67256277657684,0.0,Low,0.0,0.0,0.0,0.0,0.0,,0,0.0,Low,1,Low,0,0.0,0,0.0,LOW,Routine monitoring recommended.
Goa,1906.0,2418.9,2987.531623931624,-568.6316239316238,-19.03349304745764,0.0,Low,0.0,0.0,0.0,0.0,0.0,,0,0.0,Low,1,Low,0,0.0,0,0.0,LOW,Routine monitoring recommended.
Goa,1907.0,2766.6,2987.531623931624,-220.931623931624,-7.395122520607016,0.0,Low,0.0,0.0,0.0,0.0,0.0,,0,0.0,Low,1,Low,0,0.0,0,0.0,LOW,Routine monitoring recommended.
Goa,1908.0,2735.5,2987.531623931624,-252.03162393162395,-8.436115685361267,0.0,Low,0.0,0.0,0.0,0.0,0.0,,0,0.0,Low,1,Low,0,0.0,0,0.0,LOW,Routine monitoring recommended.
Goa,1909.0,2860.5,2987.531623931624,-127.03162393162393,-4.252059556927767,0.0,Low,0.0,0.0,0.0,0.0,0.0,,0,0.0,Low,1,Low,0,0.0,0,0.0,LOW,Routine monitoring recommended.
Goa,1910.0,2544.0,2987.531623931624,-443.5316239316239,-14.84608967412139,0.0,Low,0.0,0.0,0.0,0.0,0.0,,0,0.0,Low,1,Low,0,0.0,0,0.0,LOW,Routine monitoring recommended.
Goa,1911.0,2134.7,2987.531623931624,-852.8316239316241,-28.54636306106405,0.0,Low,0.0,0.0,0.0,0.0,0.0,,0,0.0,Low,1,Low,0,0.0,0,0.0,LOW,Routine monitoring recommended.
Goa,1912.0,2793.3,2987.531623931624,-194.2316239316237,-6.50140813157361,0.0,Low,0.0,0.0,0.0,0.0,0.0,,0,0.0,Low,1,Low,0,0.0,0,0.0,LOW,Routine monitoring recommended.
Goa,1913.0,2617.4,2987.531623931624,-370.13162393162384,-12.389211915505236,0.0,Low,0.0,0.0,0.0,0.0,0.0,,0,0.0,Low,1,Low,0,0.0,0,0.0,LOW,Routine monitoring recommended.
Goa,1914.0,3464.6,2987.531623931624,477.068376068376,15.968646900565652,1.0,Moderate,0.0,0.0,0.0,0.0,0.0,,0,1.0,Moderate,1,Moderate,1,1.0,0,1.0,MODERATE,Continue monitoring rainfall and historical flood conditions.
Goa,1915.0,2525.8,2987.531623931624,-461.7316239316237,-15.455288246421302,0.0,Low,0.0,0.0,0.0,0.0,0.0,,0,0.0,Low,1,Low,0,0.0,0,0.0,LOW,Routine monitoring recommended.
Goa,1916.0,3402.6,2987.531623931624,415.068376068376,13.893355060862635,1.0,Moderate,0.0,0.0,0.0,0.0,0.0,,0,1.0,Moderate,1,Moderate,1,1.0,0,1.0,MODERATE,Continue monitoring rainfall and historical flood conditions.
Goa,1917.0,3430.9,2987.531623931624,443.36837606837616,14.840625368339987,1.0,Moderate,0.0,0.0,0.0,0.0,0.0,,0,1.0,Moderate,1,Moderate,1,1.0,0,1.0,MODERATE,Continue monitoring rainfall and historical flood conditions.
Goa,1918.0,1867.3,2987.531623931624,-1120.231623931624,-37.49689593100899,0.0,Low,0.0,0.0,0.0,0.0,0.0,,0,0.0,Low,1,Low,0,0.0,0,0.0,LOW,Routine monitoring recommended.
Goa,1919.0,2851.7,2987.531623931624,-135.8316239316241,-4.546617108369492,0.0,Low,0.0,0.0,0.0,0.0,0.0,,0,0.0,Low,1,Low,0,0.0,0,0.0,LOW,Routine monitoring recommended.
Goa,1920.0,1924.1,2987.531623931624,-1063.431623931624,-35.59566082624881,0.0,Low,0.0,0.0,0.0,0.0,0.0,,0,0.0,Low,1,Low,0,0.0,0,0.0,LOW,Routine monitoring recommended.
Goa,1921.0,2899.2,2987.531623931624,-88.33162393162411,-2.956675779564761,0.0,Low,0.0,0.0,0.0,0.0,0.0,,0,0.0,Low,1,Low,0,0.0,0,0.0,LOW,Routine monitoring recommended.
Goa,1922.0,2817.5,2987.531623931624,-170.03162393162393,-5.691374865108891,0.0,Low,0.0,0.0,0.0,0.0,0.0,,0,0.0,Low,1,Low,0,0.0,0,0.0,LOW,Routine monitoring recommended.
Goa,1923.0,2770.5,2987.531623931624,-217.03162393162395,-7.264579969399887,0.0,Low,0.0,0.0,0.0,0.0,0.0,,0,0.0,Low,1,Low,0,0.0,0,0.0,LOW,Routine monitoring recommended.
Goa,1924.0,2444.3,2987.531623931624,-543.2316239316237,-18.183292842159947,0.0,Low,0.0,0.0,0.0,0.0,0.0,,0,0.0,Low,1,Low,0,0.0,0,0.0,LOW,Routine monitoring recommended.
Goa,1925.0,2305.1,2987.531623931624,-682.431623931624,-22.8426577467835,0.0,Low,0.0,0.0,0.0,0.0,0.0,,0,0.0,Low,1,Low,0,0.0,0,0.0,LOW,Routine monitoring recommended.
Goa,1926.0,3165.9,2987.531623931624,178.36837606837616,5.970426376060965,0.0,Low,0.0,0.0,0.0,0.0,0.0,,0,0.0,Low,1,Low,0,0.0,0,0.0,LOW,Routine monitoring recommended.
Goa,1927.0,2747.0,2987.531623931624,-240.53162393162395,-8.051182521545385,0.0,Low,0.0,0.0,0.0,0.0,0.0,,0,0.0,Low,1,Low,0,0.0,0,0.0,LOW,Routine monitoring recommended.
Goa,1928.0,3172.4,2987.531623931624,184.86837606837616,6.187997294739508,0.0,Low,0.0,0.0,0.0,0.0,0.0,,0,0.0,Low,1,Low,0,0.0,0,0.0,LOW,Routine monitoring recommended.
Goa,1929.0,2509.4,2987.531623931624,-478.13162393162384,-16.00423641047178,0.0,Low,0.0,0.0,0.0,0.0,0.0,,0,0.0,Low,1,Low,0,0.0,0,0.0,LOW,Routine monitoring recommended.
Goa,1930.0,2845.7,2987.531623931624,-141.8316239316241,-4.747451802534299,0.0,Low,0.0,0.0,0.0,0.0,0.0,,0,0.0,Low,1,Low,0,0.0,0,0.0,LOW,Routine monitoring recommended.
Goa,1931.0,3999.3,2987.531623931624,1011.7683760683764,33.866365395552805,1.0,Moderate,0.0,0.0,0.0,0.0,0.0,,0,1.0,Moderate,1,Moderate,1,1.0,0,1.0,MODERATE,Continue monitoring rainfall and historical flood conditions.
Goa,1932.0,2962.9,2987.531623931624,-24.631623931623835,-0.8244807765150399,0.0,Low,0.0,0.0,0.0,0.0,0.0,,0,0.0,Low,1,Low,0,0.0,0,0.0,LOW,Routine monitoring recommended.
Goa,1933.0,3343.4,2987.531623931624,355.86837606837616,11.911786078436537,0.0,Low,0.0,0.0,0.0,0.0,0.0,,0,0.0,Low,1,Low,0,0.0,0,0.0,LOW,Routine monitoring recommended.
Goa,1934.0,3272.3,2987.531623931624,284.76837606837626,9.531894952583563,0.0,Low,0.0,0.0,0.0,0.0,0.0,,0,0.0,Low,1,Low,0,0.0,0,0.0,LOW,Routine monitoring recommended.
Goa,1935.0,2542.7,2987.531623931624,-444.8316239316241,-14.889603857857104,0.0,Low,0.0,0.0,0.0,0.0,0.0,,0,0.0,Low,1,Low,0,0.0,0,0.0,LOW,Routine monitoring recommended.
Goa,1936.0,2783.4,2987.531623931624,-204.13162393162384,-6.832785376945546,0.0,Low,0.0,0.0,0.0,0.0,0.0,,0,0.0,Low,1,Low,0,0.0,0,0.0,LOW,Routine monitoring recommended.
Goa,1937.0,3192.0,2987.531623931624,204.46837606837607,6.844057295677877,0.0,Low,0.0,0.0,0.0,0.0,0.0,,0,0.0,Low,1,Low,0,0.0,0,0.0,LOW,Routine monitoring recommended.
Goa,1938.0,3495.5,2987.531623931624,507.9683760683761,17.002945575514417,1.0,Moderate,0.0,0.0,0.0,0.0,0.0,,0,1.0,Moderate,1,Moderate,1,1.0,0,1.0,MODERATE,Continue monitoring rainfall and historical flood conditions.
Goa,1939.0,2758.6,2987.531623931624,-228.931623931624,-7.662902112826759,0.0,Low,0.0,0.0,0.0,0.0,0.0,,0,0.0,Low,1,Low,0,0.0,0,0.0,LOW,Routine monitoring recommended.
Goa,1940.0,3313.7,2987.531623931624,326.1683760683759,10.917654342320729,0.0,Low,0.0,0.0,0.0,0.0,0.0,,0,0.0,Low,1,Low,0,0.0,0,0.0,LOW,Routine monitoring recommended.
Goa,1941.0,1889.6,2987.531623931624,-1097.931623931624,-36.75046031769646,0.0,Low,0.0,0.0,0.0,0.0,0.0,,0,0.0,Low,1,Low,0,0.0,0,0.0,LOW,Routine monitoring recommended.
Goa,1942.0,3279.5,2987.531623931624,291.9683760683761,9.772896585581329,0.0,Low,0.0,0.0,0.0,0.0,0.0,,0,0.0,Low,1,Low,0,0.0,0,0.0,LOW,Routine monitoring recommended.
Goa,1943.0,3251.3,2987.531623931624,263.76837606837626,8.828973523006736,0.0,Low,0.0,0.0,0.0,0.0,0.0,,0,0.0,Low,1,Low,0,0.0,0,0.0,LOW,Routine monitoring recommended.
Goa,1944.0,2952.1,2987.531623931624,-35.43162393162402,-1.1859832260117005,0.0,Low,0.0,0.0,0.0,0.0,0.0,,0,0.0,Low,1,Low,0,0.0,0,0.0,LOW,Routine monitoring recommended.
Goa,1945.0,3244.5,2987.531623931624,256.9683760683761,8.601360869619947,0.0,Low,0.0,0.0,0.0,0.0,0.0,,0,0.0,Low,1,Low,0,0.0,0,0.0,LOW,Routine monitoring recommended.
Goa,1946.0,3358.9,2987.531623931624,371.36837606837616,12.43060903836229,1.0,Moderate,0.0,0.0,0.0,0.0,0.0,,0,1.0,Moderate,1,Moderate,1,1.0,0,1.0,MODERATE,Continue monitoring rainfall and historical flood conditions.
Goa,1947.0,3090.1,2987.531623931624,102.56837606837598,3.4332147397788844,0.0,Low,0.0,0.0,0.0,0.0,0.0,,0,0.0,Low,1,Low,0,0.0,0,0.0,LOW,Routine monitoring recommended.
Goa,1948.0,3119.8,2987.531623931624,132.26837606837626,4.427346475894693,0.0,Low,0.0,0.0,0.0,0.0,0.0,,0,0.0,Low,1,Low,0,0.0,0,0.0,LOW,Routine monitoring recommended.
Goa,1949.0,3213.7,2987.531623931624,226.1683760683759,7.570409439573927,0.0,Low,0.0,0.0,0.0,0.0,0.0,,0,0.0,Low,1,Low,0,0.0,0,0.0,LOW,Routine monitoring recommended.
Goa,1950.0,2929.2,2987.531623931624,-58.33162393162411,-1.952502308740721,0.0,Low,0.0,0.0,0.0,0.0,0.0,,0,0.0,Low,1,Low,0,0.0,0,0.0,LOW,Routine monitoring recommended.
Goa,1951.0,2849.4,2987.531623931624,-138.13162393162384,-4.6236037411326585,0.0,Low,0.0,0.0,0.0,0.0,0.0,,0,0.0,Low,1,Low,0,0.0,0,0.0,LOW,Routine monitoring recommended.
Goa,1952.0,2522.0,2987.531623931624,-465.5316239316239,-15.582483552725687,0.0,Low,0.0,0.0,0.0,0.0,0.0,,0,0.0,Low,1,Low,0,0.0,0,0.0,LOW,Routine monitoring recommended.
Goa,1953.0,3327.8,2987.531623931624,340.26837606837626,11.389615873608038,0.0,Low,0.0,0.0,0.0,0.0,0.0,,0,0.0,Low,1,Low,0,0.0,0,0.0,LOW,Routine monitoring recommended.
Goa,1954.0,3790.3,2987.531623931624,802.7683760683763,26.870623548811988,1.0,Moderate,0.0,0.0,0.0,0.0,0.0,,0,1.0,Moderate,1,Moderate,1,1.0,0,1.0,MODERATE,Continue monitoring rainfall and historical flood conditions.
Goa,1955.0,3897.5,2987.531623931624,909.968376068376,30.458870084556555,1.0,Moderate,0.0,0.0,0.0,0.0,0.0,,0,1.0,Moderate,1,Moderate,1,1.0,0,1.0,MODERATE,Continue monitoring rainfall and historical flood conditions.
Goa,1956.0,3663.7,2987.531623931624,676.1683760683759,22.63301150193453,1.0,Moderate,0.0,0.0,0.0,0.0,0.0,,0,1.0,Moderate,1,Moderate,1,1.0,0,1.0,MODERATE,Continue monitoring rainfall and historical flood conditions.
Goa,1957.0,3123.5,2987.531623931624,135.96837606837607,4.551194537296318,0.0,Low,0.0,0.0,0.0,0.0,0.0,,0,0.0,Low,1,Low,0,0.0,0,0.0,LOW,Routine monitoring recommended.
Goa,1958.0,4000.2,2987.531623931624,1012.668376068376,33.89649059967751,1.0,Moderate,0.0,0.0,0.0,0.0,0.0,,0,1.0,Moderate,1,Moderate,1,1.0,0,1.0,MODERATE,Continue monitoring rainfall and historical flood conditions.
Goa,1959.0,3588.6,2987.531623931624,601.068376068376,20.119230579971685,1.0,Moderate,0.0,0.0,0.0,0.0,0.0,,0,1.0,Moderate,1,Moderate,1,1.0,0,1.0,MODERATE,Continue monitoring rainfall and historical flood conditions.
Goa,1960.0,3027.7,2987.531623931624,40.16837606837589,1.344533920464878,0.0,Low,0.0,0.0,0.0,0.0,0.0,,0,0.0,Low,1,Low,0,0.0,0,0.0,LOW,Routine monitoring recommended.
Goa,1961.0,3921.0,2987.531623931624,933.468376068376,31.24547263670205,1.0,Moderate,0.0,0.0,0.0,0.0,0.0,,0,1.0,Moderate,1,Moderate,1,1.0,0,1.0,MODERATE,Continue monitoring rainfall and historical flood conditions.
Goa,1962.0,3485.1,2987.531623931624,497.568376068376,16.65483210562875,1.0,Moderate,0.0,0.0,0.0,0.0,0.0,,0,1.0,Moderate,1,Moderate,1,1.0,0,1.0,MODERATE,Continue monitoring rainfall and historical flood conditions.
Goa,1963.0,3606.8,2987.531623931624,619.2683760683763,20.72842915227161,1.0,Moderate,0.0,0.0,0.0,0.0,0.0,,0,1.0,Moderate,1,Moderate,1,1.0,0,1.0,MODERATE,Continue monitoring rainfall and historical flood conditions.
Goa,1964.0,3192.7,2987.531623931624,205.1683760683759,6.867488009997098,0.0,Low,0.0,0.0,0.0,0.0,0.0,,0,0.0,Low,1,Low,0,0.0,0,0.0,LOW,Routine monitoring recommended.
Goa,1965.0,3071.5,2987.531623931624,83.96837606837607,2.8106271878679827,0.0,Low,0.0,0.0,0.0,0.0,0.0,,0,0.0,Low,1,Low,0,0.0,0,0.0,LOW,Routine monitoring recommended.
Goa,1966.0,2427.5,2987.531623931624,-560.0316239316239,-18.745629985821413,0.0,Low,0.0,0.0,0.0,0.0,0.0,,0,0.0,Low,1,Low,0,0.0,0,0.0,LOW,Routine monitoring recommended.
Goa,1967.0,2752.3,2987.531623931624,-235.2316239316237,-7.873778541699799,0.0,Low,0.0,0.0,0.0,0.0,0.0,,0,0.0,Low,1,Low,0,0.0,0,0.0,LOW,Routine monitoring recommended.
Goa,1968.0,2359.4,2987.531623931624,-628.1316239316238,-21.025103764591982,0.0,Low,0.0,0.0,0.0,0.0,0.0,,0,0.0,Low,1,Low,0,0.0,0,0.0,LOW,Routine monitoring recommended.
Goa,1969.0,3127.4,2987.531623931624,139.86837606837616,4.681737088503447,0.0,Low,0.0,0.0,0.0,0.0,0.0,,0,0.0,Low,1,Low,0,0.0,0,0.0,LOW,Routine monitoring recommended.
Goa,1970.0,3596.6,2987.531623931624,609.068376068376,20.38701017219143,1.0,Moderate,0.0,0.0,0.0,0.0,0.0,,0,1.0,Moderate,1,Moderate,1,1.0,0,1.0,MODERATE,Continue monitoring rainfall and historical flood conditions.
Goa,1971.0,2754.0,2987.531623931624,-233.53162393162395,-7.816875378353109,0.0,Low,0.0,0.0,0.0,0.0,0.0,,0,0.0,Low,1,Low,0,0.0,0,0.0,LOW,Routine monitoring recommended.
Goa,1972.0,1873.0,2987.531623931624,-1114.531623931624,-37.30610297155243,0.0,Low,0.0,0.0,0.0,0.0,0.0,,0,0.0,Low,1,Low,0,0.0,0,0.0,LOW,Routine monitoring recommended.
Goa,1973.0,2836.3,2987.531623931624,-151.23162393162374,-5.062092823392487,0.0,Low,0.0,0.0,0.0,0.0,0.0,,0,0.0,Low,1,Low,0,0.0,0,0.0,LOW,Routine monitoring recommended.
Goa,1974.0,3086.7,2987.531623931624,99.16837606837588,3.3194084130854904,0.0,Low,0.0,0.0,0.0,0.0,0.0,,0,0.0,Low,1,Low,0,0.0,0,0.0,LOW,Routine monitoring recommended.
Goa,1975.0,3515.4,2987.531623931624,527.8683760683762,17.669047311161034,1.0,Moderate,0.0,0.0,0.0,0.0,0.0,,0,1.0,Moderate,1,Moderate,1,1.0,0,1.0,MODERATE,Continue monitoring rainfall and historical flood conditions.
Goa,1976.0,3063.0,2987.531623931624,75.46837606837607,2.526111371134504,0.0,Low,0.0,0.0,0.0,0.0,0.0,,0,0.0,Low,1,Low,0,0.0,0,0.0,LOW,Routine monitoring recommended.
Goa,1977.0,3103.3,2987.531623931624,115.76837606837626,3.875051066941472,0.0,Low,0.0,0.0,0.0,0.0,0.0,,0,0.0,Low,1,Low,0,0.0,0,0.0,LOW,Routine monitoring recommended.
Goa,1978.0,2885.6,2987.531623931624,-101.93162393162402,-3.411901086338323,0.0,Low,0.0,0.0,0.0,0.0,0.0,,0,0.0,Low,1,Low,0,0.0,0,0.0,LOW,Routine monitoring recommended.
Goa,1979.0,2509.2,2987.531623931624,-478.3316239316241,-16.010930900277284,0.0,Low,0.0,0.0,0.0,0.0,0.0,,0,0.0,Low,1,Low,0,0.0,0,0.0,LOW,Routine monitoring recommended.
Goa,1980.0,2724.3,2987.531623931624,-263.23162393162374,-8.811007114468904,0.0,Low,1.0,0.0,0.0,0.0,0.0,-1.0,1,1.0,Moderate,1,Moderate,1,0.0,1,1.0,MODERATE,Continue monitoring rainfall and historical flood conditions.
Goa,1981.0,3124.7,2987.531623931624,137.1683760683759,4.591361476129274,0.0,Low,0.0,0.0,0.0,0.0,0.0,,0,0.0,Low,1,Low,0,0.0,0,0.0,LOW,Routine monitoring recommended.
Goa,1982.0,2698.9,2987.531623931624,-288.63162393162384,-9.661207319766593,0.0,Low,0.0,0.0,0.0,0.0,0.0,,0,0.0,Low,1,Low,0,0.0,0,0.0,LOW,Routine monitoring recommended.
Goa,1983.0,3814.5,2987.531623931624,826.9683760683761,27.68065681527671,1.0,Moderate,0.0,0.0,0.0,0.0,0.0,,0,1.0,Moderate,1,Moderate,1,1.0,0,1.0,MODERATE,Continue monitoring rainfall and historical flood conditions.
Goa,1984.0,2583.6,2987.531623931624,-403.931623931624,-13.52058069263366,0.0,Low,0.0,0.0,0.0,0.0,0.0,,0,0.0,Low,1,Low,0,0.0,0,0.0,LOW,Routine monitoring recommended.
Goa,1985.0,2968.5,2987.531623931624,-19.03162393162393,-0.6370350619612222,0.0,Low,0.0,0.0,0.0,0.0,0.0,,0,0.0,Low,1,Low,0,0.0,0,0.0,LOW,Routine monitoring recommended.
Goa,1986.0,2127.7,2987.531623931624,-859.8316239316241,-28.780670204256324,0.0,Low,0.0,0.0,0.0,0.0,0.0,,0,0.0,Low,1,Low,0,0.0,0,0.0,LOW,Routine monitoring recommended.
Goa,1987.0,2635.0,2987.531623931624,-352.5316239316239,-11.800096812621804,0.0,Low,0.0,0.0,0.0,0.0,0.0,,0,0.0,Low,1,Low,0,0.0,0,0.0,LOW,Routine monitoring recommended.
Goa,1988.0,3293.0,2987.531623931624,305.4683760683761,10.224774647452149,0.0,Low,0.0,0.0,0.0,0.0,0.0,,0,0.0,Low,1,Low,0,0.0,0,0.0,LOW,Routine monitoring recommended.
Goa,1989.0,2771.5,2987.531623931624,-216.03162393162395,-7.2311075203724196,0.0,Low,0.0,0.0,0.0,0.0,0.0,,0,0.0,Low,1,Low,0,0.0,0,0.0,LOW,Routine monitoring recommended.
Goa,1990.0,3568.0,2987.531623931624,580.4683760683761,19.42969813000585,1.0,Moderate,0.0,0.0,0.0,0.0,0.0,,0,1.0,Moderate,1,Moderate,1,1.0,0,1.0,MODERATE,Continue monitoring rainfall and historical flood conditions.
Goa,1991.0,2954.6,2987.531623931624,-32.93162393162402,-1.1023021034430305,0.0,Low,0.0,0.0,0.0,0.0,0.0,,0,0.0,Low,1,Low,0,0.0,0,0.0,LOW,Routine monitoring recommended.
Goa,1992.0,2840.4,2987.531623931624,-147.13162393162384,-4.924855782379871,0.0,Low,1.0,0.0,0.0,0.0,0.0,-1.0,1,1.0,Moderate,1,Moderate,1,0.0,1,1.0,MODERATE,Continue monitoring rainfall and historical flood conditions.
Goa,1993.0,3480.9,2987.531623931624,493.36837606837616,16.514247819713386,1.0,Moderate,0.0,0.0,0.0,0.0,0.0,,0,1.0,Moderate,1,Moderate,1,1.0,0,1.0,MODERATE,Continue monitoring rainfall and historical flood conditions.
Goa,1994.0,3179.8,2987.531623931624,192.26837606837623,6.435693417542773,0.0,Low,0.0,0.0,0.0,0.0,0.0,,0,0.0,Low,1,Low,0,0.0,0,0.0,LOW,Routine monitoring recommended.
Goa,1995.0,2766.0,2987.531623931624,-221.53162393162395,-7.415205990023494,0.0,Low,0.0,0.0,0.0,0.0,0.0,,0,0.0,Low,1,Low,0,0.0,0,0.0,LOW,Routine monitoring recommended.
Goa,1996.0,2920.7,2987.531623931624,-66.83162393162411,-2.237018125474199,0.0,Low,1.0,0.0,0.0,0.0,0.0,-1.0,1,1.0,Moderate,1,Moderate,1,0.0,1,1.0,MODERATE,Continue monitoring rainfall and historical flood conditions.
Goa,1997.0,3027.2,2987.531623931624,39.66837606837589,1.3277976959511435,0.0,Low,0.0,0.0,0.0,0.0,0.0,,0,0.0,Low,1,Low,0,0.0,0,0.0,LOW,Routine monitoring recommended.
Goa,1998.0,3234.7,2987.531623931624,247.1683760683759,8.273330869150755,0.0,Low,0.0,0.0,0.0,0.0,0.0,,0,0.0,Low,1,Low,0,0.0,0,0.0,LOW,Routine monitoring recommended.
Goa,1999.0,2912.1,2987.531623931624,-75.43162393162402,-2.524881187110421,0.0,Low,1.0,2.0,0.0,0.0,0.0,1.0,1,1.0,Moderate,1,Moderate,1,0.0,1,1.0,MODERATE,Continue monitoring rainfall and historical flood conditions.
Goa,2000.0,3133.2,2987.531623931624,145.6683760683759,4.875877292862753,0.0,Low,1.0,0.0,0.0,0.0,0.0,-1.0,1,1.0,Moderate,1,Moderate,1,0.0,1,1.0,MODERATE,Continue monitoring rainfall and historical flood conditions.
Goa,2001.0,2395.4,2987.531623931624,-592.1316239316238,-19.82009559960313,0.0,Low,0.0,0.0,0.0,0.0,0.0,,0,0.0,Low,1,Low,0,0.0,0,0.0,LOW,Routine monitoring recommended.
Goa,2002.0,2537.2,2987.531623931624,-450.3316239316241,-15.07370232750818,0.0,Low,0.0,0.0,0.0,0.0,0.0,,0,0.0,Low,1,Low,0,0.0,0,0.0,LOW,Routine monitoring recommended.
Goa,2003.0,2842.3,2987.531623931624,-145.23162393162374,-4.861258129227679,0.0,Low,0.0,0.0,0.0,0.0,0.0,,0,0.0,Low,1,Low,0,0.0,0,0.0,LOW,Routine monitoring recommended.
Goa,2004.0,2985.9,2987.531623931624,-1.6316239316238352,-0.0546144488832757,0.0,Low,1.0,1.0,8.0,0.0,0.0,1.0,1,1.0,Moderate,1,Moderate,1,0.0,1,1.0,MODERATE,Continue monitoring rainfall and historical flood conditions.
Goa,2005.0,3615.7,2987.531623931624,628.1683760683759,21.026333948616067,1.0,Moderate,1.0,7.0,0.0,0.0,0.0,2.0,1,2.0,High,1,High,2,1.0,1,2.0,HIGH,Increase monitoring and prepare local response resources.
Goa,2006.0,3482.2,2987.531623931624,494.6683760683759,16.557762003449085,1.0,Moderate,0.0,0.0,0.0,0.0,0.0,,0,1.0,Moderate,1,Moderate,1,1.0,0,1.0,MODERATE,Continue monitoring rainfall and historical flood conditions.
Goa,2007.0,3468.5,2987.531623931624,480.9683760683761,16.09918945177278,1.0,Moderate,0.0,0.0,0.0,0.0,0.0,,0,1.0,Moderate,1,Moderate,1,1.0,0,1.0,MODERATE,Continue monitoring rainfall and historical flood conditions.
Goa,2008.0,3053.1,2987.531623931624,65.56837606837598,2.1947341257625683,0.0,Low,0.0,0.0,0.0,0.0,0.0,,0,0.0,Low,1,Low,0,0.0,0,0.0,LOW,Routine monitoring recommended.
Goa,2009.0,2716.6,2987.531623931624,-270.931623931624,-9.068744971980417,0.0,Low,0.0,0.0,0.0,0.0,0.0,,0,0.0,Low,1,Low,0,0.0,0,0.0,LOW,Routine monitoring recommended.
Goa,2010.0,3778.1,2987.531623931624,790.568376068376,26.462259670676875,1.0,Moderate,0.0,0.0,0.0,0.0,0.0,,0,1.0,Moderate,1,Moderate,1,1.0,0,1.0,MODERATE,Continue monitoring rainfall and historical flood conditions.
Goa,2011.0,3825.2,2987.531623931624,837.6683760683759,28.03881201987061,1.0,Moderate,0.0,0.0,0.0,0.0,0.0,,0,1.0,Moderate,1,Moderate,1,1.0,0,1.0,MODERATE,Continue monitoring rainfall and historical flood conditions.
Goa,2012.0,3018.4,2987.531623931624,30.868376068376165,1.0332401445094346,0.0,Low,0.0,0.0,0.0,0.0,0.0,,0,0.0,Low,1,Low,0,0.0,0,0.0,LOW,Routine monitoring recommended.
Goa,2013.0,3524.0,2987.531623931624,536.4683760683761,17.956910372797257,1.0,Moderate,0.0,0.0,0.0,0.0,0.0,,0,1.0,Moderate,1,Moderate,1,1.0,0,1.0,MODERATE,Continue monitoring rainfall and historical flood conditions.
Goa,2014.0,2757.5,2987.531623931624,-230.03162393162395,-7.699721806756972,0.0,Low,0.0,0.0,0.0,0.0,0.0,,0,0.0,Low,1,Low,0,0.0,0,0.0,LOW,Routine monitoring recommended.
Goa,2015.0,2082.0,2987.531623931624,-905.531623931624,-30.310361124811607,0.0,Low,0.0,0.0,0.0,0.0,0.0,,0,0.0,Low,1,Low,0,0.0,0,0.0,LOW,Routine monitoring recommended.
Goa,2016.0,3663.9,2987.531623931624,676.3683760683762,22.63970599174004,1.0,Moderate,0.0,0.0,0.0,0.0,0.0,,0,1.0,Moderate,1,Moderate,1,1.0,0,1.0,MODERATE,Continue monitoring rainfall and historical flood conditions.
Goa,2017.0,3443.4,2987.531623931624,455.86837606837616,15.259030981183338,1.0,Moderate,0.0,0.0,0.0,0.0,0.0,,0,1.0,Moderate,1,Moderate,1,1.0,0,1.0,MODERATE,Continue monitoring rainfall and historical flood conditions.
Goa,2019.0,,,,,,,1.0,1.0,0.0,0.0,0.0,1.0,1,1.0,Moderate,0,Historical Flood Signal,2,0.0,1,1.0,MODERATE,Continue monitoring rainfall and historical flood conditions.
Goa,2021.0,,,,,,,2.0,1.0,0.0,0.0,0.0,0.0,1,1.0,Moderate,0,Historical Flood Signal,2,0.0,1,1.0,MODERATE,Continue monitoring rainfall and historical flood conditions.
Goa,2022.0,,,,,,,20.0,2.0,0.0,0.0,0.0,-0.8,1,1.0,Moderate,0,Historical Flood Signal,2,0.0,1,1.0,MODERATE,Continue monitoring rainfall and historical flood conditions.
"Goa, Daman & Diu",2008.0,,,,,,,1.0,5.0,6.0,0.0,0.0,2.0,1,1.0,Moderate,0,Historical Flood Signal,2,0.0,1,1.0,MODERATE,Continue monitoring rainfall and historical flood conditions.
"Goa, Daman and Diu",1983.0,,,,,,,1.0,3.0,0.0,0.0,0.0,1.0,1,1.0,Moderate,0,Historical Flood Signal,2,0.0,1,1.0,MODERATE,Continue monitoring rainfall and historical flood conditions.
"Goa, Daman,Diu",1984.0,,,,,,,2.0,0.0,0.0,0.0,0.0,-1.0,1,1.0,Moderate,0,Historical Flood Signal,2,0.0,1,1.0,MODERATE,Continue monitoring rainfall and historical flood conditions.
Gujarat,1901.0,367.8,707.1128205128205,-339.3128205128205,-51.54214356768653,0.0,Low,0.0,0.0,0.0,0.0,0.0,,0,0.0,Low,1,Low,0,0.0,0,0.0,LOW,Routine monitoring recommended.
Gujarat,1902.0,632.5,707.1128205128205,-74.61282051282052,-12.536746526360664,0.0,Low,0.0,0.0,0.0,0.0,0.0,,0,0.0,Low,1,Low,0,0.0,0,0.0,LOW,Routine monitoring recommended.
Gujarat,1903.0,705.2,707.1128205128205,-1.912820512820528,1.012647645278467,0.0,Low,0.0,0.0,0.0,0.0,0.0,,0,0.0,Low,1,Low,0,0.0,0,0.0,LOW,Routine monitoring recommended.
Gujarat,1904.0,339.1,707.1128205128205,-368.0128205128205,-54.47022221756279,0.0,Low,0.0,0.0,0.0,0.0,0.0,,0,0.0,Low,1,Low,0,0.0,0,0.0,LOW,Routine monitoring recommended.
Gujarat,1905.0,550.75,707.1128205128205,-156.36282051282052,-26.581924545231345,0.0,Low,0.0,0.0,0.0,0.0,0.0,,0,0.0,Low,1,Low,0,0.0,0,0.0,LOW,Routine monitoring recommended.
Gujarat,1906.0,715.45,707.1128205128205,8.337179487179473,2.938774522436604,0.0,Low,0.0,0.0,0.0,0.0,0.0,,0,0.0,Low,1,Low,0,0.0,0,0.0,LOW,Routine monitoring recommended.
Gujarat,1907.0,753.3,707.1128205128205,46.18717948717949,5.642796660464735,0.0,Low,0.0,0.0,0.0,0.0,0.0,,0,0.0,Low,1,Low,0,0.0,0,0.0,LOW,Routine monitoring recommended.
Gujarat,1908.0,777.7,707.1128205128205,70.58717948717947,9.147607093540795,0.0,Low,0.0,0.0,0.0,0.0,0.0,,0,0.0,Low,1,Low,0,0.0,0,0.0,LOW,Routine monitoring recommended.
Gujarat,1909.0,782.0999999999999,707.1128205128205,74.98717948717945,12.332571970727267,0.5,Moderate,0.0,0.0,0.0,0.0,0.0,,0,0.5,Low,1,Low,0,0.5,0,0.5,LOW,Routine monitoring recommended.
Gujarat,1910.0,762.1500000000001,707.1128205128205,55.03717948717952,8.461618883975344,0.0,Low,0.0,0.0,0.0,0.0,0.0,,0,0.0,Low,1,Low,0,0.0,0,0.0,LOW,Routine monitoring recommended.
Gujarat,1911.0,271.95,707.1128205128205,-435.1628205128205,-63.876871959415766,0.0,Low,0.0,0.0,0.0,0.0,0.0,,0,0.0,Low,1,Low,0,0.0,0,0.0,LOW,Routine monitoring recommended.
Gujarat,1912.0,885.55,707.1128205128205,178.4371794871795,26.665444832640382,1.0,Moderate,0.0,0.0,0.0,0.0,0.0,,0,1.0,Moderate,1,Moderate,1,1.0,0,1.0,MODERATE,Continue monitoring rainfall and historical flood conditions.
Gujarat,1913.0,957.25,707.1128205128205,250.13717948717937,39.069906389589626,1.5,High,0.0,0.0,0.0,0.0,0.0,,0,1.5,Moderate,1,Moderate,1,1.5,0,1.5,LOW,Routine monitoring recommended.
Gujarat,1914.0,842.3,707.1128205128205,135.1871794871795,18.461423173917648,1.0,Moderate,0.0,0.0,0.0,0.0,0.0,,0,1.0,Moderate,1,Moderate,1,1.0,0,1.0,MODERATE,Continue monitoring rainfall and historical flood conditions.
Gujarat,1915.0,406.55,707.1128205128205,-300.5628205128205,-44.33715020914417,0.0,Low,0.0,0.0,0.0,0.0,0.0,,0,0.0,Low,1,Low,0,0.0,0,0.0,LOW,Routine monitoring recommended.
Gujarat,1916.0,724.4,707.1128205128205,17.287179487179458,1.8604437631594688,0.0,Low,0.0,0.0,0.0,0.0,0.0,,0,0.0,Low,1,Low,0,0.0,0,0.0,LOW,Routine monitoring recommended.
Gujarat,1917.0,1205.8000000000002,707.1128205128205,498.6871794871796,72.38454041892062,3.0,Critical,0.0,0.0,0.0,0.0,0.0,,0,3.0,Critical,1,Critical,3,3.0,0,3.0,CRITICAL,Immediate emergency monitoring and preparedness recommended.
Gujarat,1918.0,255.1,707.1128205128205,-452.0128205128205,-66.76720851298344,0.0,Low,0.0,0.0,0.0,0.0,0.0,,0,0.0,Low,1,Low,0,0.0,0,0.0,LOW,Routine monitoring recommended.
Gujarat,1919.0,756.25,707.1128205128205,49.13717948717954,2.9811414341521525,0.5,Moderate,0.0,0.0,0.0,0.0,0.0,,0,0.5,Low,1,Low,0,0.5,0,0.5,LOW,Routine monitoring recommended.
Gujarat,1920.0,599.5,707.1128205128205,-107.61282051282052,-12.016024776846873,0.0,Low,0.0,0.0,0.0,0.0,0.0,,0,0.0,Low,1,Low,0,0.0,0,0.0,LOW,Routine monitoring recommended.
Gujarat,1921.0,885.45,707.1128205128205,178.33717948717947,24.133974020734943,1.0,Moderate,0.0,0.0,0.0,0.0,0.0,,0,1.0,Moderate,1,Moderate,1,1.0,0,1.0,MODERATE,Continue monitoring rainfall and historical flood conditions.
Gujarat,1922.0,606.8,707.1128205128205,-100.31282051282052,-18.39852730719788,0.0,Low,0.0,0.0,0.0,0.0,0.0,,0,0.0,Low,1,Low,0,0.0,0,0.0,LOW,Routine monitoring recommended.
Gujarat,1923.0,379.1,707.1128205128205,-328.0128205128205,-49.21487171937801,0.0,Low,0.0,0.0,0.0,0.0,0.0,,0,0.0,Low,1,Low,0,0.0,0,0.0,LOW,Routine monitoring recommended.
Gujarat,1924.0,610.15,707.1128205128205,-96.96282051282051,-19.152762942845417,0.0,Low,0.0,0.0,0.0,0.0,0.0,,0,0.0,Low,1,Low,0,0.0,0,0.0,LOW,Routine monitoring recommended.
Gujarat,1925.0,466.85,707.1128205128205,-240.2628205128205,-33.382873228460014,0.0,Low,0.0,0.0,0.0,0.0,0.0,,0,0.0,Low,1,Low,0,0.0,0,0.0,LOW,Routine monitoring recommended.
Gujarat,1926.0,1087.95,707.1128205128205,380.8371794871794,60.224296583220806,2.5,Critical,0.0,0.0,0.0,0.0,0.0,,0,2.5,High,1,High,2,2.5,0,2.5,LOW,Routine monitoring recommended.
Gujarat,1927.0,1030.8,707.1128205128205,323.6871794871795,41.8849981226459,1.5,High,0.0,0.0,0.0,0.0,0.0,,0,1.5,Moderate,1,Moderate,1,1.5,0,1.5,LOW,Routine monitoring recommended.
Gujarat,1928.0,623.9,707.1128205128205,-83.21282051282051,-12.285140254900035,0.0,Low,0.0,0.0,0.0,0.0,0.0,,0,0.0,Low,1,Low,0,0.0,0,0.0,LOW,Routine monitoring recommended.
Gujarat,1929.0,549.05,707.1128205128205,-158.06282051282054,-20.671514233064027,0.0,Low,0.0,0.0,0.0,0.0,0.0,,0,0.0,Low,1,Low,0,0.0,0,0.0,LOW,Routine monitoring recommended.
Gujarat,1930.0,672.45,707.1128205128205,-34.6628205128205,-5.91324564198633,0.0,Low,0.0,0.0,0.0,0.0,0.0,,0,0.0,Low,1,Low,0,0.0,0,0.0,LOW,Routine monitoring recommended.
Gujarat,1931.0,717.15,707.1128205128205,10.03717948717943,-6.616064243125113,0.5,Moderate,0.0,0.0,0.0,0.0,0.0,,0,0.5,Low,1,Low,0,0.5,0,0.5,LOW,Routine monitoring recommended.
Gujarat,1932.0,699.55,707.1128205128205,-7.562820512820508,-1.0042840271641924,0.0,Low,0.0,0.0,0.0,0.0,0.0,,0,0.0,Low,1,Low,0,0.0,0,0.0,LOW,Routine monitoring recommended.
Gujarat,1933.0,947.5,707.1128205128205,240.38717948717945,38.2851096519687,1.5,High,0.0,0.0,0.0,0.0,0.0,,0,1.5,Moderate,1,Moderate,1,1.5,0,1.5,LOW,Routine monitoring recommended.
Gujarat,1934.0,689.0,707.1128205128205,-18.11282051282052,-6.505777241054174,0.0,Low,0.0,0.0,0.0,0.0,0.0,,0,0.0,Low,1,Low,0,0.0,0,0.0,LOW,Routine monitoring recommended.
Gujarat,1935.0,640.5,707.1128205128205,-66.61282051282052,-5.976484581947812,0.0,Low,0.0,0.0,0.0,0.0,0.0,,0,0.0,Low,1,Low,0,0.0,0,0.0,LOW,Routine monitoring recommended.
Gujarat,1936.0,490.2,707.1128205128205,-216.91282051282053,-29.42822447284832,0.0,Low,0.0,0.0,0.0,0.0,0.0,,0,0.0,Low,1,Low,0,0.0,0,0.0,LOW,Routine monitoring recommended.
Gujarat,1937.0,868.3499999999999,707.1128205128205,161.23717948717945,19.28781209055649,0.5,Moderate,0.0,0.0,0.0,0.0,0.0,,0,0.5,Low,1,Low,0,0.5,0,0.5,LOW,Routine monitoring recommended.
Gujarat,1938.0,580.45,707.1128205128205,-126.66282051282052,-20.75607269204023,0.0,Low,0.0,0.0,0.0,0.0,0.0,,0,0.0,Low,1,Low,0,0.0,0,0.0,LOW,Routine monitoring recommended.
Gujarat,1939.0,392.5,707.1128205128205,-314.6128205128205,-48.93887890813975,0.0,Low,0.0,0.0,0.0,0.0,0.0,,0,0.0,Low,1,Low,0,0.0,0,0.0,LOW,Routine monitoring recommended.
Gujarat,1940.0,613.3,707.1128205128205,-93.81282051282052,-16.691352725684553,0.0,Low,0.0,0.0,0.0,0.0,0.0,,0,0.0,Low,1,Low,0,0.0,0,0.0,LOW,Routine monitoring recommended.
Gujarat,1941.0,681.8,707.1128205128205,-25.31282051282054,-7.132991588331565,0.0,Low,0.0,0.0,0.0,0.0,0.0,,0,0.0,Low,1,Low,0,0.0,0,0.0,LOW,Routine monitoring recommended.
Gujarat,1942.0,764.5,707.1128205128205,57.38717948717945,-0.8790282769097857,0.5,Moderate,0.0,0.0,0.0,0.0,0.0,,0,0.5,Low,1,Low,0,0.5,0,0.5,LOW,Routine monitoring recommended.
Gujarat,1943.0,719.7,707.1128205128205,12.587179487179467,2.7682120108247994,0.0,Low,0.0,0.0,0.0,0.0,0.0,,0,0.0,Low,1,Low,0,0.0,0,0.0,LOW,Routine monitoring recommended.
Gujarat,1944.0,1029.1,707.1128205128205,321.9871794871795,45.31183219182744,2.0,High,0.0,0.0,0.0,0.0,0.0,,0,2.0,High,1,High,2,2.0,0,2.0,HIGH,Increase monitoring and prepare local response resources.
Gujarat,1945.0,955.05,707.1128205128205,247.93717948717952,33.33581775808436,1.5,High,0.0,0.0,0.0,0.0,0.0,,0,1.5,Moderate,1,Moderate,1,1.5,0,1.5,LOW,Routine monitoring recommended.
Gujarat,1946.0,810.55,707.1128205128205,103.43717948717948,10.206136076766573,0.5,Moderate,0.0,0.0,0.0,0.0,0.0,,0,0.5,Low,1,Low,0,0.5,0,0.5,LOW,Routine monitoring recommended.
Gujarat,1947.0,671.0999999999999,707.1128205128205,-36.012820512820554,-1.037680731852208,0.5,Moderate,0.0,0.0,0.0,0.0,0.0,,0,0.5,Low,1,Low,0,0.5,0,0.5,LOW,Routine monitoring recommended.
Gujarat,1948.0,360.8,707.1128205128205,-346.3128205128205,-49.23387452536808,0.0,Low,0.0,0.0,0.0,0.0,0.0,,0,0.0,Low,1,Low,0,0.0,0,0.0,LOW,Routine monitoring recommended.
Gujarat,1949.0,671.3,707.1128205128205,-35.812820512820565,-1.7790001600844692,0.0,Low,0.0,0.0,0.0,0.0,0.0,,0,0.0,Low,1,Low,0,0.0,0,0.0,LOW,Routine monitoring recommended.
Gujarat,1950.0,801.45,707.1128205128205,94.33717948717948,9.22391402459369,0.5,Moderate,0.0,0.0,0.0,0.0,0.0,,0,0.5,Low,1,Low,0,0.5,0,0.5,LOW,Routine monitoring recommended.
Gujarat,1951.0,381.75,707.1128205128205,-325.3628205128205,-45.21696921216635,0.0,Low,0.0,0.0,0.0,0.0,0.0,,0,0.0,Low,1,Low,0,0.0,0,0.0,LOW,Routine monitoring recommended.
Gujarat,1952.0,588.7,707.1128205128205,-118.4128205128205,-17.32276058710854,0.0,Low,0.0,0.0,0.0,0.0,0.0,,0,0.0,Low,1,Low,0,0.0,0,0.0,LOW,Routine monitoring recommended.
Gujarat,1953.0,881.05,707.1128205128205,173.9371794871795,28.67260751558991,1.5,High,0.0,0.0,0.0,0.0,0.0,,0,1.5,Moderate,1,Moderate,1,1.5,0,1.5,LOW,Routine monitoring recommended.
Gujarat,1954.0,923.9,707.1128205128205,216.7871794871795,28.401838512809967,1.5,High,0.0,0.0,0.0,0.0,0.0,,0,1.5,Moderate,1,Moderate,1,1.5,0,1.5,LOW,Routine monitoring recommended.
Gujarat,1955.0,680.4000000000001,707.1128205128205,-26.712820512820485,-8.057885559471478,0.0,Low,0.0,0.0,0.0,0.0,0.0,,0,0.0,Low,1,Low,0,0.0,0,0.0,LOW,Routine monitoring recommended.
Gujarat,1956.0,1052.85,707.1128205128205,345.7371794871795,48.89382030013027,2.0,High,0.0,0.0,0.0,0.0,0.0,,0,2.0,High,1,High,2,2.0,0,2.0,HIGH,Increase monitoring and prepare local response resources.
Gujarat,1957.0,523.15,707.1128205128205,-183.9628205128205,-24.57099955559775,0.0,Low,0.0,0.0,0.0,0.0,0.0,,0,0.0,Low,1,Low,0,0.0,0,0.0,LOW,Routine monitoring recommended.
Gujarat,1958.0,837.3499999999999,707.1128205128205,130.23717948717945,16.742754210273993,0.5,Moderate,0.0,0.0,0.0,0.0,0.0,,0,0.5,Low,1,Low,0,0.5,0,0.5,LOW,Routine monitoring recommended.
Gujarat,1959.0,1290.8,707.1128205128205,583.6871794871795,87.85216956074022,3.0,Critical,0.0,0.0,0.0,0.0,0.0,,0,3.0,Critical,1,Critical,3,3.0,0,3.0,CRITICAL,Immediate emergency monitoring and preparedness recommended.
Gujarat,1960.0,493.4,707.1128205128205,-213.7128205128205,-30.647419244284634,0.0,Low,0.0,0.0,0.0,0.0,0.0,,0,0.0,Low,1,Low,0,0.0,0,0.0,LOW,Routine monitoring recommended.
Gujarat,1961.0,849.0,707.1128205128205,141.88717948717948,27.321998339818297,1.0,Moderate,0.0,0.0,0.0,0.0,0.0,,0,1.0,Moderate,1,Moderate,1,1.0,0,1.0,MODERATE,Continue monitoring rainfall and historical flood conditions.
Gujarat,1962.0,572.4,707.1128205128205,-134.7128205128205,-20.439917387328585,0.0,Low,0.0,0.0,0.0,0.0,0.0,,0,0.0,Low,1,Low,0,0.0,0,0.0,LOW,Routine monitoring recommended.
Gujarat,1963.0,688.5,707.1128205128205,-18.61282051282052,-7.452861193989144,0.0,Low,0.0,0.0,0.0,0.0,0.0,,0,0.0,Low,1,Low,0,0.0,0,0.0,LOW,Routine monitoring recommended.
Gujarat,1964.0,716.1,707.1128205128205,8.9871794871795,2.9725946681254105,0.0,Low,0.0,0.0,0.0,0.0,0.0,,0,0.0,Low,1,Low,0,0.0,0,0.0,LOW,Routine monitoring recommended.
Gujarat,1965.0,539.0,707.1128205128205,-168.1128205128205,-21.78961595484132,0.0,Low,0.0,0.0,0.0,0.0,0.0,,0,0.0,Low,1,Low,0,0.0,0,0.0,LOW,Routine monitoring recommended.
Gujarat,1966.0,511.6,707.1128205128205,-195.5128205128205,-29.159340788034825,0.0,Low,0.0,0.0,0.0,0.0,0.0,,0,0.0,Low,1,Low,0,0.0,0,0.0,LOW,Routine monitoring recommended.
Gujarat,1967.0,838.6500000000001,707.1128205128205,131.53717948717951,25.53297326193312,1.0,Moderate,0.0,0.0,0.0,0.0,0.0,,0,1.0,Moderate,1,Moderate,1,1.0,0,1.0,MODERATE,Continue monitoring rainfall and historical flood conditions.
Gujarat,1968.0,491.3,707.1128205128205,-215.81282051282045,-31.92144992547653,0.0,Low,1.0,0.0,0.0,0.0,0.0,-1.0,1,1.0,Moderate,1,Moderate,1,0.0,1,1.0,MODERATE,Continue monitoring rainfall and historical flood conditions.
Gujarat,1969.0,539.5,707.1128205128205,-167.61282051282052,-27.807645264358083,0.0,Low,1.0,0.0,0.0,0.0,0.0,-1.0,1,1.0,Moderate,1,Moderate,1,0.0,1,1.0,MODERATE,Continue monitoring rainfall and historical flood conditions.
Gujarat,1970.0,1094.8,707.1128205128205,387.6871794871794,57.93668387161918,2.5,Critical,1.0,0.0,0.0,0.0,0.0,-1.0,1,3.5,Critical,1,Critical,3,2.5,1,3.5,CRITICAL,Immediate emergency monitoring and preparedness recommended.
Gujarat,1971.0,641.4000000000001,707.1128205128205,-65.71282051282049,-6.364042390923267,0.0,Low,0.0,0.0,0.0,0.0,0.0,,0,0.0,Low,1,Low,0,0.0,0,0.0,LOW,Routine monitoring recommended.
Gujarat,1972.0,362.95,707.1128205128205,-344.16282051282053,-50.18360243325655,0.0,Low,0.0,0.0,0.0,0.0,0.0,,0,0.0,Low,1,Low,0,0.0,0,0.0,LOW,Routine monitoring recommended.
Gujarat,1973.0,774.9499999999999,707.1128205128205,67.83717948717944,2.4841114074840647,0.5,Moderate,2.0,66.0,0.0,0.0,0.0,1.0,1,1.5,Moderate,1,Moderate,1,0.5,1,1.5,LOW,Routine monitoring recommended.
Gujarat,1974.0,303.0,707.1128205128205,-404.1128205128205,-58.44504799689282,0.0,Low,0.0,0.0,0.0,0.0,0.0,,0,0.0,Low,1,Low,0,0.0,0,0.0,LOW,Routine monitoring recommended.
Gujarat,1975.0,937.4,707.1128205128205,230.28717948717951,33.67900365132499,1.5,High,0.0,0.0,0.0,0.0,0.0,,0,1.5,Moderate,1,Moderate,1,1.5,0,1.5,LOW,Routine monitoring recommended.
Gujarat,1976.0,1122.8,707.1128205128205,415.6871794871794,51.2611824926082,2.0,High,3.0,0.0,0.0,0.0,0.0,-1.0,1,3.0,Critical,1,Critical,3,2.0,1,3.0,CRITICAL,Immediate emergency monitoring and preparedness recommended.
Gujarat,1977.0,935.9,707.1128205128205,228.78717948717951,28.05818136042613,1.5,High,0.0,0.0,0.0,0.0,0.0,,0,1.5,Moderate,1,Moderate,1,1.5,0,1.5,LOW,Routine monitoring recommended.
Gujarat,1978.0,712.2,707.1128205128205,5.087179487179469,0.1935993669105216,0.0,Low,1.0,19.0,0.0,0.0,0.0,2.0,1,1.0,Moderate,1,Moderate,1,0.0,1,1.0,MODERATE,Continue monitoring rainfall and historical flood conditions.
Gujarat,1979.0,929.95,707.1128205128205,222.83717948717947,45.50718100964106,1.5,High,3.0,1485.0,0.0,0.0,0.0,0.6666666666666666,1,2.5,High,1,High,2,1.5,1,2.5,LOW,Routine monitoring recommended.
Gujarat,1980.0,728.9,707.1128205128205,21.787179487179458,8.820980028346664,0.5,Moderate,2.0,27.0,27.0,0.0,0.0,1.0,1,1.5,Moderate,1,Moderate,1,0.5,1,1.5,LOW,Routine monitoring recommended.
Gujarat,1981.0,909.6,707.1128205128205,202.4871794871795,31.709215771074497,1.5,High,9.0,26.0,5.0,0.0,1.0,0.1111111111111111,1,2.5,High,1,High,2,1.5,1,2.5,LOW,Routine monitoring recommended.
Gujarat,1982.0,579.8,707.1128205128205,-127.31282051282054,-18.26931732110473,0.0,Low,4.0,13.0,8.0,0.0,0.0,0.5,1,1.0,Moderate,1,Moderate,1,0.0,1,1.0,MODERATE,Continue monitoring rainfall and historical flood conditions.
Gujarat,1983.0,986.15,707.1128205128205,279.0371794871795,42.51926582414819,1.5,High,3.0,594.0,6.0,0.0,100000.0,0.6666666666666666,1,2.5,High,1,High,2,1.5,1,2.5,LOW,Routine monitoring recommended.
Gujarat,1984.0,648.65,707.1128205128205,-58.462820512820514,-8.806945017207441,0.0,Low,7.0,26.0,6.0,0.0,0.0,0.1428571428571428,1,1.0,Moderate,1,Moderate,1,0.0,1,1.0,MODERATE,Continue monitoring rainfall and historical flood conditions.
Gujarat,1985.0,444.25,707.1128205128205,-262.86282051282046,-37.778422009607375,0.0,Low,1.0,11.0,0.0,0.0,0.0,2.0,1,1.0,Moderate,1,Moderate,1,0.0,1,1.0,MODERATE,Continue monitoring rainfall and historical flood conditions.
Gujarat,1986.0,400.15,707.1128205128205,-306.9628205128205,-42.59712195619864,0.0,Low,4.0,54.0,50.0,0.0,0.0,1.5,1,1.0,Moderate,1,Moderate,1,0.0,1,1.0,MODERATE,Continue monitoring rainfall and historical flood conditions.
Gujarat,1987.0,247.3,707.1128205128205,-459.8128205128205,-68.76864393691031,0.0,Low,0.0,0.0,0.0,0.0,0.0,,0,0.0,Low,1,Low,0,0.0,0,0.0,LOW,Routine monitoring recommended.
Gujarat,1988.0,924.85,707.1128205128205,217.7371794871795,35.558330355323896,1.5,High,3.0,171.0,0.0,0.0,7002.0,2.6666666666666665,1,2.5,High,1,High,2,1.5,1,2.5,LOW,Routine monitoring recommended.
Gujarat,1989.0,660.5,707.1128205128205,-46.61282051282055,-4.995277009769649,0.0,Low,2.0,7.0,0.0,0.0,452.0,0.5,1,1.0,Moderate,1,Moderate,1,0.0,1,1.0,MODERATE,Continue monitoring rainfall and historical flood conditions.
Gujarat,1990.0,763.1500000000001,707.1128205128205,56.03717948717952,2.012450584358616,0.5,Moderate,3.0,138.0,0.0,0.0,0.0,2.333333333333333,1,1.5,Moderate,1,Moderate,1,0.5,1,1.5,LOW,Routine monitoring recommended.
Gujarat,1991.0,445.7000000000001,707.1128205128205,-261.41282051282053,-41.32499250108804,0.0,Low,1.0,15.0,0.0,0.0,0.0,2.0,1,1.0,Moderate,1,Moderate,1,0.0,1,1.0,MODERATE,Continue monitoring rainfall and historical flood conditions.
Gujarat,1992.0,750.9000000000001,707.1128205128205,43.78717948717952,9.594601859304374,0.5,Moderate,2.0,142.0,0.0,0.0,0.0,3.5,1,1.5,Moderate,1,Moderate,1,0.5,1,1.5,LOW,Routine monitoring recommended.
Gujarat,1993.0,627.05,707.1128205128205,-80.06282051282054,-17.218959856238726,0.0,Low,2.0,46.0,6.0,0.0,0.0,2.0,1,1.0,Moderate,1,Moderate,1,0.0,1,1.0,MODERATE,Continue monitoring rainfall and historical flood conditions.
Gujarat,1994.0,1203.65,707.1128205128205,496.53717948717946,71.50742919090708,3.0,Critical,3.0,108.0,0.0,0.0,0.0,2.333333333333333,1,4.0,Critical,1,Critical,3,3.0,1,4.0,CRITICAL,Immediate emergency monitoring and preparedness recommended.
Gujarat,1995.0,529.2,707.1128205128205,-177.91282051282053,-25.04031203706451,0.0,Low,0.0,0.0,0.0,0.0,0.0,,0,0.0,Low,1,Low,0,0.0,0,0.0,LOW,Routine monitoring recommended.
Gujarat,1996.0,638.5999999999999,707.1128205128205,-68.51282051282055,-13.10698427189762,0.0,Low,1.0,4.0,0.0,0.0,0.0,1.0,1,1.0,Moderate,1,Moderate,1,0.0,1,1.0,MODERATE,Continue monitoring rainfall and historical flood conditions.
Gujarat,1997.0,834.5500000000001,707.1128205128205,127.43717948717956,18.685391815942666,1.0,Moderate,5.0,212.0,0.0,0.0,0.0,2.0,1,2.0,High,1,High,2,1.0,1,2.0,HIGH,Increase monitoring and prepare local response resources.
Gujarat,1998.0,818.45,707.1128205128205,111.33717948717948,15.391154510477808,1.0,Moderate,3.0,40.0,0.0,0.0,2900.0,1.6666666666666667,1,2.0,High,1,High,2,1.0,1,2.0,HIGH,Increase monitoring and prepare local response resources.
Gujarat,1999.0,474.55,707.1128205128205,-232.5628205128205,-30.689346900682366,0.0,Low,3.0,51.0,0.0,0.0,0.0,1.6666666666666667,1,1.0,Moderate,1,Moderate,1,0.0,1,1.0,MODERATE,Continue monitoring rainfall and historical flood conditions.
Gujarat,2000.0,418.35,707.1128205128205,-288.76282051282044,-41.18766695643069,0.0,Low,1.0,84.0,0.0,0.0,0.0,3.0,1,1.0,Moderate,1,Moderate,1,0.0,1,1.0,MODERATE,Continue monitoring rainfall and historical flood conditions.
Gujarat,2001.0,679.6,707.1128205128205,-27.512820512820525,-2.359286506496647,0.0,Low,7.0,14.0,28.0,0.0,0.0,0.0,1,1.0,Moderate,1,Moderate,1,0.0,1,1.0,MODERATE,Continue monitoring rainfall and historical flood conditions.
Gujarat,2002.0,472.65,707.1128205128205,-234.46282051282043,-34.25404159371962,0.0,Low,3.0,103.0,0.0,0.0,800.0,2.6666666666666665,1,1.0,Moderate,1,Moderate,1,0.0,1,1.0,MODERATE,Continue monitoring rainfall and historical flood conditions.
Gujarat,2003.0,923.25,707.1128205128205,216.13717948717948,32.326940646443006,1.5,High,3.0,89.0,0.0,0.0,0.0,2.0,1,2.5,High,1,High,2,1.5,1,2.5,LOW,Routine monitoring recommended.
Gujarat,2004.0,744.0,707.1128205128205,36.88717948717945,3.362309077200587,0.0,Low,1.0,184.0,0.0,0.0,637.0,4.0,1,1.0,Moderate,1,Moderate,1,0.0,1,1.0,MODERATE,Continue monitoring rainfall and historical flood conditions.
Gujarat,2005.0,974.0,707.1128205128205,266.88717948717954,35.33110257578562,1.5,High,4.0,302.0,11.0,0.0,0.0,2.75,1,2.5,High,1,High,2,1.5,1,2.5,LOW,Routine monitoring recommended.
Gujarat,2006.0,1089.9,707.1128205128205,382.78717948717946,51.20543606839158,2.5,Critical,6.0,40.0,8.0,0.0,0.0,1.1666666666666667,1,3.5,Critical,1,Critical,3,2.5,1,3.5,CRITICAL,Immediate emergency monitoring and preparedness recommended.
Gujarat,2007.0,1034.8000000000002,707.1128205128205,327.6871794871796,53.938581856386826,2.0,High,1.0,63.0,0.0,0.0,0.0,3.0,1,3.0,Critical,1,Critical,3,2.0,1,3.0,CRITICAL,Immediate emergency monitoring and preparedness recommended.
Gujarat,2008.0,759.5,707.1128205128205,52.38717948717948,10.864590716227946,0.5,Moderate,1.0,0.0,0.0,0.0,0.0,-1.0,1,1.5,Moderate,1,Moderate,1,0.5,1,1.5,LOW,Routine monitoring recommended.
Gujarat,2009.0,619.25,707.1128205128205,-87.86282051282052,-4.924800928081719,0.5,Moderate,3.0,81.0,0.0,0.0,322.0,2.333333333333333,1,1.5,Moderate,1,Moderate,1,0.5,1,1.5,LOW,Routine monitoring recommended.
Gujarat,2010.0,1104.3000000000002,707.1128205128205,397.1871794871796,72.11110397420629,2.0,High,3.0,245.0,0.0,0.0,570.0,3.0,1,3.0,Critical,1,Critical,3,2.0,1,3.0,CRITICAL,Immediate emergency monitoring and preparedness recommended.
Gujarat,2011.0,816.5,707.1128205128205,109.38717948717948,23.30003681615138,1.0,Moderate,3.0,165.0,0.0,0.0,476.0,3.0,1,2.0,High,1,High,2,1.0,1,2.0,HIGH,Increase monitoring and prepare local response resources.
Gujarat,2012.0,518.9,707.1128205128205,-188.2128205128205,-28.4888567810426,0.0,Low,2.0,11.0,21.0,0.0,0.0,1.5,1,1.0,Moderate,1,Moderate,1,0.0,1,1.0,MODERATE,Continue monitoring rainfall and historical flood conditions.
Gujarat,2013.0,900.1999999999999,707.1128205128205,193.0871794871794,29.61207907913145,1.5,High,2.0,16.0,0.0,0.0,0.0,1.5,1,2.5,High,1,High,2,1.5,1,2.5,LOW,Routine monitoring recommended.
Gujarat,2014.0,544.8,707.1128205128205,-162.3128205128205,-22.88740487113688,0.0,Low,0.0,0.0,0.0,0.0,0.0,,0,0.0,Low,1,Low,0,0.0,0,0.0,LOW,Routine monitoring recommended.
Gujarat,2015.0,532.3,707.1128205128205,-174.81282051282054,-21.57611926089449,0.0,Low,1.0,70.0,0.0,0.0,9053.0,3.0,1,1.0,Moderate,1,Moderate,1,0.0,1,1.0,MODERATE,Continue monitoring rainfall and historical flood conditions.
Gujarat,2016.0,623.9,707.1128205128205,-83.21282051282054,-9.690566190998698,0.0,Low,1.0,81.0,4.0,0.0,220.0,3.0,1,1.0,Moderate,1,Moderate,1,0.0,1,1.0,MODERATE,Continue monitoring rainfall and historical flood conditions.
Gujarat,2017.0,838.25,707.1128205128205,131.13717948717954,21.488845618643445,0.5,Moderate,1.0,288.0,25.0,0.0,16543.0,4.0,1,1.5,Moderate,1,Moderate,1,0.5,1,1.5,LOW,Routine monitoring recommended.
Gujarat,2018.0,,,,,,,3.0,32.0,0.0,0.0,0.0,1.6666666666666667,1,1.0,Moderate,0,Historical Flood Signal,2,0.0,1,1.0,MODERATE,Continue monitoring rainfall and historical flood conditions.
Gujarat,2019.0,,,,,,,7.0,150.0,5.0,0.0,0.0,2.0,1,1.0,Moderate,0,Historical Flood Signal,2,0.0,1,1.0,MODERATE,Continue monitoring rainfall and historical flood conditions.
Gujarat,2020.0,,,,,,,6.0,106.0,0.0,2.0,0.0,1.8333333333333333,1,1.0,Moderate,0,Historical Flood Signal,2,0.0,1,1.0,MODERATE,Continue monitoring rainfall and historical flood conditions.
Gujarat,2021.0,,,,,,,2.0,7.0,0.0,0.0,0.0,0.5,1,1.0,Moderate,0,Historical Flood Signal,2,0.0,1,1.0,MODERATE,Continue monitoring rainfall and historical flood conditions.
Gujarat,2022.0,,,,,,,21.0,24.0,0.0,0.0,0.0,-0.6190476190476191,1,1.0,Moderate,0,Historical Flood Signal,2,0.0,1,1.0,MODERATE,Continue monitoring rainfall and historical flood conditions.
Gujarat,2023.0,,,,,,,16.0,4.0,0.0,0.0,0.0,-0.625,1,1.0,Moderate,0,Historical Flood Signal,2,0.0,1,1.0,MODERATE,Continue monitoring rainfall and historical flood conditions.
Haryana,1978.0,,,,,,,1.0,10.0,0.0,0.0,0.0,2.0,1,1.0,Moderate,0,Historical Flood Signal,2,0.0,1,1.0,MODERATE,Continue monitoring rainfall and historical flood conditions.
Haryana,1980.0,,,,,,,1.0,3.0,0.0,0.0,0.0,1.0,1,1.0,Moderate,0,Historical Flood Signal,2,0.0,1,1.0,MODERATE,Continue monitoring rainfall and historical flood conditions.
Haryana,1981.0,,,,,,,1.0,4.0,0.0,0.0,17.0,1.0,1,1.0,Moderate,0,Historical Flood Signal,2,0.0,1,1.0,MODERATE,Continue monitoring rainfall and historical flood conditions.
Haryana,1982.0,,,,,,,1.0,0.0,0.0,0.0,0.0,-1.0,1,1.0,Moderate,0,Historical Flood Signal,2,0.0,1,1.0,MODERATE,Continue monitoring rainfall and historical flood conditions.
Haryana,1983.0,,,,,,,3.0,0.0,6.0,0.0,0.0,-1.0,1,1.0,Moderate,0,Historical Flood Signal,2,0.0,1,1.0,MODERATE,Continue monitoring rainfall and historical flood conditions.
Haryana,1985.0,,,,,,,1.0,21.0,0.0,0.0,300.0,2.0,1,1.0,Moderate,0,Historical Flood Signal,2,0.0,1,1.0,MODERATE,Continue monitoring rainfall and historical flood conditions.
Haryana,1986.0,,,,,,,2.0,1.0,0.0,0.0,0.0,0.0,1,1.0,Moderate,0,Historical Flood Signal,2,0.0,1,1.0,MODERATE,Continue monitoring rainfall and historical flood conditions.
Haryana,1988.0,,,,,,,5.0,28.0,0.0,0.0,250.0,1.2,1,1.0,Moderate,0,Historical Flood Signal,2,0.0,1,1.0,MODERATE,Continue monitoring rainfall and historical flood conditions.
Haryana,1989.0,,,,,,,1.0,1.0,1.0,0.0,0.0,1.0,1,1.0,Moderate,0,Historical Flood Signal,2,0.0,1,1.0,MODERATE,Continue monitoring rainfall and historical flood conditions.
Haryana,1990.0,,,,,,,1.0,12.0,0.0,0.0,0.0,2.0,1,1.0,Moderate,0,Historical Flood Signal,2,0.0,1,1.0,MODERATE,Continue monitoring rainfall and historical flood conditions.
Haryana,1991.0,,,,,,,1.0,0.0,0.0,0.0,0.0,-1.0,1,1.0,Moderate,0,Historical Flood Signal,2,0.0,1,1.0,MODERATE,Continue monitoring rainfall and historical flood conditions.
Haryana,1993.0,,,,,,,1.0,51.0,0.0,0.0,0.0,3.0,1,1.0,Moderate,0,Historical Flood Signal,2,0.0,1,1.0,MODERATE,Continue monitoring rainfall and historical flood conditions.
Haryana,1994.0,,,,,,,1.0,3.0,0.0,0.0,0.0,1.0,1,1.0,Moderate,0,Historical Flood Signal,2,0.0,1,1.0,MODERATE,Continue monitoring rainfall and historical flood conditions.
Haryana,1995.0,,,,,,,7.0,189.0,24.0,0.0,0.0,1.2857142857142858,1,1.0,Moderate,0,Historical Flood Signal,2,0.0,1,1.0,MODERATE,Continue monitoring rainfall and historical flood conditions.
Haryana,1996.0,,,,,,,5.0,8.0,0.0,0.0,0.0,0.0,1,1.0,Moderate,0,Historical Flood Signal,2,0.0,1,1.0,MODERATE,Continue monitoring rainfall and historical flood conditions.
Haryana,1997.0,,,,,,,1.0,1.0,0.0,0.0,0.0,1.0,1,1.0,Moderate,0,Historical Flood Signal,2,0.0,1,1.0,MODERATE,Continue monitoring rainfall and historical flood conditions.
Haryana,1998.0,,,,,,,3.0,0.0,0.0,0.0,0.0,-1.0,1,1.0,Moderate,0,Historical Flood Signal,2,0.0,1,1.0,MODERATE,Continue monitoring rainfall and historical flood conditions.
Haryana,2000.0,,,,,,,2.0,11.0,5.0,0.0,0.0,1.5,1,1.0,Moderate,0,Historical Flood Signal,2,0.0,1,1.0,MODERATE,Continue monitoring rainfall and historical flood conditions.
Haryana,2002.0,,,,,,,4.0,6.0,5.0,0.0,0.0,0.0,1,1.0,Moderate,0,Historical Flood Signal,2,0.0,1,1.0,MODERATE,Continue monitoring rainfall and historical flood conditions.
Haryana,2003.0,,,,,,,4.0,9.0,0.0,0.0,0.0,1.0,1,1.0,Moderate,0,Historical Flood Signal,2,0.0,1,1.0,MODERATE,Continue monitoring rainfall and historical flood conditions.
Haryana,2004.0,,,,,,,2.0,12.0,0.0,0.0,0.0,1.5,1,1.0,Moderate,0,Historical Flood Signal,2,0.0,1,1.0,MODERATE,Continue monitoring rainfall and historical flood conditions.
Haryana,2005.0,,,,,,,5.0,1.0,0.0,0.0,0.0,-0.6,1,1.0,Moderate,0,Historical Flood Signal,2,0.0,1,1.0,MODERATE,Continue monitoring rainfall and historical flood conditions.
Haryana,2006.0,,,,,,,4.0,0.0,5.0,0.0,1600.0,-1.0,1,1.0,Moderate,0,Historical Flood Signal,2,0.0,1,1.0,MODERATE,Continue monitoring rainfall and historical flood conditions.
Haryana,2007.0,,,,,,,4.0,2.0,6.0,0.0,0.0,-0.5,1,1.0,Moderate,0,Historical Flood Signal,2,0.0,1,1.0,MODERATE,Continue monitoring rainfall and historical flood conditions.
Haryana,2008.0,,,,,,,9.0,16.0,14.0,0.0,0.0,0.2222222222222222,1,1.0,Moderate,0,Historical Flood Signal,2,0.0,1,1.0,MODERATE,Continue monitoring rainfall and historical flood conditions.
Haryana,2009.0,,,,,,,1.0,6.0,0.0,0.0,0.0,2.0,1,1.0,Moderate,0,Historical Flood Signal,2,0.0,1,1.0,MODERATE,Continue monitoring rainfall and historical flood conditions.
Haryana,2010.0,,,,,,,2.0,9.0,0.0,0.0,0.0,1.5,1,1.0,Moderate,0,Historical Flood Signal,2,0.0,1,1.0,MODERATE,Continue monitoring rainfall and historical flood conditions.
Haryana,2012.0,,,,,,,3.0,0.0,0.0,0.0,0.0,-1.0,1,1.0,Moderate,0,Historical Flood Signal,2,0.0,1,1.0,MODERATE,Continue monitoring rainfall and historical flood conditions.
Haryana,2020.0,,,,,,,1.0,1.0,0.0,0.0,0.0,1.0,1,1.0,Moderate,0,Historical Flood Signal,2,0.0,1,1.0,MODERATE,Continue monitoring rainfall and historical flood conditions.
Haryana,2023.0,,,,,,,12.0,7.0,5.0,0.0,0.0,-0.75,1,1.0,Moderate,0,Historical Flood Signal,2,0.0,1,1.0,MODERATE,Continue monitoring rainfall and historical flood conditions.
Himachal Pradesh,1901.0,1345.1,1256.7811965811966,88.31880341880333,7.0273810317226,0.0,Low,0.0,0.0,0.0,0.0,0.0,,0,0.0,Low,1,Low,0,0.0,0,0.0,LOW,Routine monitoring recommended.
Himachal Pradesh,1902.0,951.6,1256.7811965811966,-305.18119658119656,-24.28276277615996,0.0,Low,0.0,0.0,0.0,0.0,0.0,,0,0.0,Low,1,Low,0,0.0,0,0.0,LOW,Routine monitoring recommended.
Himachal Pradesh,1903.0,993.3,1256.7811965811966,-263.4811965811966,-20.964762784320826,0.0,Low,0.0,0.0,0.0,0.0,0.0,,0,0.0,Low,1,Low,0,0.0,0,0.0,LOW,Routine monitoring recommended.
Himachal Pradesh,1904.0,987.6,1256.7811965811966,-269.18119658119656,-21.41830235155063,0.0,Low,0.0,0.0,0.0,0.0,0.0,,0,0.0,Low,1,Low,0,0.0,0,0.0,LOW,Routine monitoring recommended.
Himachal Pradesh,1905.0,930.2,1256.7811965811966,-326.58119658119654,-25.98552536189996,0.0,Low,0.0,0.0,0.0,0.0,0.0,,0,0.0,Low,1,Low,0,0.0,0,0.0,LOW,Routine monitoring recommended.
Himachal Pradesh,1906.0,1317.5,1256.7811965811966,60.71880341880342,4.831294706188785,0.0,Low,0.0,0.0,0.0,0.0,0.0,,0,0.0,Low,1,Low,0,0.0,0,0.0,LOW,Routine monitoring recommended.
Himachal Pradesh,1907.0,875.4,1256.7811965811966,-381.3811965811966,-30.345870674916387,0.0,Low,0.0,0.0,0.0,0.0,0.0,,0,0.0,Low,1,Low,0,0.0,0,0.0,LOW,Routine monitoring recommended.
Himachal Pradesh,1908.0,987.6,1256.7811965811966,-269.18119658119656,-21.41830235155063,0.0,Low,0.0,0.0,0.0,0.0,0.0,,0,0.0,Low,1,Low,0,0.0,0,0.0,LOW,Routine monitoring recommended.
Himachal Pradesh,1909.0,1077.0,1256.7811965811966,-179.78119658119658,-14.30489229710412,0.0,Low,0.0,0.0,0.0,0.0,0.0,,0,0.0,Low,1,Low,0,0.0,0,0.0,LOW,Routine monitoring recommended.
Himachal Pradesh,1910.0,1406.9,1256.7811965811966,150.1188034188035,11.944704760635302,0.0,Low,0.0,0.0,0.0,0.0,0.0,,0,0.0,Low,1,Low,0,0.0,0,0.0,LOW,Routine monitoring recommended.
Himachal Pradesh,1911.0,1333.8,1256.7811965811966,77.01880341880337,6.128258731775785,0.0,Low,0.0,0.0,0.0,0.0,0.0,,0,0.0,Low,1,Low,0,0.0,0,0.0,LOW,Routine monitoring recommended.
Himachal Pradesh,1912.0,1207.6,1256.7811965811966,-49.18119658119667,-3.9132664233824914,0.0,Low,0.0,0.0,0.0,0.0,0.0,,0,0.0,Low,1,Low,0,0.0,0,0.0,LOW,Routine monitoring recommended.
Himachal Pradesh,1913.0,1119.3,1256.7811965811966,-137.48119658119663,-10.939151298188158,0.0,Low,0.0,0.0,0.0,0.0,0.0,,0,0.0,Low,1,Low,0,0.0,0,0.0,LOW,Routine monitoring recommended.
Himachal Pradesh,1914.0,1735.9,1256.7811965811966,479.1188034188035,38.12269030775949,2.0,High,0.0,0.0,0.0,0.0,0.0,,0,2.0,High,1,High,2,2.0,0,2.0,HIGH,Increase monitoring and prepare local response resources.
Himachal Pradesh,1915.0,1236.8,1256.7811965811966,-19.981196581196627,-1.589870745643807,0.0,Low,0.0,0.0,0.0,0.0,0.0,,0,0.0,Low,1,Low,0,0.0,0,0.0,LOW,Routine monitoring recommended.
Himachal Pradesh,1916.0,1172.1,1256.7811965811966,-84.68119658119667,-6.7379426754278064,0.0,Low,0.0,0.0,0.0,0.0,0.0,,0,0.0,Low,1,Low,0,0.0,0,0.0,LOW,Routine monitoring recommended.
Himachal Pradesh,1917.0,1703.6,1256.7811965811966,446.8188034188033,35.55263276012388,2.0,High,0.0,0.0,0.0,0.0,0.0,,0,2.0,High,1,High,2,2.0,0,2.0,HIGH,Increase monitoring and prepare local response resources.
Himachal Pradesh,1918.0,984.7,1256.7811965811966,-272.08119658119654,-21.649050552421933,0.0,Low,0.0,0.0,0.0,0.0,0.0,,0,0.0,Low,1,Low,0,0.0,0,0.0,LOW,Routine monitoring recommended.
Himachal Pradesh,1919.0,1213.1,1256.7811965811966,-43.68119658119667,-3.4756405251782883,0.0,Low,0.0,0.0,0.0,0.0,0.0,,0,0.0,Low,1,Low,0,0.0,0,0.0,LOW,Routine monitoring recommended.
Himachal Pradesh,1920.0,1084.8,1256.7811965811966,-171.98119658119663,-13.684259205105434,0.0,Low,0.0,0.0,0.0,0.0,0.0,,0,0.0,Low,1,Low,0,0.0,0,0.0,LOW,Routine monitoring recommended.
Himachal Pradesh,1921.0,1311.2,1256.7811965811966,54.41880341880346,4.330014131882155,0.0,Low,0.0,0.0,0.0,0.0,0.0,,0,0.0,Low,1,Low,0,0.0,0,0.0,LOW,Routine monitoring recommended.
Himachal Pradesh,1922.0,1718.6,1256.7811965811966,461.8188034188033,36.74615793704443,2.0,High,0.0,0.0,0.0,0.0,0.0,,0,2.0,High,1,High,2,2.0,0,2.0,HIGH,Increase monitoring and prepare local response resources.
Himachal Pradesh,1923.0,1620.9,1256.7811965811966,364.1188034188035,28.972330618035222,1.0,Moderate,0.0,0.0,0.0,0.0,0.0,,0,1.0,Moderate,1,Moderate,1,1.0,0,1.0,MODERATE,Continue monitoring rainfall and historical flood conditions.
Himachal Pradesh,1924.0,1660.7,1256.7811965811966,403.91880341880346,32.139150754131094,1.0,Moderate,0.0,0.0,0.0,0.0,0.0,,0,1.0,Moderate,1,Moderate,1,1.0,0,1.0,MODERATE,Continue monitoring rainfall and historical flood conditions.
Himachal Pradesh,1925.0,1509.3,1256.7811965811966,252.51880341880337,20.092503301746284,1.0,Moderate,0.0,0.0,0.0,0.0,0.0,,0,1.0,Moderate,1,Moderate,1,1.0,0,1.0,MODERATE,Continue monitoring rainfall and historical flood conditions.
Himachal Pradesh,1926.0,1450.0,1256.7811965811966,193.21880341880345,15.374100435653691,1.0,Moderate,0.0,0.0,0.0,0.0,0.0,,0,1.0,Moderate,1,Moderate,1,1.0,0,1.0,MODERATE,Continue monitoring rainfall and historical flood conditions.
Himachal Pradesh,1927.0,1435.0,1256.7811965811966,178.21880341880342,14.180575258733136,1.0,Moderate,0.0,0.0,0.0,0.0,0.0,,0,1.0,Moderate,1,Moderate,1,1.0,0,1.0,MODERATE,Continue monitoring rainfall and historical flood conditions.
Himachal Pradesh,1928.0,1308.9,1256.7811965811966,52.11880341880351,4.1470069380876735,0.0,Low,0.0,0.0,0.0,0.0,0.0,,0,0.0,Low,1,Low,0,0.0,0,0.0,LOW,Routine monitoring recommended.
Himachal Pradesh,1929.0,1424.7,1256.7811965811966,167.91880341880346,13.361021303914358,1.0,Moderate,0.0,0.0,0.0,0.0,0.0,,0,1.0,Moderate,1,Moderate,1,1.0,0,1.0,MODERATE,Continue monitoring rainfall and historical flood conditions.
Himachal Pradesh,1930.0,1305.5,1256.7811965811966,48.71880341880342,3.876474564652341,0.0,Low,0.0,0.0,0.0,0.0,0.0,,0,0.0,Low,1,Low,0,0.0,0,0.0,LOW,Routine monitoring recommended.
Himachal Pradesh,1931.0,1266.3,1256.7811965811966,9.518803418803373,0.7573954356332856,0.0,Low,0.0,0.0,0.0,0.0,0.0,,0,0.0,Low,1,Low,0,0.0,0,0.0,LOW,Routine monitoring recommended.
Himachal Pradesh,1932.0,1418.9,1256.7811965811966,162.1188034188035,12.899524902171748,1.0,Moderate,0.0,0.0,0.0,0.0,0.0,,0,1.0,Moderate,1,Moderate,1,1.0,0,1.0,MODERATE,Continue monitoring rainfall and historical flood conditions.
Himachal Pradesh,1933.0,1240.4,1256.7811965811966,-16.38119658119649,-1.3034247031828627,0.0,Low,0.0,0.0,0.0,0.0,0.0,,0,0.0,Low,1,Low,0,0.0,0,0.0,LOW,Routine monitoring recommended.
Himachal Pradesh,1934.0,982.1,1256.7811965811966,-274.68119658119656,-21.855928249754832,0.0,Low,0.0,0.0,0.0,0.0,0.0,,0,0.0,Low,1,Low,0,0.0,0,0.0,LOW,Routine monitoring recommended.
Himachal Pradesh,1935.0,1027.9,1256.7811965811966,-228.8811965811965,-18.21169804289073,0.0,Low,0.0,0.0,0.0,0.0,0.0,,0,0.0,Low,1,Low,0,0.0,0,0.0,LOW,Routine monitoring recommended.
Himachal Pradesh,1936.0,1158.0,1256.7811965811966,-98.78119658119658,-7.859856341733121,0.0,Low,0.0,0.0,0.0,0.0,0.0,,0,0.0,Low,1,Low,0,0.0,0,0.0,LOW,Routine monitoring recommended.
Himachal Pradesh,1937.0,1465.0,1256.7811965811966,208.21880341880345,16.567625612574247,1.0,Moderate,0.0,0.0,0.0,0.0,0.0,,0,1.0,Moderate,1,Moderate,1,1.0,0,1.0,MODERATE,Continue monitoring rainfall and historical flood conditions.
Himachal Pradesh,1938.0,927.5,1256.7811965811966,-329.2811965811966,-26.200359893745656,0.0,Low,0.0,0.0,0.0,0.0,0.0,,0,0.0,Low,1,Low,0,0.0,0,0.0,LOW,Routine monitoring recommended.
Himachal Pradesh,1939.0,877.8,1256.7811965811966,-378.9811965811966,-30.1549066466091,0.0,Low,0.0,0.0,0.0,0.0,0.0,,0,0.0,Low,1,Low,0,0.0,0,0.0,LOW,Routine monitoring recommended.
Himachal Pradesh,1940.0,1088.6,1256.7811965811966,-168.18119658119667,-13.3818994936189,0.0,Low,0.0,0.0,0.0,0.0,0.0,,0,0.0,Low,1,Low,0,0.0,0,0.0,LOW,Routine monitoring recommended.
Himachal Pradesh,1941.0,895.5,1256.7811965811966,-361.2811965811966,-28.746546937842844,0.0,Low,0.0,0.0,0.0,0.0,0.0,,0,0.0,Low,1,Low,0,0.0,0,0.0,LOW,Routine monitoring recommended.
Himachal Pradesh,1942.0,1328.3,1256.7811965811966,71.51880341880337,5.6906328335715815,0.0,Low,0.0,0.0,0.0,0.0,0.0,,0,0.0,Low,1,Low,0,0.0,0,0.0,LOW,Routine monitoring recommended.
Himachal Pradesh,1943.0,1223.1,1256.7811965811966,-33.68119658119667,-2.679957073897918,0.0,Low,0.0,0.0,0.0,0.0,0.0,,0,0.0,Low,1,Low,0,0.0,0,0.0,LOW,Routine monitoring recommended.
Himachal Pradesh,1944.0,1128.8,1256.7811965811966,-127.98119658119664,-10.183252019471803,0.0,Low,0.0,0.0,0.0,0.0,0.0,,0,0.0,Low,1,Low,0,0.0,0,0.0,LOW,Routine monitoring recommended.
Himachal Pradesh,1945.0,1646.9,1256.7811965811966,390.1188034188035,31.04110759136419,1.0,Moderate,0.0,0.0,0.0,0.0,0.0,,0,1.0,Moderate,1,Moderate,1,1.0,0,1.0,MODERATE,Continue monitoring rainfall and historical flood conditions.
Himachal Pradesh,1946.0,1539.0,1256.7811965811966,282.2188034188034,22.455683152048987,1.0,Moderate,0.0,0.0,0.0,0.0,0.0,,0,1.0,Moderate,1,Moderate,1,1.0,0,1.0,MODERATE,Continue monitoring rainfall and historical flood conditions.
Himachal Pradesh,1947.0,1313.2,1256.7811965811966,56.41880341880346,4.489150822138229,0.0,Low,0.0,0.0,0.0,0.0,0.0,,0,0.0,Low,1,Low,0,0.0,0,0.0,LOW,Routine monitoring recommended.
Himachal Pradesh,1948.0,1758.7,1256.7811965811966,501.91880341880346,39.93684857667873,2.0,High,0.0,0.0,0.0,0.0,0.0,,0,2.0,High,1,High,2,2.0,0,2.0,HIGH,Increase monitoring and prepare local response resources.
Himachal Pradesh,1949.0,1310.9,1256.7811965811966,54.11880341880351,4.306143628343747,0.0,Low,0.0,0.0,0.0,0.0,0.0,,0,0.0,Low,1,Low,0,0.0,0,0.0,LOW,Routine monitoring recommended.
Himachal Pradesh,1950.0,1684.4,1256.7811965811966,427.6188034188035,34.02492053366558,2.0,High,0.0,0.0,0.0,0.0,0.0,,0,2.0,High,1,High,2,2.0,0,2.0,HIGH,Increase monitoring and prepare local response resources.
Himachal Pradesh,1951.0,1238.5,1256.7811965811966,-18.281196581196586,-1.4546045589261405,0.0,Low,0.0,0.0,0.0,0.0,0.0,,0,0.0,Low,1,Low,0,0.0,0,0.0,LOW,Routine monitoring recommended.
Himachal Pradesh,1952.0,1263.7,1256.7811965811966,6.918803418803464,0.5505177383003965,0.0,Low,0.0,0.0,0.0,0.0,0.0,,0,0.0,Low,1,Low,0,0.0,0,0.0,LOW,Routine monitoring recommended.
Himachal Pradesh,1953.0,1425.7,1256.7811965811966,168.91880341880346,13.440589649042394,1.0,Moderate,0.0,0.0,0.0,0.0,0.0,,0,1.0,Moderate,1,Moderate,1,1.0,0,1.0,MODERATE,Continue monitoring rainfall and historical flood conditions.
Himachal Pradesh,1954.0,1717.6,1256.7811965811966,460.8188034188033,36.66658959191639,2.0,High,0.0,0.0,0.0,0.0,0.0,,0,2.0,High,1,High,2,2.0,0,2.0,HIGH,Increase monitoring and prepare local response resources.
Himachal Pradesh,1955.0,1919.2,1256.7811965811966,662.4188034188035,52.707567969728665,2.0,High,0.0,0.0,0.0,0.0,0.0,,0,2.0,High,1,High,2,2.0,0,2.0,HIGH,Increase monitoring and prepare local response resources.
Himachal Pradesh,1956.0,1541.6,1256.7811965811966,284.8188034188033,22.66256084938188,1.0,Moderate,0.0,0.0,0.0,0.0,0.0,,0,1.0,Moderate,1,Moderate,1,1.0,0,1.0,MODERATE,Continue monitoring rainfall and historical flood conditions.
Himachal Pradesh,1957.0,1822.7,1256.7811965811966,565.9188034188035,45.029222664873096,2.0,High,0.0,0.0,0.0,0.0,0.0,,0,2.0,High,1,High,2,2.0,0,2.0,HIGH,Increase monitoring and prepare local response resources.
Himachal Pradesh,1958.0,1572.3,1256.7811965811966,315.5188034188034,25.105309044812618,1.0,Moderate,0.0,0.0,0.0,0.0,0.0,,0,1.0,Moderate,1,Moderate,1,1.0,0,1.0,MODERATE,Continue monitoring rainfall and historical flood conditions.
Himachal Pradesh,1959.0,1640.3,1256.7811965811966,383.5188034188034,30.51595651351913,1.0,Moderate,0.0,0.0,0.0,0.0,0.0,,0,1.0,Moderate,1,Moderate,1,1.0,0,1.0,MODERATE,Continue monitoring rainfall and historical flood conditions.
Himachal Pradesh,1960.0,1115.1,1256.7811965811966,-141.68119658119667,-11.273338347725916,0.0,Low,0.0,0.0,0.0,0.0,0.0,,0,0.0,Low,1,Low,0,0.0,0,0.0,LOW,Routine monitoring recommended.
Himachal Pradesh,1961.0,1515.5,1256.7811965811966,258.7188034188034,20.58582704154012,1.0,Moderate,0.0,0.0,0.0,0.0,0.0,,0,1.0,Moderate,1,Moderate,1,1.0,0,1.0,MODERATE,Continue monitoring rainfall and historical flood conditions.
Himachal Pradesh,1962.0,1393.5,1256.7811965811966,136.71880341880342,10.8784889359196,0.0,Low,0.0,0.0,0.0,0.0,0.0,,0,0.0,Low,1,Low,0,0.0,0,0.0,LOW,Routine monitoring recommended.
Himachal Pradesh,1963.0,1354.5,1256.7811965811966,97.71880341880342,7.775323475926155,0.0,Low,0.0,0.0,0.0,0.0,0.0,,0,0.0,Low,1,Low,0,0.0,0,0.0,LOW,Routine monitoring recommended.
Himachal Pradesh,1964.0,1354.1,1256.7811965811966,97.31880341880333,7.743496137874933,0.0,Low,0.0,0.0,0.0,0.0,0.0,,0,0.0,Low,1,Low,0,0.0,0,0.0,LOW,Routine monitoring recommended.
Himachal Pradesh,1965.0,1220.4,1256.7811965811966,-36.38119658119649,-2.8947916057436034,0.0,Low,0.0,0.0,0.0,0.0,0.0,,0,0.0,Low,1,Low,0,0.0,0,0.0,LOW,Routine monitoring recommended.
Himachal Pradesh,1966.0,1371.0,1256.7811965811966,114.21880341880342,9.088201170538769,0.0,Low,0.0,0.0,0.0,0.0,0.0,,0,0.0,Low,1,Low,0,0.0,0,0.0,LOW,Routine monitoring recommended.
Himachal Pradesh,1967.0,1558.5,1256.7811965811966,301.7188034188034,24.007265882045708,1.0,Moderate,0.0,0.0,0.0,0.0,0.0,,0,1.0,Moderate,1,Moderate,1,1.0,0,1.0,MODERATE,Continue monitoring rainfall and historical flood conditions.
Himachal Pradesh,1968.0,1168.2,1256.7811965811966,-88.58119658119654,-7.0482592214271405,0.0,Low,0.0,0.0,0.0,0.0,0.0,,0,0.0,Low,1,Low,0,0.0,0,0.0,LOW,Routine monitoring recommended.
Himachal Pradesh,1969.0,1127.6,1256.7811965811966,-129.18119658119667,-10.278734033625454,0.0,Low,0.0,0.0,0.0,0.0,0.0,,0,0.0,Low,1,Low,0,0.0,0,0.0,LOW,Routine monitoring recommended.
Himachal Pradesh,1970.0,1082.5,1256.7811965811966,-174.28119658119658,-13.867266398899917,0.0,Low,0.0,0.0,0.0,0.0,0.0,,0,0.0,Low,1,Low,0,0.0,0,0.0,LOW,Routine monitoring recommended.
Himachal Pradesh,1971.0,1275.1,1256.7811965811966,18.318803418803327,1.4575968727600075,0.0,Low,0.0,0.0,0.0,0.0,0.0,,0,0.0,Low,1,Low,0,0.0,0,0.0,LOW,Routine monitoring recommended.
Himachal Pradesh,1972.0,842.3,1256.7811965811966,-414.4811965811966,-32.979582898654414,0.0,Low,0.0,0.0,0.0,0.0,0.0,,0,0.0,Low,1,Low,0,0.0,0,0.0,LOW,Routine monitoring recommended.
Himachal Pradesh,1973.0,955.2,1256.7811965811966,-301.58119658119654,-23.99631673369903,0.0,Low,0.0,0.0,0.0,0.0,0.0,,0,0.0,Low,1,Low,0,0.0,0,0.0,LOW,Routine monitoring recommended.
Himachal Pradesh,1974.0,776.1,1256.7811965811966,-480.68119658119656,-38.24700734613046,0.0,Low,0.0,0.0,0.0,0.0,0.0,,0,0.0,Low,1,Low,0,0.0,0,0.0,LOW,Routine monitoring recommended.
Himachal Pradesh,1975.0,1054.1,1256.7811965811966,-202.68119658119667,-16.127007400536176,0.0,Low,0.0,0.0,0.0,0.0,0.0,,0,0.0,Low,1,Low,0,0.0,0,0.0,LOW,Routine monitoring recommended.
Himachal Pradesh,1976.0,1179.3,1256.7811965811966,-77.48119658119663,-6.1650505905059365,0.0,Low,0.0,0.0,0.0,0.0,0.0,,0,0.0,Low,1,Low,0,0.0,0,0.0,LOW,Routine monitoring recommended.
Himachal Pradesh,1977.0,1245.0,1256.7811965811966,-11.781196581196582,-0.9374103155938996,0.0,Low,0.0,0.0,0.0,0.0,0.0,,0,0.0,Low,1,Low,0,0.0,0,0.0,LOW,Routine monitoring recommended.
Himachal Pradesh,1978.0,1371.2,1256.7811965811966,114.41880341880346,9.104114839564376,0.0,Low,3.0,89.0,0.0,0.0,0.0,2.333333333333333,1,1.0,Moderate,1,Moderate,1,0.0,1,1.0,MODERATE,Continue monitoring rainfall and historical flood conditions.
Himachal Pradesh,1979.0,1021.0,1256.7811965811966,-235.78119658119653,-18.760719624274195,0.0,Low,0.0,0.0,0.0,0.0,0.0,,0,0.0,Low,1,Low,0,0.0,0,0.0,LOW,Routine monitoring recommended.
Himachal Pradesh,1980.0,1155.0,1256.7811965811966,-101.78119658119658,-8.098561377117232,0.0,Low,1.0,4.0,4.0,0.0,0.0,1.0,1,1.0,Moderate,1,Moderate,1,0.0,1,1.0,MODERATE,Continue monitoring rainfall and historical flood conditions.
Himachal Pradesh,1981.0,1147.1,1256.7811965811966,-109.68119658119667,-8.727151303628732,0.0,Low,1.0,0.0,0.0,0.0,0.0,-1.0,1,1.0,Moderate,1,Moderate,1,0.0,1,1.0,MODERATE,Continue monitoring rainfall and historical flood conditions.
Himachal Pradesh,1982.0,1423.0,1256.7811965811966,166.21880341880342,13.225755117196693,1.0,Moderate,1.0,0.0,0.0,0.0,0.0,-1.0,1,2.0,High,1,High,2,1.0,1,2.0,HIGH,Increase monitoring and prepare local response resources.
Himachal Pradesh,1983.0,1189.6,1256.7811965811966,-67.18119658119667,-5.345496635687158,0.0,Low,3.0,6.0,109.0,0.0,0.0,0.3333333333333333,1,1.0,Moderate,1,Moderate,1,0.0,1,1.0,MODERATE,Continue monitoring rainfall and historical flood conditions.
Himachal Pradesh,1984.0,968.3,1256.7811965811966,-288.4811965811966,-22.95397141252175,0.0,Low,0.0,0.0,0.0,0.0,0.0,,0,0.0,Low,1,Low,0,0.0,0,0.0,LOW,Routine monitoring recommended.
Himachal Pradesh,1985.0,1193.9,1256.7811965811966,-62.88119658119649,-5.0033527516365845,0.0,Low,7.0,11.0,0.0,0.0,0.0,0.1428571428571428,1,1.0,Moderate,1,Moderate,1,0.0,1,1.0,MODERATE,Continue monitoring rainfall and historical flood conditions.
Himachal Pradesh,1986.0,1322.6,1256.7811965811966,65.81880341880333,5.237093266341766,0.0,Low,3.0,6.0,0.0,0.0,0.0,0.3333333333333333,1,1.0,Moderate,1,Moderate,1,0.0,1,1.0,MODERATE,Continue monitoring rainfall and historical flood conditions.
Himachal Pradesh,1987.0,1035.6,1256.7811965811966,-221.18119658119667,-17.59902178540486,0.0,Low,2.0,12.0,0.0,0.0,0.0,0.5,1,1.0,Moderate,1,Moderate,1,0.0,1,1.0,MODERATE,Continue monitoring rainfall and historical flood conditions.
Himachal Pradesh,1988.0,1881.1,1256.7811965811966,624.3188034188033,49.67601402035044,2.0,High,4.0,70.0,0.0,0.0,719.0,1.0,1,3.0,Critical,1,Critical,3,2.0,1,3.0,CRITICAL,Immediate emergency monitoring and preparedness recommended.
Himachal Pradesh,1989.0,1177.2,1256.7811965811966,-79.58119658119654,-6.332144115274807,0.0,Low,3.0,53.0,0.0,0.0,0.0,0.3333333333333333,1,1.0,Moderate,1,Moderate,1,0.0,1,1.0,MODERATE,Continue monitoring rainfall and historical flood conditions.
Himachal Pradesh,1990.0,1462.7,1256.7811965811966,205.91880341880344,16.384618418779766,1.0,Moderate,6.0,54.0,0.0,0.0,0.0,1.5,1,2.0,High,1,High,2,1.0,1,2.0,HIGH,Increase monitoring and prepare local response resources.
Himachal Pradesh,1991.0,1104.8,1256.7811965811966,-151.98119658119663,-12.092892302544694,0.0,Low,4.0,7.0,0.0,0.0,9.0,0.25,1,1.0,Moderate,1,Moderate,1,0.0,1,1.0,MODERATE,Continue monitoring rainfall and historical flood conditions.
Himachal Pradesh,1992.0,1383.1,1256.7811965811966,126.31880341880333,10.050978146588006,0.0,Low,4.0,47.0,45.0,0.0,0.0,1.75,1,1.0,Moderate,1,Moderate,1,0.0,1,1.0,MODERATE,Continue monitoring rainfall and historical flood conditions.
Himachal Pradesh,1993.0,1128.3,1256.7811965811966,-128.48119658119663,-10.223036192035824,0.0,Low,1.0,58.0,0.0,0.0,12090.0,3.0,1,1.0,Moderate,1,Moderate,1,0.0,1,1.0,MODERATE,Continue monitoring rainfall and historical flood conditions.
Himachal Pradesh,1994.0,1410.2,1256.7811965811966,153.41880341880346,12.20728029955782,1.0,Moderate,13.0,160.0,14.0,0.0,15.0,1.3846153846153846,1,2.0,High,1,High,2,1.0,1,2.0,HIGH,Increase monitoring and prepare local response resources.
Himachal Pradesh,1995.0,1493.9,1256.7811965811966,237.1188034188035,18.867150786774527,1.0,Moderate,11.0,151.0,7.0,0.0,3537.0,1.0909090909090908,1,2.0,High,1,High,2,1.0,1,2.0,HIGH,Increase monitoring and prepare local response resources.
Himachal Pradesh,1996.0,1384.4,1256.7811965811966,127.61880341880352,10.15441699525447,0.0,Low,9.0,29.0,1.0,0.0,353.0,0.7777777777777778,1,1.0,Moderate,1,Moderate,1,0.0,1,1.0,MODERATE,Continue monitoring rainfall and historical flood conditions.
Himachal Pradesh,1997.0,1454.5,1256.7811965811966,197.71880341880345,15.732157988729858,1.0,Moderate,5.0,151.0,0.0,0.0,150.0,1.0,1,2.0,High,1,High,2,1.0,1,2.0,HIGH,Increase monitoring and prepare local response resources.
Himachal Pradesh,1998.0,1381.6,1256.7811965811966,124.81880341880333,9.93162562889595,0.0,Low,6.0,31.0,2.0,0.0,0.0,0.3333333333333333,1,1.0,Moderate,1,Moderate,1,0.0,1,1.0,MODERATE,Continue monitoring rainfall and historical flood conditions.
Himachal Pradesh,1999.0,1144.9,1256.7811965811966,-111.88119658119648,-8.902201662910398,0.0,Low,6.0,11.0,0.0,0.0,46.0,-0.1666666666666666,1,1.0,Moderate,1,Moderate,1,0.0,1,1.0,MODERATE,Continue monitoring rainfall and historical flood conditions.
Himachal Pradesh,2000.0,1068.4,1256.7811965811966,-188.3811965811965,-14.989180065205232,0.0,Low,8.0,192.0,23.0,0.0,1627.0,1.0,1,1.0,Moderate,1,Moderate,1,0.0,1,1.0,MODERATE,Continue monitoring rainfall and historical flood conditions.
Himachal Pradesh,2001.0,991.8,1256.7811965811966,-264.9811965811966,-21.08411530201288,0.0,Low,10.0,63.0,2.0,0.0,43.0,0.3,1,1.0,Moderate,1,Moderate,1,0.0,1,1.0,MODERATE,Continue monitoring rainfall and historical flood conditions.
Himachal Pradesh,2002.0,990.4,1256.7811965811966,-266.3811965811966,-21.19551098519213,0.0,Low,7.0,15.0,19.0,0.0,202.0,0.1428571428571428,1,1.0,Moderate,1,Moderate,1,0.0,1,1.0,MODERATE,Continue monitoring rainfall and historical flood conditions.
Himachal Pradesh,2003.0,1034.5,1256.7811965811966,-222.28119658119653,-17.686546965045693,0.0,Low,10.0,161.0,68.0,0.0,0.0,0.4,1,1.0,Moderate,1,Moderate,1,0.0,1,1.0,MODERATE,Continue monitoring rainfall and historical flood conditions.
Himachal Pradesh,2004.0,878.5,1256.7811965811966,-378.2811965811966,-30.099208805019472,0.0,Low,5.0,3.0,50.0,0.0,0.0,-0.2,1,1.0,Moderate,1,Moderate,1,0.0,1,1.0,MODERATE,Continue monitoring rainfall and historical flood conditions.
Himachal Pradesh,2005.0,1248.5,1256.7811965811966,-8.281196581196582,-0.6589211076457699,0.0,Low,11.0,16.0,13.0,0.0,26.0,-0.2727272727272727,1,1.0,Moderate,1,Moderate,1,0.0,1,1.0,MODERATE,Continue monitoring rainfall and historical flood conditions.
Himachal Pradesh,2006.0,1218.4,1256.7811965811966,-38.38119658119649,-3.053928295999677,0.0,Low,11.0,18.0,15.0,0.0,42.0,-0.3636363636363636,1,1.0,Moderate,1,Moderate,1,0.0,1,1.0,MODERATE,Continue monitoring rainfall and historical flood conditions.
Himachal Pradesh,2007.0,1034.5,1256.7811965811966,-222.28119658119653,-17.686546965045693,0.0,Low,16.0,63.0,81.0,0.0,26.0,0.25,1,1.0,Moderate,1,Moderate,1,0.0,1,1.0,MODERATE,Continue monitoring rainfall and historical flood conditions.
Himachal Pradesh,2008.0,1114.2,1256.7811965811966,-142.58119658119654,-11.34494985834114,0.0,Low,14.0,41.0,3.0,0.0,3.0,-0.4285714285714285,1,1.0,Moderate,1,Moderate,1,0.0,1,1.0,MODERATE,Continue monitoring rainfall and historical flood conditions.
Himachal Pradesh,2009.0,956.5,1256.7811965811966,-300.2811965811966,-23.892877885032583,0.0,Low,1.0,2.0,0.0,0.0,0.0,1.0,1,1.0,Moderate,1,Moderate,1,0.0,1,1.0,MODERATE,Continue monitoring rainfall and historical flood conditions.
Himachal Pradesh,2010.0,1259.4,1256.7811965811966,2.618803418803509,0.2083738542498409,0.0,Low,6.0,8.0,2.0,0.0,0.0,0.1666666666666666,1,1.0,Moderate,1,Moderate,1,0.0,1,1.0,MODERATE,Continue monitoring rainfall and historical flood conditions.
Himachal Pradesh,2011.0,1108.3,1256.7811965811966,-148.48119658119663,-11.814403094596566,0.0,Low,9.0,2.0,12.0,0.0,4.0,-0.5555555555555556,1,1.0,Moderate,1,Moderate,1,0.0,1,1.0,MODERATE,Continue monitoring rainfall and historical flood conditions.
Himachal Pradesh,2012.0,951.6,1256.7811965811966,-305.18119658119656,-24.28276277615996,0.0,Low,4.0,9.0,11.0,0.0,0.0,0.25,1,1.0,Moderate,1,Moderate,1,0.0,1,1.0,MODERATE,Continue monitoring rainfall and historical flood conditions.
Himachal Pradesh,2013.0,1211.9,1256.7811965811966,-44.88119658119649,-3.571122539331918,0.0,Low,8.0,20.0,33.0,0.0,200.0,0.75,1,1.0,Moderate,1,Moderate,1,0.0,1,1.0,MODERATE,Continue monitoring rainfall and historical flood conditions.
Himachal Pradesh,2014.0,1008.7,1256.7811965811966,-248.0811965811965,-19.739410269349044,0.0,Low,4.0,14.0,9.0,0.0,0.0,1.25,1,1.0,Moderate,1,Moderate,1,0.0,1,1.0,MODERATE,Continue monitoring rainfall and historical flood conditions.
Himachal Pradesh,2015.0,1210.5,1256.7811965811966,-46.28119658119658,-3.682518222511177,0.0,Low,7.0,24.0,0.0,0.0,0.0,1.0,1,1.0,Moderate,1,Moderate,1,0.0,1,1.0,MODERATE,Continue monitoring rainfall and historical flood conditions.
Himachal Pradesh,2016.0,921.5,1256.7811965811966,-335.2811965811966,-26.677769964513875,0.0,Low,10.0,17.0,11.0,0.0,113.0,0.6,1,1.0,Moderate,1,Moderate,1,0.0,1,1.0,MODERATE,Continue monitoring rainfall and historical flood conditions.
Himachal Pradesh,2017.0,1182.2,1256.7811965811966,-74.58119658119654,-5.934302389634621,0.0,Low,10.0,64.0,0.0,0.0,500.0,0.9,1,1.0,Moderate,1,Moderate,1,0.0,1,1.0,MODERATE,Continue monitoring rainfall and historical flood conditions.
Himachal Pradesh,2018.0,,,,,,,3.0,27.0,0.0,5.0,0.0,1.6666666666666667,1,1.0,Moderate,0,Historical Flood Signal,2,0.0,1,1.0,MODERATE,Continue monitoring rainfall and historical flood conditions.
Himachal Pradesh,2019.0,,,,,,,6.0,26.0,12.0,0.0,0.0,-0.1666666666666666,1,1.0,Moderate,0,Historical Flood Signal,2,0.0,1,1.0,MODERATE,Continue monitoring rainfall and historical flood conditions.
Himachal Pradesh,2020.0,,,,,,,5.0,38.0,2.0,0.0,88.0,1.0,1,1.0,Moderate,0,Historical Flood Signal,2,0.0,1,1.0,MODERATE,Continue monitoring rainfall and historical flood conditions.
Himachal Pradesh,2021.0,,,,,,,10.0,61.0,15.0,4.0,0.0,1.3,1,1.0,Moderate,0,Historical Flood Signal,2,0.0,1,1.0,MODERATE,Continue monitoring rainfall and historical flood conditions.
Himachal Pradesh,2022.0,,,,,,,43.0,75.0,32.0,11.0,37.0,0.0930232558139534,1,1.0,Moderate,0,Historical Flood Signal,2,0.0,1,1.0,MODERATE,Continue monitoring rainfall and historical flood conditions.
Himachal Pradesh,2023.0,,,,,,,51.0,123.0,17.0,6.0,70.0,0.1764705882352941,1,1.0,Moderate,0,Historical Flood Signal,2,0.0,1,1.0,MODERATE,Continue monitoring rainfall and historical flood conditions.
"Himachal Pradesh, Uttar Pradesh",1969.0,,,,,,,1.0,0.0,0.0,0.0,0.0,-1.0,1,1.0,Moderate,0,Historical Flood Signal,2,0.0,1,1.0,MODERATE,Continue monitoring rainfall and historical flood conditions.
"Himachal Pradesh, Uttar Pradesh, Bihar, West Bengal",1973.0,,,,,,,1.0,144.0,0.0,0.0,0.0,4.0,1,1.0,Moderate,0,Historical Flood Signal,2,0.0,1,1.0,MODERATE,Continue monitoring rainfall and historical flood conditions.
Jammu and Kashmir,1901.0,979.9,1138.8422413793105,-158.94224137931053,-13.956475761454668,0.0,Low,0.0,0.0,0.0,0.0,0.0,,0,0.0,Low,1,Low,0,0.0,0,0.0,LOW,Routine monitoring recommended.
Jammu and Kashmir,1902.0,760.5,1138.8422413793105,-378.3422413793105,-33.22165508377005,0.0,Low,0.0,0.0,0.0,0.0,0.0,,0,0.0,Low,1,Low,0,0.0,0,0.0,LOW,Routine monitoring recommended.
Jammu and Kashmir,1903.0,1286.6,1138.8422413793105,147.7577586206894,12.974383391481192,1.0,Moderate,0.0,0.0,0.0,0.0,0.0,,0,1.0,Moderate,1,Moderate,1,1.0,0,1.0,MODERATE,Continue monitoring rainfall and historical flood conditions.
Jammu and Kashmir,1904.0,982.2,1138.8422413793105,-156.64224137931046,-13.754516269926286,0.0,Low,0.0,0.0,0.0,0.0,0.0,,0,0.0,Low,1,Low,0,0.0,0,0.0,LOW,Routine monitoring recommended.
Jammu and Kashmir,1905.0,1157.7,1138.8422413793105,18.857758620689538,1.6558710184344705,0.0,Low,0.0,0.0,0.0,0.0,0.0,,0,0.0,Low,1,Low,0,0.0,0,0.0,LOW,Routine monitoring recommended.
Jammu and Kashmir,1906.0,1193.1,1138.8422413793105,54.2577586206894,4.764291018479876,0.0,Low,0.0,0.0,0.0,0.0,0.0,,0,0.0,Low,1,Low,0,0.0,0,0.0,LOW,Routine monitoring recommended.
Jammu and Kashmir,1907.0,1069.6,1138.8422413793105,-69.2422413793106,-6.0800555918480645,0.0,Low,0.0,0.0,0.0,0.0,0.0,,0,0.0,Low,1,Low,0,0.0,0,0.0,LOW,Routine monitoring recommended.
Jammu and Kashmir,1908.0,1227.3,1138.8422413793105,88.45775862068945,7.767340849032232,0.0,Low,0.0,0.0,0.0,0.0,0.0,,0,0.0,Low,1,Low,0,0.0,0,0.0,LOW,Routine monitoring recommended.
Jammu and Kashmir,1909.0,1339.9,1138.8422413793105,201.0577586206896,17.654575086464845,1.0,Moderate,0.0,0.0,0.0,0.0,0.0,,0,1.0,Moderate,1,Moderate,1,1.0,0,1.0,MODERATE,Continue monitoring rainfall and historical flood conditions.
Jammu and Kashmir,1910.0,1109.4,1138.8422413793105,-29.442241379310417,-2.585278303661392,0.0,Low,0.0,0.0,0.0,0.0,0.0,,0,0.0,Low,1,Low,0,0.0,0,0.0,LOW,Routine monitoring recommended.
Jammu and Kashmir,1911.0,1280.2,1138.8422413793105,141.35775862068954,12.412409154184855,1.0,Moderate,0.0,0.0,0.0,0.0,0.0,,0,1.0,Moderate,1,Moderate,1,1.0,0,1.0,MODERATE,Continue monitoring rainfall and historical flood conditions.
Jammu and Kashmir,1912.0,936.7,1138.8422413793105,-202.1422413793105,-17.749801863205004,0.0,Low,0.0,0.0,0.0,0.0,0.0,,0,0.0,Low,1,Low,0,0.0,0,0.0,LOW,Routine monitoring recommended.
Jammu and Kashmir,1913.0,1000.2,1138.8422413793105,-138.64224137931046,-12.173963727530312,0.0,Low,0.0,0.0,0.0,0.0,0.0,,0,0.0,Low,1,Low,0,0.0,0,0.0,LOW,Routine monitoring recommended.
Jammu and Kashmir,1914.0,1692.1,1138.8422413793105,553.2577586206894,48.58071983267941,2.0,High,0.0,0.0,0.0,0.0,0.0,,0,2.0,High,1,High,2,2.0,0,2.0,HIGH,Increase monitoring and prepare local response resources.
Jammu and Kashmir,1915.0,963.9,1138.8422413793105,-174.94224137931053,-15.361411354695534,0.0,Low,0.0,0.0,0.0,0.0,0.0,,0,0.0,Low,1,Low,0,0.0,0,0.0,LOW,Routine monitoring recommended.
Jammu and Kashmir,1916.0,1034.3,1138.8422413793105,-104.54224137931055,-9.179694744435722,0.0,Low,0.0,0.0,0.0,0.0,0.0,,0,0.0,Low,1,Low,0,0.0,0,0.0,LOW,Routine monitoring recommended.
Jammu and Kashmir,1917.0,1386.1,1138.8422413793105,247.2577586206894,21.71132661194784,1.0,Moderate,0.0,0.0,0.0,0.0,0.0,,0,1.0,Moderate,1,Moderate,1,1.0,0,1.0,MODERATE,Continue monitoring rainfall and historical flood conditions.
Jammu and Kashmir,1918.0,916.5,1138.8422413793105,-222.3422413793105,-19.5235330496716,0.0,Low,0.0,0.0,0.0,0.0,0.0,,0,0.0,Low,1,Low,0,0.0,0,0.0,LOW,Routine monitoring recommended.
Jammu and Kashmir,1919.0,1189.2,1138.8422413793105,50.35775862068954,4.421837967627427,0.0,Low,0.0,0.0,0.0,0.0,0.0,,0,0.0,Low,1,Low,0,0.0,0,0.0,LOW,Routine monitoring recommended.
Jammu and Kashmir,1920.0,889.9,1138.8422413793105,-248.94224137931053,-21.859238473434544,0.0,Low,0.0,0.0,0.0,0.0,0.0,,0,0.0,Low,1,Low,0,0.0,0,0.0,LOW,Routine monitoring recommended.
Jammu and Kashmir,1921.0,1057.6,1138.8422413793105,-81.2422413793106,-7.133757286778715,0.0,Low,0.0,0.0,0.0,0.0,0.0,,0,0.0,Low,1,Low,0,0.0,0,0.0,LOW,Routine monitoring recommended.
Jammu and Kashmir,1922.0,890.8,1138.8422413793105,-248.04224137931047,-21.780210846314745,0.0,Low,0.0,0.0,0.0,0.0,0.0,,0,0.0,Low,1,Low,0,0.0,0,0.0,LOW,Routine monitoring recommended.
Jammu and Kashmir,1923.0,1264.3,1138.8422413793105,125.45775862068945,11.016254408401736,0.0,Low,0.0,0.0,0.0,0.0,0.0,,0,0.0,Low,1,Low,0,0.0,0,0.0,LOW,Routine monitoring recommended.
Jammu and Kashmir,1924.0,1182.2,1138.8422413793105,43.35775862068954,3.807178645584548,0.0,Low,0.0,0.0,0.0,0.0,0.0,,0,0.0,Low,1,Low,0,0.0,0,0.0,LOW,Routine monitoring recommended.
Jammu and Kashmir,1925.0,1013.3,1138.8422413793105,-125.54224137931055,-11.02367271056436,0.0,Low,0.0,0.0,0.0,0.0,0.0,,0,0.0,Low,1,Low,0,0.0,0,0.0,LOW,Routine monitoring recommended.
Jammu and Kashmir,1926.0,1123.6,1138.8422413793105,-15.2422413793106,-1.338397964660139,0.0,Low,0.0,0.0,0.0,0.0,0.0,,0,0.0,Low,1,Low,0,0.0,0,0.0,LOW,Routine monitoring recommended.
Jammu and Kashmir,1927.0,973.1,1138.8422413793105,-165.74224137931049,-14.553573388582034,0.0,Low,0.0,0.0,0.0,0.0,0.0,,0,0.0,Low,1,Low,0,0.0,0,0.0,LOW,Routine monitoring recommended.
Jammu and Kashmir,1928.0,1291.0,1138.8422413793105,152.1577586206895,13.360740679622438,1.0,Moderate,0.0,0.0,0.0,0.0,0.0,,0,1.0,Moderate,1,Moderate,1,1.0,0,1.0,MODERATE,Continue monitoring rainfall and historical flood conditions.
Jammu and Kashmir,1929.0,1102.7,1138.8422413793105,-36.14224137931046,-3.1735950833310094,0.0,Low,0.0,0.0,0.0,0.0,0.0,,0,0.0,Low,1,Low,0,0.0,0,0.0,LOW,Routine monitoring recommended.
Jammu and Kashmir,1930.0,1168.0,1138.8422413793105,29.15775862068949,2.5602983065832743,0.0,Low,0.0,0.0,0.0,0.0,0.0,,0,0.0,Low,1,Low,0,0.0,0,0.0,LOW,Routine monitoring recommended.
Jammu and Kashmir,1931.0,955.0,1138.8422413793105,-183.8422413793105,-16.142906778435766,0.0,Low,0.0,0.0,0.0,0.0,0.0,,0,0.0,Low,1,Low,0,0.0,0,0.0,LOW,Routine monitoring recommended.
Jammu and Kashmir,1932.0,1039.4,1138.8422413793105,-99.44224137931042,-8.731871524090185,0.0,Low,0.0,0.0,0.0,0.0,0.0,,0,0.0,Low,1,Low,0,0.0,0,0.0,LOW,Routine monitoring recommended.
Jammu and Kashmir,1933.0,1187.7,1138.8422413793105,48.85775862068954,4.290125255761096,0.0,Low,0.0,0.0,0.0,0.0,0.0,,0,0.0,Low,1,Low,0,0.0,0,0.0,LOW,Routine monitoring recommended.
Jammu and Kashmir,1934.0,803.1,1138.8422413793105,-335.7422413793105,-29.48101406676624,0.0,Low,0.0,0.0,0.0,0.0,0.0,,0,0.0,Low,1,Low,0,0.0,0,0.0,LOW,Routine monitoring recommended.
Jammu and Kashmir,1935.0,1085.5,1138.8422413793105,-53.34224137931051,-4.683900846064945,0.0,Low,0.0,0.0,0.0,0.0,0.0,,0,0.0,Low,1,Low,0,0.0,0,0.0,LOW,Routine monitoring recommended.
Jammu and Kashmir,1936.0,1140.8,1138.8422413793105,1.9577586206894464,0.1719077980737968,0.0,Low,0.0,0.0,0.0,0.0,0.0,,0,0.0,Low,1,Low,0,0.0,0,0.0,LOW,Routine monitoring recommended.
Jammu and Kashmir,1937.0,939.6,1138.8422413793105,-199.24224137931049,-17.495157286930095,0.0,Low,0.0,0.0,0.0,0.0,0.0,,0,0.0,Low,1,Low,0,0.0,0,0.0,LOW,Routine monitoring recommended.
Jammu and Kashmir,1938.0,1061.7,1138.8422413793105,-77.14224137931046,-6.77374254101073,0.0,Low,0.0,0.0,0.0,0.0,0.0,,0,0.0,Low,1,Low,0,0.0,0,0.0,LOW,Routine monitoring recommended.
Jammu and Kashmir,1939.0,1003.5,1138.8422413793105,-135.3422413793105,-11.884195761424388,0.0,Low,0.0,0.0,0.0,0.0,0.0,,0,0.0,Low,1,Low,0,0.0,0,0.0,LOW,Routine monitoring recommended.
Jammu and Kashmir,1940.0,878.3,1138.8422413793105,-260.5422413793105,-22.87781677853417,0.0,Low,0.0,0.0,0.0,0.0,0.0,,0,0.0,Low,1,Low,0,0.0,0,0.0,LOW,Routine monitoring recommended.
Jammu and Kashmir,1941.0,871.6,1138.8422413793105,-267.2422413793105,-23.46613355820378,0.0,Low,0.0,0.0,0.0,0.0,0.0,,0,0.0,Low,1,Low,0,0.0,0,0.0,LOW,Routine monitoring recommended.
Jammu and Kashmir,1942.0,1239.8,1138.8422413793105,100.95775862068945,8.86494678125166,0.0,Low,0.0,0.0,0.0,0.0,0.0,,0,0.0,Low,1,Low,0,0.0,0,0.0,LOW,Routine monitoring recommended.
Jammu and Kashmir,1943.0,1167.7,1138.8422413793105,28.857758620689538,2.5339557642100123,0.0,Low,0.0,0.0,0.0,0.0,0.0,,0,0.0,Low,1,Low,0,0.0,0,0.0,LOW,Routine monitoring recommended.
Jammu and Kashmir,1944.0,1051.0,1138.8422413793105,-87.84224137931051,-7.713293218990564,0.0,Low,0.0,0.0,0.0,0.0,0.0,,0,0.0,Low,1,Low,0,0.0,0,0.0,LOW,Routine monitoring recommended.
Jammu and Kashmir,1945.0,856.2,1138.8422413793105,-282.64224137931046,-24.818384066698112,0.0,Low,0.0,0.0,0.0,0.0,0.0,,0,0.0,Low,1,Low,0,0.0,0,0.0,LOW,Routine monitoring recommended.
Jammu and Kashmir,1946.0,922.3,1138.8422413793105,-216.54224137931047,-19.01424389712179,0.0,Low,0.0,0.0,0.0,0.0,0.0,,0,0.0,Low,1,Low,0,0.0,0,0.0,LOW,Routine monitoring recommended.
Jammu and Kashmir,1947.0,914.0,1138.8422413793105,-224.8422413793105,-19.743054236115487,0.0,Low,0.0,0.0,0.0,0.0,0.0,,0,0.0,Low,1,Low,0,0.0,0,0.0,LOW,Routine monitoring recommended.
Jammu and Kashmir,1948.0,1183.1,1138.8422413793105,44.2577586206894,3.8862062727043343,0.0,Low,0.0,0.0,0.0,0.0,0.0,,0,0.0,Low,1,Low,0,0.0,0,0.0,LOW,Routine monitoring recommended.
Jammu and Kashmir,1949.0,946.9,1138.8422413793105,-191.94224137931053,-16.854155422513955,0.0,Low,0.0,0.0,0.0,0.0,0.0,,0,0.0,Low,1,Low,0,0.0,0,0.0,LOW,Routine monitoring recommended.
Jammu and Kashmir,1950.0,1523.1,1138.8422413793105,384.2577586206894,33.74108762907275,1.0,Moderate,0.0,0.0,0.0,0.0,0.0,,0,1.0,Moderate,1,Moderate,1,1.0,0,1.0,MODERATE,Continue monitoring rainfall and historical flood conditions.
Jammu and Kashmir,1951.0,963.0,1138.8422413793105,-175.8422413793105,-15.440438981815332,0.0,Low,0.0,0.0,0.0,0.0,0.0,,0,0.0,Low,1,Low,0,0.0,0,0.0,LOW,Routine monitoring recommended.
Jammu and Kashmir,1952.0,1069.6,1138.8422413793105,-69.2422413793106,-6.0800555918480645,0.0,Low,0.0,0.0,0.0,0.0,0.0,,0,0.0,Low,1,Low,0,0.0,0,0.0,LOW,Routine monitoring recommended.
Jammu and Kashmir,1953.0,1229.6,1138.8422413793105,90.7577586206894,7.969300340560603,0.0,Low,0.0,0.0,0.0,0.0,0.0,,0,0.0,Low,1,Low,0,0.0,0,0.0,LOW,Routine monitoring recommended.
Jammu and Kashmir,1954.0,1307.1,1138.8422413793105,168.2577586206894,14.774457120321053,1.0,Moderate,0.0,0.0,0.0,0.0,0.0,,0,1.0,Moderate,1,Moderate,1,1.0,0,1.0,MODERATE,Continue monitoring rainfall and historical flood conditions.
Jammu and Kashmir,1955.0,1156.4,1138.8422413793105,17.557758620689583,1.5417200014836538,0.0,Low,0.0,0.0,0.0,0.0,0.0,,0,0.0,Low,1,Low,0,0.0,0,0.0,LOW,Routine monitoring recommended.
Jammu and Kashmir,1956.0,1520.8,1138.8422413793105,381.9577586206895,33.53912813754438,1.0,Moderate,0.0,0.0,0.0,0.0,0.0,,0,1.0,Moderate,1,Moderate,1,1.0,0,1.0,MODERATE,Continue monitoring rainfall and historical flood conditions.
Jammu and Kashmir,1957.0,1520.3,1138.8422413793105,381.4577586206895,33.4952239002556,1.0,Moderate,0.0,0.0,0.0,0.0,0.0,,0,1.0,Moderate,1,Moderate,1,1.0,0,1.0,MODERATE,Continue monitoring rainfall and historical flood conditions.
Jammu and Kashmir,1958.0,1350.4,1138.8422413793105,211.5577586206896,18.57656406952916,1.0,Moderate,0.0,0.0,0.0,0.0,0.0,,0,1.0,Moderate,1,Moderate,1,1.0,0,1.0,MODERATE,Continue monitoring rainfall and historical flood conditions.
Jammu and Kashmir,1959.0,1550.3,1138.8422413793105,411.4577586206895,36.12947813758223,2.0,High,0.0,0.0,0.0,0.0,0.0,,0,2.0,High,1,High,2,2.0,0,2.0,HIGH,Increase monitoring and prepare local response resources.
Jammu and Kashmir,1960.0,766.4,1138.8422413793105,-372.4422413793105,-32.70358508376248,0.0,Low,0.0,0.0,0.0,0.0,0.0,,0,0.0,Low,1,Low,0,0.0,0,0.0,LOW,Routine monitoring recommended.
Jammu and Kashmir,1961.0,1138.2,1138.8422413793105,-0.6422413793104624,-0.056394235827836,0.0,Low,0.0,0.0,0.0,0.0,0.0,,0,0.0,Low,1,Low,0,0.0,0,0.0,LOW,Routine monitoring recommended.
Jammu and Kashmir,1962.0,930.3,1138.8422413793105,-208.54224137931047,-18.311776100501355,0.0,Low,0.0,0.0,0.0,0.0,0.0,,0,0.0,Low,1,Low,0,0.0,0,0.0,LOW,Routine monitoring recommended.
Jammu and Kashmir,1963.0,909.2,1138.8422413793105,-229.6422413793105,-20.164534914087746,0.0,Low,0.0,0.0,0.0,0.0,0.0,,0,0.0,Low,1,Low,0,0.0,0,0.0,LOW,Routine monitoring recommended.
Jammu and Kashmir,1964.0,946.2,1138.8422413793105,-192.6422413793105,-16.915621354718237,0.0,Low,0.0,0.0,0.0,0.0,0.0,,0,0.0,Low,1,Low,0,0.0,0,0.0,LOW,Routine monitoring recommended.
Jammu and Kashmir,1965.0,912.6,1138.8422413793105,-226.24224137931049,-19.86598610052406,0.0,Low,0.0,0.0,0.0,0.0,0.0,,0,0.0,Low,1,Low,0,0.0,0,0.0,LOW,Routine monitoring recommended.
Jammu and Kashmir,1966.0,1378.9,1138.8422413793105,240.0577586206896,21.079105594989457,1.0,Moderate,0.0,0.0,0.0,0.0,0.0,,0,1.0,Moderate,1,Moderate,1,1.0,0,1.0,MODERATE,Continue monitoring rainfall and historical flood conditions.
Jammu and Kashmir,1967.0,1091.3,1138.8422413793105,-47.54224137931055,-4.174611693515135,0.0,Low,0.0,0.0,0.0,0.0,0.0,,0,0.0,Low,1,Low,0,0.0,0,0.0,LOW,Routine monitoring recommended.
Jammu and Kashmir,1968.0,1065.6,1138.8422413793105,-73.2422413793106,-6.431289490158281,0.0,Low,0.0,0.0,0.0,0.0,0.0,,0,0.0,Low,1,Low,0,0.0,0,0.0,LOW,Routine monitoring recommended.
Jammu and Kashmir,1969.0,1095.6,1138.8422413793105,-43.2422413793106,-3.797035252831656,0.0,Low,0.0,0.0,0.0,0.0,0.0,,0,0.0,Low,1,Low,0,0.0,0,0.0,LOW,Routine monitoring recommended.
Jammu and Kashmir,1970.0,657.0,1138.8422413793105,-481.8422413793105,-42.30983220254691,0.0,Low,0.0,0.0,0.0,0.0,0.0,,0,0.0,Low,1,Low,0,0.0,0,0.0,LOW,Routine monitoring recommended.
Jammu and Kashmir,1971.0,764.7,1138.8422413793105,-374.14224137931046,-32.85285949054432,0.0,Low,1.0,0.0,0.0,0.0,0.0,-1.0,1,1.0,Moderate,1,Moderate,1,0.0,1,1.0,MODERATE,Continue monitoring rainfall and historical flood conditions.
Jammu and Kashmir,1972.0,1145.6,1138.8422413793105,6.757758620689401,0.5933884760460528,0.0,Low,2.0,0.0,0.0,0.0,0.0,-1.0,1,1.0,Moderate,1,Moderate,1,0.0,1,1.0,MODERATE,Continue monitoring rainfall and historical flood conditions.
Jammu and Kashmir,1973.0,1100.5,1138.8422413793105,-38.34224137931051,-3.3667737274016325,0.0,Low,1.0,0.0,0.0,0.0,0.0,-1.0,1,1.0,Moderate,1,Moderate,1,0.0,1,1.0,MODERATE,Continue monitoring rainfall and historical flood conditions.
Jammu and Kashmir,1974.0,802.6,1138.8422413793105,-336.2422413793105,-29.52491830405502,0.0,Low,0.0,0.0,0.0,0.0,0.0,,0,0.0,Low,1,Low,0,0.0,0,0.0,LOW,Routine monitoring recommended.
Jammu and Kashmir,1975.0,1180.4,1138.8422413793105,41.55775862068958,3.649123391344954,0.0,Low,0.0,0.0,0.0,0.0,0.0,,0,0.0,Low,1,Low,0,0.0,0,0.0,LOW,Routine monitoring recommended.
Jammu and Kashmir,1976.0,1023.7,1138.8422413793105,-115.14224137931046,-10.110464574957788,0.0,Low,2.0,68.0,0.0,0.0,0.0,1.0,1,1.0,Moderate,1,Moderate,1,0.0,1,1.0,MODERATE,Continue monitoring rainfall and historical flood conditions.
Jammu and Kashmir,1977.0,955.0,1138.8422413793105,-183.8422413793105,-16.142906778435766,0.0,Low,0.0,0.0,0.0,0.0,0.0,,0,0.0,Low,1,Low,0,0.0,0,0.0,LOW,Routine monitoring recommended.
Jammu and Kashmir,1978.0,1061.6,1138.8422413793105,-77.2422413793106,-6.782523388468498,0.0,Low,2.0,0.0,0.0,0.0,0.0,-1.0,1,1.0,Moderate,1,Moderate,1,0.0,1,1.0,MODERATE,Continue monitoring rainfall and historical flood conditions.
Jammu and Kashmir,1979.0,1077.4,1138.8422413793105,-61.44224137931042,-5.395149490143126,0.0,Low,3.0,8.0,0.0,0.0,0.0,0.0,1,1.0,Moderate,1,Moderate,1,0.0,1,1.0,MODERATE,Continue monitoring rainfall and historical flood conditions.
Jammu and Kashmir,1980.0,1017.9,1138.8422413793105,-120.94224137931052,-10.619753727507607,0.0,Low,1.0,1.0,1.0,0.0,0.0,1.0,1,1.0,Moderate,1,Moderate,1,0.0,1,1.0,MODERATE,Continue monitoring rainfall and historical flood conditions.
Jammu and Kashmir,1981.0,1135.5,1138.8422413793105,-3.342241379310508,-0.2934771171872363,0.0,Low,3.0,12.0,11.0,0.0,0.0,0.6666666666666666,1,1.0,Moderate,1,Moderate,1,0.0,1,1.0,MODERATE,Continue monitoring rainfall and historical flood conditions.
Jammu and Kashmir,1982.0,1202.2,1138.8422413793105,63.35775862068954,5.563348137135631,0.0,Low,3.0,12.0,9.0,0.0,0.0,0.0,1,1.0,Moderate,1,Moderate,1,0.0,1,1.0,MODERATE,Continue monitoring rainfall and historical flood conditions.
Jammu and Kashmir,1983.0,1485.2,1138.8422413793105,346.35775862068954,30.41314644258346,1.0,Moderate,6.0,23.0,4.0,0.0,26.0,0.8333333333333334,1,2.0,High,1,High,2,1.0,1,2.0,HIGH,Increase monitoring and prepare local response resources.
Jammu and Kashmir,1984.0,1157.4,1138.8422413793105,18.557758620689583,1.629528476061208,0.0,Low,7.0,22.0,0.0,0.0,12.0,0.1428571428571428,1,1.0,Moderate,1,Moderate,1,0.0,1,1.0,MODERATE,Continue monitoring rainfall and historical flood conditions.
Jammu and Kashmir,1985.0,1167.1,1138.8422413793105,28.2577586206894,2.481270679463468,0.0,Low,4.0,20.0,50.0,0.0,0.0,1.25,1,1.0,Moderate,1,Moderate,1,0.0,1,1.0,MODERATE,Continue monitoring rainfall and historical flood conditions.
Jammu and Kashmir,1986.0,1521.0,1138.8422413793105,382.1577586206895,33.556689832459895,1.0,Moderate,8.0,46.0,0.0,0.0,0.0,1.125,1,2.0,High,1,High,2,1.0,1,2.0,HIGH,Increase monitoring and prepare local response resources.
Jammu and Kashmir,1987.0,1216.0,1138.8422413793105,77.15775862068949,6.775105086305874,0.0,Low,5.0,52.0,0.0,0.0,0.0,1.0,1,1.0,Moderate,1,Moderate,1,0.0,1,1.0,MODERATE,Continue monitoring rainfall and historical flood conditions.
Jammu and Kashmir,1988.0,1670.9,1138.8422413793105,532.0577586206896,46.71918017163528,2.0,High,9.0,133.0,7.0,0.0,0.0,1.3333333333333333,1,3.0,Critical,1,Critical,3,2.0,1,3.0,CRITICAL,Immediate emergency monitoring and preparedness recommended.
Jammu and Kashmir,1989.0,1216.0,1138.8422413793105,77.15775862068949,6.775105086305874,0.0,Low,5.0,19.0,34.0,0.0,0.0,0.4,1,1.0,Moderate,1,Moderate,1,0.0,1,1.0,MODERATE,Continue monitoring rainfall and historical flood conditions.
Jammu and Kashmir,1990.0,1574.0,1138.8422413793105,435.1577586206895,38.21053898507027,2.0,High,4.0,61.0,25.0,0.0,0.0,2.0,1,3.0,Critical,1,Critical,3,2.0,1,3.0,CRITICAL,Immediate emergency monitoring and preparedness recommended.
Jammu and Kashmir,1991.0,1448.8,1138.8422413793105,309.95775862068945,27.21691796796048,1.0,Moderate,1.0,21.0,0.0,0.0,0.0,2.0,1,2.0,High,1,High,2,1.0,1,2.0,HIGH,Increase monitoring and prepare local response resources.
Jammu and Kashmir,1992.0,1478.1,1138.8422413793105,339.2577586206894,29.789706273082817,1.0,Moderate,1.0,350.0,0.0,0.0,11185.0,4.0,1,2.0,High,1,High,2,1.0,1,2.0,HIGH,Increase monitoring and prepare local response resources.
Jammu and Kashmir,1993.0,1243.8,1138.8422413793105,104.95775862068945,9.216180679561877,0.0,Low,2.0,52.0,0.0,0.0,0.0,2.5,1,1.0,Moderate,1,Moderate,1,0.0,1,1.0,MODERATE,Continue monitoring rainfall and historical flood conditions.
Jammu and Kashmir,1994.0,1732.5,1138.8422413793105,593.6577586206895,52.1281822056126,2.0,High,2.0,43.0,0.0,0.0,0.0,2.0,1,3.0,Critical,1,Critical,3,2.0,1,3.0,CRITICAL,Immediate emergency monitoring and preparedness recommended.
Jammu and Kashmir,1995.0,1619.6,1138.8422413793105,480.7577586206894,42.21460542580673,2.0,High,1.0,104.0,0.0,0.0,0.0,4.0,1,3.0,Critical,1,Critical,3,2.0,1,3.0,CRITICAL,Immediate emergency monitoring and preparedness recommended.
Jammu and Kashmir,1996.0,1620.4,1138.8422413793105,481.5577586206896,42.2848522054688,2.0,High,5.0,263.0,0.0,0.0,0.0,1.4,1,3.0,Critical,1,Critical,3,2.0,1,3.0,CRITICAL,Immediate emergency monitoring and preparedness recommended.
Jammu and Kashmir,1997.0,1295.9,1138.8422413793105,157.05775862068958,13.79100220505246,1.0,Moderate,1.0,48.0,0.0,0.0,4809.0,3.0,1,2.0,High,1,High,2,1.0,1,2.0,HIGH,Increase monitoring and prepare local response resources.
Jammu and Kashmir,1998.0,1325.9,1138.8422413793105,187.0577586206896,16.425256442379084,1.0,Moderate,0.0,0.0,0.0,0.0,0.0,,0,1.0,Moderate,1,Moderate,1,1.0,0,1.0,MODERATE,Continue monitoring rainfall and historical flood conditions.
Jammu and Kashmir,1999.0,890.3,1138.8422413793105,-248.54224137931047,-21.824115083603523,0.0,Low,1.0,0.0,0.0,0.0,0.0,-1.0,1,1.0,Moderate,1,Moderate,1,0.0,1,1.0,MODERATE,Continue monitoring rainfall and historical flood conditions.
Jammu and Kashmir,2000.0,984.6,1138.8422413793105,-154.24224137931049,-13.543775930940155,0.0,Low,1.0,0.0,0.0,0.0,0.0,-1.0,1,1.0,Moderate,1,Moderate,1,0.0,1,1.0,MODERATE,Continue monitoring rainfall and historical flood conditions.
Jammu and Kashmir,2001.0,952.7,1138.8422413793105,-186.1422413793105,-16.344866269964132,0.0,Low,0.0,0.0,0.0,0.0,0.0,,0,0.0,Low,1,Low,0,0.0,0,0.0,LOW,Routine monitoring recommended.
Jammu and Kashmir,2002.0,903.5,1138.8422413793105,-235.3422413793105,-20.665043219179804,0.0,Low,0.0,0.0,0.0,0.0,0.0,,0,0.0,Low,1,Low,0,0.0,0,0.0,LOW,Routine monitoring recommended.
Jammu and Kashmir,2003.0,1311.1,1138.8422413793105,172.2577586206894,15.125691018631269,1.0,Moderate,0.0,0.0,0.0,0.0,0.0,,0,1.0,Moderate,1,Moderate,1,1.0,0,1.0,MODERATE,Continue monitoring rainfall and historical flood conditions.
Jammu and Kashmir,2004.0,944.9,1138.8422413793105,-193.94224137931053,-17.029772371669065,0.0,Low,0.0,0.0,0.0,0.0,0.0,,0,0.0,Low,1,Low,0,0.0,0,0.0,LOW,Routine monitoring recommended.
Jammu and Kashmir,2005.0,1692.7,1138.8422413793105,553.8577586206895,48.63340491742596,2.0,High,1.0,11.0,0.0,0.0,0.0,2.0,1,3.0,Critical,1,Critical,3,2.0,1,3.0,CRITICAL,Immediate emergency monitoring and preparedness recommended.
Jammu and Kashmir,2006.0,1519.8,1138.8422413793105,380.9577586206895,33.451319662966824,1.0,Moderate,2.0,21.0,0.0,0.0,0.0,2.0,1,2.0,High,1,High,2,1.0,1,2.0,HIGH,Increase monitoring and prepare local response resources.
Jammu and Kashmir,2007.0,1023.5,1138.8422413793105,-115.34224137931052,-10.128026269873304,0.0,Low,1.0,2.0,4.0,0.0,0.0,1.0,1,1.0,Moderate,1,Moderate,1,0.0,1,1.0,MODERATE,Continue monitoring rainfall and historical flood conditions.
Jammu and Kashmir,2008.0,1224.5,1138.8422413793105,85.65775862068949,7.521477120215085,0.0,Low,3.0,3.0,2.0,0.0,0.0,-0.3333333333333333,1,1.0,Moderate,1,Moderate,1,0.0,1,1.0,MODERATE,Continue monitoring rainfall and historical flood conditions.
Jammu and Kashmir,2009.0,,,,,,,1.0,1.0,0.0,0.0,0.0,1.0,1,1.0,Moderate,0,Historical Flood Signal,2,0.0,1,1.0,MODERATE,Continue monitoring rainfall and historical flood conditions.
Jammu and Kashmir,2010.0,997.9,1138.8422413793105,-140.94224137931053,-12.375923219058691,0.0,Low,9.0,163.0,30.0,0.0,0.0,0.7777777777777778,1,1.0,Moderate,1,Moderate,1,0.0,1,1.0,MODERATE,Continue monitoring rainfall and historical flood conditions.
Jammu and Kashmir,2011.0,887.6,1138.8422413793105,-251.24224137931049,-22.061197964962915,0.0,Low,5.0,7.0,7.0,0.0,0.0,0.4,1,1.0,Moderate,1,Moderate,1,0.0,1,1.0,MODERATE,Continue monitoring rainfall and historical flood conditions.
Jammu and Kashmir,2012.0,1034.7,1138.8422413793105,-104.14224137931046,-9.144571354604691,0.0,Low,5.0,0.0,0.0,0.0,0.0,-1.0,1,1.0,Moderate,1,Moderate,1,0.0,1,1.0,MODERATE,Continue monitoring rainfall and historical flood conditions.
Jammu and Kashmir,2013.0,859.3,1138.8422413793105,-279.5422413793105,-24.546177795507703,0.0,Low,10.0,23.0,5.0,0.0,0.0,0.5,1,1.0,Moderate,1,Moderate,1,0.0,1,1.0,MODERATE,Continue monitoring rainfall and historical flood conditions.
Jammu and Kashmir,2014.0,1093.4,1138.8422413793105,-45.44224137931042,-3.990213896902259,0.0,Low,5.0,202.0,77.0,0.0,2500.0,0.4,1,1.0,Moderate,1,Moderate,1,0.0,1,1.0,MODERATE,Continue monitoring rainfall and historical flood conditions.
Jammu and Kashmir,2015.0,1572.8,1138.8422413793105,433.9577586206895,38.1051688155772,2.0,High,8.0,62.0,20.0,0.0,0.0,1.125,1,3.0,Critical,1,Critical,3,2.0,1,3.0,CRITICAL,Immediate emergency monitoring and preparedness recommended.
Jammu and Kashmir,2016.0,902.8,1138.8422413793105,-236.04224137931047,-20.726509151384096,0.0,Low,6.0,15.0,24.0,0.0,0.0,0.8333333333333334,1,1.0,Moderate,1,Moderate,1,0.0,1,1.0,MODERATE,Continue monitoring rainfall and historical flood conditions.
Jammu and Kashmir,2017.0,1278.9,1138.8422413793105,140.05775862068958,12.29825813723404,1.0,Moderate,7.0,13.0,13.0,0.0,0.0,0.2857142857142857,1,2.0,High,1,High,2,1.0,1,2.0,HIGH,Increase monitoring and prepare local response resources.
Jammu and Kashmir,2018.0,,,,,,,8.0,18.0,11.0,1.0,100.0,0.5,1,1.0,Moderate,0,Historical Flood Signal,2,0.0,1,1.0,MODERATE,Continue monitoring rainfall and historical flood conditions.
Jammu and Kashmir,2019.0,,,,,,,17.0,22.0,13.0,0.0,132.0,0.5882352941176471,1,1.0,Moderate,0,Historical Flood Signal,2,0.0,1,1.0,MODERATE,Continue monitoring rainfall and historical flood conditions.
Jammu and Kashmir,2020.0,,,,,,,9.0,13.0,4.0,0.0,36.0,0.3333333333333333,1,1.0,Moderate,0,Historical Flood Signal,2,0.0,1,1.0,MODERATE,Continue monitoring rainfall and historical flood conditions.
Jammu and Kashmir,2021.0,,,,,,,16.0,21.0,21.0,19.0,0.0,0.125,1,1.0,Moderate,0,Historical Flood Signal,2,0.0,1,1.0,MODERATE,Continue monitoring rainfall and historical flood conditions.
Jammu and Kashmir,2022.0,,,,,,,30.0,43.0,29.0,40.0,50.0,0.1666666666666666,1,1.0,Moderate,0,Historical Flood Signal,2,0.0,1,1.0,MODERATE,Continue monitoring rainfall and historical flood conditions.
Jammu and Kashmir,2023.0,,,,,,,22.0,40.0,19.0,1.0,22.0,0.4545454545454545,1,1.0,Moderate,0,Historical Flood Signal,2,0.0,1,1.0,MODERATE,Continue monitoring rainfall and historical flood conditions.
"Jammu and Kashmir, Delhi, Punjab",1969.0,,,,,,,1.0,0.0,0.0,0.0,0.0,-1.0,1,1.0,Moderate,0,Historical Flood Signal,2,0.0,1,1.0,MODERATE,Continue monitoring rainfall and historical flood conditions.
"Jammu and Kashmir, Punjab, Uttar Pradesh, Assam, Arunachal Pradesh",1973.0,,,,,,,1.0,268.0,0.0,0.0,0.0,4.0,1,1.0,Moderate,0,Historical Flood Signal,2,0.0,1,1.0,MODERATE,Continue monitoring rainfall and historical flood conditions.
Jharkhand,1901.0,1274.5,1307.6897435897438,-33.189743589743784,-2.538044192243529,0.0,Low,0.0,0.0,0.0,0.0,0.0,,0,0.0,Low,1,Low,0,0.0,0,0.0,LOW,Routine monitoring recommended.
Jharkhand,1902.0,1197.6,1307.6897435897438,-110.08974358974388,-8.418643958125429,0.0,Low,0.0,0.0,0.0,0.0,0.0,,0,0.0,Low,1,Low,0,0.0,0,0.0,LOW,Routine monitoring recommended.
Jharkhand,1903.0,1174.3,1307.6897435897438,-133.38974358974383,-10.200412157670916,0.0,Low,0.0,0.0,0.0,0.0,0.0,,0,0.0,Low,1,Low,0,0.0,0,0.0,LOW,Routine monitoring recommended.
Jharkhand,1904.0,1480.7,1307.6897435897438,173.01025641025626,13.230222020043165,1.0,Moderate,0.0,0.0,0.0,0.0,0.0,,0,1.0,Moderate,1,Moderate,1,1.0,0,1.0,MODERATE,Continue monitoring rainfall and historical flood conditions.
Jharkhand,1905.0,1354.7,1307.6897435897438,47.01025641025626,3.594909009625497,0.0,Low,0.0,0.0,0.0,0.0,0.0,,0,0.0,Low,1,Low,0,0.0,0,0.0,LOW,Routine monitoring recommended.
Jharkhand,1906.0,1314.3,1307.6897435897438,6.61025641025617,0.5054911872376036,0.0,Low,0.0,0.0,0.0,0.0,0.0,,0,0.0,Low,1,Low,0,0.0,0,0.0,LOW,Routine monitoring recommended.
Jharkhand,1907.0,1455.7,1307.6897435897438,148.01025641025626,11.318453565595211,0.0,Low,0.0,0.0,0.0,0.0,0.0,,0,0.0,Low,1,Low,0,0.0,0,0.0,LOW,Routine monitoring recommended.
Jharkhand,1908.0,1214.2,1307.6897435897438,-93.48974358974374,-7.14922970437198,0.0,Low,0.0,0.0,0.0,0.0,0.0,,0,0.0,Low,1,Low,0,0.0,0,0.0,LOW,Routine monitoring recommended.
Jharkhand,1909.0,1447.9,1307.6897435897438,140.2102564102563,10.721981807807456,0.0,Low,0.0,0.0,0.0,0.0,0.0,,0,0.0,Low,1,Low,0,0.0,0,0.0,LOW,Routine monitoring recommended.
Jharkhand,1910.0,1297.6,1307.6897435897438,-10.089743589743875,-0.7715701403336302,0.0,Low,0.0,0.0,0.0,0.0,0.0,,0,0.0,Low,1,Low,0,0.0,0,0.0,LOW,Routine monitoring recommended.
Jharkhand,1911.0,1475.4,1307.6897435897438,167.7102564102563,12.8249271077002,1.0,Moderate,0.0,0.0,0.0,0.0,0.0,,0,1.0,Moderate,1,Moderate,1,1.0,0,1.0,MODERATE,Continue monitoring rainfall and historical flood conditions.
Jharkhand,1912.0,1142.9,1307.6897435897438,-164.7897435897437,-12.601593336457528,0.0,Low,0.0,0.0,0.0,0.0,0.0,,0,0.0,Low,1,Low,0,0.0,0,0.0,LOW,Routine monitoring recommended.
Jharkhand,1913.0,1585.6,1307.6897435897438,277.9102564102561,21.252002454906748,1.0,Moderate,0.0,0.0,0.0,0.0,0.0,,0,1.0,Moderate,1,Moderate,1,1.0,0,1.0,MODERATE,Continue monitoring rainfall and historical flood conditions.
Jharkhand,1914.0,1215.5,1307.6897435897438,-92.18974358974378,-7.04981774474069,0.0,Low,0.0,0.0,0.0,0.0,0.0,,0,0.0,Low,1,Low,0,0.0,0,0.0,LOW,Routine monitoring recommended.
Jharkhand,1915.0,1102.3,1307.6897435897438,-205.38974358974383,-15.706305306481008,0.0,Low,0.0,0.0,0.0,0.0,0.0,,0,0.0,Low,1,Low,0,0.0,0,0.0,LOW,Routine monitoring recommended.
Jharkhand,1916.0,1364.3,1307.6897435897438,56.61025641025617,4.329028096133502,0.0,Low,0.0,0.0,0.0,0.0,0.0,,0,0.0,Low,1,Low,0,0.0,0,0.0,LOW,Routine monitoring recommended.
Jharkhand,1917.0,1724.4,1307.6897435897438,416.7102564102563,31.86614091400178,1.0,Moderate,0.0,0.0,0.0,0.0,0.0,,0,1.0,Moderate,1,Moderate,1,1.0,0,1.0,MODERATE,Continue monitoring rainfall and historical flood conditions.
Jharkhand,1918.0,1162.6,1307.6897435897438,-145.08974358974388,-11.095119794352556,0.0,Low,0.0,0.0,0.0,0.0,0.0,,0,0.0,Low,1,Low,0,0.0,0,0.0,LOW,Routine monitoring recommended.
Jharkhand,1919.0,1633.5,1307.6897435897438,325.8102564102562,24.914950813629027,1.0,Moderate,0.0,0.0,0.0,0.0,0.0,,0,1.0,Moderate,1,Moderate,1,1.0,0,1.0,MODERATE,Continue monitoring rainfall and historical flood conditions.
Jharkhand,1920.0,1415.0,1307.6897435897438,107.31025641025622,8.206094521753949,0.0,Low,0.0,0.0,0.0,0.0,0.0,,0,0.0,Low,1,Low,0,0.0,0,0.0,LOW,Routine monitoring recommended.
Jharkhand,1921.0,1233.8,1307.6897435897438,-73.88974358974383,-5.650403236084794,0.0,Low,0.0,0.0,0.0,0.0,0.0,,0,0.0,Low,1,Low,0,0.0,0,0.0,LOW,Routine monitoring recommended.
Jharkhand,1922.0,1443.2,1307.6897435897438,135.51025641025626,10.36256933837124,0.0,Low,0.0,0.0,0.0,0.0,0.0,,0,0.0,Low,1,Low,0,0.0,0,0.0,LOW,Routine monitoring recommended.
Jharkhand,1923.0,1431.9,1307.6897435897438,124.2102564102563,9.498449996960767,0.0,Low,0.0,0.0,0.0,0.0,0.0,,0,0.0,Low,1,Low,0,0.0,0,0.0,LOW,Routine monitoring recommended.
Jharkhand,1924.0,1431.8,1307.6897435897438,124.11025641025616,9.490802923142969,0.0,Low,0.0,0.0,0.0,0.0,0.0,,0,0.0,Low,1,Low,0,0.0,0,0.0,LOW,Routine monitoring recommended.
Jharkhand,1925.0,1327.6,1307.6897435897438,19.910256410256125,1.5225520050039094,0.0,Low,0.0,0.0,0.0,0.0,0.0,,0,0.0,Low,1,Low,0,0.0,0,0.0,LOW,Routine monitoring recommended.
Jharkhand,1926.0,1478.4,1307.6897435897438,170.7102564102563,13.054339322233954,1.0,Moderate,0.0,0.0,0.0,0.0,0.0,,0,1.0,Moderate,1,Moderate,1,1.0,0,1.0,MODERATE,Continue monitoring rainfall and historical flood conditions.
Jharkhand,1927.0,1283.1,1307.6897435897438,-24.589743589743875,-1.880395843913441,0.0,Low,0.0,0.0,0.0,0.0,0.0,,0,0.0,Low,1,Low,0,0.0,0,0.0,LOW,Routine monitoring recommended.
Jharkhand,1928.0,1384.0,1307.6897435897438,76.31025641025622,5.83550163823849,0.0,Low,0.0,0.0,0.0,0.0,0.0,,0,0.0,Low,1,Low,0,0.0,0,0.0,LOW,Routine monitoring recommended.
Jharkhand,1929.0,1611.5,1307.6897435897438,303.8102564102562,23.23259457371483,1.0,Moderate,0.0,0.0,0.0,0.0,0.0,,0,1.0,Moderate,1,Moderate,1,1.0,0,1.0,MODERATE,Continue monitoring rainfall and historical flood conditions.
Jharkhand,1930.0,1434.0,1307.6897435897438,126.31025641025622,9.65903854713439,0.0,Low,0.0,0.0,0.0,0.0,0.0,,0,0.0,Low,1,Low,0,0.0,0,0.0,LOW,Routine monitoring recommended.
Jharkhand,1931.0,1350.4,1307.6897435897438,42.71025641025631,3.266084835460453,0.0,Low,0.0,0.0,0.0,0.0,0.0,,0,0.0,Low,1,Low,0,0.0,0,0.0,LOW,Routine monitoring recommended.
Jharkhand,1932.0,1193.8,1307.6897435897438,-113.88974358974384,-8.709232763201513,0.0,Low,0.0,0.0,0.0,0.0,0.0,,0,0.0,Low,1,Low,0,0.0,0,0.0,LOW,Routine monitoring recommended.
Jharkhand,1933.0,1535.6,1307.6897435897438,227.91025641025607,17.428465546010848,1.0,Moderate,0.0,0.0,0.0,0.0,0.0,,0,1.0,Moderate,1,Moderate,1,1.0,0,1.0,MODERATE,Continue monitoring rainfall and historical flood conditions.
Jharkhand,1934.0,1197.4,1307.6897435897438,-110.2897435897437,-8.433938105760998,0.0,Low,0.0,0.0,0.0,0.0,0.0,,0,0.0,Low,1,Low,0,0.0,0,0.0,LOW,Routine monitoring recommended.
Jharkhand,1935.0,1151.6,1307.6897435897438,-156.08974358974388,-11.936297914309655,0.0,Low,0.0,0.0,0.0,0.0,0.0,,0,0.0,Low,1,Low,0,0.0,0,0.0,LOW,Routine monitoring recommended.
Jharkhand,1936.0,1664.3,1307.6897435897438,356.61025641025617,27.270249549508897,1.0,Moderate,0.0,0.0,0.0,0.0,0.0,,0,1.0,Moderate,1,Moderate,1,1.0,0,1.0,MODERATE,Continue monitoring rainfall and historical flood conditions.
Jharkhand,1937.0,1450.6,1307.6897435897438,142.91025641025612,10.92845280088782,0.0,Low,0.0,0.0,0.0,0.0,0.0,,0,0.0,Low,1,Low,0,0.0,0,0.0,LOW,Routine monitoring recommended.
Jharkhand,1938.0,1229.8,1307.6897435897438,-77.88974358974383,-5.956286188796466,0.0,Low,0.0,0.0,0.0,0.0,0.0,,0,0.0,Low,1,Low,0,0.0,0,0.0,LOW,Routine monitoring recommended.
Jharkhand,1939.0,1519.7,1307.6897435897438,212.01025641025623,16.212580808981965,1.0,Moderate,0.0,0.0,0.0,0.0,0.0,,0,1.0,Moderate,1,Moderate,1,1.0,0,1.0,MODERATE,Continue monitoring rainfall and historical flood conditions.
Jharkhand,1940.0,1231.9,1307.6897435897438,-75.7897435897437,-5.795697638622828,0.0,Low,0.0,0.0,0.0,0.0,0.0,,0,0.0,Low,1,Low,0,0.0,0,0.0,LOW,Routine monitoring recommended.
Jharkhand,1941.0,1513.5,1307.6897435897438,205.81025641025624,15.738462232278868,1.0,Moderate,0.0,0.0,0.0,0.0,0.0,,0,1.0,Moderate,1,Moderate,1,1.0,0,1.0,MODERATE,Continue monitoring rainfall and historical flood conditions.
Jharkhand,1942.0,1589.0,1307.6897435897438,281.3102564102562,21.51200296471168,1.0,Moderate,0.0,0.0,0.0,0.0,0.0,,0,1.0,Moderate,1,Moderate,1,1.0,0,1.0,MODERATE,Continue monitoring rainfall and historical flood conditions.
Jharkhand,1943.0,1556.1,1307.6897435897438,248.41025641025607,18.996115678658168,1.0,Moderate,0.0,0.0,0.0,0.0,0.0,,0,1.0,Moderate,1,Moderate,1,1.0,0,1.0,MODERATE,Continue monitoring rainfall and historical flood conditions.
Jharkhand,1944.0,1386.3,1307.6897435897438,78.61025641025617,6.011384336047698,0.0,Low,0.0,0.0,0.0,0.0,0.0,,0,0.0,Low,1,Low,0,0.0,0,0.0,LOW,Routine monitoring recommended.
Jharkhand,1945.0,1308.7,1307.6897435897438,1.010256410256261,0.0772550534412698,0.0,Low,0.0,0.0,0.0,0.0,0.0,,0,0.0,Low,1,Low,0,0.0,0,0.0,LOW,Routine monitoring recommended.
Jharkhand,1946.0,1553.2,1307.6897435897438,245.51025641025623,18.77435053794221,1.0,Moderate,0.0,0.0,0.0,0.0,0.0,,0,1.0,Moderate,1,Moderate,1,1.0,0,1.0,MODERATE,Continue monitoring rainfall and historical flood conditions.
Jharkhand,1947.0,1234.5,1307.6897435897438,-73.18974358974378,-5.596873719360248,0.0,Low,0.0,0.0,0.0,0.0,0.0,,0,0.0,Low,1,Low,0,0.0,0,0.0,LOW,Routine monitoring recommended.
Jharkhand,1948.0,1402.6,1307.6897435897438,94.91025641025612,7.257857368347759,0.0,Low,0.0,0.0,0.0,0.0,0.0,,0,0.0,Low,1,Low,0,0.0,0,0.0,LOW,Routine monitoring recommended.
Jharkhand,1949.0,1436.7,1307.6897435897438,129.01025641025626,9.865509540214772,0.0,Low,0.0,0.0,0.0,0.0,0.0,,0,0.0,Low,1,Low,0,0.0,0,0.0,LOW,Routine monitoring recommended.
Jharkhand,1950.0,1393.0,1307.6897435897438,85.31025641025622,6.523738281839753,0.0,Low,0.0,0.0,0.0,0.0,0.0,,0,0.0,Low,1,Low,0,0.0,0,0.0,LOW,Routine monitoring recommended.
Jharkhand,1951.0,1071.7,1307.6897435897438,-235.9897435897437,-18.04630989472529,0.0,Low,0.0,0.0,0.0,0.0,0.0,,0,0.0,Low,1,Low,0,0.0,0,0.0,LOW,Routine monitoring recommended.
Jharkhand,1952.0,1387.4,1307.6897435897438,79.7102564102563,6.095502148043418,0.0,Low,0.0,0.0,0.0,0.0,0.0,,0,0.0,Low,1,Low,0,0.0,0,0.0,LOW,Routine monitoring recommended.
Jharkhand,1953.0,1509.4,1307.6897435897438,201.7102564102563,15.424932205749412,1.0,Moderate,0.0,0.0,0.0,0.0,0.0,,0,1.0,Moderate,1,Moderate,1,1.0,0,1.0,MODERATE,Continue monitoring rainfall and historical flood conditions.
Jharkhand,1954.0,1059.5,1307.6897435897438,-248.18974358974376,-18.979252900495897,0.0,Low,0.0,0.0,0.0,0.0,0.0,,0,0.0,Low,1,Low,0,0.0,0,0.0,LOW,Routine monitoring recommended.
Jharkhand,1955.0,1080.8,1307.6897435897438,-226.88974358974383,-17.350426177306247,0.0,Low,0.0,0.0,0.0,0.0,0.0,,0,0.0,Low,1,Low,0,0.0,0,0.0,LOW,Routine monitoring recommended.
Jharkhand,1956.0,1555.7,1307.6897435897438,248.01025641025623,18.965527383387013,1.0,Moderate,0.0,0.0,0.0,0.0,0.0,,0,1.0,Moderate,1,Moderate,1,1.0,0,1.0,MODERATE,Continue monitoring rainfall and historical flood conditions.
Jharkhand,1957.0,1377.5,1307.6897435897438,69.81025641025622,5.338441840082023,0.0,Low,0.0,0.0,0.0,0.0,0.0,,0,0.0,Low,1,Low,0,0.0,0,0.0,LOW,Routine monitoring recommended.
Jharkhand,1958.0,1180.5,1307.6897435897438,-127.18974358974378,-9.72629358096782,0.0,Low,0.0,0.0,0.0,0.0,0.0,,0,0.0,Low,1,Low,0,0.0,0,0.0,LOW,Routine monitoring recommended.
Jharkhand,1959.0,1599.9,1307.6897435897438,292.2102564102563,22.34553401085099,1.0,Moderate,0.0,0.0,0.0,0.0,0.0,,0,1.0,Moderate,1,Moderate,1,1.0,0,1.0,MODERATE,Continue monitoring rainfall and historical flood conditions.
Jharkhand,1960.0,1248.8,1307.6897435897438,-58.88974358974383,-4.503342163416024,0.0,Low,0.0,0.0,0.0,0.0,0.0,,0,0.0,Low,1,Low,0,0.0,0,0.0,LOW,Routine monitoring recommended.
Jharkhand,1961.0,1560.5,1307.6897435897438,252.81025641025624,19.332586926641014,1.0,Moderate,0.0,0.0,0.0,0.0,0.0,,0,1.0,Moderate,1,Moderate,1,1.0,0,1.0,MODERATE,Continue monitoring rainfall and historical flood conditions.
Jharkhand,1962.0,1047.7,1307.6897435897438,-259.98974358974374,-19.881607610995324,0.0,Low,0.0,0.0,0.0,0.0,0.0,,0,0.0,Low,1,Low,0,0.0,0,0.0,LOW,Routine monitoring recommended.
Jharkhand,1963.0,1315.0,1307.6897435897438,7.310256410256215,0.5590207039621496,0.0,Low,0.0,0.0,0.0,0.0,0.0,,0,0.0,Low,1,Low,0,0.0,0,0.0,LOW,Routine monitoring recommended.
Jharkhand,1964.0,1150.3,1307.6897435897438,-157.38974358974383,-12.035709873940943,0.0,Low,0.0,0.0,0.0,0.0,0.0,,0,0.0,Low,1,Low,0,0.0,0,0.0,LOW,Routine monitoring recommended.
Jharkhand,1965.0,1012.4,1307.6897435897438,-295.2897435897438,-22.58102466867584,0.0,Low,0.0,0.0,0.0,0.0,0.0,,0,0.0,Low,1,Low,0,0.0,0,0.0,LOW,Routine monitoring recommended.
Jharkhand,1966.0,879.8,1307.6897435897438,-427.88974358974383,-32.72104455106776,0.0,Low,0.0,0.0,0.0,0.0,0.0,,0,0.0,Low,1,Low,0,0.0,0,0.0,LOW,Routine monitoring recommended.
Jharkhand,1967.0,1225.3,1307.6897435897438,-82.38974358974383,-6.300404510597097,0.0,Low,0.0,0.0,0.0,0.0,0.0,,0,0.0,Low,1,Low,0,0.0,0,0.0,LOW,Routine monitoring recommended.
Jharkhand,1968.0,1293.4,1307.6897435897438,-14.289743589743694,-1.0927472406808718,0.0,Low,0.0,0.0,0.0,0.0,0.0,,0,0.0,Low,1,Low,0,0.0,0,0.0,LOW,Routine monitoring recommended.
Jharkhand,1969.0,1158.1,1307.6897435897438,-149.58974358974388,-11.439238116153188,0.0,Low,0.0,0.0,0.0,0.0,0.0,,0,0.0,Low,1,Low,0,0.0,0,0.0,LOW,Routine monitoring recommended.
Jharkhand,1970.0,1291.5,1307.6897435897438,-16.189743589743784,-1.238041643218923,0.0,Low,0.0,0.0,0.0,0.0,0.0,,0,0.0,Low,1,Low,0,0.0,0,0.0,LOW,Routine monitoring recommended.
Jharkhand,1971.0,1898.6,1307.6897435897438,590.9102564102561,45.18734350459508,2.0,High,0.0,0.0,0.0,0.0,0.0,,0,2.0,High,1,High,2,2.0,0,2.0,HIGH,Increase monitoring and prepare local response resources.
Jharkhand,1972.0,996.1,1307.6897435897438,-311.58974358974376,-23.827497700975893,0.0,Low,0.0,0.0,0.0,0.0,0.0,,0,0.0,Low,1,Low,0,0.0,0,0.0,LOW,Routine monitoring recommended.
Jharkhand,1973.0,1441.0,1307.6897435897438,133.31025641025622,10.194333714379816,0.0,Low,0.0,0.0,0.0,0.0,0.0,,0,0.0,Low,1,Low,0,0.0,0,0.0,LOW,Routine monitoring recommended.
Jharkhand,1974.0,1127.0,1307.6897435897438,-180.68974358974376,-13.81747807348643,0.0,Low,0.0,0.0,0.0,0.0,0.0,,0,0.0,Low,1,Low,0,0.0,0,0.0,LOW,Routine monitoring recommended.
Jharkhand,1975.0,1361.3,1307.6897435897438,53.61025641025617,4.099615881599749,0.0,Low,0.0,0.0,0.0,0.0,0.0,,0,0.0,Low,1,Low,0,0.0,0,0.0,LOW,Routine monitoring recommended.
Jharkhand,1976.0,1191.8,1307.6897435897438,-115.88974358974384,-8.86217423955735,0.0,Low,0.0,0.0,0.0,0.0,0.0,,0,0.0,Low,1,Low,0,0.0,0,0.0,LOW,Routine monitoring recommended.
Jharkhand,1977.0,1521.5,1307.6897435897438,213.81025641025624,16.350228137702214,1.0,Moderate,0.0,0.0,0.0,0.0,0.0,,0,1.0,Moderate,1,Moderate,1,1.0,0,1.0,MODERATE,Continue monitoring rainfall and historical flood conditions.
Jharkhand,1978.0,1556.1,1307.6897435897438,248.41025641025607,18.996115678658168,1.0,Moderate,0.0,0.0,0.0,0.0,0.0,,0,1.0,Moderate,1,Moderate,1,1.0,0,1.0,MODERATE,Continue monitoring rainfall and historical flood conditions.
Jharkhand,1979.0,882.8,1307.6897435897438,-424.88974358974383,-32.491632336534,0.0,Low,0.0,0.0,0.0,0.0,0.0,,0,0.0,Low,1,Low,0,0.0,0,0.0,LOW,Routine monitoring recommended.
Jharkhand,1980.0,1340.6,1307.6897435897438,32.910256410256125,2.516671601316843,0.0,Low,0.0,0.0,0.0,0.0,0.0,,0,0.0,Low,1,Low,0,0.0,0,0.0,LOW,Routine monitoring recommended.
Jharkhand,1981.0,1167.2,1307.6897435897438,-140.48974358974374,-10.743354398734123,0.0,Low,0.0,0.0,0.0,0.0,0.0,,0,0.0,Low,1,Low,0,0.0,0,0.0,LOW,Routine monitoring recommended.
Jharkhand,1982.0,1085.3,1307.6897435897438,-222.38974358974383,-17.006307855505614,0.0,Low,0.0,0.0,0.0,0.0,0.0,,0,0.0,Low,1,Low,0,0.0,0,0.0,LOW,Routine monitoring recommended.
Jharkhand,1983.0,1261.7,1307.6897435897438,-45.98974358974374,-3.516869640920876,0.0,Low,0.0,0.0,0.0,0.0,0.0,,0,0.0,Low,1,Low,0,0.0,0,0.0,LOW,Routine monitoring recommended.
Jharkhand,1984.0,1529.9,1307.6897435897438,222.2102564102563,16.99258233839673,1.0,Moderate,0.0,0.0,0.0,0.0,0.0,,0,1.0,Moderate,1,Moderate,1,1.0,0,1.0,MODERATE,Continue monitoring rainfall and historical flood conditions.
Jharkhand,1985.0,1240.3,1307.6897435897438,-67.38974358974383,-5.153343437928328,0.0,Low,0.0,0.0,0.0,0.0,0.0,,0,0.0,Low,1,Low,0,0.0,0,0.0,LOW,Routine monitoring recommended.
Jharkhand,1986.0,1335.6,1307.6897435897438,27.910256410256125,2.1343179104272534,0.0,Low,0.0,0.0,0.0,0.0,0.0,,0,0.0,Low,1,Low,0,0.0,0,0.0,LOW,Routine monitoring recommended.
Jharkhand,1987.0,1332.7,1307.6897435897438,25.01025641025626,1.9125527697113007,0.0,Low,0.0,0.0,0.0,0.0,0.0,,0,0.0,Low,1,Low,0,0.0,0,0.0,LOW,Routine monitoring recommended.
Jharkhand,1988.0,1153.7,1307.6897435897438,-153.98974358974374,-11.775709364136018,0.0,Low,0.0,0.0,0.0,0.0,0.0,,0,0.0,Low,1,Low,0,0.0,0,0.0,LOW,Routine monitoring recommended.
Jharkhand,1989.0,1149.0,1307.6897435897438,-158.68974358974378,-12.135121833572237,0.0,Low,0.0,0.0,0.0,0.0,0.0,,0,0.0,Low,1,Low,0,0.0,0,0.0,LOW,Routine monitoring recommended.
Jharkhand,1990.0,1404.2,1307.6897435897438,96.51025641025626,7.380210549432438,0.0,Low,0.0,0.0,0.0,0.0,0.0,,0,0.0,Low,1,Low,0,0.0,0,0.0,LOW,Routine monitoring recommended.
Jharkhand,1991.0,1250.9,1307.6897435897438,-56.78974358974369,-4.342753613242386,0.0,Low,0.0,0.0,0.0,0.0,0.0,,0,0.0,Low,1,Low,0,0.0,0,0.0,LOW,Routine monitoring recommended.
Jharkhand,1992.0,933.0,1307.6897435897438,-374.6897435897438,-28.65280128000252,0.0,Low,0.0,0.0,0.0,0.0,0.0,,0,0.0,Low,1,Low,0,0.0,0,0.0,LOW,Routine monitoring recommended.
Jharkhand,1993.0,1204.0,1307.6897435897438,-103.68974358974378,-7.929231233786746,0.0,Low,0.0,0.0,0.0,0.0,0.0,,0,0.0,Low,1,Low,0,0.0,0,0.0,LOW,Routine monitoring recommended.
Jharkhand,1994.0,1579.4,1307.6897435897438,271.7102564102563,20.77788387820367,1.0,Moderate,0.0,0.0,0.0,0.0,0.0,,0,1.0,Moderate,1,Moderate,1,1.0,0,1.0,MODERATE,Continue monitoring rainfall and historical flood conditions.
Jharkhand,1995.0,1366.5,1307.6897435897438,58.810256410256216,4.497263720124925,0.0,Low,0.0,0.0,0.0,0.0,0.0,,0,0.0,Low,1,Low,0,0.0,0,0.0,LOW,Routine monitoring recommended.
Jharkhand,1996.0,1191.7,1307.6897435897438,-115.98974358974374,-8.869821313375134,0.0,Low,0.0,0.0,0.0,0.0,0.0,,0,0.0,Low,1,Low,0,0.0,0,0.0,LOW,Routine monitoring recommended.
Jharkhand,1997.0,1461.3,1307.6897435897438,153.61025641025617,11.746689699391547,0.0,Low,0.0,0.0,0.0,0.0,0.0,,0,0.0,Low,1,Low,0,0.0,0,0.0,LOW,Routine monitoring recommended.
Jharkhand,1998.0,1353.8,1307.6897435897438,46.11025641025617,3.526085345265364,0.0,Low,0.0,0.0,0.0,0.0,0.0,,0,0.0,Low,1,Low,0,0.0,0,0.0,LOW,Routine monitoring recommended.
Jharkhand,1999.0,1586.9,1307.6897435897438,279.2102564102563,21.351414414538056,1.0,Moderate,0.0,0.0,0.0,0.0,0.0,,0,1.0,Moderate,1,Moderate,1,1.0,0,1.0,MODERATE,Continue monitoring rainfall and historical flood conditions.
Jharkhand,2000.0,1191.5,1307.6897435897438,-116.18974358974378,-8.885115461010722,0.0,Low,0.0,0.0,0.0,0.0,0.0,,0,0.0,Low,1,Low,0,0.0,0,0.0,LOW,Routine monitoring recommended.
Jharkhand,2001.0,1254.4,1307.6897435897438,-53.28974358974369,-4.075106029619673,0.0,Low,0.0,0.0,0.0,0.0,0.0,,0,0.0,Low,1,Low,0,0.0,0,0.0,LOW,Routine monitoring recommended.
Jharkhand,2002.0,1034.9,1307.6897435897438,-272.7897435897437,-20.86043305967267,0.0,Low,0.0,0.0,0.0,0.0,0.0,,0,0.0,Low,1,Low,0,0.0,0,0.0,LOW,Routine monitoring recommended.
Jharkhand,2003.0,1245.0,1307.6897435897438,-62.68974358974378,-4.793930968492109,0.0,Low,0.0,0.0,0.0,0.0,0.0,,0,0.0,Low,1,Low,0,0.0,0,0.0,LOW,Routine monitoring recommended.
Jharkhand,2004.0,1136.6,1307.6897435897438,-171.08974358974388,-13.083358986978425,0.0,Low,0.0,0.0,0.0,0.0,0.0,,0,0.0,Low,1,Low,0,0.0,0,0.0,LOW,Routine monitoring recommended.
Jharkhand,2005.0,960.4,1307.6897435897438,-347.2897435897438,-26.55750305392757,0.0,Low,0.0,0.0,0.0,0.0,0.0,,0,0.0,Low,1,Low,0,0.0,0,0.0,LOW,Routine monitoring recommended.
Jharkhand,2006.0,1459.5,1307.6897435897438,151.81025641025622,11.6090423706713,0.0,Low,3.0,15.0,0.0,0.0,9.0,0.0,1,1.0,Moderate,1,Moderate,1,0.0,1,1.0,MODERATE,Continue monitoring rainfall and historical flood conditions.
Jharkhand,2007.0,1437.3,1307.6897435897438,129.61025641025617,9.911391983121517,0.0,Low,5.0,69.0,0.0,0.0,0.0,1.8,1,1.0,Moderate,1,Moderate,1,0.0,1,1.0,MODERATE,Continue monitoring rainfall and historical flood conditions.
Jharkhand,2008.0,1325.3,1307.6897435897438,17.61025641025617,1.3466693071947011,0.0,Low,2.0,42.0,0.0,0.0,28.0,2.5,1,1.0,Moderate,1,Moderate,1,0.0,1,1.0,MODERATE,Continue monitoring rainfall and historical flood conditions.
Jharkhand,2009.0,996.1,1307.6897435897438,-311.58974358974376,-23.827497700975893,0.0,Low,0.0,0.0,0.0,0.0,0.0,,0,0.0,Low,1,Low,0,0.0,0,0.0,LOW,Routine monitoring recommended.
Jharkhand,2010.0,697.1,1307.6897435897438,-610.5897435897438,-46.69224841617337,0.0,Low,0.0,0.0,0.0,0.0,0.0,,0,0.0,Low,1,Low,0,0.0,0,0.0,LOW,Routine monitoring recommended.
Jharkhand,2011.0,1374.7,1307.6897435897438,67.01025641025626,5.124323773183857,0.0,Low,3.0,18.0,1.0,0.0,0.0,0.6666666666666666,1,1.0,Moderate,1,Moderate,1,0.0,1,1.0,MODERATE,Continue monitoring rainfall and historical flood conditions.
Jharkhand,2012.0,1065.0,1307.6897435897438,-242.68974358974376,-18.558663840517347,0.0,Low,1.0,5.0,0.0,0.0,0.0,2.0,1,1.0,Moderate,1,Moderate,1,0.0,1,1.0,MODERATE,Continue monitoring rainfall and historical flood conditions.
Jharkhand,2013.0,1253.6,1307.6897435897438,-54.08974358974388,-4.136282620162022,0.0,Low,2.0,4.0,0.0,0.0,0.0,1.0,1,1.0,Moderate,1,Moderate,1,0.0,1,1.0,MODERATE,Continue monitoring rainfall and historical flood conditions.
Jharkhand,2014.0,1156.6,1307.6897435897438,-151.08974358974388,-11.553944223420066,0.0,Low,1.0,0.0,0.0,0.0,0.0,-1.0,1,1.0,Moderate,1,Moderate,1,0.0,1,1.0,MODERATE,Continue monitoring rainfall and historical flood conditions.
Jharkhand,2015.0,1081.8,1307.6897435897438,-225.88974358974383,-17.273955439128326,0.0,Low,0.0,0.0,0.0,0.0,0.0,,0,0.0,Low,1,Low,0,0.0,0,0.0,LOW,Routine monitoring recommended.
Jharkhand,2016.0,1264.0,1307.6897435897438,-43.68974358974378,-3.340986943111668,0.0,Low,7.0,18.0,18.0,0.0,11.0,0.8571428571428571,1,1.0,Moderate,1,Moderate,1,0.0,1,1.0,MODERATE,Continue monitoring rainfall and historical flood conditions.
Jharkhand,2017.0,1165.8,1307.6897435897438,-141.88974358974383,-10.850413432183217,0.0,Low,0.0,0.0,0.0,0.0,0.0,,0,0.0,Low,1,Low,0,0.0,0,0.0,LOW,Routine monitoring recommended.
Jharkhand,2019.0,,,,,,,1.0,5.0,0.0,0.0,0.0,2.0,1,1.0,Moderate,0,Historical Flood Signal,2,0.0,1,1.0,MODERATE,Continue monitoring rainfall and historical flood conditions.
Jharkhand,2020.0,,,,,,,3.0,4.0,5.0,0.0,14.0,-0.3333333333333333,1,1.0,Moderate,0,Historical Flood Signal,2,0.0,1,1.0,MODERATE,Continue monitoring rainfall and historical flood conditions.
Jharkhand,2022.0,,,,,,,3.0,5.0,3.0,0.0,0.0,1.0,1,1.0,Moderate,0,Historical Flood Signal,2,0.0,1,1.0,MODERATE,Continue monitoring rainfall and historical flood conditions.
Karnataka,1901.0,1610.9666666666665,1717.460791826309,-106.49412515964244,-1.8590741014092125,0.0,Low,0.0,0.0,0.0,0.0,0.0,,0,0.0,Low,1,Low,0,0.0,0,0.0,LOW,Routine monitoring recommended.
Karnataka,1902.0,1811.8,1717.460791826309,94.3392081736908,2.3471461017804875,0.0,Low,0.0,0.0,0.0,0.0,0.0,,0,0.0,Low,1,Low,0,0.0,0,0.0,LOW,Routine monitoring recommended.
Karnataka,1903.0,1838.6,1717.460791826309,121.13920817369092,16.498555968556868,0.6666666666666666,Moderate,0.0,0.0,0.0,0.0,0.0,,0,0.6666666666666666,Low,1,Low,0,0.6666666666666666,0,0.6666666666666666,LOW,Routine monitoring recommended.
Karnataka,1904.0,1521.8333333333333,1717.460791826309,-195.62745849297585,-15.118618614002251,0.0,Low,0.0,0.0,0.0,0.0,0.0,,0,0.0,Low,1,Low,0,0.0,0,0.0,LOW,Routine monitoring recommended.
Karnataka,1905.0,1305.9666666666667,1717.460791826309,-411.4941251596424,-26.054851860037573,0.0,Low,0.0,0.0,0.0,0.0,0.0,,0,0.0,Low,1,Low,0,0.0,0,0.0,LOW,Routine monitoring recommended.
Karnataka,1906.0,1541.4333333333334,1717.460791826309,-176.02745849297582,-3.47611597797628,0.0,Low,0.0,0.0,0.0,0.0,0.0,,0,0.0,Low,1,Low,0,0.0,0,0.0,LOW,Routine monitoring recommended.
Karnataka,1907.0,1760.1333333333332,1717.460791826309,42.67254150702414,1.4664659003420404,0.0,Low,0.0,0.0,0.0,0.0,0.0,,0,0.0,Low,1,Low,0,0.0,0,0.0,LOW,Routine monitoring recommended.
Karnataka,1908.0,1680.2666666666669,1717.460791826309,-37.19412515964245,-11.09134200976901,0.0,Low,0.0,0.0,0.0,0.0,0.0,,0,0.0,Low,1,Low,0,0.0,0,0.0,LOW,Routine monitoring recommended.
Karnataka,1909.0,1645.3666666666668,1717.460791826309,-72.09412515964243,-2.527165487346464,0.0,Low,0.0,0.0,0.0,0.0,0.0,,0,0.0,Low,1,Low,0,0.0,0,0.0,LOW,Routine monitoring recommended.
Karnataka,1910.0,1645.8333333333333,1717.460791826309,-71.62745849297578,2.1118250141306274,0.0,Low,0.0,0.0,0.0,0.0,0.0,,0,0.0,Low,1,Low,0,0.0,0,0.0,LOW,Routine monitoring recommended.
Karnataka,1911.0,1312.8666666666668,1717.460791826309,-404.5941251596424,-22.434206224058546,0.0,Low,0.0,0.0,0.0,0.0,0.0,,0,0.0,Low,1,Low,0,0.0,0,0.0,LOW,Routine monitoring recommended.
Karnataka,1912.0,1768.2666666666669,1717.460791826309,50.80587484035758,5.531197924208833,0.0,Low,0.0,0.0,0.0,0.0,0.0,,0,0.0,Low,1,Low,0,0.0,0,0.0,LOW,Routine monitoring recommended.
Karnataka,1913.0,1428.3333333333333,1717.460791826309,-289.1274584929758,-17.418661358468,0.0,Low,0.0,0.0,0.0,0.0,0.0,,0,0.0,Low,1,Low,0,0.0,0,0.0,LOW,Routine monitoring recommended.
Karnataka,1914.0,1874.733333333333,1717.460791826309,157.27254150702413,6.100799049761394,0.6666666666666666,Moderate,0.0,0.0,0.0,0.0,0.0,,0,0.6666666666666666,Low,1,Low,0,0.6666666666666666,0,0.6666666666666666,LOW,Routine monitoring recommended.
Karnataka,1915.0,1477.9666666666665,1717.460791826309,-239.4941251596425,-5.850964625919997,0.0,Low,0.0,0.0,0.0,0.0,0.0,,0,0.0,Low,1,Low,0,0.0,0,0.0,LOW,Routine monitoring recommended.
Karnataka,1916.0,1928.8333333333333,1717.460791826309,211.37254150702427,24.12425663050175,1.0,Moderate,0.0,0.0,0.0,0.0,0.0,,0,1.0,Moderate,1,Moderate,1,1.0,0,1.0,MODERATE,Continue monitoring rainfall and historical flood conditions.
Karnataka,1917.0,1780.7333333333331,1717.460791826309,63.27254150702413,7.037675148421815,0.3333333333333333,Low,0.0,0.0,0.0,0.0,0.0,,0,0.3333333333333333,Low,1,Low,0,0.3333333333333333,0,0.3333333333333333,LOW,Routine monitoring recommended.
Karnataka,1918.0,1257.4,1717.460791826309,-460.060791826309,-27.267384260792173,0.0,Low,0.0,0.0,0.0,0.0,0.0,,0,0.0,Low,1,Low,0,0.0,0,0.0,LOW,Routine monitoring recommended.
Karnataka,1919.0,1552.2,1717.460791826309,-165.26079182630917,-5.084268579346353,0.0,Low,0.0,0.0,0.0,0.0,0.0,,0,0.0,Low,1,Low,0,0.0,0,0.0,LOW,Routine monitoring recommended.
Karnataka,1920.0,1362.8,1717.460791826309,-354.6607918263092,-24.147501350280137,0.0,Low,0.0,0.0,0.0,0.0,0.0,,0,0.0,Low,1,Low,0,0.0,0,0.0,LOW,Routine monitoring recommended.
Karnataka,1921.0,1525.4333333333334,1717.460791826309,-192.0274584929758,-11.727718440764969,0.0,Low,0.0,0.0,0.0,0.0,0.0,,0,0.0,Low,1,Low,0,0.0,0,0.0,LOW,Routine monitoring recommended.
Karnataka,1922.0,1579.5666666666666,1717.460791826309,-137.89412515964247,-14.8266100166068,0.0,Low,0.0,0.0,0.0,0.0,0.0,,0,0.0,Low,1,Low,0,0.0,0,0.0,LOW,Routine monitoring recommended.
Karnataka,1923.0,1758.1333333333332,1717.460791826309,40.67254150702414,-4.047311591411632,0.0,Low,0.0,0.0,0.0,0.0,0.0,,0,0.0,Low,1,Low,0,0.0,0,0.0,LOW,Routine monitoring recommended.
Karnataka,1924.0,1749.0333333333335,1717.460791826309,31.57254150702424,-1.6943404894717726,0.0,Low,0.0,0.0,0.0,0.0,0.0,,0,0.0,Low,1,Low,0,0.0,0,0.0,LOW,Routine monitoring recommended.
Karnataka,1925.0,1735.3666666666668,1717.460791826309,17.90587484035761,-3.443260702903776,0.0,Low,0.0,0.0,0.0,0.0,0.0,,0,0.0,Low,1,Low,0,0.0,0,0.0,LOW,Routine monitoring recommended.
Karnataka,1926.0,1478.1333333333332,1717.460791826309,-239.32745849297572,-15.17422333681028,0.0,Low,0.0,0.0,0.0,0.0,0.0,,0,0.0,Low,1,Low,0,0.0,0,0.0,LOW,Routine monitoring recommended.
Karnataka,1927.0,1586.9666666666665,1717.460791826309,-130.49412515964244,-9.054773371875989,0.0,Low,0.0,0.0,0.0,0.0,0.0,,0,0.0,Low,1,Low,0,0.0,0,0.0,LOW,Routine monitoring recommended.
Karnataka,1928.0,1686.2,1717.460791826309,-31.260791826309173,-0.9813852475253988,0.0,Low,0.0,0.0,0.0,0.0,0.0,,0,0.0,Low,1,Low,0,0.0,0,0.0,LOW,Routine monitoring recommended.
Karnataka,1929.0,1765.5,1717.460791826309,48.03920817369086,-3.015663102499868,0.0,Low,0.0,0.0,0.0,0.0,0.0,,0,0.0,Low,1,Low,0,0.0,0,0.0,LOW,Routine monitoring recommended.
Karnataka,1930.0,1513.0,1717.460791826309,-204.4607918263092,-10.103298887577983,0.0,Low,0.0,0.0,0.0,0.0,0.0,,0,0.0,Low,1,Low,0,0.0,0,0.0,LOW,Routine monitoring recommended.
Karnataka,1931.0,1858.0666666666664,1717.460791826309,140.6058748403576,3.6551737936424,0.3333333333333333,Low,0.0,0.0,0.0,0.0,0.0,,0,0.3333333333333333,Low,1,Low,0,0.3333333333333333,0,0.3333333333333333,LOW,Routine monitoring recommended.
Karnataka,1932.0,1834.1,1717.460791826309,116.63920817369085,11.98153156694984,0.6666666666666666,Moderate,0.0,0.0,0.0,0.0,0.0,,0,0.6666666666666666,Low,1,Low,0,0.6666666666666666,0,0.6666666666666666,LOW,Routine monitoring recommended.
Karnataka,1933.0,2138.6666666666665,1717.460791826309,421.2058748403576,27.34286390402919,1.0,Moderate,0.0,0.0,0.0,0.0,0.0,,0,1.0,Moderate,1,Moderate,1,1.0,0,1.0,MODERATE,Continue monitoring rainfall and historical flood conditions.
Karnataka,1934.0,1463.1,1717.460791826309,-254.36079182630908,-17.7130713996066,0.0,Low,0.0,0.0,0.0,0.0,0.0,,0,0.0,Low,1,Low,0,0.0,0,0.0,LOW,Routine monitoring recommended.
Karnataka,1935.0,1518.4666666666665,1717.460791826309,-198.9941251596425,-7.794236489031765,0.0,Low,0.0,0.0,0.0,0.0,0.0,,0,0.0,Low,1,Low,0,0.0,0,0.0,LOW,Routine monitoring recommended.
Karnataka,1936.0,1615.9333333333334,1717.460791826309,-101.52745849297588,-10.345931131185038,0.0,Low,0.0,0.0,0.0,0.0,0.0,,0,0.0,Low,1,Low,0,0.0,0,0.0,LOW,Routine monitoring recommended.
Karnataka,1937.0,1592.6,1717.460791826309,-124.8607918263092,-12.53700499093082,0.0,Low,0.0,0.0,0.0,0.0,0.0,,0,0.0,Low,1,Low,0,0.0,0,0.0,LOW,Routine monitoring recommended.
Karnataka,1938.0,1612.4666666666665,1717.460791826309,-104.99412515964244,-3.2080371355024124,0.3333333333333333,Low,0.0,0.0,0.0,0.0,0.0,,0,0.3333333333333333,Low,1,Low,0,0.3333333333333333,0,0.3333333333333333,LOW,Routine monitoring recommended.
Karnataka,1939.0,1474.2333333333331,1717.460791826309,-243.2274584929759,-9.768454186789356,0.0,Low,0.0,0.0,0.0,0.0,0.0,,0,0.0,Low,1,Low,0,0.0,0,0.0,LOW,Routine monitoring recommended.
Karnataka,1940.0,1880.233333333333,1717.460791826309,162.7725415070242,8.68863527428148,0.3333333333333333,Low,0.0,0.0,0.0,0.0,0.0,,0,0.3333333333333333,Low,1,Low,0,0.3333333333333333,0,0.3333333333333333,LOW,Routine monitoring recommended.
Karnataka,1941.0,1329.4666666666667,1717.460791826309,-387.99412515964246,-20.30479644662468,0.0,Low,0.0,0.0,0.0,0.0,0.0,,0,0.0,Low,1,Low,0,0.0,0,0.0,LOW,Routine monitoring recommended.
Karnataka,1942.0,1673.7333333333331,1717.460791826309,-43.72745849297584,-8.443801229883624,0.0,Low,0.0,0.0,0.0,0.0,0.0,,0,0.0,Low,1,Low,0,0.0,0,0.0,LOW,Routine monitoring recommended.
Karnataka,1943.0,1864.5,1717.460791826309,147.03920817369078,12.48959373390142,0.3333333333333333,Low,0.0,0.0,0.0,0.0,0.0,,0,0.3333333333333333,Low,1,Low,0,0.3333333333333333,0,0.3333333333333333,LOW,Routine monitoring recommended.
Karnataka,1944.0,1577.4333333333334,1717.460791826309,-140.0274584929758,-4.205811271057478,0.0,Low,0.0,0.0,0.0,0.0,0.0,,0,0.0,Low,1,Low,0,0.0,0,0.0,LOW,Routine monitoring recommended.
Karnataka,1945.0,1471.8666666666668,1717.460791826309,-245.59412515964243,-19.051836156858112,0.0,Low,0.0,0.0,0.0,0.0,0.0,,0,0.0,Low,1,Low,0,0.0,0,0.0,LOW,Routine monitoring recommended.
Karnataka,1946.0,2031.7666666666669,1717.460791826309,314.30587484035755,17.24283249891012,1.0,Moderate,0.0,0.0,0.0,0.0,0.0,,0,1.0,Moderate,1,Moderate,1,1.0,0,1.0,MODERATE,Continue monitoring rainfall and historical flood conditions.
Karnataka,1947.0,1694.2,1717.460791826309,-23.260791826309173,0.0808106989133762,0.0,Low,0.0,0.0,0.0,0.0,0.0,,0,0.0,Low,1,Low,0,0.0,0,0.0,LOW,Routine monitoring recommended.
Karnataka,1948.0,1826.3333333333333,1717.460791826309,108.87254150702412,6.260650129208512,0.0,Low,0.0,0.0,0.0,0.0,0.0,,0,0.0,Low,1,Low,0,0.0,0,0.0,LOW,Routine monitoring recommended.
Karnataka,1949.0,1667.3666666666668,1717.460791826309,-50.09412515964247,-3.3799802066831828,0.0,Low,0.0,0.0,0.0,0.0,0.0,,0,0.0,Low,1,Low,0,0.0,0,0.0,LOW,Routine monitoring recommended.
Karnataka,1950.0,1809.7,1717.460791826309,92.23920817369084,0.5140338481278768,0.0,Low,0.0,0.0,0.0,0.0,0.0,,0,0.0,Low,1,Low,0,0.0,0,0.0,LOW,Routine monitoring recommended.
Karnataka,1951.0,1586.0,1717.460791826309,-131.4607918263091,-6.696545599748807,0.0,Low,0.0,0.0,0.0,0.0,0.0,,0,0.0,Low,1,Low,0,0.0,0,0.0,LOW,Routine monitoring recommended.
Karnataka,1952.0,1465.6333333333332,1717.460791826309,-251.82745849297584,-14.36280701381098,0.0,Low,0.0,0.0,0.0,0.0,0.0,,0,0.0,Low,1,Low,0,0.0,0,0.0,LOW,Routine monitoring recommended.
Karnataka,1953.0,1870.1333333333328,1717.460791826309,152.6725415070243,15.74654697207746,0.6666666666666666,Moderate,0.0,0.0,0.0,0.0,0.0,,0,0.6666666666666666,Low,1,Low,0,0.6666666666666666,0,0.6666666666666666,LOW,Routine monitoring recommended.
Karnataka,1954.0,1845.3,1717.460791826309,127.8392081736908,2.375923469381222,0.3333333333333333,Low,0.0,0.0,0.0,0.0,0.0,,0,0.3333333333333333,Low,1,Low,0,0.3333333333333333,0,0.3333333333333333,LOW,Routine monitoring recommended.
Karnataka,1955.0,1840.5333333333333,1717.460791826309,123.0725415070242,11.992333824834306,0.6666666666666666,Moderate,0.0,0.0,0.0,0.0,0.0,,0,0.6666666666666666,Low,1,Low,0,0.6666666666666666,0,0.6666666666666666,LOW,Routine monitoring recommended.
Karnataka,1956.0,2046.4333333333327,1717.460791826309,328.9725415070242,26.082576071882755,1.3333333333333333,Moderate,0.0,0.0,0.0,0.0,0.0,,0,1.3333333333333333,Moderate,1,Moderate,1,1.3333333333333333,0,1.3333333333333333,LOW,Routine monitoring recommended.
Karnataka,1957.0,1692.4333333333334,1717.460791826309,-25.02745849297576,4.291593879022101,0.3333333333333333,Low,0.0,0.0,0.0,0.0,0.0,,0,0.3333333333333333,Low,1,Low,0,0.3333333333333333,0,0.3333333333333333,LOW,Routine monitoring recommended.
Karnataka,1958.0,1883.1333333333328,1717.460791826309,165.67254150702422,10.00080913153726,0.3333333333333333,Low,0.0,0.0,0.0,0.0,0.0,,0,0.3333333333333333,Low,1,Low,0,0.3333333333333333,0,0.3333333333333333,LOW,Routine monitoring recommended.
Karnataka,1959.0,2103.4,1717.460791826309,385.939208173691,16.10426703467156,0.6666666666666666,Moderate,0.0,0.0,0.0,0.0,0.0,,0,0.6666666666666666,Low,1,Low,0,0.6666666666666666,0,0.6666666666666666,LOW,Routine monitoring recommended.
Karnataka,1960.0,1728.5666666666666,1717.460791826309,11.105874840357467,-1.6748819811352054,0.0,Low,0.0,0.0,0.0,0.0,0.0,,0,0.0,Low,1,Low,0,0.0,0,0.0,LOW,Routine monitoring recommended.
Karnataka,1961.0,2570.6666666666665,1717.460791826309,853.2058748403574,34.56382135217256,1.6666666666666667,High,0.0,0.0,0.0,0.0,0.0,,0,1.6666666666666667,Moderate,1,Moderate,1,1.6666666666666667,0,1.6666666666666667,LOW,Routine monitoring recommended.
Karnataka,1962.0,2054.6666666666665,1717.460791826309,337.20587484035747,20.412232958671893,1.0,Moderate,0.0,0.0,0.0,0.0,0.0,,0,1.0,Moderate,1,Moderate,1,1.0,0,1.0,MODERATE,Continue monitoring rainfall and historical flood conditions.
Karnataka,1963.0,1649.0666666666666,1717.460791826309,-68.39412515964243,-0.5949936654435565,0.0,Low,0.0,0.0,0.0,0.0,0.0,,0,0.0,Low,1,Low,0,0.0,0,0.0,LOW,Routine monitoring recommended.
Karnataka,1964.0,1736.5666666666666,1717.460791826309,19.10587484035754,10.200382037590291,0.6666666666666666,Moderate,0.0,0.0,0.0,0.0,0.0,,0,0.6666666666666666,Low,1,Low,0,0.6666666666666666,0,0.6666666666666666,LOW,Routine monitoring recommended.
Karnataka,1965.0,1399.7333333333331,1717.460791826309,-317.7274584929758,-19.189428189858585,0.0,Low,0.0,0.0,0.0,0.0,0.0,,0,0.0,Low,1,Low,0,0.0,0,0.0,LOW,Routine monitoring recommended.
Karnataka,1966.0,1570.3666666666668,1717.460791826309,-147.09412515964252,-4.689076002932684,0.0,Low,0.0,0.0,0.0,0.0,0.0,,0,0.0,Low,1,Low,0,0.0,0,0.0,LOW,Routine monitoring recommended.
Karnataka,1967.0,1589.2666666666669,1717.460791826309,-128.19412515964245,-8.564681872802787,0.0,Low,0.0,0.0,0.0,0.0,0.0,,0,0.0,Low,1,Low,0,0.0,0,0.0,LOW,Routine monitoring recommended.
Karnataka,1968.0,1729.7666666666669,1717.460791826309,12.30587484035751,-0.0828423778582821,0.0,Low,0.0,0.0,0.0,0.0,0.0,,0,0.0,Low,1,Low,0,0.0,0,0.0,LOW,Routine monitoring recommended.
Karnataka,1969.0,1726.1666666666667,1717.460791826309,8.705874840357561,2.231546250654106,0.0,Low,0.0,0.0,0.0,0.0,0.0,,0,0.0,Low,1,Low,0,0.0,0,0.0,LOW,Routine monitoring recommended.
Karnataka,1970.0,1968.8666666666668,1717.460791826309,251.40587484035748,10.90736438891546,0.3333333333333333,Low,0.0,0.0,0.0,0.0,0.0,,0,0.3333333333333333,Low,1,Low,0,0.3333333333333333,0,0.3333333333333333,LOW,Routine monitoring recommended.
Karnataka,1971.0,1622.5,1717.460791826309,-94.96079182630918,-7.035510427458051,0.0,Low,0.0,0.0,0.0,0.0,0.0,,0,0.0,Low,1,Low,0,0.0,0,0.0,LOW,Routine monitoring recommended.
Karnataka,1972.0,1473.4333333333334,1717.460791826309,-244.0274584929758,-14.577802394974668,0.0,Low,1.0,0.0,0.0,0.0,0.0,-1.0,1,1.0,Moderate,1,Moderate,1,0.0,1,1.0,MODERATE,Continue monitoring rainfall and historical flood conditions.
Karnataka,1973.0,1654.4666666666665,1717.460791826309,-62.99412515964252,0.472841525570274,0.0,Low,0.0,0.0,0.0,0.0,0.0,,0,0.0,Low,1,Low,0,0.0,0,0.0,LOW,Routine monitoring recommended.
Karnataka,1974.0,1767.4333333333334,1717.460791826309,49.972541507024175,5.452763864586928,0.3333333333333333,Low,0.0,0.0,0.0,0.0,0.0,,0,0.3333333333333333,Low,1,Low,0,0.3333333333333333,0,0.3333333333333333,LOW,Routine monitoring recommended.
Karnataka,1975.0,2242.6666666666665,1717.460791826309,525.2058748403575,35.8856780172754,1.3333333333333333,Moderate,3.0,0.0,0.0,0.0,0.0,-1.0,1,2.333333333333333,High,1,High,2,1.3333333333333333,1,2.333333333333333,LOW,Routine monitoring recommended.
Karnataka,1976.0,1418.8,1717.460791826309,-298.6607918263091,-20.67339539748335,0.0,Low,0.0,0.0,0.0,0.0,0.0,,0,0.0,Low,1,Low,0,0.0,0,0.0,LOW,Routine monitoring recommended.
Karnataka,1977.0,1812.233333333333,1717.460791826309,94.77254150702416,11.454671530572966,0.6666666666666666,Moderate,0.0,0.0,0.0,0.0,0.0,,0,0.6666666666666666,Low,1,Low,0,0.6666666666666666,0,0.6666666666666666,LOW,Routine monitoring recommended.
Karnataka,1978.0,1999.8,1717.460791826309,282.33920817369085,19.52298184430653,1.0,Moderate,2.0,13.0,2.0,0.0,0.0,1.5,1,2.0,High,1,High,2,1.0,1,2.0,HIGH,Increase monitoring and prepare local response resources.
Karnataka,1979.0,1635.8,1717.460791826309,-81.66079182630912,8.47472505840255,0.6666666666666666,Moderate,8.0,36.0,22.0,0.0,1500.0,-0.25,1,1.6666666666666663,Moderate,1,Moderate,1,0.6666666666666666,1,1.6666666666666665,LOW,Routine monitoring recommended.
Karnataka,1980.0,1892.9,1717.460791826309,175.4392081736909,8.41198309201542,0.3333333333333333,Low,5.0,13.0,7.0,0.0,800.0,0.4,1,1.3333333333333333,Moderate,1,Moderate,1,0.3333333333333333,1,1.3333333333333333,LOW,Routine monitoring recommended.
Karnataka,1981.0,1970.1666666666667,1717.460791826309,252.70587484035744,16.589942807408285,1.0,Moderate,5.0,2.0,10.0,0.0,0.0,-0.6,1,2.0,High,1,High,2,1.0,1,2.0,HIGH,Increase monitoring and prepare local response resources.
Karnataka,1982.0,1925.2666666666669,1717.460791826309,207.80587484035755,4.0439288578755415,0.3333333333333333,Low,5.0,25.0,0.0,0.0,0.0,1.0,1,1.3333333333333333,Moderate,1,Moderate,1,0.3333333333333333,1,1.3333333333333333,LOW,Routine monitoring recommended.
Karnataka,1983.0,1943.7666666666664,1717.460791826309,226.30587484035743,10.530231778974697,0.3333333333333333,Low,5.0,17.0,1.0,0.0,0.0,0.4,1,1.3333333333333333,Moderate,1,Moderate,1,0.3333333333333333,1,1.3333333333333333,LOW,Routine monitoring recommended.
Karnataka,1984.0,1680.3333333333333,1717.460791826309,-37.12745849297577,-4.13813369515065,0.0,Low,5.0,18.0,0.0,0.0,0.0,0.8,1,1.0,Moderate,1,Moderate,1,0.0,1,1.0,MODERATE,Continue monitoring rainfall and historical flood conditions.
Karnataka,1985.0,1458.7333333333331,1717.460791826309,-258.7274584929759,-19.512552015754665,0.0,Low,2.0,10.0,17.0,0.0,0.0,2.0,1,1.0,Moderate,1,Moderate,1,0.0,1,1.0,MODERATE,Continue monitoring rainfall and historical flood conditions.
Karnataka,1986.0,1528.3666666666668,1717.460791826309,-189.0941251596425,-9.278565798260203,0.0,Low,5.0,35.0,0.0,0.0,0.0,1.4,1,1.0,Moderate,1,Moderate,1,0.0,1,1.0,MODERATE,Continue monitoring rainfall and historical flood conditions.
Karnataka,1987.0,1466.1,1717.460791826309,-251.3607918263092,-8.58568299358182,0.0,Low,5.0,47.0,2.0,0.0,0.0,0.6,1,1.0,Moderate,1,Moderate,1,0.0,1,1.0,MODERATE,Continue monitoring rainfall and historical flood conditions.
Karnataka,1988.0,1761.4,1717.460791826309,43.93920817369084,3.818321261357727,0.0,Low,11.0,81.0,25.0,0.0,0.0,1.5454545454545454,1,1.0,Moderate,1,Moderate,1,0.0,1,1.0,MODERATE,Continue monitoring rainfall and historical flood conditions.
Karnataka,1989.0,1601.7666666666669,1717.460791826309,-115.6941251596425,-7.676505331003235,0.0,Low,9.0,22.0,5.0,0.0,0.0,0.5555555555555556,1,1.0,Moderate,1,Moderate,1,0.0,1,1.0,MODERATE,Continue monitoring rainfall and historical flood conditions.
Karnataka,1990.0,1895.9666666666665,1717.460791826309,178.5058748403574,1.1012563696389972,0.3333333333333333,Low,5.0,30.0,0.0,0.0,0.0,0.6,1,1.3333333333333333,Moderate,1,Moderate,1,0.3333333333333333,1,1.3333333333333333,LOW,Routine monitoring recommended.
Karnataka,1991.0,1886.9666666666665,1717.460791826309,169.50587484035748,9.190227705189065,0.3333333333333333,Low,14.0,97.0,4.0,0.0,1100.0,1.0,1,1.3333333333333333,Moderate,1,Moderate,1,0.3333333333333333,1,1.3333333333333333,LOW,Routine monitoring recommended.
Karnataka,1992.0,1917.1666666666667,1717.460791826309,199.70587484035744,7.732611077764644,0.6666666666666666,Moderate,2.0,58.0,0.0,0.0,0.0,2.0,1,1.6666666666666663,Moderate,1,Moderate,1,0.6666666666666666,1,1.6666666666666665,LOW,Routine monitoring recommended.
Karnataka,1993.0,1750.4,1717.460791826309,32.93920817369087,1.5173695599749706,0.0,Low,3.0,39.0,0.0,0.0,0.0,1.3333333333333333,1,1.0,Moderate,1,Moderate,1,0.0,1,1.0,MODERATE,Continue monitoring rainfall and historical flood conditions.
Karnataka,1994.0,2145.7000000000003,1717.460791826309,428.2392081736909,12.567123281570844,0.6666666666666666,Moderate,3.0,67.0,0.0,0.0,2274.0,2.0,1,1.6666666666666663,Moderate,1,Moderate,1,0.6666666666666666,1,1.6666666666666665,LOW,Routine monitoring recommended.
Karnataka,1995.0,1634.4333333333334,1717.460791826309,-83.02745849297575,-7.90090120055243,0.0,Low,1.0,6.0,0.0,0.0,0.0,2.0,1,1.0,Moderate,1,Moderate,1,0.0,1,1.0,MODERATE,Continue monitoring rainfall and historical flood conditions.
Karnataka,1996.0,1681.5666666666666,1717.460791826309,-35.89412515964246,2.556478874855721,0.3333333333333333,Low,7.0,192.0,46.0,0.0,4456.0,1.4285714285714286,1,1.3333333333333333,Moderate,1,Moderate,1,0.3333333333333333,1,1.3333333333333333,LOW,Routine monitoring recommended.
Karnataka,1997.0,2076.4,1717.460791826309,358.9392081736908,27.618382070854548,1.3333333333333333,Moderate,9.0,26.0,29.0,0.0,0.0,0.5555555555555556,1,2.333333333333333,High,1,High,2,1.3333333333333333,1,2.333333333333333,LOW,Routine monitoring recommended.
Karnataka,1998.0,1891.233333333333,1717.460791826309,173.7725415070242,11.766283211225394,0.3333333333333333,Low,19.0,229.0,45.0,0.0,948.0,0.8421052631578947,1,1.3333333333333333,Moderate,1,Moderate,1,0.3333333333333333,1,1.3333333333333333,LOW,Routine monitoring recommended.
Karnataka,1999.0,1863.4333333333327,1717.460791826309,145.97254150702418,4.7290722459339785,0.0,Low,20.0,160.0,28.0,0.0,1325.0,0.75,1,1.0,Moderate,1,Moderate,1,0.0,1,1.0,MODERATE,Continue monitoring rainfall and historical flood conditions.
Karnataka,2000.0,1756.9666666666665,1717.460791826309,39.50587484035759,4.772945976028514,0.3333333333333333,Low,27.0,25.0,35.0,0.0,5.0,-0.074074074074074,1,1.3333333333333333,Moderate,1,Moderate,1,0.3333333333333333,1,1.3333333333333333,LOW,Routine monitoring recommended.
Karnataka,2001.0,1545.3,1717.460791826309,-172.16079182630918,-11.92015991751733,0.0,Low,17.0,42.0,62.0,0.0,1.0,0.0,1,1.0,Moderate,1,Moderate,1,0.0,1,1.0,MODERATE,Continue monitoring rainfall and historical flood conditions.
Karnataka,2002.0,1359.8,1717.460791826309,-357.66079182630915,-23.659746921890264,0.0,Low,5.0,9.0,1.0,0.0,0.0,-0.4,1,1.0,Moderate,1,Moderate,1,0.0,1,1.0,MODERATE,Continue monitoring rainfall and historical flood conditions.
Karnataka,2003.0,1436.0666666666666,1717.460791826309,-281.39412515964244,-23.348858136325983,0.0,Low,8.0,23.0,2.0,0.0,0.0,0.25,1,1.0,Moderate,1,Moderate,1,0.0,1,1.0,MODERATE,Continue monitoring rainfall and historical flood conditions.
Karnataka,2004.0,1615.1,1717.460791826309,-102.36079182630912,-3.634453925064643,0.0,Low,8.0,35.0,30.0,0.0,0.0,1.0,1,1.0,Moderate,1,Moderate,1,0.0,1,1.0,MODERATE,Continue monitoring rainfall and historical flood conditions.
Karnataka,2005.0,1865.9,1717.460791826309,148.43920817369087,13.967758754610273,0.6666666666666666,Moderate,26.0,75.0,28.0,0.0,2033.0,0.1153846153846153,1,1.6666666666666663,Moderate,1,Moderate,1,0.6666666666666666,1,1.6666666666666665,LOW,Routine monitoring recommended.
Karnataka,2006.0,1839.4666666666665,1717.460791826309,122.0058748403576,0.991834278370833,0.3333333333333333,Low,5.0,21.0,4.0,0.0,1.0,-0.4,1,1.3333333333333333,Moderate,1,Moderate,1,0.3333333333333333,1,1.3333333333333333,LOW,Routine monitoring recommended.
Karnataka,2007.0,1976.0333333333333,1717.460791826309,258.57254150702414,16.31672907059622,1.0,Moderate,20.0,109.0,38.0,0.0,1201.0,0.7,1,2.0,High,1,High,2,1.0,1,2.0,HIGH,Increase monitoring and prepare local response resources.
Karnataka,2008.0,1686.4666666666665,1717.460791826309,-30.99412515964249,1.2117256713175248,0.0,Low,10.0,47.0,15.0,0.0,10.0,0.7,1,1.0,Moderate,1,Moderate,1,0.0,1,1.0,MODERATE,Continue monitoring rainfall and historical flood conditions.
Karnataka,2009.0,1977.9666666666665,1717.460791826309,260.50587484035754,17.562179617858593,0.6666666666666666,Moderate,12.0,526.0,27.0,0.0,0.0,0.6666666666666666,1,1.6666666666666663,Moderate,1,Moderate,1,0.6666666666666666,1,1.6666666666666665,LOW,Routine monitoring recommended.
Karnataka,2010.0,1926.5666666666668,1717.460791826309,209.1058748403576,15.652637815021492,0.6666666666666666,Moderate,9.0,22.0,1.0,0.0,0.0,1.1111111111111112,1,1.6666666666666663,Moderate,1,Moderate,1,0.6666666666666666,1,1.6666666666666665,LOW,Routine monitoring recommended.
Karnataka,2011.0,1883.733333333333,1717.460791826309,166.2725415070242,3.7331521129868968,0.3333333333333333,Low,5.0,7.0,6.0,0.0,0.0,-0.2,1,1.3333333333333333,Moderate,1,Moderate,1,0.3333333333333333,1,1.3333333333333333,LOW,Routine monitoring recommended.
Karnataka,2012.0,730.8,877.3722222222223,-146.57222222222236,-16.99807589969251,0.0,Low,2.0,5.0,0.0,0.0,0.0,1.0,1,1.0,Moderate,1,Moderate,1,0.0,1,1.0,MODERATE,Continue monitoring rainfall and historical flood conditions.
Karnataka,2013.0,2021.1,1717.460791826309,303.63920817369075,10.7894786540393,0.3333333333333333,Low,9.0,13.0,27.0,0.0,0.0,0.5555555555555556,1,1.3333333333333333,Moderate,1,Moderate,1,0.3333333333333333,1,1.3333333333333333,LOW,Routine monitoring recommended.
Karnataka,2014.0,1875.1333333333328,1717.460791826309,157.67254150702422,9.365598890737086,0.3333333333333333,Low,15.0,37.0,16.0,0.0,0.0,0.8666666666666667,1,1.3333333333333333,Moderate,1,Moderate,1,0.3333333333333333,1,1.3333333333333333,LOW,Routine monitoring recommended.
Karnataka,2015.0,1590.1333333333332,1717.460791826309,-127.32745849297582,-8.135715805199867,0.0,Low,11.0,36.0,19.0,0.0,4.0,0.9090909090909092,1,1.0,Moderate,1,Moderate,1,0.0,1,1.0,MODERATE,Continue monitoring rainfall and historical flood conditions.
Karnataka,2016.0,1310.6666666666667,1717.460791826309,-406.7941251596426,-23.16946579202774,0.0,Low,14.0,5.0,9.0,0.0,7.0,-0.4285714285714285,1,1.0,Moderate,1,Moderate,1,0.0,1,1.0,MODERATE,Continue monitoring rainfall and historical flood conditions.
Karnataka,2017.0,1582.9666666666665,1717.460791826309,-134.4941251596425,-2.597902097362826,0.0,Low,25.0,57.0,21.0,0.0,25.0,0.6,1,1.0,Moderate,1,Moderate,1,0.0,1,1.0,MODERATE,Continue monitoring rainfall and historical flood conditions.
Karnataka,2018.0,,,,,,,8.0,13.0,12.0,50.0,0.0,0.125,1,1.0,Moderate,0,Historical Flood Signal,2,0.0,1,1.0,MODERATE,Continue monitoring rainfall and historical flood conditions.
Karnataka,2019.0,,,,,,,17.0,30.0,1.0,0.0,274.0,0.2352941176470588,1,1.0,Moderate,0,Historical Flood Signal,2,0.0,1,1.0,MODERATE,Continue monitoring rainfall and historical flood conditions.
Karnataka,2020.0,,,,,,,7.0,148.0,0.0,0.0,1748.0,2.2857142857142856,1,1.0,Moderate,0,Historical Flood Signal,2,0.0,1,1.0,MODERATE,Continue monitoring rainfall and historical flood conditions.
Karnataka,2021.0,,,,,,,15.0,33.0,2.0,3.0,78.0,0.8,1,1.0,Moderate,0,Historical Flood Signal,2,0.0,1,1.0,MODERATE,Continue monitoring rainfall and historical flood conditions.
Karnataka,2022.0,,,,,,,50.0,34.0,19.0,0.0,804.0,-0.16,1,1.0,Moderate,0,Historical Flood Signal,2,0.0,1,1.0,MODERATE,Continue monitoring rainfall and historical flood conditions.
Karnataka,2023.0,,,,,,,12.0,9.0,1.0,0.0,0.0,-0.3333333333333333,1,1.0,Moderate,0,Historical Flood Signal,2,0.0,1,1.0,MODERATE,Continue monitoring rainfall and historical flood conditions.
"Karnataka, Kerala",1969.0,,,,,,,1.0,0.0,0.0,0.0,0.0,-1.0,1,1.0,Moderate,0,Historical Flood Signal,2,0.0,1,1.0,MODERATE,Continue monitoring rainfall and historical flood conditions.
Kerala,1901.0,3248.6,2914.2470085470086,334.3529914529913,11.473049143479903,0.0,Low,0.0,0.0,0.0,0.0,0.0,,0,0.0,Low,1,Low,0,0.0,0,0.0,LOW,Routine monitoring recommended.
Kerala,1902.0,3326.6,2914.2470085470086,412.3529914529913,14.149555279412748,1.0,Moderate,0.0,0.0,0.0,0.0,0.0,,0,1.0,Moderate,1,Moderate,1,1.0,0,1.0,MODERATE,Continue monitoring rainfall and historical flood conditions.
Kerala,1903.0,3271.2,2914.2470085470086,356.9529914529912,12.248549639275828,1.0,Moderate,0.0,0.0,0.0,0.0,0.0,,0,1.0,Moderate,1,Moderate,1,1.0,0,1.0,MODERATE,Continue monitoring rainfall and historical flood conditions.
Kerala,1904.0,3129.7,2914.2470085470086,215.45299145299123,7.393092995243812,0.0,Low,0.0,0.0,0.0,0.0,0.0,,0,0.0,Low,1,Low,0,0.0,0,0.0,LOW,Routine monitoring recommended.
Kerala,1905.0,2741.6,2914.2470085470086,-172.64700854700868,-5.924240740083573,0.0,Low,0.0,0.0,0.0,0.0,0.0,,0,0.0,Low,1,Low,0,0.0,0,0.0,LOW,Routine monitoring recommended.
Kerala,1906.0,2708.0,2914.2470085470086,-206.2470085470086,-7.077197229408487,0.0,Low,0.0,0.0,0.0,0.0,0.0,,0,0.0,Low,1,Low,0,0.0,0,0.0,LOW,Routine monitoring recommended.
Kerala,1907.0,3671.1,2914.2470085470086,756.8529914529913,25.970790713116138,1.0,Moderate,0.0,0.0,0.0,0.0,0.0,,0,1.0,Moderate,1,Moderate,1,1.0,0,1.0,MODERATE,Continue monitoring rainfall and historical flood conditions.
Kerala,1908.0,2648.3,2914.2470085470086,-265.9470085470084,-9.125753848834002,0.0,Low,0.0,0.0,0.0,0.0,0.0,,0,0.0,Low,1,Low,0,0.0,0,0.0,LOW,Routine monitoring recommended.
Kerala,1909.0,3050.2,2914.2470085470086,135.95299145299123,4.665115587466107,0.0,Low,0.0,0.0,0.0,0.0,0.0,,0,0.0,Low,1,Low,0,0.0,0,0.0,LOW,Routine monitoring recommended.
Kerala,1910.0,2848.6,2914.2470085470086,-65.64700854700868,-2.252623348483392,0.0,Low,0.0,0.0,0.0,0.0,0.0,,0,0.0,Low,1,Low,0,0.0,0,0.0,LOW,Routine monitoring recommended.
Kerala,1911.0,2726.7,2914.2470085470086,-187.5470085470088,-6.435522040409208,0.0,Low,0.0,0.0,0.0,0.0,0.0,,0,0.0,Low,1,Low,0,0.0,0,0.0,LOW,Routine monitoring recommended.
Kerala,1912.0,3451.3,2914.2470085470086,537.0529914529916,18.428533678782312,1.0,Moderate,0.0,0.0,0.0,0.0,0.0,,0,1.0,Moderate,1,Moderate,1,1.0,0,1.0,MODERATE,Continue monitoring rainfall and historical flood conditions.
Kerala,1913.0,2610.8,2914.2470085470086,-303.4470085470084,-10.41253564495556,0.0,Low,0.0,0.0,0.0,0.0,0.0,,0,0.0,Low,1,Low,0,0.0,0,0.0,LOW,Routine monitoring recommended.
Kerala,1914.0,2899.1,2914.2470085470086,-15.14700854700868,-0.519757196373025,0.0,Low,0.0,0.0,0.0,0.0,0.0,,0,0.0,Low,1,Low,0,0.0,0,0.0,LOW,Routine monitoring recommended.
Kerala,1915.0,3024.5,2914.2470085470086,110.2529914529914,3.783241129857472,0.0,Low,0.0,0.0,0.0,0.0,0.0,,0,0.0,Low,1,Low,0,0.0,0,0.0,LOW,Routine monitoring recommended.
Kerala,1916.0,2945.3,2914.2470085470086,31.05299145299159,1.065557976448745,0.0,Low,0.0,0.0,0.0,0.0,0.0,,0,0.0,Low,1,Low,0,0.0,0,0.0,LOW,Routine monitoring recommended.
Kerala,1917.0,2704.8,2914.2470085470086,-209.4470085470084,-7.187002609344187,0.0,Low,0.0,0.0,0.0,0.0,0.0,,0,0.0,Low,1,Low,0,0.0,0,0.0,LOW,Routine monitoring recommended.
Kerala,1918.0,2501.9,2914.2470085470086,-412.3470085470085,-14.149349980892572,0.0,Low,0.0,0.0,0.0,0.0,0.0,,0,0.0,Low,1,Low,0,0.0,0,0.0,LOW,Routine monitoring recommended.
Kerala,1919.0,3003.3,2914.2470085470086,89.05299145299159,3.055780487783423,0.0,Low,0.0,0.0,0.0,0.0,0.0,,0,0.0,Low,1,Low,0,0.0,0,0.0,LOW,Routine monitoring recommended.
Kerala,1920.0,3303.1,2914.2470085470086,388.8529914529913,13.343172020509906,1.0,Moderate,0.0,0.0,0.0,0.0,0.0,,0,1.0,Moderate,1,Moderate,1,1.0,0,1.0,MODERATE,Continue monitoring rainfall and historical flood conditions.
Kerala,1921.0,2719.9,2914.2470085470086,-194.3470085470085,-6.668858472772575,0.0,Low,0.0,0.0,0.0,0.0,0.0,,0,0.0,Low,1,Low,0,0.0,0,0.0,LOW,Routine monitoring recommended.
Kerala,1922.0,3267.6,2914.2470085470086,353.3529914529913,12.125018586848162,1.0,Moderate,0.0,0.0,0.0,0.0,0.0,,0,1.0,Moderate,1,Moderate,1,1.0,0,1.0,MODERATE,Continue monitoring rainfall and historical flood conditions.
Kerala,1923.0,3484.7,2914.2470085470086,570.4529914529912,19.57462733186124,1.0,Moderate,0.0,0.0,0.0,0.0,0.0,,0,1.0,Moderate,1,Moderate,1,1.0,0,1.0,MODERATE,Continue monitoring rainfall and historical flood conditions.
Kerala,1924.0,4226.4,2914.2470085470086,1312.152991452991,45.02545555008417,2.0,High,0.0,0.0,0.0,0.0,0.0,,0,2.0,High,1,High,2,2.0,0,2.0,HIGH,Increase monitoring and prepare local response resources.
Kerala,1925.0,3062.1,2914.2470085470086,147.85299145299132,5.073454344102018,0.0,Low,0.0,0.0,0.0,0.0,0.0,,0,0.0,Low,1,Low,0,0.0,0,0.0,LOW,Routine monitoring recommended.
Kerala,1926.0,2965.4,2914.2470085470086,51.1529914529915,1.7552730191698975,0.0,Low,0.0,0.0,0.0,0.0,0.0,,0,0.0,Low,1,Low,0,0.0,0,0.0,LOW,Routine monitoring recommended.
Kerala,1927.0,2994.7,2914.2470085470086,80.45299145299123,2.7606785292062,0.0,Low,0.0,0.0,0.0,0.0,0.0,,0,0.0,Low,1,Low,0,0.0,0,0.0,LOW,Routine monitoring recommended.
Kerala,1928.0,2502.8,2914.2470085470086,-411.4470085470084,-14.118467217785652,0.0,Low,0.0,0.0,0.0,0.0,0.0,,0,0.0,Low,1,Low,0,0.0,0,0.0,LOW,Routine monitoring recommended.
Kerala,1929.0,3361.6,2914.2470085470086,447.3529914529913,15.350551622459536,1.0,Moderate,0.0,0.0,0.0,0.0,0.0,,0,1.0,Moderate,1,Moderate,1,1.0,0,1.0,MODERATE,Continue monitoring rainfall and historical flood conditions.
Kerala,1930.0,3018.0,2914.2470085470086,103.7529914529914,3.560198951863068,0.0,Low,0.0,0.0,0.0,0.0,0.0,,0,0.0,Low,1,Low,0,0.0,0,0.0,LOW,Routine monitoring recommended.
Kerala,1931.0,3259.6,2914.2470085470086,345.3529914529913,11.850505137008897,0.0,Low,0.0,0.0,0.0,0.0,0.0,,0,0.0,Low,1,Low,0,0.0,0,0.0,LOW,Routine monitoring recommended.
Kerala,1932.0,3403.0,2914.2470085470086,488.7529914529914,16.77115872537774,1.0,Moderate,0.0,0.0,0.0,0.0,0.0,,0,1.0,Moderate,1,Moderate,1,1.0,0,1.0,MODERATE,Continue monitoring rainfall and historical flood conditions.
Kerala,1933.0,4072.9,2914.2470085470086,1158.6529914529915,39.75822873129327,2.0,High,0.0,0.0,0.0,0.0,0.0,,0,2.0,High,1,High,2,2.0,0,2.0,HIGH,Increase monitoring and prepare local response resources.
Kerala,1934.0,2410.7,2914.2470085470086,-503.5470085470088,-17.278803309060212,0.0,Low,0.0,0.0,0.0,0.0,0.0,,0,0.0,Low,1,Low,0,0.0,0,0.0,LOW,Routine monitoring recommended.
Kerala,1935.0,2498.2,2914.2470085470086,-416.0470085470088,-14.27631245144324,0.0,Low,0.0,0.0,0.0,0.0,0.0,,0,0.0,Low,1,Low,0,0.0,0,0.0,LOW,Routine monitoring recommended.
Kerala,1936.0,3043.3,2914.2470085470086,129.0529914529916,4.428347736979752,0.0,Low,0.0,0.0,0.0,0.0,0.0,,0,0.0,Low,1,Low,0,0.0,0,0.0,LOW,Routine monitoring recommended.
Kerala,1937.0,2818.2,2914.2470085470086,-96.04700854700876,-3.295774457872605,0.0,Low,0.0,0.0,0.0,0.0,0.0,,0,0.0,Low,1,Low,0,0.0,0,0.0,LOW,Routine monitoring recommended.
Kerala,1938.0,2634.1,2914.2470085470086,-280.1470085470087,-9.613015222298708,0.0,Low,0.0,0.0,0.0,0.0,0.0,,0,0.0,Low,1,Low,0,0.0,0,0.0,LOW,Routine monitoring recommended.
Kerala,1939.0,2937.5,2914.2470085470086,23.25299145299141,0.7979073628554545,0.0,Low,0.0,0.0,0.0,0.0,0.0,,0,0.0,Low,1,Low,0,0.0,0,0.0,LOW,Routine monitoring recommended.
Kerala,1940.0,3117.8,2914.2470085470086,203.5529914529916,6.984754238607917,0.0,Low,0.0,0.0,0.0,0.0,0.0,,0,0.0,Low,1,Low,0,0.0,0,0.0,LOW,Routine monitoring recommended.
Kerala,1941.0,3111.1,2914.2470085470086,196.8529914529913,6.754849224367522,0.0,Low,0.0,0.0,0.0,0.0,0.0,,0,0.0,Low,1,Low,0,0.0,0,0.0,LOW,Routine monitoring recommended.
Kerala,1942.0,3050.9,2914.2470085470086,136.6529914529915,4.689135514327052,0.0,Low,0.0,0.0,0.0,0.0,0.0,,0,0.0,Low,1,Low,0,0.0,0,0.0,LOW,Routine monitoring recommended.
Kerala,1943.0,3464.2,2914.2470085470086,549.9529914529912,18.87118661664812,1.0,Moderate,0.0,0.0,0.0,0.0,0.0,,0,1.0,Moderate,1,Moderate,1,1.0,0,1.0,MODERATE,Continue monitoring rainfall and historical flood conditions.
Kerala,1944.0,2490.0,2914.2470085470086,-424.2470085470086,-14.557688737528482,0.0,Low,0.0,0.0,0.0,0.0,0.0,,0,0.0,Low,1,Low,0,0.0,0,0.0,LOW,Routine monitoring recommended.
Kerala,1945.0,2432.4,2914.2470085470086,-481.8470085470085,-16.534185576371193,0.0,Low,0.0,0.0,0.0,0.0,0.0,,0,0.0,Low,1,Low,0,0.0,0,0.0,LOW,Routine monitoring recommended.
Kerala,1946.0,3565.5,2914.2470085470086,651.2529914529914,22.34721317523783,1.0,Moderate,0.0,0.0,0.0,0.0,0.0,,0,1.0,Moderate,1,Moderate,1,1.0,0,1.0,MODERATE,Continue monitoring rainfall and historical flood conditions.
Kerala,1947.0,2998.1,2914.2470085470086,83.85299145299132,2.8773467453878907,0.0,Low,0.0,0.0,0.0,0.0,0.0,,0,0.0,Low,1,Low,0,0.0,0,0.0,LOW,Routine monitoring recommended.
Kerala,1948.0,3039.2,2914.2470085470086,124.95299145299124,4.287659593937116,0.0,Low,0.0,0.0,0.0,0.0,0.0,,0,0.0,Low,1,Low,0,0.0,0,0.0,LOW,Routine monitoring recommended.
Kerala,1949.0,2942.6,2914.2470085470086,28.35299145299132,0.9729096871279834,0.0,Low,0.0,0.0,0.0,0.0,0.0,,0,0.0,Low,1,Low,0,0.0,0,0.0,LOW,Routine monitoring recommended.
Kerala,1950.0,3146.6,2914.2470085470086,232.3529914529913,7.973002658029264,0.0,Low,0.0,0.0,0.0,0.0,0.0,,0,0.0,Low,1,Low,0,0.0,0,0.0,LOW,Routine monitoring recommended.
Kerala,1951.0,2705.5,2914.2470085470086,-208.7470085470086,-7.162982682483257,0.0,Low,0.0,0.0,0.0,0.0,0.0,,0,0.0,Low,1,Low,0,0.0,0,0.0,LOW,Routine monitoring recommended.
Kerala,1952.0,2334.8,2914.2470085470086,-579.4470085470084,-19.88324966441024,0.0,Low,0.0,0.0,0.0,0.0,0.0,,0,0.0,Low,1,Low,0,0.0,0,0.0,LOW,Routine monitoring recommended.
Kerala,1953.0,2544.9,2914.2470085470086,-369.3470085470085,-12.673840188006515,0.0,Low,0.0,0.0,0.0,0.0,0.0,,0,0.0,Low,1,Low,0,0.0,0,0.0,LOW,Routine monitoring recommended.
Kerala,1954.0,2938.0,2914.2470085470086,23.75299145299141,0.8150644534704087,0.0,Low,0.0,0.0,0.0,0.0,0.0,,0,0.0,Low,1,Low,0,0.0,0,0.0,LOW,Routine monitoring recommended.
Kerala,1955.0,3134.7,2914.2470085470086,220.45299145299123,7.564663901393354,0.0,Low,0.0,0.0,0.0,0.0,0.0,,0,0.0,Low,1,Low,0,0.0,0,0.0,LOW,Routine monitoring recommended.
Kerala,1956.0,2798.4,2914.2470085470086,-115.8470085470085,-3.975195246224778,0.0,Low,0.0,0.0,0.0,0.0,0.0,,0,0.0,Low,1,Low,0,0.0,0,0.0,LOW,Routine monitoring recommended.
Kerala,1957.0,3103.3,2914.2470085470086,189.0529914529916,6.487198610774247,0.0,Low,0.0,0.0,0.0,0.0,0.0,,0,0.0,Low,1,Low,0,0.0,0,0.0,LOW,Routine monitoring recommended.
Kerala,1958.0,2923.1,2914.2470085470086,8.852991452991319,0.3037831531447728,0.0,Low,0.0,0.0,0.0,0.0,0.0,,0,0.0,Low,1,Low,0,0.0,0,0.0,LOW,Routine monitoring recommended.
Kerala,1959.0,3746.0,2914.2470085470086,831.7529914529914,28.540922887236263,1.0,Moderate,0.0,0.0,0.0,0.0,0.0,,0,1.0,Moderate,1,Moderate,1,1.0,0,1.0,MODERATE,Continue monitoring rainfall and historical flood conditions.
Kerala,1960.0,3385.5,2914.2470085470086,471.2529914529914,16.170660553854347,1.0,Moderate,0.0,0.0,0.0,0.0,0.0,,0,1.0,Moderate,1,Moderate,1,1.0,0,1.0,MODERATE,Continue monitoring rainfall and historical flood conditions.
Kerala,1961.0,4257.8,2914.2470085470086,1343.5529914529916,46.10292084070331,2.0,High,0.0,0.0,0.0,0.0,0.0,,0,2.0,High,1,High,2,2.0,0,2.0,HIGH,Increase monitoring and prepare local response resources.
Kerala,1962.0,3375.8,2914.2470085470086,461.5529914529916,15.837812995924242,1.0,Moderate,0.0,0.0,0.0,0.0,0.0,,0,1.0,Moderate,1,Moderate,1,1.0,0,1.0,MODERATE,Continue monitoring rainfall and historical flood conditions.
Kerala,1963.0,2651.1,2914.2470085470086,-263.1470085470087,-9.029674141390268,0.0,Low,0.0,0.0,0.0,0.0,0.0,,0,0.0,Low,1,Low,0,0.0,0,0.0,LOW,Routine monitoring recommended.
Kerala,1964.0,2869.1,2914.2470085470086,-45.14700854700868,-1.549182633270272,0.0,Low,0.0,0.0,0.0,0.0,0.0,,0,0.0,Low,1,Low,0,0.0,0,0.0,LOW,Routine monitoring recommended.
Kerala,1965.0,2342.4,2914.2470085470086,-571.8470085470085,-19.622461887062936,0.0,Low,0.0,0.0,0.0,0.0,0.0,,0,0.0,Low,1,Low,0,0.0,0,0.0,LOW,Routine monitoring recommended.
Kerala,1966.0,2621.7,2914.2470085470086,-292.5470085470088,-10.038511069549577,0.0,Low,0.0,0.0,0.0,0.0,0.0,,0,0.0,Low,1,Low,0,0.0,0,0.0,LOW,Routine monitoring recommended.
Kerala,1967.0,2569.1,2914.2470085470086,-345.1470085470087,-11.843437002242744,0.0,Low,0.0,0.0,0.0,0.0,0.0,,0,0.0,Low,1,Low,0,0.0,0,0.0,LOW,Routine monitoring recommended.
Kerala,1968.0,3392.7,2914.2470085470086,478.4529914529912,16.41772265870968,1.0,Moderate,0.0,0.0,0.0,0.0,0.0,,0,1.0,Moderate,1,Moderate,1,1.0,0,1.0,MODERATE,Continue monitoring rainfall and historical flood conditions.
Kerala,1969.0,2665.0,2914.2470085470086,-249.2470085470086,-8.552707022294541,0.0,Low,0.0,0.0,0.0,0.0,0.0,,0,0.0,Low,1,Low,0,0.0,0,0.0,LOW,Routine monitoring recommended.
Kerala,1970.0,2703.5,2914.2470085470086,-210.7470085470086,-7.231611044943073,0.0,Low,1.0,0.0,0.0,0.0,0.0,-1.0,1,1.0,Moderate,1,Moderate,1,0.0,1,1.0,MODERATE,Continue monitoring rainfall and historical flood conditions.
Kerala,1971.0,3076.8,2914.2470085470086,162.5529914529916,5.577872808181679,0.0,Low,1.0,0.0,0.0,0.0,0.0,-1.0,1,1.0,Moderate,1,Moderate,1,0.0,1,1.0,MODERATE,Continue monitoring rainfall and historical flood conditions.
Kerala,1972.0,2739.4,2914.2470085470086,-174.8470085470085,-5.999731938789365,0.0,Low,2.0,0.0,0.0,0.0,0.0,-1.0,1,1.0,Moderate,1,Moderate,1,0.0,1,1.0,MODERATE,Continue monitoring rainfall and historical flood conditions.
Kerala,1973.0,2412.5,2914.2470085470086,-501.7470085470086,-17.21703778284637,0.0,Low,0.0,0.0,0.0,0.0,0.0,,0,0.0,Low,1,Low,0,0.0,0,0.0,LOW,Routine monitoring recommended.
Kerala,1974.0,2767.4,2914.2470085470086,-146.8470085470085,-5.038934864351934,0.0,Low,0.0,0.0,0.0,0.0,0.0,,0,0.0,Low,1,Low,0,0.0,0,0.0,LOW,Routine monitoring recommended.
Kerala,1975.0,3498.4,2914.2470085470086,584.1529914529915,20.04473161471099,1.0,Moderate,2.0,4.0,0.0,0.0,0.0,0.0,1,2.0,High,1,High,2,1.0,1,2.0,HIGH,Increase monitoring and prepare local response resources.
Kerala,1976.0,2068.8,2914.2470085470086,-845.4470085470084,-29.010821871565827,0.0,Low,1.0,20.0,0.0,0.0,0.0,2.0,1,1.0,Moderate,1,Moderate,1,0.0,1,1.0,MODERATE,Continue monitoring rainfall and historical flood conditions.
Kerala,1977.0,3047.6,2914.2470085470086,133.35299145299132,4.575898716268348,0.0,Low,0.0,0.0,0.0,0.0,0.0,,0,0.0,Low,1,Low,0,0.0,0,0.0,LOW,Routine monitoring recommended.
Kerala,1978.0,3176.7,2914.2470085470086,262.4529914529912,9.005859513049499,0.0,Low,1.0,44.0,1.0,0.0,0.0,3.0,1,1.0,Moderate,1,Moderate,1,0.0,1,1.0,MODERATE,Continue monitoring rainfall and historical flood conditions.
Kerala,1979.0,2503.0,2914.2470085470086,-411.2470085470086,-14.111604381539674,0.0,Low,7.0,7.0,2.0,0.0,0.0,-0.4285714285714285,1,1.0,Moderate,1,Moderate,1,0.0,1,1.0,MODERATE,Continue monitoring rainfall and historical flood conditions.
Kerala,1980.0,2803.4,2914.2470085470086,-110.8470085470085,-3.803624340075237,0.0,Low,6.0,13.0,11.0,0.0,0.0,0.1666666666666666,1,1.0,Moderate,1,Moderate,1,0.0,1,1.0,MODERATE,Continue monitoring rainfall and historical flood conditions.
Kerala,1981.0,3005.9,2914.2470085470086,91.6529914529915,3.144997358981181,0.0,Low,6.0,42.0,13.0,0.0,0.0,0.3333333333333333,1,1.0,Moderate,1,Moderate,1,0.0,1,1.0,MODERATE,Continue monitoring rainfall and historical flood conditions.
Kerala,1982.0,2223.3,2914.2470085470086,-690.9470085470084,-23.709280871545005,0.0,Low,2.0,0.0,0.0,0.0,0.0,-1.0,1,1.0,Moderate,1,Moderate,1,0.0,1,1.0,MODERATE,Continue monitoring rainfall and historical flood conditions.
Kerala,1983.0,2320.3,2914.2470085470086,-593.9470085470084,-20.380805292243902,0.0,Low,3.0,3.0,0.0,0.0,0.0,-0.3333333333333333,1,1.0,Moderate,1,Moderate,1,0.0,1,1.0,MODERATE,Continue monitoring rainfall and historical flood conditions.
Kerala,1984.0,2762.1,2914.2470085470086,-152.14700854700868,-5.220800024870454,0.0,Low,9.0,73.0,29.0,0.0,0.0,1.3333333333333333,1,1.0,Moderate,1,Moderate,1,0.0,1,1.0,MODERATE,Continue monitoring rainfall and historical flood conditions.
Kerala,1985.0,2390.5,2914.2470085470086,-523.7470085470086,-17.971949769904352,0.0,Low,4.0,46.0,0.0,0.0,0.0,1.25,1,1.0,Moderate,1,Moderate,1,0.0,1,1.0,MODERATE,Continue monitoring rainfall and historical flood conditions.
Kerala,1986.0,2093.2,2914.2470085470086,-821.0470085470088,-28.17355584955608,0.0,Low,5.0,35.0,140.0,0.0,0.0,1.0,1,1.0,Moderate,1,Moderate,1,0.0,1,1.0,MODERATE,Continue monitoring rainfall and historical flood conditions.
Kerala,1987.0,2137.6,2914.2470085470086,-776.6470085470087,-26.650006202948152,0.0,Low,6.0,5.0,0.0,0.0,0.0,-0.3333333333333333,1,1.0,Moderate,1,Moderate,1,0.0,1,1.0,MODERATE,Continue monitoring rainfall and historical flood conditions.
Kerala,1988.0,2403.5,2914.2470085470086,-510.7470085470086,-17.525865413915547,0.0,Low,8.0,6.0,0.0,0.0,0.0,-0.625,1,1.0,Moderate,1,Moderate,1,0.0,1,1.0,MODERATE,Continue monitoring rainfall and historical flood conditions.
Kerala,1989.0,2422.7,2914.2470085470086,-491.5470085470088,-16.867033134301312,0.0,Low,8.0,18.0,0.0,0.0,0.0,-0.375,1,1.0,Moderate,1,Moderate,1,0.0,1,1.0,MODERATE,Continue monitoring rainfall and historical flood conditions.
Kerala,1990.0,2693.1,2914.2470085470086,-221.14700854700868,-7.588478529734122,0.0,Low,3.0,0.0,0.0,0.0,0.0,-1.0,1,1.0,Moderate,1,Moderate,1,0.0,1,1.0,MODERATE,Continue monitoring rainfall and historical flood conditions.
Kerala,1991.0,3184.5,2914.2470085470086,270.2529914529914,9.273510126642789,0.0,Low,7.0,30.0,0.0,0.0,0.0,-0.1428571428571428,1,1.0,Moderate,1,Moderate,1,0.0,1,1.0,MODERATE,Continue monitoring rainfall and historical flood conditions.
Kerala,1992.0,3239.5,2914.2470085470086,325.2529914529914,11.160790094287742,0.0,Low,10.0,161.0,2.0,0.0,0.0,1.3,1,1.0,Moderate,1,Moderate,1,0.0,1,1.0,MODERATE,Continue monitoring rainfall and historical flood conditions.
Kerala,1993.0,2717.7,2914.2470085470086,-196.5470085470088,-6.744349671478384,0.0,Low,14.0,22.0,12.0,0.0,0.0,0.0714285714285714,1,1.0,Moderate,1,Moderate,1,0.0,1,1.0,MODERATE,Continue monitoring rainfall and historical flood conditions.
Kerala,1994.0,3410.8,2914.2470085470086,496.5529914529916,17.03880933897103,1.0,Moderate,16.0,76.0,54.0,0.0,0.0,0.4375,1,2.0,High,1,High,2,1.0,1,2.0,HIGH,Increase monitoring and prepare local response resources.
Kerala,1995.0,2858.8,2914.2470085470086,-55.44700854700841,-1.9026186999383177,0.0,Low,15.0,10.0,6.0,0.0,0.0,-0.3333333333333333,1,1.0,Moderate,1,Moderate,1,0.0,1,1.0,MODERATE,Continue monitoring rainfall and historical flood conditions.
Kerala,1996.0,2610.0,2914.2470085470086,-304.2470085470086,-10.439986989939491,0.0,Low,12.0,27.0,0.0,0.0,0.0,-0.4166666666666667,1,1.0,Moderate,1,Moderate,1,0.0,1,1.0,MODERATE,Continue monitoring rainfall and historical flood conditions.
Kerala,1997.0,3252.4,2914.2470085470086,338.1529914529915,11.603443032153562,0.0,Low,11.0,57.0,5.0,0.0,0.0,0.0909090909090909,1,1.0,Moderate,1,Moderate,1,0.0,1,1.0,MODERATE,Continue monitoring rainfall and historical flood conditions.
Kerala,1998.0,3151.5,2914.2470085470086,237.2529914529914,8.141142146055817,0.0,Low,7.0,94.0,3.0,0.0,0.0,0.5714285714285714,1,1.0,Moderate,1,Moderate,1,0.0,1,1.0,MODERATE,Continue monitoring rainfall and historical flood conditions.
Kerala,1999.0,2914.6,2914.2470085470086,0.3529914529913185,0.0121126126905527,0.0,Low,8.0,82.0,86.0,0.0,0.0,1.5,1,1.0,Moderate,1,Moderate,1,0.0,1,1.0,MODERATE,Continue monitoring rainfall and historical flood conditions.
Kerala,2000.0,2412.6,2914.2470085470086,-501.6470085470087,-17.213606364723383,0.0,Low,7.0,103.0,34.0,0.0,0.0,0.7142857142857143,1,1.0,Moderate,1,Moderate,1,0.0,1,1.0,MODERATE,Continue monitoring rainfall and historical flood conditions.
Kerala,2001.0,2931.1,2914.2470085470086,16.85299145299132,0.5782966029840386,0.0,Low,7.0,68.0,9.0,0.0,0.0,0.7142857142857143,1,1.0,Moderate,1,Moderate,1,0.0,1,1.0,MODERATE,Continue monitoring rainfall and historical flood conditions.
Kerala,2002.0,2507.4,2914.2470085470086,-406.8470085470085,-13.960621984128077,0.0,Low,5.0,19.0,2.0,0.0,0.0,1.2,1,1.0,Moderate,1,Moderate,1,0.0,1,1.0,MODERATE,Continue monitoring rainfall and historical flood conditions.
Kerala,2003.0,2394.9,2914.2470085470086,-519.3470085470085,-17.820967372492753,0.0,Low,7.0,12.0,11.0,0.0,0.0,0.2857142857142857,1,1.0,Moderate,1,Moderate,1,0.0,1,1.0,MODERATE,Continue monitoring rainfall and historical flood conditions.
Kerala,2004.0,2886.1,2914.2470085470086,-28.14700854700868,-0.965841552361832,0.0,Low,6.0,58.0,35.0,0.0,0.0,0.6666666666666666,1,1.0,Moderate,1,Moderate,1,0.0,1,1.0,MODERATE,Continue monitoring rainfall and historical flood conditions.
Kerala,2005.0,3031.1,2914.2470085470086,116.85299145299132,4.009714725974862,0.0,Low,24.0,48.0,20.0,0.0,0.0,-0.1666666666666666,1,1.0,Moderate,1,Moderate,1,0.0,1,1.0,MODERATE,Continue monitoring rainfall and historical flood conditions.
Kerala,2006.0,3420.6,2914.2470085470086,506.3529914529913,17.375088315024122,1.0,Moderate,18.0,28.0,42.0,0.0,0.0,0.1111111111111111,1,2.0,High,1,High,2,1.0,1,2.0,HIGH,Increase monitoring and prepare local response resources.
Kerala,2007.0,3489.6,2914.2470085470086,575.3529914529913,19.74276681988779,1.0,Moderate,15.0,111.0,120.0,0.0,0.0,-0.0666666666666666,1,2.0,High,1,High,2,1.0,1,2.0,HIGH,Increase monitoring and prepare local response resources.
Kerala,2008.0,2524.5,2914.2470085470086,-389.7470085470086,-13.373849485096647,0.0,Low,10.0,27.0,51.0,0.0,1.0,0.4,1,1.0,Moderate,1,Moderate,1,0.0,1,1.0,MODERATE,Continue monitoring rainfall and historical flood conditions.
Kerala,2009.0,2810.6,2914.2470085470086,-103.64700854700868,-3.556562235219904,0.0,Low,9.0,47.0,11.0,0.0,17.0,0.5555555555555556,1,1.0,Moderate,1,Moderate,1,0.0,1,1.0,MODERATE,Continue monitoring rainfall and historical flood conditions.
Kerala,2010.0,3131.8,2914.2470085470086,217.5529914529916,7.465152775826632,0.0,Low,16.0,31.0,7.0,0.0,7000.0,0.0625,1,1.0,Moderate,1,Moderate,1,0.0,1,1.0,MODERATE,Continue monitoring rainfall and historical flood conditions.
Kerala,2011.0,3035.1,2914.2470085470086,120.85299145299132,4.146971450894496,0.0,Low,17.0,15.0,21.0,0.0,0.0,-0.1764705882352941,1,1.0,Moderate,1,Moderate,1,0.0,1,1.0,MODERATE,Continue monitoring rainfall and historical flood conditions.
Kerala,2012.0,2151.1,2914.2470085470086,-763.1470085470087,-26.186764756344388,0.0,Low,13.0,66.0,8.0,0.0,0.0,0.2307692307692307,1,1.0,Moderate,1,Moderate,1,0.0,1,1.0,MODERATE,Continue monitoring rainfall and historical flood conditions.
Kerala,2013.0,3255.4,2914.2470085470086,341.1529914529915,11.706385575843289,0.0,Low,29.0,41.0,24.0,0.0,4500.0,-0.3448275862068966,1,1.0,Moderate,1,Moderate,1,0.0,1,1.0,MODERATE,Continue monitoring rainfall and historical flood conditions.
Kerala,2014.0,3046.4,2914.2470085470086,132.1529914529915,4.534721698792465,0.0,Low,13.0,23.0,29.0,0.0,0.0,-0.2307692307692307,1,1.0,Moderate,1,Moderate,1,0.0,1,1.0,MODERATE,Continue monitoring rainfall and historical flood conditions.
Kerala,2015.0,2600.6,2914.2470085470086,-313.6470085470087,-10.762540293500637,0.0,Low,21.0,35.0,59.0,0.0,3000.0,-0.0476190476190476,1,1.0,Moderate,1,Moderate,1,0.0,1,1.0,MODERATE,Continue monitoring rainfall and historical flood conditions.
Kerala,2016.0,1870.9,2914.2470085470086,-1043.3470085470085,-35.801598336964666,0.0,Low,9.0,14.0,6.0,0.0,0.0,0.4444444444444444,1,1.0,Moderate,1,Moderate,1,0.0,1,1.0,MODERATE,Continue monitoring rainfall and historical flood conditions.
Kerala,2017.0,2664.9,2914.2470085470086,-249.3470085470085,-8.556138440417529,0.0,Low,13.0,18.0,4.0,0.0,2000.0,-0.0769230769230769,1,1.0,Moderate,1,Moderate,1,0.0,1,1.0,MODERATE,Continue monitoring rainfall and historical flood conditions.
Kerala,2018.0,,,,,,,11.0,478.0,0.0,0.0,847209.0,0.0909090909090909,1,1.0,Moderate,0,Historical Flood Signal,2,0.0,1,1.0,MODERATE,Continue monitoring rainfall and historical flood conditions.
Kerala,2019.0,,,,,,,33.0,74.0,24.0,49.0,2.0,-0.2727272727272727,1,1.0,Moderate,0,Historical Flood Signal,2,0.0,1,1.0,MODERATE,Continue monitoring rainfall and historical flood conditions.
Kerala,2020.0,,,,,,,26.0,76.0,7.0,8.0,0.0,-0.3076923076923077,1,1.0,Moderate,0,Historical Flood Signal,2,0.0,1,1.0,MODERATE,Continue monitoring rainfall and historical flood conditions.
Kerala,2021.0,,,,,,,68.0,53.0,10.0,16.0,1803.0,-0.3235294117647059,1,1.0,Moderate,0,Historical Flood Signal,2,0.0,1,1.0,MODERATE,Continue monitoring rainfall and historical flood conditions.
Kerala,2022.0,,,,,,,43.0,43.0,0.0,5.0,0.0,0.3255813953488372,1,1.0,Moderate,0,Historical Flood Signal,2,0.0,1,1.0,MODERATE,Continue monitoring rainfall and historical flood conditions.
Kerala,2023.0,,,,,,,9.0,24.0,0.0,0.0,0.0,0.0,1,1.0,Moderate,0,Historical Flood Signal,2,0.0,1,1.0,MODERATE,Continue monitoring rainfall and historical flood conditions.
"Kerala, Karnataka",1974.0,,,,,,,1.0,0.0,0.0,0.0,0.0,-1.0,1,1.0,Moderate,0,Historical Flood Signal,2,0.0,1,1.0,MODERATE,Continue monitoring rainfall and historical flood conditions.
"Kerala, Rajasthan, Haryana, Uttar Pradesh, Bihar",1968.0,,,,,,,1.0,0.0,0.0,0.0,0.0,-1.0,1,1.0,Moderate,0,Historical Flood Signal,2,0.0,1,1.0,MODERATE,Continue monitoring rainfall and historical flood conditions.
Ladakh,2023.0,,,,,,,1.0,5.0,0.0,0.0,0.0,2.0,1,1.0,Moderate,0,Historical Flood Signal,2,0.0,1,1.0,MODERATE,Continue monitoring rainfall and historical flood conditions.
Madhya Pradesh,1901.0,1025.45,1073.6032972295905,-48.15329722959024,-6.577581017634784,0.0,Low,0.0,0.0,0.0,0.0,0.0,,0,0.0,Low,1,Low,0,0.0,0,0.0,LOW,Routine monitoring recommended.
Madhya Pradesh,1902.0,947.95,1073.6032972295905,-125.65329722959024,-10.814702388120793,0.0,Low,0.0,0.0,0.0,0.0,0.0,,0,0.0,Low,1,Low,0,0.0,0,0.0,LOW,Routine monitoring recommended.
Madhya Pradesh,1903.0,1063.85,1073.6032972295905,-9.753297229590316,-0.7488675013377419,0.0,Low,0.0,0.0,0.0,0.0,0.0,,0,0.0,Low,1,Low,0,0.0,0,0.0,LOW,Routine monitoring recommended.
Madhya Pradesh,1904.0,959.3,1073.6032972295905,-114.30329722959029,-11.43577896017544,0.0,Low,0.0,0.0,0.0,0.0,0.0,,0,0.0,Low,1,Low,0,0.0,0,0.0,LOW,Routine monitoring recommended.
Madhya Pradesh,1905.0,791.25,1073.6032972295905,-282.3532972295903,-26.29228057391293,0.0,Low,0.0,0.0,0.0,0.0,0.0,,0,0.0,Low,1,Low,0,0.0,0,0.0,LOW,Routine monitoring recommended.
Madhya Pradesh,1906.0,1189.95,1073.6032972295905,116.34670277040976,10.423487872940012,0.5,Moderate,0.0,0.0,0.0,0.0,0.0,,0,0.5,Low,1,Low,0,0.5,0,0.5,LOW,Routine monitoring recommended.
Madhya Pradesh,1907.0,830.0,1073.6032972295905,-243.60329722959028,-23.596566740364885,0.0,Low,0.0,0.0,0.0,0.0,0.0,,0,0.0,Low,1,Low,0,0.0,0,0.0,LOW,Routine monitoring recommended.
Madhya Pradesh,1908.0,1131.6,1073.6032972295905,57.99670277040968,3.549515721785304,0.5,Moderate,0.0,0.0,0.0,0.0,0.0,,0,0.5,Low,1,Low,0,0.5,0,0.5,LOW,Routine monitoring recommended.
Madhya Pradesh,1909.0,976.1,1073.6032972295905,-97.50329722959026,-9.40347387825866,0.0,Low,0.0,0.0,0.0,0.0,0.0,,0,0.0,Low,1,Low,0,0.0,0,0.0,LOW,Routine monitoring recommended.
Madhya Pradesh,1910.0,1090.85,1073.6032972295905,17.24670277040974,1.6082659461837938,0.0,Low,0.0,0.0,0.0,0.0,0.0,,0,0.0,Low,1,Low,0,0.0,0,0.0,LOW,Routine monitoring recommended.
Madhya Pradesh,1911.0,936.8,1073.6032972295905,-136.80329722959033,-14.421612208145518,0.0,Low,0.0,0.0,0.0,0.0,0.0,,0,0.0,Low,1,Low,0,0.0,0,0.0,LOW,Routine monitoring recommended.
Madhya Pradesh,1912.0,978.95,1073.6032972295905,-94.65329722959036,-9.427516919970545,0.0,Low,0.0,0.0,0.0,0.0,0.0,,0,0.0,Low,1,Low,0,0.0,0,0.0,LOW,Routine monitoring recommended.
Madhya Pradesh,1913.0,863.45,1073.6032972295905,-210.1532972295903,-19.219669567881983,0.0,Low,0.0,0.0,0.0,0.0,0.0,,0,0.0,Low,1,Low,0,0.0,0,0.0,LOW,Routine monitoring recommended.
Madhya Pradesh,1914.0,1043.1999999999998,1073.6032972295905,-30.403297229590343,-3.756404922544671,0.0,Low,0.0,0.0,0.0,0.0,0.0,,0,0.0,Low,1,Low,0,0.0,0,0.0,LOW,Routine monitoring recommended.
Madhya Pradesh,1915.0,1077.5,1073.6032972295905,3.8967027704097177,-1.6300001315881545,0.5,Moderate,0.0,0.0,0.0,0.0,0.0,,0,0.5,Low,1,Low,0,0.5,0,0.5,LOW,Routine monitoring recommended.
Madhya Pradesh,1916.0,1349.7,1073.6032972295905,276.09670277040976,26.0839429491328,1.0,Moderate,0.0,0.0,0.0,0.0,0.0,,0,1.0,Moderate,1,Moderate,1,1.0,0,1.0,MODERATE,Continue monitoring rainfall and historical flood conditions.
Madhya Pradesh,1917.0,1474.3,1073.6032972295905,400.6967027704097,37.46776407837513,2.0,High,0.0,0.0,0.0,0.0,0.0,,0,2.0,High,1,High,2,2.0,0,2.0,HIGH,Increase monitoring and prepare local response resources.
Madhya Pradesh,1918.0,719.95,1073.6032972295905,-353.6532972295903,-34.350948671268135,0.0,Low,0.0,0.0,0.0,0.0,0.0,,0,0.0,Low,1,Low,0,0.0,0,0.0,LOW,Routine monitoring recommended.
Madhya Pradesh,1919.0,1489.9499999999998,1073.6032972295905,416.3467027704097,37.89692850514112,1.5,High,0.0,0.0,0.0,0.0,0.0,,0,1.5,Moderate,1,Moderate,1,1.5,0,1.5,LOW,Routine monitoring recommended.
Madhya Pradesh,1920.0,807.15,1073.6032972295905,-266.4532972295904,-24.762096113774305,0.0,Low,0.0,0.0,0.0,0.0,0.0,,0,0.0,Low,1,Low,0,0.0,0,0.0,LOW,Routine monitoring recommended.
Madhya Pradesh,1921.0,970.4,1073.6032972295905,-103.2032972295903,-10.122266509167163,0.0,Low,0.0,0.0,0.0,0.0,0.0,,0,0.0,Low,1,Low,0,0.0,0,0.0,LOW,Routine monitoring recommended.
Madhya Pradesh,1922.0,1078.1,1073.6032972295905,4.49670277040974,0.0778358809054122,0.0,Low,0.0,0.0,0.0,0.0,0.0,,0,0.0,Low,1,Low,0,0.0,0,0.0,LOW,Routine monitoring recommended.
Madhya Pradesh,1923.0,1257.45,1073.6032972295905,183.84670277040976,16.727108678247227,1.0,Moderate,0.0,0.0,0.0,0.0,0.0,,0,1.0,Moderate,1,Moderate,1,1.0,0,1.0,MODERATE,Continue monitoring rainfall and historical flood conditions.
Madhya Pradesh,1924.0,1173.3,1073.6032972295905,99.69670277040969,9.279921287435094,0.0,Low,0.0,0.0,0.0,0.0,0.0,,0,0.0,Low,1,Low,0,0.0,0,0.0,LOW,Routine monitoring recommended.
Madhya Pradesh,1925.0,1024.0,1073.6032972295905,-49.60329722959028,-6.979564253626382,0.5,Moderate,0.0,0.0,0.0,0.0,0.0,,0,0.5,Low,1,Low,0,0.5,0,0.5,LOW,Routine monitoring recommended.
Madhya Pradesh,1926.0,1320.3,1073.6032972295905,246.69670277040967,20.16011257877209,1.0,Moderate,0.0,0.0,0.0,0.0,0.0,,0,1.0,Moderate,1,Moderate,1,1.0,0,1.0,MODERATE,Continue monitoring rainfall and historical flood conditions.
Madhya Pradesh,1927.0,1054.4,1073.6032972295905,-19.203297229590248,-2.408371825267788,0.0,Low,0.0,0.0,0.0,0.0,0.0,,0,0.0,Low,1,Low,0,0.0,0,0.0,LOW,Routine monitoring recommended.
Madhya Pradesh,1928.0,1001.25,1073.6032972295905,-72.35329722959023,-6.567699608990268,0.0,Low,0.0,0.0,0.0,0.0,0.0,,0,0.0,Low,1,Low,0,0.0,0,0.0,LOW,Routine monitoring recommended.
Madhya Pradesh,1929.0,988.05,1073.6032972295905,-85.55329722959021,-9.566738137110203,0.0,Low,0.0,0.0,0.0,0.0,0.0,,0,0.0,Low,1,Low,0,0.0,0,0.0,LOW,Routine monitoring recommended.
Madhya Pradesh,1930.0,1046.0500000000002,1073.6032972295905,-27.55329722959021,-2.9281072832453487,0.0,Low,0.0,0.0,0.0,0.0,0.0,,0,0.0,Low,1,Low,0,0.0,0,0.0,LOW,Routine monitoring recommended.
Madhya Pradesh,1931.0,1236.9,1073.6032972295905,163.2967027704097,15.709461700922784,0.5,Moderate,0.0,0.0,0.0,0.0,0.0,,0,0.5,Low,1,Low,0,0.5,0,0.5,LOW,Routine monitoring recommended.
Madhya Pradesh,1932.0,1069.6,1073.6032972295905,-4.00329722959026,0.1700740613979698,0.0,Low,0.0,0.0,0.0,0.0,0.0,,0,0.0,Low,1,Low,0,0.0,0,0.0,LOW,Routine monitoring recommended.
Madhya Pradesh,1933.0,1290.0,1073.6032972295905,216.3967027704097,21.03489252679188,1.0,Moderate,0.0,0.0,0.0,0.0,0.0,,0,1.0,Moderate,1,Moderate,1,1.0,0,1.0,MODERATE,Continue monitoring rainfall and historical flood conditions.
Madhya Pradesh,1934.0,1319.1,1073.6032972295905,245.4967027704097,22.92163150533795,1.0,Moderate,0.0,0.0,0.0,0.0,0.0,,0,1.0,Moderate,1,Moderate,1,1.0,0,1.0,MODERATE,Continue monitoring rainfall and historical flood conditions.
Madhya Pradesh,1935.0,1075.5,1073.6032972295905,1.8967027704097743,-0.6749853251684033,0.0,Low,0.0,0.0,0.0,0.0,0.0,,0,0.0,Low,1,Low,0,0.0,0,0.0,LOW,Routine monitoring recommended.
Madhya Pradesh,1936.0,1202.7,1073.6032972295905,129.09670277040976,10.24126012597266,0.5,Moderate,0.0,0.0,0.0,0.0,0.0,,0,0.5,Low,1,Low,0,0.5,0,0.5,LOW,Routine monitoring recommended.
Madhya Pradesh,1937.0,1225.7,1073.6032972295905,152.09670277040976,13.88739956180013,0.5,Moderate,0.0,0.0,0.0,0.0,0.0,,0,0.5,Low,1,Low,0,0.5,0,0.5,LOW,Routine monitoring recommended.
Madhya Pradesh,1938.0,1187.5,1073.6032972295905,113.89670277040972,10.117281922325734,0.5,Moderate,0.0,0.0,0.0,0.0,0.0,,0,0.5,Low,1,Low,0,0.5,0,0.5,LOW,Routine monitoring recommended.
Madhya Pradesh,1939.0,1074.85,1073.6032972295905,1.2467027704097404,-1.51070746089088,0.0,Low,0.0,0.0,0.0,0.0,0.0,,0,0.0,Low,1,Low,0,0.0,0,0.0,LOW,Routine monitoring recommended.
Madhya Pradesh,1940.0,1128.75,1073.6032972295905,55.14670277040972,5.9573778873947765,0.5,Moderate,0.0,0.0,0.0,0.0,0.0,,0,0.5,Low,1,Low,0,0.5,0,0.5,LOW,Routine monitoring recommended.
Madhya Pradesh,1941.0,783.75,1073.6032972295905,-289.8532972295903,-26.42686136103872,0.0,Low,0.0,0.0,0.0,0.0,0.0,,0,0.0,Low,1,Low,0,0.0,0,0.0,LOW,Routine monitoring recommended.
Madhya Pradesh,1942.0,1355.0500000000002,1073.6032972295905,281.4467027704098,26.3292402689395,1.0,Moderate,0.0,0.0,0.0,0.0,0.0,,0,1.0,Moderate,1,Moderate,1,1.0,0,1.0,MODERATE,Continue monitoring rainfall and historical flood conditions.
Madhya Pradesh,1943.0,1172.65,1073.6032972295905,99.04670277040977,8.446478137490733,0.5,Moderate,0.0,0.0,0.0,0.0,0.0,,0,0.5,Low,1,Low,0,0.5,0,0.5,LOW,Routine monitoring recommended.
Madhya Pradesh,1944.0,1387.35,1073.6032972295905,313.74670277040974,30.677775958942007,1.5,High,0.0,0.0,0.0,0.0,0.0,,0,1.5,Moderate,1,Moderate,1,1.5,0,1.5,LOW,Routine monitoring recommended.
Madhya Pradesh,1945.0,1166.85,1073.6032972295905,93.24670277040974,8.92723565915737,0.0,Low,0.0,0.0,0.0,0.0,0.0,,0,0.0,Low,1,Low,0,0.0,0,0.0,LOW,Routine monitoring recommended.
Madhya Pradesh,1946.0,1372.5,1073.6032972295905,298.8967027704097,28.338089848233253,1.0,Moderate,0.0,0.0,0.0,0.0,0.0,,0,1.0,Moderate,1,Moderate,1,1.0,0,1.0,MODERATE,Continue monitoring rainfall and historical flood conditions.
Madhya Pradesh,1947.0,1242.1,1073.6032972295905,168.49670277040974,15.379381068807032,1.0,Moderate,0.0,0.0,0.0,0.0,0.0,,0,1.0,Moderate,1,Moderate,1,1.0,0,1.0,MODERATE,Continue monitoring rainfall and historical flood conditions.
Madhya Pradesh,1948.0,1339.0,1073.6032972295905,265.3967027704097,25.51814177884192,1.0,Moderate,0.0,0.0,0.0,0.0,0.0,,0,1.0,Moderate,1,Moderate,1,1.0,0,1.0,MODERATE,Continue monitoring rainfall and historical flood conditions.
Madhya Pradesh,1949.0,1100.85,1073.6032972295905,27.24670277040974,2.5158429517893213,0.0,Low,0.0,0.0,0.0,0.0,0.0,,0,0.0,Low,1,Low,0,0.0,0,0.0,LOW,Routine monitoring recommended.
Madhya Pradesh,1950.0,1041.2,1073.6032972295905,-32.40329722959024,-3.145516968618735,0.0,Low,0.0,0.0,0.0,0.0,0.0,,0,0.0,Low,1,Low,0,0.0,0,0.0,LOW,Routine monitoring recommended.
Madhya Pradesh,1951.0,912.65,1073.6032972295905,-160.9532972295903,-16.73441912403578,0.0,Low,0.0,0.0,0.0,0.0,0.0,,0,0.0,Low,1,Low,0,0.0,0,0.0,LOW,Routine monitoring recommended.
Madhya Pradesh,1952.0,992.2,1073.6032972295905,-81.4032972295903,-8.077726418955422,0.0,Low,0.0,0.0,0.0,0.0,0.0,,0,0.0,Low,1,Low,0,0.0,0,0.0,LOW,Routine monitoring recommended.
Madhya Pradesh,1953.0,900.4000000000001,1073.6032972295905,-173.20329722959025,-16.111807316798135,0.0,Low,0.0,0.0,0.0,0.0,0.0,,0,0.0,Low,1,Low,0,0.0,0,0.0,LOW,Routine monitoring recommended.
Madhya Pradesh,1954.0,1088.7,1073.6032972295905,15.096702770409763,3.038515244387379,0.5,Moderate,0.0,0.0,0.0,0.0,0.0,,0,0.5,Low,1,Low,0,0.5,0,0.5,LOW,Routine monitoring recommended.
Madhya Pradesh,1955.0,1285.1,1073.6032972295905,211.4967027704097,19.91654578282408,1.0,Moderate,0.0,0.0,0.0,0.0,0.0,,0,1.0,Moderate,1,Moderate,1,1.0,0,1.0,MODERATE,Continue monitoring rainfall and historical flood conditions.
Madhya Pradesh,1956.0,1290.8,1073.6032972295905,217.19670277040967,19.440010373116618,1.0,Moderate,0.0,0.0,0.0,0.0,0.0,,0,1.0,Moderate,1,Moderate,1,1.0,0,1.0,MODERATE,Continue monitoring rainfall and historical flood conditions.
Madhya Pradesh,1957.0,916.85,1073.6032972295905,-156.75329722959034,-14.297751138835425,0.0,Low,0.0,0.0,0.0,0.0,0.0,,0,0.0,Low,1,Low,0,0.0,0,0.0,LOW,Routine monitoring recommended.
Madhya Pradesh,1958.0,1135.65,1073.6032972295905,62.046702770409695,6.929749776170032,0.5,Moderate,0.0,0.0,0.0,0.0,0.0,,0,0.5,Low,1,Low,0,0.5,0,0.5,LOW,Routine monitoring recommended.
Madhya Pradesh,1959.0,1241.9,1073.6032972295905,168.2967027704098,16.692544650690394,0.5,Moderate,0.0,0.0,0.0,0.0,0.0,,0,0.5,Low,1,Low,0,0.5,0,0.5,LOW,Routine monitoring recommended.
Madhya Pradesh,1960.0,1067.15,1073.6032972295905,-6.453297229590305,-1.2414399915971228,0.0,Low,0.0,0.0,0.0,0.0,0.0,,0,0.0,Low,1,Low,0,0.0,0,0.0,LOW,Routine monitoring recommended.
Madhya Pradesh,1961.0,1516.25,1073.6032972295905,442.6467027704097,42.37230720200998,1.5,High,0.0,0.0,0.0,0.0,0.0,,0,1.5,Moderate,1,Moderate,1,1.5,0,1.5,LOW,Routine monitoring recommended.
Madhya Pradesh,1962.0,987.15,1073.6032972295905,-86.45329722959025,-7.622367526092888,0.0,Low,0.0,0.0,0.0,0.0,0.0,,0,0.0,Low,1,Low,0,0.0,0,0.0,LOW,Routine monitoring recommended.
Madhya Pradesh,1963.0,1012.75,1073.6032972295905,-60.85329722959034,-5.500113676518275,0.0,Low,0.0,0.0,0.0,0.0,0.0,,0,0.0,Low,1,Low,0,0.0,0,0.0,LOW,Routine monitoring recommended.
Madhya Pradesh,1964.0,1033.7,1073.6032972295905,-39.90329722959029,-4.0469764700767845,0.0,Low,0.0,0.0,0.0,0.0,0.0,,0,0.0,Low,1,Low,0,0.0,0,0.0,LOW,Routine monitoring recommended.
Madhya Pradesh,1965.0,646.25,1073.6032972295905,-427.3532972295903,-39.505133574534,0.0,Low,0.0,0.0,0.0,0.0,0.0,,0,0.0,Low,1,Low,0,0.0,0,0.0,LOW,Routine monitoring recommended.
Madhya Pradesh,1966.0,764.55,1073.6032972295905,-309.05329722959027,-28.699683622650745,0.0,Low,0.0,0.0,0.0,0.0,0.0,,0,0.0,Low,1,Low,0,0.0,0,0.0,LOW,Routine monitoring recommended.
Madhya Pradesh,1967.0,1176.7,1073.6032972295905,103.0967027704097,8.585994415410468,0.5,Moderate,0.0,0.0,0.0,0.0,0.0,,0,0.5,Low,1,Low,0,0.5,0,0.5,LOW,Routine monitoring recommended.
Madhya Pradesh,1968.0,917.4,1073.6032972295905,-156.20329722959025,-13.929556947221446,0.0,Low,0.0,0.0,0.0,0.0,0.0,,0,0.0,Low,1,Low,0,0.0,0,0.0,LOW,Routine monitoring recommended.
Madhya Pradesh,1969.0,1179.55,1073.6032972295905,105.94670277040969,10.775986057127376,0.5,Moderate,0.0,0.0,0.0,0.0,0.0,,0,0.5,Low,1,Low,0,0.5,0,0.5,LOW,Routine monitoring recommended.
Madhya Pradesh,1970.0,1227.7,1073.6032972295905,154.09670277040976,14.735062505861258,0.5,Moderate,0.0,0.0,0.0,0.0,0.0,,0,0.5,Low,1,Low,0,0.5,0,0.5,LOW,Routine monitoring recommended.
Madhya Pradesh,1971.0,1327.2,1073.6032972295905,253.59670277040976,23.262196677186264,1.0,Moderate,0.0,0.0,0.0,0.0,0.0,,0,1.0,Moderate,1,Moderate,1,1.0,0,1.0,MODERATE,Continue monitoring rainfall and historical flood conditions.
Madhya Pradesh,1972.0,904.3,1073.6032972295905,-169.30329722959033,-16.054268569841188,0.0,Low,0.0,0.0,0.0,0.0,0.0,,0,0.0,Low,1,Low,0,0.0,0,0.0,LOW,Routine monitoring recommended.
Madhya Pradesh,1973.0,1329.6,1073.6032972295905,255.9967027704097,26.551996827985697,1.0,Moderate,1.0,0.0,0.0,0.0,2000.0,-1.0,1,2.0,High,1,High,2,1.0,1,2.0,HIGH,Increase monitoring and prepare local response resources.
Madhya Pradesh,1974.0,923.85,1073.6032972295905,-149.75329722959026,-13.217931058892212,0.0,Low,0.0,0.0,0.0,0.0,0.0,,0,0.0,Low,1,Low,0,0.0,0,0.0,LOW,Routine monitoring recommended.
Madhya Pradesh,1975.0,1249.55,1073.6032972295905,175.94670277040967,15.997508657537043,1.0,Moderate,0.0,0.0,0.0,0.0,0.0,,0,1.0,Moderate,1,Moderate,1,1.0,0,1.0,MODERATE,Continue monitoring rainfall and historical flood conditions.
Madhya Pradesh,1976.0,1041.65,1073.6032972295905,-31.953297229590305,-1.7042563351144435,0.0,Low,0.0,0.0,0.0,0.0,0.0,,0,0.0,Low,1,Low,0,0.0,0,0.0,LOW,Routine monitoring recommended.
Madhya Pradesh,1977.0,1187.45,1073.6032972295905,113.84670277040976,10.130218160751328,0.5,Moderate,0.0,0.0,0.0,0.0,0.0,,0,0.5,Low,1,Low,0,0.5,0,0.5,LOW,Routine monitoring recommended.
Madhya Pradesh,1978.0,1197.9499999999998,1073.6032972295905,124.34670277040964,11.0098476492266,0.5,Moderate,7.0,13.0,0.0,0.0,15.0,-0.2857142857142857,1,1.5,Moderate,1,Moderate,1,0.5,1,1.5,LOW,Routine monitoring recommended.
Madhya Pradesh,1979.0,795.8499999999999,1073.6032972295905,-277.7532972295903,-24.936787394924245,0.0,Low,4.0,37.0,13.0,0.0,0.0,1.0,1,1.0,Moderate,1,Moderate,1,0.0,1,1.0,MODERATE,Continue monitoring rainfall and historical flood conditions.
Madhya Pradesh,1980.0,1121.55,1073.6032972295905,47.94670277040973,3.184739148014731,0.5,Moderate,2.0,6.0,6.0,0.0,0.0,0.5,1,1.5,Moderate,1,Moderate,1,0.5,1,1.5,LOW,Routine monitoring recommended.
Madhya Pradesh,1981.0,963.1,1073.6032972295905,-110.50329722959026,-9.80037842147795,0.0,Low,6.0,10.0,0.0,0.0,0.0,0.1666666666666666,1,1.0,Moderate,1,Moderate,1,0.0,1,1.0,MODERATE,Continue monitoring rainfall and historical flood conditions.
Madhya Pradesh,1982.0,1115.7,1073.6032972295905,42.096702770409706,3.3844437427314418,0.0,Low,8.0,79.0,0.0,0.0,700.0,1.375,1,1.0,Moderate,1,Moderate,1,0.0,1,1.0,MODERATE,Continue monitoring rainfall and historical flood conditions.
Madhya Pradesh,1983.0,1173.7,1073.6032972295905,100.09670277040976,9.775804639671934,0.5,Moderate,10.0,117.0,36.0,0.0,12.0,0.7,1,1.5,Moderate,1,Moderate,1,0.5,1,1.5,LOW,Routine monitoring recommended.
Madhya Pradesh,1984.0,985.05,1073.6032972295905,-88.55329722959033,-8.325650732841396,0.0,Low,12.0,151.0,121.0,0.0,0.0,1.4166666666666667,1,1.0,Moderate,1,Moderate,1,0.0,1,1.0,MODERATE,Continue monitoring rainfall and historical flood conditions.
Madhya Pradesh,1985.0,995.05,1073.6032972295905,-78.55329722959021,-7.321216831666406,0.0,Low,8.0,4.0,0.0,0.0,0.0,-0.5,1,1.0,Moderate,1,Moderate,1,0.0,1,1.0,MODERATE,Continue monitoring rainfall and historical flood conditions.
Madhya Pradesh,1986.0,983.15,1073.6032972295905,-90.45329722959023,-7.599338137524149,0.0,Low,2.0,37.0,0.0,0.0,0.0,2.0,1,1.0,Moderate,1,Moderate,1,0.0,1,1.0,MODERATE,Continue monitoring rainfall and historical flood conditions.
Madhya Pradesh,1987.0,950.0,1073.6032972295905,-123.60329722959034,-12.100571949011757,0.0,Low,0.0,0.0,0.0,0.0,0.0,,0,0.0,Low,1,Low,0,0.0,0,0.0,LOW,Routine monitoring recommended.
Madhya Pradesh,1988.0,1010.3,1073.6032972295905,-63.30329722959021,-5.1818775239318295,0.0,Low,0.0,0.0,0.0,0.0,0.0,,0,0.0,Low,1,Low,0,0.0,0,0.0,LOW,Routine monitoring recommended.
Madhya Pradesh,1989.0,839.7,1073.6032972295905,-233.9032972295903,-21.55848087472141,0.0,Low,1.0,8.0,8.0,0.0,0.0,2.0,1,1.0,Moderate,1,Moderate,1,0.0,1,1.0,MODERATE,Continue monitoring rainfall and historical flood conditions.
Madhya Pradesh,1990.0,1262.0,1073.6032972295905,188.3967027704097,17.937148584083218,1.0,Moderate,4.0,15.0,0.0,0.0,35.0,0.5,1,2.0,High,1,High,2,1.0,1,2.0,HIGH,Increase monitoring and prepare local response resources.
Madhya Pradesh,1991.0,881.2,1073.6032972295905,-192.4032972295903,-18.2570063748363,0.0,Low,6.0,37.0,0.0,0.0,150.0,0.8333333333333334,1,1.0,Moderate,1,Moderate,1,0.0,1,1.0,MODERATE,Continue monitoring rainfall and historical flood conditions.
Madhya Pradesh,1992.0,902.65,1073.6032972295905,-170.9532972295903,-16.374880037015053,0.0,Low,2.0,2.0,0.0,0.0,0.0,0.0,1,1.0,Moderate,1,Moderate,1,0.0,1,1.0,MODERATE,Continue monitoring rainfall and historical flood conditions.
Madhya Pradesh,1993.0,1075.4,1073.6032972295905,1.7967027704098086,1.1490069306074475,0.0,Low,3.0,17.0,0.0,0.0,0.0,1.3333333333333333,1,1.0,Moderate,1,Moderate,1,0.0,1,1.0,MODERATE,Continue monitoring rainfall and historical flood conditions.
Madhya Pradesh,1994.0,1356.6,1073.6032972295905,282.99670277040974,26.205113649785915,1.0,Moderate,6.0,37.0,0.0,0.0,1843.0,0.5,1,2.0,High,1,High,2,1.0,1,2.0,HIGH,Increase monitoring and prepare local response resources.
Madhya Pradesh,1995.0,948.5,1073.6032972295905,-125.10329722959028,-11.304546341963272,0.0,Low,5.0,40.0,0.0,0.0,0.0,-0.2,1,1.0,Moderate,1,Moderate,1,0.0,1,1.0,MODERATE,Continue monitoring rainfall and historical flood conditions.
Madhya Pradesh,1996.0,1036.0,1073.6032972295905,-37.60329722959021,-1.5164144429832538,0.5,Moderate,6.0,14.0,1.0,0.0,10.0,0.5,1,1.5,Moderate,1,Moderate,1,0.5,1,1.5,LOW,Routine monitoring recommended.
Madhya Pradesh,1997.0,1207.6999999999998,1073.6032972295905,134.09670277040965,12.447018945693454,1.0,Moderate,1.0,5.0,0.0,0.0,0.0,2.0,1,2.0,High,1,High,2,1.0,1,2.0,HIGH,Increase monitoring and prepare local response resources.
Madhya Pradesh,1998.0,970.15,1073.6032972295905,-103.4532972295903,-8.79616668885822,0.0,Low,3.0,4.0,0.0,0.0,0.0,-0.3333333333333333,1,1.0,Moderate,1,Moderate,1,0.0,1,1.0,MODERATE,Continue monitoring rainfall and historical flood conditions.
Madhya Pradesh,1999.0,1248.3000000000002,1073.6032972295905,174.6967027704098,15.758005130984944,0.5,Moderate,5.0,36.0,0.0,0.0,654.0,0.8,1,1.5,Moderate,1,Moderate,1,0.5,1,1.5,LOW,Routine monitoring recommended.
Madhya Pradesh,2000.0,874.2,1203.035042735043,-328.83504273504263,-27.33378755014916,0.0,Low,4.0,12.0,35.0,0.0,100.0,1.0,1,1.0,Moderate,1,Moderate,1,0.0,1,1.0,MODERATE,Continue monitoring rainfall and historical flood conditions.
Madhya Pradesh,2001.0,978.55,1073.6032972295905,-95.05329722959031,-9.692083215729738,0.0,Low,0.0,0.0,0.0,0.0,0.0,,0,0.0,Low,1,Low,0,0.0,0,0.0,LOW,Routine monitoring recommended.
Madhya Pradesh,2002.0,817.1500000000001,1073.6032972295905,-256.45329722959025,-24.28068944867437,0.0,Low,0.0,0.0,0.0,0.0,0.0,,0,0.0,Low,1,Low,0,0.0,0,0.0,LOW,Routine monitoring recommended.
Madhya Pradesh,2003.0,1192.25,1073.6032972295905,118.64670277040966,9.887674535593552,0.5,Moderate,8.0,50.0,18.0,0.0,0.0,0.625,1,1.5,Moderate,1,Moderate,1,0.5,1,1.5,LOW,Routine monitoring recommended.
Madhya Pradesh,2004.0,901.7,1073.6032972295905,-171.9032972295903,-15.38386315748857,0.0,Low,2.0,0.0,2.0,0.0,0.0,-1.0,1,1.0,Moderate,1,Moderate,1,0.0,1,1.0,MODERATE,Continue monitoring rainfall and historical flood conditions.
Madhya Pradesh,2005.0,1059.3000000000002,1073.6032972295905,-14.303297229590214,-3.3764365611548994,0.5,Moderate,6.0,64.0,11.0,0.0,38000.0,0.6666666666666666,1,1.5,Moderate,1,Moderate,1,0.5,1,1.5,LOW,Routine monitoring recommended.
Madhya Pradesh,2006.0,1056.3,1073.6032972295905,-17.30329722959027,1.1258794915818449,0.5,Moderate,0.0,0.0,0.0,0.0,0.0,,0,0.5,Low,1,Low,0,0.5,0,0.5,LOW,Routine monitoring recommended.
Madhya Pradesh,2007.0,730.15,1073.6032972295905,-343.4532972295903,-30.117659696213696,0.0,Low,2.0,42.0,3.0,0.0,0.0,1.0,1,1.0,Moderate,1,Moderate,1,0.0,1,1.0,MODERATE,Continue monitoring rainfall and historical flood conditions.
Madhya Pradesh,2008.0,897.1500000000001,1073.6032972295905,-176.45329722959025,-16.41158420107618,0.0,Low,1.0,3.0,0.0,0.0,5000.0,1.0,1,1.0,Moderate,1,Moderate,1,0.0,1,1.0,MODERATE,Continue monitoring rainfall and historical flood conditions.
Madhya Pradesh,2009.0,910.45,1073.6032972295905,-163.1532972295903,-14.32722260326829,0.0,Low,1.0,28.0,0.0,0.0,0.0,3.0,1,1.0,Moderate,1,Moderate,1,0.0,1,1.0,MODERATE,Continue monitoring rainfall and historical flood conditions.
Madhya Pradesh,2010.0,868.3499999999999,1073.6032972295905,-205.25329722959032,-18.974174376928303,0.0,Low,2.0,2.0,0.0,0.0,0.0,1.0,1,1.0,Moderate,1,Moderate,1,0.0,1,1.0,MODERATE,Continue monitoring rainfall and historical flood conditions.
Madhya Pradesh,2011.0,1169.5500000000002,1073.6032972295905,95.9467027704098,9.339684351001551,0.5,Moderate,5.0,33.0,18.0,0.0,75.0,0.2,1,1.5,Moderate,1,Moderate,1,0.5,1,1.5,LOW,Routine monitoring recommended.
Madhya Pradesh,2012.0,1044.15,1073.6032972295905,-29.453297229590305,-1.4109866229257602,0.0,Low,3.0,7.0,2.0,0.0,0.0,0.3333333333333333,1,1.0,Moderate,1,Moderate,1,0.0,1,1.0,MODERATE,Continue monitoring rainfall and historical flood conditions.
Madhya Pradesh,2013.0,1459.1,1073.6032972295905,385.49670277040974,37.19565179915141,1.5,High,4.0,10.0,13.0,0.0,0.0,-0.25,1,2.5,High,1,High,2,1.5,1,2.5,LOW,Routine monitoring recommended.
Madhya Pradesh,2014.0,894.9,1073.6032972295905,-178.7032972295903,-15.7576654199143,0.0,Low,2.0,7.0,9.0,0.0,0.0,0.5,1,1.0,Moderate,1,Moderate,1,0.0,1,1.0,MODERATE,Continue monitoring rainfall and historical flood conditions.
Madhya Pradesh,2015.0,990.75,1073.6032972295905,-82.85329722959028,-5.76885607189139,0.0,Low,2.0,16.0,0.0,0.0,0.0,1.5,1,1.0,Moderate,1,Moderate,1,0.0,1,1.0,MODERATE,Continue monitoring rainfall and historical flood conditions.
Madhya Pradesh,2016.0,1219.0,1073.6032972295905,145.39670277040972,13.838688632351348,0.5,Moderate,6.0,47.0,1.0,0.0,0.0,1.1666666666666667,1,1.5,Moderate,1,Moderate,1,0.5,1,1.5,LOW,Routine monitoring recommended.
Madhya Pradesh,2017.0,804.55,1073.6032972295905,-269.05329722959027,-24.36061102323805,0.0,Low,0.0,0.0,0.0,0.0,0.0,,0,0.0,Low,1,Low,0,0.0,0,0.0,LOW,Routine monitoring recommended.
Madhya Pradesh,2018.0,,,,,,,5.0,8.0,0.0,0.0,0.0,1.0,1,1.0,Moderate,0,Historical Flood Signal,2,0.0,1,1.0,MODERATE,Continue monitoring rainfall and historical flood conditions.
Madhya Pradesh,2019.0,,,,,,,7.0,21.0,0.0,0.0,0.0,1.2857142857142858,1,1.0,Moderate,0,Historical Flood Signal,2,0.0,1,1.0,MODERATE,Continue monitoring rainfall and historical flood conditions.
Madhya Pradesh,2020.0,,,,,,,4.0,10.0,0.0,0.0,0.0,-0.25,1,1.0,Moderate,0,Historical Flood Signal,2,0.0,1,1.0,MODERATE,Continue monitoring rainfall and historical flood conditions.
Madhya Pradesh,2021.0,,,,,,,11.0,34.0,0.0,0.0,0.0,0.9090909090909092,1,1.0,Moderate,0,Historical Flood Signal,2,0.0,1,1.0,MODERATE,Continue monitoring rainfall and historical flood conditions.
Madhya Pradesh,2022.0,,,,,,,19.0,1.0,0.0,0.0,0.0,-0.8947368421052632,1,1.0,Moderate,0,Historical Flood Signal,2,0.0,1,1.0,MODERATE,Continue monitoring rainfall and historical flood conditions.
Madhya Pradesh,2023.0,,,,,,,42.0,10.0,0.0,1.0,8.0,-0.7142857142857143,1,1.0,Moderate,0,Historical Flood Signal,2,0.0,1,1.0,MODERATE,Continue monitoring rainfall and historical flood conditions.
"Madhya Pradesh, Chhattisgarh",2001.0,,,,,,,7.0,61.0,0.0,0.0,0.0,1.7142857142857142,1,1.0,Moderate,0,Historical Flood Signal,2,0.0,1,1.0,MODERATE,Continue monitoring rainfall and historical flood conditions.
"Madhya Pradesh, Chhattisgarh",2002.0,,,,,,,2.0,31.0,0.0,0.0,0.0,2.5,1,1.0,Moderate,0,Historical Flood Signal,2,0.0,1,1.0,MODERATE,Continue monitoring rainfall and historical flood conditions.
"Madhya Pradesh, Chhattisgarh",2006.0,,,,,,,8.0,211.0,22.0,0.0,4.0,1.25,1,1.0,Moderate,0,Historical Flood Signal,2,0.0,1,1.0,MODERATE,Continue monitoring rainfall and historical flood conditions.
"Madhya Pradesh, Punjab, Haryana, West Bengal",1971.0,,,,,,,1.0,0.0,0.0,0.0,0.0,-1.0,1,1.0,Moderate,0,Historical Flood Signal,2,0.0,1,1.0,MODERATE,Continue monitoring rainfall and historical flood conditions.
Madras,1969.0,,,,,,,1.0,0.0,0.0,0.0,0.0,-1.0,1,1.0,Moderate,0,Historical Flood Signal,2,0.0,1,1.0,MODERATE,Continue monitoring rainfall and historical flood conditions.
Maharashtra,1901.0,931.15,987.4876068376068,-56.33760683760687,-6.388922413981796,0.0,Low,0.0,0.0,0.0,0.0,0.0,,0,0.0,Low,1,Low,0,0.0,0,0.0,LOW,Routine monitoring recommended.
Maharashtra,1902.0,766.45,987.4876068376068,-221.0376068376069,-21.28500568687639,0.0,Low,0.0,0.0,0.0,0.0,0.0,,0,0.0,Low,1,Low,0,0.0,0,0.0,LOW,Routine monitoring recommended.
Maharashtra,1903.0,1033.65,987.4876068376068,46.16239316239319,3.74238058398536,0.5,Moderate,0.0,0.0,0.0,0.0,0.0,,0,0.5,Low,1,Low,0,0.5,0,0.5,LOW,Routine monitoring recommended.
Maharashtra,1904.0,678.35,987.4876068376068,-309.1376068376068,-31.32742166324284,0.0,Low,0.0,0.0,0.0,0.0,0.0,,0,0.0,Low,1,Low,0,0.0,0,0.0,LOW,Routine monitoring recommended.
Maharashtra,1905.0,739.8,987.4876068376068,-247.6876068376069,-26.430971467476148,0.0,Low,0.0,0.0,0.0,0.0,0.0,,0,0.0,Low,1,Low,0,0.0,0,0.0,LOW,Routine monitoring recommended.
Maharashtra,1906.0,967.75,987.4876068376068,-19.73760683760685,-3.313778759017281,0.0,Low,0.0,0.0,0.0,0.0,0.0,,0,0.0,Low,1,Low,0,0.0,0,0.0,LOW,Routine monitoring recommended.
Maharashtra,1907.0,912.95,987.4876068376068,-74.53760683760686,-7.545998978777522,0.0,Low,0.0,0.0,0.0,0.0,0.0,,0,0.0,Low,1,Low,0,0.0,0,0.0,LOW,Routine monitoring recommended.
Maharashtra,1908.0,982.7,987.4876068376068,-4.787606837606802,-2.192030140238349,0.5,Moderate,0.0,0.0,0.0,0.0,0.0,,0,0.5,Low,1,Low,0,0.5,0,0.5,LOW,Routine monitoring recommended.
Maharashtra,1909.0,908.4,987.4876068376068,-79.08760683760687,-8.621156188257421,0.0,Low,0.0,0.0,0.0,0.0,0.0,,0,0.0,Low,1,Low,0,0.0,0,0.0,LOW,Routine monitoring recommended.
Maharashtra,1910.0,1104.6,987.4876068376068,117.11239316239318,11.080992738309035,0.5,Moderate,0.0,0.0,0.0,0.0,0.0,,0,0.5,Low,1,Low,0,0.5,0,0.5,LOW,Routine monitoring recommended.
Maharashtra,1911.0,763.55,987.4876068376068,-223.9376068376069,-24.18761364096985,0.0,Low,0.0,0.0,0.0,0.0,0.0,,0,0.0,Low,1,Low,0,0.0,0,0.0,LOW,Routine monitoring recommended.
Maharashtra,1912.0,889.45,987.4876068376068,-98.03760683760686,-10.247325709751744,0.0,Low,0.0,0.0,0.0,0.0,0.0,,0,0.0,Low,1,Low,0,0.0,0,0.0,LOW,Routine monitoring recommended.
Maharashtra,1913.0,892.55,987.4876068376068,-94.9376068376069,-10.320340292773382,0.0,Low,0.0,0.0,0.0,0.0,0.0,,0,0.0,Low,1,Low,0,0.0,0,0.0,LOW,Routine monitoring recommended.
Maharashtra,1914.0,1119.0,987.4876068376068,131.51239316239315,13.75998198284763,0.5,Moderate,0.0,0.0,0.0,0.0,0.0,,0,0.5,Low,1,Low,0,0.5,0,0.5,LOW,Routine monitoring recommended.
Maharashtra,1915.0,1053.85,987.4876068376068,66.36239316239312,6.361995741698546,0.0,Low,0.0,0.0,0.0,0.0,0.0,,0,0.0,Low,1,Low,0,0.0,0,0.0,LOW,Routine monitoring recommended.
Maharashtra,1916.0,1217.35,987.4876068376068,229.8623931623932,23.121178890658182,1.0,Moderate,0.0,0.0,0.0,0.0,0.0,,0,1.0,Moderate,1,Moderate,1,1.0,0,1.0,MODERATE,Continue monitoring rainfall and historical flood conditions.
Maharashtra,1917.0,1167.5500000000002,987.4876068376068,180.06239316239322,17.09057627884384,0.5,Moderate,0.0,0.0,0.0,0.0,0.0,,0,0.5,Low,1,Low,0,0.5,0,0.5,LOW,Routine monitoring recommended.
Maharashtra,1918.0,619.7,987.4876068376068,-367.78760683760686,-38.51171323199217,0.0,Low,0.0,0.0,0.0,0.0,0.0,,0,0.0,Low,1,Low,0,0.0,0,0.0,LOW,Routine monitoring recommended.
Maharashtra,1919.0,1045.85,987.4876068376068,58.36239316239312,5.311342600468413,0.0,Low,0.0,0.0,0.0,0.0,0.0,,0,0.0,Low,1,Low,0,0.0,0,0.0,LOW,Routine monitoring recommended.
Maharashtra,1920.0,589.4,987.4876068376068,-398.08760683760687,-39.4967376896402,0.0,Low,0.0,0.0,0.0,0.0,0.0,,0,0.0,Low,1,Low,0,0.0,0,0.0,LOW,Routine monitoring recommended.
Maharashtra,1921.0,909.95,987.4876068376068,-77.53760683760692,-8.709377500362162,0.0,Low,0.0,0.0,0.0,0.0,0.0,,0,0.0,Low,1,Low,0,0.0,0,0.0,LOW,Routine monitoring recommended.
Maharashtra,1922.0,957.5,987.4876068376068,-29.987606837606847,-3.581016834120027,0.0,Low,0.0,0.0,0.0,0.0,0.0,,0,0.0,Low,1,Low,0,0.0,0,0.0,LOW,Routine monitoring recommended.
Maharashtra,1923.0,811.0999999999999,987.4876068376068,-176.38760683760688,-18.336356984723388,0.0,Low,0.0,0.0,0.0,0.0,0.0,,0,0.0,Low,1,Low,0,0.0,0,0.0,LOW,Routine monitoring recommended.
Maharashtra,1924.0,871.2,987.4876068376068,-116.2876068376068,-12.099961904991934,0.0,Low,0.0,0.0,0.0,0.0,0.0,,0,0.0,Low,1,Low,0,0.0,0,0.0,LOW,Routine monitoring recommended.
Maharashtra,1925.0,801.45,987.4876068376068,-186.0376068376069,-19.428966210894544,0.0,Low,0.0,0.0,0.0,0.0,0.0,,0,0.0,Low,1,Low,0,0.0,0,0.0,LOW,Routine monitoring recommended.
Maharashtra,1926.0,929.1,987.4876068376068,-58.38760683760688,-6.37723236902022,0.0,Low,0.0,0.0,0.0,0.0,0.0,,0,0.0,Low,1,Low,0,0.0,0,0.0,LOW,Routine monitoring recommended.
Maharashtra,1927.0,1046.3000000000002,987.4876068376068,58.81239316239322,5.859730744617034,0.0,Low,0.0,0.0,0.0,0.0,0.0,,0,0.0,Low,1,Low,0,0.0,0,0.0,LOW,Routine monitoring recommended.
Maharashtra,1928.0,924.6,987.4876068376068,-62.887606837606825,-6.298005552573445,0.0,Low,0.0,0.0,0.0,0.0,0.0,,0,0.0,Low,1,Low,0,0.0,0,0.0,LOW,Routine monitoring recommended.
Maharashtra,1929.0,801.45,987.4876068376068,-186.0376068376069,-19.114280894089006,0.0,Low,0.0,0.0,0.0,0.0,0.0,,0,0.0,Low,1,Low,0,0.0,0,0.0,LOW,Routine monitoring recommended.
Maharashtra,1930.0,956.1,987.4876068376068,-31.387606837606818,-2.345771387856473,0.0,Low,0.0,0.0,0.0,0.0,0.0,,0,0.0,Low,1,Low,0,0.0,0,0.0,LOW,Routine monitoring recommended.
Maharashtra,1931.0,1268.3000000000002,987.4876068376068,280.8123931623932,28.440522859307432,1.0,Moderate,0.0,0.0,0.0,0.0,0.0,,0,1.0,Moderate,1,Moderate,1,1.0,0,1.0,MODERATE,Continue monitoring rainfall and historical flood conditions.
Maharashtra,1932.0,1087.8,987.4876068376068,100.3123931623931,10.973990318176693,0.5,Moderate,0.0,0.0,0.0,0.0,0.0,,0,0.5,Low,1,Low,0,0.5,0,0.5,LOW,Routine monitoring recommended.
Maharashtra,1933.0,1327.35,987.4876068376068,339.8623931623932,34.06045871782547,1.5,High,0.0,0.0,0.0,0.0,0.0,,0,1.5,Moderate,1,Moderate,1,1.5,0,1.5,LOW,Routine monitoring recommended.
Maharashtra,1934.0,1038.3,987.4876068376068,50.81239316239311,4.392064543704025,0.0,Low,0.0,0.0,0.0,0.0,0.0,,0,0.0,Low,1,Low,0,0.0,0,0.0,LOW,Routine monitoring recommended.
Maharashtra,1935.0,988.5,987.4876068376068,1.0123931623931526,-0.594354971437387,0.0,Low,0.0,0.0,0.0,0.0,0.0,,0,0.0,Low,1,Low,0,0.0,0,0.0,LOW,Routine monitoring recommended.
Maharashtra,1936.0,1093.4,987.4876068376068,105.9123931623932,8.080663688979515,0.5,Moderate,0.0,0.0,0.0,0.0,0.0,,0,0.5,Low,1,Low,0,0.5,0,0.5,LOW,Routine monitoring recommended.
Maharashtra,1937.0,1116.75,987.4876068376068,129.2623931623931,12.18325717293347,0.5,Moderate,0.0,0.0,0.0,0.0,0.0,,0,0.5,Low,1,Low,0,0.5,0,0.5,LOW,Routine monitoring recommended.
Maharashtra,1938.0,1293.6,987.4876068376068,306.1123931623932,30.686984133481225,1.0,Moderate,0.0,0.0,0.0,0.0,0.0,,0,1.0,Moderate,1,Moderate,1,1.0,0,1.0,MODERATE,Continue monitoring rainfall and historical flood conditions.
Maharashtra,1939.0,851.9,987.4876068376068,-135.58760683760687,-13.05394654787482,0.0,Low,0.0,0.0,0.0,0.0,0.0,,0,0.0,Low,1,Low,0,0.0,0,0.0,LOW,Routine monitoring recommended.
Maharashtra,1940.0,1125.35,987.4876068376068,137.86239316239318,12.736428059626846,0.5,Moderate,0.0,0.0,0.0,0.0,0.0,,0,0.5,Low,1,Low,0,0.5,0,0.5,LOW,Routine monitoring recommended.
Maharashtra,1941.0,801.5999999999999,987.4876068376068,-185.88760683760688,-18.177413737237387,0.0,Low,0.0,0.0,0.0,0.0,0.0,,0,0.0,Low,1,Low,0,0.0,0,0.0,LOW,Routine monitoring recommended.
Maharashtra,1942.0,1141.5,987.4876068376068,154.01239316239315,14.742521683681408,0.5,Moderate,0.0,0.0,0.0,0.0,0.0,,0,0.5,Low,1,Low,0,0.5,0,0.5,LOW,Routine monitoring recommended.
Maharashtra,1943.0,1005.7,987.4876068376068,18.2123931623932,2.8952329425115835,0.5,Moderate,0.0,0.0,0.0,0.0,0.0,,0,0.5,Low,1,Low,0,0.5,0,0.5,LOW,Routine monitoring recommended.
Maharashtra,1944.0,1226.9,987.4876068376068,239.4123931623932,24.14412712686156,1.0,Moderate,0.0,0.0,0.0,0.0,0.0,,0,1.0,Moderate,1,Moderate,1,1.0,0,1.0,MODERATE,Continue monitoring rainfall and historical flood conditions.
Maharashtra,1945.0,996.4,987.4876068376068,8.912393162393187,-0.15360929063488,0.0,Low,0.0,0.0,0.0,0.0,0.0,,0,0.0,Low,1,Low,0,0.0,0,0.0,LOW,Routine monitoring recommended.
Maharashtra,1946.0,1138.3,987.4876068376068,150.8123931623931,16.235679189164284,0.5,Moderate,0.0,0.0,0.0,0.0,0.0,,0,0.5,Low,1,Low,0,0.5,0,0.5,LOW,Routine monitoring recommended.
Maharashtra,1947.0,1037.0,987.4876068376068,49.51239316239315,4.794726365318072,0.0,Low,0.0,0.0,0.0,0.0,0.0,,0,0.0,Low,1,Low,0,0.0,0,0.0,LOW,Routine monitoring recommended.
Maharashtra,1948.0,1099.55,987.4876068376068,112.0623931623931,11.731592894299515,0.5,Moderate,0.0,0.0,0.0,0.0,0.0,,0,0.5,Low,1,Low,0,0.5,0,0.5,LOW,Routine monitoring recommended.
Maharashtra,1949.0,1176.0,987.4876068376068,188.51239316239315,18.03383977115929,0.5,Moderate,0.0,0.0,0.0,0.0,0.0,,0,0.5,Low,1,Low,0,0.5,0,0.5,LOW,Routine monitoring recommended.
Maharashtra,1950.0,863.05,987.4876068376068,-124.43760683760684,-10.8162953259308,0.0,Low,0.0,0.0,0.0,0.0,0.0,,0,0.0,Low,1,Low,0,0.0,0,0.0,LOW,Routine monitoring recommended.
Maharashtra,1951.0,939.65,987.4876068376068,-47.83760683760687,-5.303549341407841,0.0,Low,0.0,0.0,0.0,0.0,0.0,,0,0.0,Low,1,Low,0,0.0,0,0.0,LOW,Routine monitoring recommended.
Maharashtra,1952.0,745.5,987.4876068376068,-241.98760683760685,-24.30879620096816,0.0,Low,0.0,0.0,0.0,0.0,0.0,,0,0.0,Low,1,Low,0,0.0,0,0.0,LOW,Routine monitoring recommended.
Maharashtra,1953.0,1015.7,987.4876068376068,28.21239316239314,2.7137941142229343,0.0,Low,0.0,0.0,0.0,0.0,0.0,,0,0.0,Low,1,Low,0,0.0,0,0.0,LOW,Routine monitoring recommended.
Maharashtra,1954.0,1042.75,987.4876068376068,55.26239316239321,6.194176740024592,0.0,Low,0.0,0.0,0.0,0.0,0.0,,0,0.0,Low,1,Low,0,0.0,0,0.0,LOW,Routine monitoring recommended.
Maharashtra,1955.0,1174.85,987.4876068376068,187.3623931623932,18.22905850669572,0.5,Moderate,0.0,0.0,0.0,0.0,0.0,,0,0.5,Low,1,Low,0,0.5,0,0.5,LOW,Routine monitoring recommended.
Maharashtra,1956.0,1179.1999999999998,987.4876068376068,191.71239316239308,21.408401991367672,1.0,Moderate,0.0,0.0,0.0,0.0,0.0,,0,1.0,Moderate,1,Moderate,1,1.0,0,1.0,MODERATE,Continue monitoring rainfall and historical flood conditions.
Maharashtra,1957.0,960.35,987.4876068376068,-27.137606837606825,-2.82966317527428,0.0,Low,0.0,0.0,0.0,0.0,0.0,,0,0.0,Low,1,Low,0,0.0,0,0.0,LOW,Routine monitoring recommended.
Maharashtra,1958.0,1113.15,987.4876068376068,125.66239316239312,13.391168928682225,0.5,Moderate,0.0,0.0,0.0,0.0,0.0,,0,0.5,Low,1,Low,0,0.5,0,0.5,LOW,Routine monitoring recommended.
Maharashtra,1959.0,1362.6,987.4876068376068,375.1123931623932,36.91532425245314,1.5,High,0.0,0.0,0.0,0.0,0.0,,0,1.5,Moderate,1,Moderate,1,1.5,0,1.5,LOW,Routine monitoring recommended.
Maharashtra,1960.0,975.45,987.4876068376068,-12.03760683760686,-1.051623468823498,0.0,Low,0.0,0.0,0.0,0.0,0.0,,0,0.0,Low,1,Low,0,0.0,0,0.0,LOW,Routine monitoring recommended.
Maharashtra,1961.0,1255.65,987.4876068376068,268.1623931623932,26.60264846954501,1.0,Moderate,0.0,0.0,0.0,0.0,0.0,,0,1.0,Moderate,1,Moderate,1,1.0,0,1.0,MODERATE,Continue monitoring rainfall and historical flood conditions.
Maharashtra,1962.0,1025.8,987.4876068376068,38.31239316239311,3.696813094858391,0.0,Low,0.0,0.0,0.0,0.0,0.0,,0,0.0,Low,1,Low,0,0.0,0,0.0,LOW,Routine monitoring recommended.
Maharashtra,1963.0,1023.85,987.4876068376068,36.36239316239312,3.5283964133022225,0.0,Low,0.0,0.0,0.0,0.0,0.0,,0,0.0,Low,1,Low,0,0.0,0,0.0,LOW,Routine monitoring recommended.
Maharashtra,1964.0,978.2,987.4876068376068,-9.287606837606802,-0.1421690496701781,0.0,Low,0.0,0.0,0.0,0.0,0.0,,0,0.0,Low,1,Low,0,0.0,0,0.0,LOW,Routine monitoring recommended.
Maharashtra,1965.0,767.1500000000001,987.4876068376068,-220.3376068376068,-21.147273619843816,0.0,Low,0.0,0.0,0.0,0.0,0.0,,0,0.0,Low,1,Low,0,0.0,0,0.0,LOW,Routine monitoring recommended.
Maharashtra,1966.0,920.1,987.4876068376068,-67.38760683760688,-6.647895077225142,0.0,Low,0.0,0.0,0.0,0.0,0.0,,0,0.0,Low,1,Low,0,0.0,0,0.0,LOW,Routine monitoring recommended.
Maharashtra,1967.0,1020.7,987.4876068376068,33.2123931623932,3.3844811309507605,0.0,Low,0.0,0.0,0.0,0.0,0.0,,0,0.0,Low,1,Low,0,0.0,0,0.0,LOW,Routine monitoring recommended.
Maharashtra,1968.0,873.45,987.4876068376068,-114.03760683760686,-11.060182670606116,0.0,Low,0.0,0.0,0.0,0.0,0.0,,0,0.0,Low,1,Low,0,0.0,0,0.0,LOW,Routine monitoring recommended.
Maharashtra,1969.0,988.5,987.4876068376068,1.0123931623931597,1.2222375392127691,0.0,Low,1.0,0.0,0.0,0.0,0.0,-1.0,1,1.0,Moderate,1,Moderate,1,0.0,1,1.0,MODERATE,Continue monitoring rainfall and historical flood conditions.
Maharashtra,1970.0,1091.0,987.4876068376068,103.5123931623931,10.125607622652009,0.5,Moderate,1.0,0.0,0.0,0.0,0.0,-1.0,1,1.5,Moderate,1,Moderate,1,0.5,1,1.5,LOW,Routine monitoring recommended.
Maharashtra,1971.0,827.8,987.4876068376068,-159.68760683760684,-15.7936363015301,0.0,Low,1.0,0.0,0.0,0.0,0.0,-1.0,1,1.0,Moderate,1,Moderate,1,0.0,1,1.0,MODERATE,Continue monitoring rainfall and historical flood conditions.
Maharashtra,1972.0,630.3499999999999,987.4876068376068,-357.1376068376069,-36.63667083792362,0.0,Low,1.0,8.0,0.0,0.0,0.0,2.0,1,1.0,Moderate,1,Moderate,1,0.0,1,1.0,MODERATE,Continue monitoring rainfall and historical flood conditions.
Maharashtra,1973.0,1071.5,987.4876068376068,84.01239316239321,8.773730896864013,0.0,Low,1.0,0.0,0.0,0.0,0.0,-1.0,1,1.0,Moderate,1,Moderate,1,0.0,1,1.0,MODERATE,Continue monitoring rainfall and historical flood conditions.
Maharashtra,1974.0,876.3,987.4876068376068,-111.1876068376069,-9.833500141620538,0.0,Low,2.0,67.0,0.0,0.0,12.0,2.5,1,1.0,Moderate,1,Moderate,1,0.0,1,1.0,MODERATE,Continue monitoring rainfall and historical flood conditions.
Maharashtra,1975.0,1182.4,987.4876068376068,194.9123931623932,19.57635260624805,1.0,Moderate,3.0,10.0,0.0,0.0,25.0,0.0,1,2.0,High,1,High,2,1.0,1,2.0,HIGH,Increase monitoring and prepare local response resources.
Maharashtra,1976.0,1000.2,987.4876068376068,12.712393162393148,2.750978132799463,0.5,Moderate,3.0,3.0,0.0,0.0,0.0,-0.3333333333333333,1,1.5,Moderate,1,Moderate,1,0.5,1,1.5,LOW,Routine monitoring recommended.
Maharashtra,1977.0,1007.6,987.4876068376068,20.11239316239317,2.5628427945833554,0.0,Low,0.0,0.0,0.0,0.0,0.0,,0,0.0,Low,1,Low,0,0.0,0,0.0,LOW,Routine monitoring recommended.
Maharashtra,1978.0,1066.5,987.4876068376068,79.01239316239321,7.249212391181301,0.5,Moderate,7.0,79.0,6.0,0.0,0.0,1.0,1,1.5,Moderate,1,Moderate,1,0.5,1,1.5,LOW,Routine monitoring recommended.
Maharashtra,1979.0,1057.0,987.4876068376068,69.51239316239315,7.956104197300719,0.5,Moderate,11.0,72.0,36.0,0.0,2212.0,0.9090909090909092,1,1.5,Moderate,1,Moderate,1,0.5,1,1.5,LOW,Routine monitoring recommended.
Maharashtra,1980.0,991.05,987.4876068376068,3.562393162393107,0.9646913564152468,0.0,Low,12.0,84.0,7.0,0.0,62.0,0.5833333333333334,1,1.0,Moderate,1,Moderate,1,0.0,1,1.0,MODERATE,Continue monitoring rainfall and historical flood conditions.
Maharashtra,1981.0,1074.1999999999998,987.4876068376068,86.71239316239308,8.461683093149603,0.0,Low,21.0,69.0,15.0,0.0,13300.0,-0.1904761904761904,1,1.0,Moderate,1,Moderate,1,0.0,1,1.0,MODERATE,Continue monitoring rainfall and historical flood conditions.
Maharashtra,1982.0,804.0,987.4876068376068,-183.48760683760685,-18.204410569436604,0.0,Low,9.0,3.0,12.0,0.0,40.0,-0.5555555555555556,1,1.0,Moderate,1,Moderate,1,0.0,1,1.0,MODERATE,Continue monitoring rainfall and historical flood conditions.
Maharashtra,1983.0,1079.6,987.4876068376068,92.11239316239318,8.834457755041862,0.5,Moderate,15.0,341.0,36.0,0.0,163.0,1.3333333333333333,1,1.5,Moderate,1,Moderate,1,0.5,1,1.5,LOW,Routine monitoring recommended.
Maharashtra,1984.0,795.25,987.4876068376068,-192.23760683760685,-18.69647804535004,0.0,Low,17.0,389.0,4.0,0.0,0.0,0.8235294117647058,1,1.0,Moderate,1,Moderate,1,0.0,1,1.0,MODERATE,Continue monitoring rainfall and historical flood conditions.
Maharashtra,1985.0,766.5,987.4876068376068,-220.98760683760685,-22.687714934572348,0.0,Low,8.0,56.0,64.0,0.0,0.0,1.0,1,1.0,Moderate,1,Moderate,1,0.0,1,1.0,MODERATE,Continue monitoring rainfall and historical flood conditions.
Maharashtra,1986.0,900.55,987.4876068376068,-86.93760683760684,-10.561437368080668,0.0,Low,16.0,87.0,71.0,0.0,576.0,0.9375,1,1.0,Moderate,1,Moderate,1,0.0,1,1.0,MODERATE,Continue monitoring rainfall and historical flood conditions.
Maharashtra,1987.0,815.1,987.4876068376068,-172.38760683760682,-16.576495709717356,0.0,Low,4.0,22.0,2.0,0.0,0.0,1.0,1,1.0,Moderate,1,Moderate,1,0.0,1,1.0,MODERATE,Continue monitoring rainfall and historical flood conditions.
Maharashtra,1988.0,1142.65,987.4876068376068,155.1623931623932,15.23608969052353,0.5,Moderate,27.0,153.0,75.0,0.0,0.0,1.2962962962962965,1,1.5,Moderate,1,Moderate,1,0.5,1,1.5,LOW,Routine monitoring recommended.
Maharashtra,1989.0,907.15,987.4876068376068,-80.33760683760681,-8.059880311727241,0.0,Low,4.0,920.0,4.0,0.0,14000.0,1.25,1,1.0,Moderate,1,Moderate,1,0.0,1,1.0,MODERATE,Continue monitoring rainfall and historical flood conditions.
Maharashtra,1990.0,1263.75,987.4876068376068,276.26239316239315,26.815216494573093,1.5,High,18.0,171.0,68.0,0.0,3.0,1.4444444444444444,1,2.5,High,1,High,2,1.5,1,2.5,LOW,Routine monitoring recommended.
Maharashtra,1991.0,859.6,987.4876068376068,-127.8876068376068,-11.7050388554034,0.0,Low,17.0,614.0,113.0,0.0,4466.0,0.7647058823529411,1,1.0,Moderate,1,Moderate,1,0.0,1,1.0,MODERATE,Continue monitoring rainfall and historical flood conditions.
Maharashtra,1992.0,969.95,987.4876068376068,-17.537606837606923,-2.59545772950291,0.0,Low,11.0,84.0,2.0,0.0,4.0,1.2727272727272727,1,1.0,Moderate,1,Moderate,1,0.0,1,1.0,MODERATE,Continue monitoring rainfall and historical flood conditions.
Maharashtra,1993.0,1021.4,987.4876068376068,33.91239316239313,4.623611806802709,0.5,Moderate,16.0,39.0,22.0,0.0,0.0,-0.0625,1,1.5,Moderate,1,Moderate,1,0.5,1,1.5,LOW,Routine monitoring recommended.
Maharashtra,1994.0,1224.3,987.4876068376068,236.8123931623931,23.196675561449005,1.0,Moderate,28.0,221.0,95.0,0.0,6.0,0.8571428571428571,1,2.0,High,1,High,2,1.0,1,2.0,HIGH,Increase monitoring and prepare local response resources.
Maharashtra,1995.0,926.95,987.4876068376068,-60.53760683760686,-6.691572820374981,0.0,Low,14.0,28.0,11.0,0.0,0.0,0.2857142857142857,1,1.0,Moderate,1,Moderate,1,0.0,1,1.0,MODERATE,Continue monitoring rainfall and historical flood conditions.
Maharashtra,1996.0,915.1,987.4876068376068,-72.38760683760682,-5.587812851522493,0.0,Low,19.0,93.0,42.0,0.0,2013.0,0.631578947368421,1,1.0,Moderate,1,Moderate,1,0.0,1,1.0,MODERATE,Continue monitoring rainfall and historical flood conditions.
Maharashtra,1997.0,1020.1,987.4876068376068,32.61239316239312,4.296775848549364,0.5,Moderate,39.0,92.0,88.0,0.0,0.0,0.0256410256410256,1,1.5,Moderate,1,Moderate,1,0.5,1,1.5,LOW,Routine monitoring recommended.
Maharashtra,1998.0,1081.4,987.4876068376068,93.91239316239312,11.004904067115616,0.5,Moderate,16.0,110.0,12.0,0.0,0.0,1.0625,1,1.5,Moderate,1,Moderate,1,0.5,1,1.5,LOW,Routine monitoring recommended.
Maharashtra,1999.0,1065.4,987.4876068376068,77.91239316239313,8.05196689232148,0.0,Low,9.0,111.0,15.0,0.0,19.0,1.0,1,1.0,Moderate,1,Moderate,1,0.0,1,1.0,MODERATE,Continue monitoring rainfall and historical flood conditions.
Maharashtra,2000.0,903.4,987.4876068376068,-84.08760683760681,-9.668145227179274,0.0,Low,20.0,147.0,95.0,0.0,105.0,0.8,1,1.0,Moderate,1,Moderate,1,0.0,1,1.0,MODERATE,Continue monitoring rainfall and historical flood conditions.
Maharashtra,2001.0,953.6,987.4876068376068,-33.88760683760688,-4.158815527233813,0.0,Low,21.0,59.0,12.0,0.0,2350.0,-0.0476190476190476,1,1.0,Moderate,1,Moderate,1,0.0,1,1.0,MODERATE,Continue monitoring rainfall and historical flood conditions.
Maharashtra,2002.0,833.05,987.4876068376068,-154.4376068376069,-15.675543843973973,0.0,Low,12.0,159.0,5.0,0.0,0.0,0.4166666666666667,1,1.0,Moderate,1,Moderate,1,0.0,1,1.0,MODERATE,Continue monitoring rainfall and historical flood conditions.
Maharashtra,2003.0,895.6,987.4876068376068,-91.88760683760682,-9.600210892120966,0.0,Low,13.0,47.0,42.0,0.0,0.0,-0.0769230769230769,1,1.0,Moderate,1,Moderate,1,0.0,1,1.0,MODERATE,Continue monitoring rainfall and historical flood conditions.
Maharashtra,2004.0,880.7,987.4876068376068,-106.78760683760686,-8.136087383001179,0.5,Moderate,5.0,51.0,63.0,0.0,0.0,1.2,1,1.5,Moderate,1,Moderate,1,0.5,1,1.5,LOW,Routine monitoring recommended.
Maharashtra,2005.0,1217.9499999999998,987.4876068376068,230.46239316239308,24.814390572344585,1.0,Moderate,23.0,1174.0,49.0,0.0,26032.0,0.6956521739130435,1,2.0,High,1,High,2,1.0,1,2.0,HIGH,Increase monitoring and prepare local response resources.
Maharashtra,2006.0,1305.65,987.4876068376068,318.1623931623932,34.75311002021087,1.5,High,15.0,420.0,34.0,0.0,0.0,1.4666666666666666,1,2.5,High,1,High,2,1.5,1,2.5,LOW,Routine monitoring recommended.
Maharashtra,2007.0,1103.7,987.4876068376068,116.2123931623932,12.376264977058115,0.5,Moderate,10.0,149.0,55.0,0.0,100.0,1.6,1,1.5,Moderate,1,Moderate,1,0.5,1,1.5,LOW,Routine monitoring recommended.
Maharashtra,2008.0,891.75,987.4876068376068,-95.73760683760683,-8.364546871313266,0.0,Low,16.0,122.0,70.0,0.0,0.0,0.875,1,1.0,Moderate,1,Moderate,1,0.0,1,1.0,MODERATE,Continue monitoring rainfall and historical flood conditions.
Maharashtra,2009.0,856.25,987.4876068376068,-131.23760683760685,-11.337999816179668,0.0,Low,14.0,90.0,127.0,0.0,70.0,1.1428571428571428,1,1.0,Moderate,1,Moderate,1,0.0,1,1.0,MODERATE,Continue monitoring rainfall and historical flood conditions.
Maharashtra,2010.0,1182.8,987.4876068376068,195.3123931623931,19.46769156082001,1.0,Moderate,23.0,152.0,44.0,0.0,0.0,1.173913043478261,1,2.0,High,1,High,2,1.0,1,2.0,HIGH,Increase monitoring and prepare local response resources.
Maharashtra,2011.0,872.9000000000001,987.4876068376068,-114.58760683760678,-10.795792559694371,0.0,Low,14.0,38.0,35.0,0.0,0.0,0.3571428571428571,1,1.0,Moderate,1,Moderate,1,0.0,1,1.0,MODERATE,Continue monitoring rainfall and historical flood conditions.
Maharashtra,2012.0,898.75,987.4876068376068,-88.73760683760685,-10.223203532194187,0.0,Low,5.0,0.0,0.0,0.0,0.0,-1.0,1,1.0,Moderate,1,Moderate,1,0.0,1,1.0,MODERATE,Continue monitoring rainfall and historical flood conditions.
Maharashtra,2013.0,1241.2,987.4876068376068,253.7123931623932,24.09183376831141,1.0,Moderate,15.0,74.0,55.0,0.0,1000.0,0.9333333333333332,1,2.0,High,1,High,2,1.0,1,2.0,HIGH,Increase monitoring and prepare local response resources.
Maharashtra,2014.0,878.55,987.4876068376068,-108.93760683760684,-10.43976717975599,0.0,Low,10.0,155.0,1.0,0.0,10000.0,0.5,1,1.0,Moderate,1,Moderate,1,0.0,1,1.0,MODERATE,Continue monitoring rainfall and historical flood conditions.
Maharashtra,2015.0,819.15,987.4876068376068,-168.33760683760687,-18.00072664712117,0.0,Low,6.0,46.0,14.0,0.0,0.0,1.6666666666666667,1,1.0,Moderate,1,Moderate,1,0.0,1,1.0,MODERATE,Continue monitoring rainfall and historical flood conditions.
Maharashtra,2016.0,1035.05,987.4876068376068,47.56239316239311,4.623008788830371,0.0,Low,15.0,44.0,68.0,0.0,186.0,0.8,1,1.0,Moderate,1,Moderate,1,0.0,1,1.0,MODERATE,Continue monitoring rainfall and historical flood conditions.
Maharashtra,2017.0,898.7,987.4876068376068,-88.78760683760686,-6.876267169829038,0.5,Moderate,12.0,32.0,7.0,0.0,20.0,0.8333333333333334,1,1.5,Moderate,1,Moderate,1,0.5,1,1.5,LOW,Routine monitoring recommended.
Maharashtra,2018.0,,,,,,,17.0,45.0,16.0,0.0,269.0,0.6470588235294118,1,1.0,Moderate,0,Historical Flood Signal,2,0.0,1,1.0,MODERATE,Continue monitoring rainfall and historical flood conditions.
Maharashtra,2019.0,,,,,,,24.0,145.0,7.0,4.0,37.0,1.0416666666666667,1,1.0,Moderate,0,Historical Flood Signal,2,0.0,1,1.0,MODERATE,Continue monitoring rainfall and historical flood conditions.
Maharashtra,2020.0,,,,,,,37.0,59.0,9.0,8.0,516.0,-0.3513513513513513,1,1.0,Moderate,0,Historical Flood Signal,2,0.0,1,1.0,MODERATE,Continue monitoring rainfall and historical flood conditions.
Maharashtra,2021.0,,,,,,,105.0,217.0,52.0,43.0,2705.0,0.1904761904761904,1,1.0,Moderate,0,Historical Flood Signal,2,0.0,1,1.0,MODERATE,Continue monitoring rainfall and historical flood conditions.
Maharashtra,2022.0,,,,,,,152.0,143.0,45.0,5.0,3646.0,-0.2039473684210526,1,1.0,Moderate,0,Historical Flood Signal,2,0.0,1,1.0,MODERATE,Continue monitoring rainfall and historical flood conditions.
Maharashtra,2023.0,,,,,,,76.0,66.0,52.0,57.0,55.0,-0.1842105263157894,1,1.0,Moderate,0,Historical Flood Signal,2,0.0,1,1.0,MODERATE,Continue monitoring rainfall and historical flood conditions.
"Maharashtra, Gujarat",1967.0,,,,,,,1.0,0.0,0.0,0.0,0.0,-1.0,1,1.0,Moderate,0,Historical Flood Signal,2,0.0,1,1.0,MODERATE,Continue monitoring rainfall and historical flood conditions.
"Maharashtra, Telangana",1969.0,,,,,,,1.0,0.0,0.0,0.0,0.0,-1.0,1,1.0,Moderate,0,Historical Flood Signal,2,0.0,1,1.0,MODERATE,Continue monitoring rainfall and historical flood conditions.
Manipur,1980.0,,,,,,,1.0,0.0,0.0,0.0,0.0,-1.0,1,1.0,Moderate,0,Historical Flood Signal,2,0.0,1,1.0,MODERATE,Continue monitoring rainfall and historical flood conditions.
Manipur,1985.0,,,,,,,1.0,0.0,0.0,0.0,0.0,-1.0,1,1.0,Moderate,0,Historical Flood Signal,2,0.0,1,1.0,MODERATE,Continue monitoring rainfall and historical flood conditions.
Manipur,1986.0,,,,,,,1.0,0.0,0.0,0.0,0.0,-1.0,1,1.0,Moderate,0,Historical Flood Signal,2,0.0,1,1.0,MODERATE,Continue monitoring rainfall and historical flood conditions.
Manipur,1989.0,,,,,,,1.0,0.0,0.0,0.0,0.0,-1.0,1,1.0,Moderate,0,Historical Flood Signal,2,0.0,1,1.0,MODERATE,Continue monitoring rainfall and historical flood conditions.
Manipur,1990.0,,,,,,,1.0,0.0,0.0,0.0,200.0,-1.0,1,1.0,Moderate,0,Historical Flood Signal,2,0.0,1,1.0,MODERATE,Continue monitoring rainfall and historical flood conditions.
Manipur,1991.0,,,,,,,2.0,0.0,0.0,0.0,0.0,-1.0,1,1.0,Moderate,0,Historical Flood Signal,2,0.0,1,1.0,MODERATE,Continue monitoring rainfall and historical flood conditions.
Manipur,1992.0,,,,,,,1.0,0.0,0.0,0.0,0.0,-1.0,1,1.0,Moderate,0,Historical Flood Signal,2,0.0,1,1.0,MODERATE,Continue monitoring rainfall and historical flood conditions.
Manipur,1997.0,,,,,,,1.0,0.0,0.0,0.0,0.0,-1.0,1,1.0,Moderate,0,Historical Flood Signal,2,0.0,1,1.0,MODERATE,Continue monitoring rainfall and historical flood conditions.
Manipur,1999.0,,,,,,,1.0,12.0,5.0,0.0,0.0,2.0,1,1.0,Moderate,0,Historical Flood Signal,2,0.0,1,1.0,MODERATE,Continue monitoring rainfall and historical flood conditions.
Manipur,2000.0,,,,,,,2.0,0.0,0.0,0.0,0.0,-1.0,1,1.0,Moderate,0,Historical Flood Signal,2,0.0,1,1.0,MODERATE,Continue monitoring rainfall and historical flood conditions.
Manipur,2001.0,,,,,,,1.0,0.0,0.0,0.0,0.0,-1.0,1,1.0,Moderate,0,Historical Flood Signal,2,0.0,1,1.0,MODERATE,Continue monitoring rainfall and historical flood conditions.
Manipur,2002.0,,,,,,,1.0,3.0,0.0,0.0,0.0,1.0,1,1.0,Moderate,0,Historical Flood Signal,2,0.0,1,1.0,MODERATE,Continue monitoring rainfall and historical flood conditions.
Manipur,2007.0,,,,,,,1.0,0.0,0.0,0.0,0.0,-1.0,1,1.0,Moderate,0,Historical Flood Signal,2,0.0,1,1.0,MODERATE,Continue monitoring rainfall and historical flood conditions.
Manipur,2008.0,,,,,,,1.0,0.0,0.0,0.0,0.0,-1.0,1,1.0,Moderate,0,Historical Flood Signal,2,0.0,1,1.0,MODERATE,Continue monitoring rainfall and historical flood conditions.
Manipur,2017.0,,,,,,,1.0,2.0,0.0,5.0,0.0,1.0,1,1.0,Moderate,0,Historical Flood Signal,2,0.0,1,1.0,MODERATE,Continue monitoring rainfall and historical flood conditions.
Manipur,2018.0,,,,,,,1.0,5.0,0.0,2.0,0.0,2.0,1,1.0,Moderate,0,Historical Flood Signal,2,0.0,1,1.0,MODERATE,Continue monitoring rainfall and historical flood conditions.
Manipur,2022.0,,,,,,,2.0,56.0,18.0,5.0,0.0,1.0,1,1.0,Moderate,0,Historical Flood Signal,2,0.0,1,1.0,MODERATE,Continue monitoring rainfall and historical flood conditions.
Meghalaya,1901.0,2498.6,2579.133333333333,-80.5333333333333,-3.1224959288649923,0.0,Low,0.0,0.0,0.0,0.0,0.0,,0,0.0,Low,1,Low,0,0.0,0,0.0,LOW,Routine monitoring recommended.
Meghalaya,1902.0,2952.1,2579.133333333333,372.9666666666667,14.46093002817484,1.0,Moderate,0.0,0.0,0.0,0.0,0.0,,0,1.0,Moderate,1,Moderate,1,1.0,0,1.0,MODERATE,Continue monitoring rainfall and historical flood conditions.
Meghalaya,1903.0,2544.7,2579.133333333333,-34.433333333333394,-1.3350737973996458,0.0,Low,0.0,0.0,0.0,0.0,0.0,,0,0.0,Low,1,Low,0,0.0,0,0.0,LOW,Routine monitoring recommended.
Meghalaya,1904.0,2664.1,2579.133333333333,84.9666666666667,3.294388295809964,0.0,Low,0.0,0.0,0.0,0.0,0.0,,0,0.0,Low,1,Low,0,0.0,0,0.0,LOW,Routine monitoring recommended.
Meghalaya,1905.0,2790.6,2579.133333333333,211.4666666666667,8.199136660893842,0.0,Low,0.0,0.0,0.0,0.0,0.0,,0,0.0,Low,1,Low,0,0.0,0,0.0,LOW,Routine monitoring recommended.
Meghalaya,1906.0,2663.4,2579.133333333333,84.26666666666688,3.267247395766028,0.0,Low,0.0,0.0,0.0,0.0,0.0,,0,0.0,Low,1,Low,0,0.0,0,0.0,LOW,Routine monitoring recommended.
Meghalaya,1907.0,2521.1,2579.133333333333,-58.0333333333333,-2.250109856023986,0.0,Low,0.0,0.0,0.0,0.0,0.0,,0,0.0,Low,1,Low,0,0.0,0,0.0,LOW,Routine monitoring recommended.
Meghalaya,1908.0,2277.8,2579.133333333333,-301.33333333333303,-11.683511257011387,0.0,Low,0.0,0.0,0.0,0.0,0.0,,0,0.0,Low,1,Low,0,0.0,0,0.0,LOW,Routine monitoring recommended.
Meghalaya,1909.0,2377.0,2579.133333333333,-202.1333333333332,-7.837257993641271,0.0,Low,0.0,0.0,0.0,0.0,0.0,,0,0.0,Low,1,Low,0,0.0,0,0.0,LOW,Routine monitoring recommended.
Meghalaya,1910.0,2887.3,2579.133333333333,308.16666666666697,11.948458138392754,0.0,Low,0.0,0.0,0.0,0.0,0.0,,0,0.0,Low,1,Low,0,0.0,0,0.0,LOW,Routine monitoring recommended.
Meghalaya,1911.0,3096.2,2579.133333333333,517.0666666666666,20.048078165792123,1.0,Moderate,0.0,0.0,0.0,0.0,0.0,,0,1.0,Moderate,1,Moderate,1,1.0,0,1.0,MODERATE,Continue monitoring rainfall and historical flood conditions.
Meghalaya,1912.0,2743.5,2579.133333333333,164.3666666666668,6.372941815080006,0.0,Low,0.0,0.0,0.0,0.0,0.0,,0,0.0,Low,1,Low,0,0.0,0,0.0,LOW,Routine monitoring recommended.
Meghalaya,1913.0,2760.5,2579.133333333333,181.3666666666668,7.032077959004322,0.0,Low,0.0,0.0,0.0,0.0,0.0,,0,0.0,Low,1,Low,0,0.0,0,0.0,LOW,Routine monitoring recommended.
Meghalaya,1914.0,2343.8,2579.133333333333,-235.33333333333303,-9.124512110011104,0.0,Low,0.0,0.0,0.0,0.0,0.0,,0,0.0,Low,1,Low,0,0.0,0,0.0,LOW,Routine monitoring recommended.
Meghalaya,1915.0,3165.1,2579.133333333333,585.9666666666667,22.719518184403032,1.0,Moderate,0.0,0.0,0.0,0.0,0.0,,0,1.0,Moderate,1,Moderate,1,1.0,0,1.0,MODERATE,Continue monitoring rainfall and historical flood conditions.
Meghalaya,1916.0,2601.1,2579.133333333333,21.966666666666697,0.8517072918551463,0.0,Low,0.0,0.0,0.0,0.0,0.0,,0,0.0,Low,1,Low,0,0.0,0,0.0,LOW,Routine monitoring recommended.
Meghalaya,1917.0,2519.9,2579.133333333333,-59.23333333333312,-2.2966371132421664,0.0,Low,0.0,0.0,0.0,0.0,0.0,,0,0.0,Low,1,Low,0,0.0,0,0.0,LOW,Routine monitoring recommended.
Meghalaya,1918.0,3106.8,2579.133333333333,527.666666666667,20.459068937886123,1.0,Moderate,0.0,0.0,0.0,0.0,0.0,,0,1.0,Moderate,1,Moderate,1,1.0,0,1.0,MODERATE,Continue monitoring rainfall and historical flood conditions.
Meghalaya,1919.0,2344.2,2579.133333333333,-234.9333333333334,-9.109003024271722,0.0,Low,0.0,0.0,0.0,0.0,0.0,,0,0.0,Low,1,Low,0,0.0,0,0.0,LOW,Routine monitoring recommended.
Meghalaya,1920.0,2623.6,2579.133333333333,44.4666666666667,1.7240933646961525,0.0,Low,0.0,0.0,0.0,0.0,0.0,,0,0.0,Low,1,Low,0,0.0,0,0.0,LOW,Routine monitoring recommended.
Meghalaya,1921.0,2999.7,2579.133333333333,420.5666666666666,16.306511231162922,1.0,Moderate,0.0,0.0,0.0,0.0,0.0,,0,1.0,Moderate,1,Moderate,1,1.0,0,1.0,MODERATE,Continue monitoring rainfall and historical flood conditions.
Meghalaya,1922.0,2261.9,2579.133333333333,-317.2333333333331,-12.299997415152369,0.0,Low,0.0,0.0,0.0,0.0,0.0,,0,0.0,Low,1,Low,0,0.0,0,0.0,LOW,Routine monitoring recommended.
Meghalaya,1923.0,2440.6,2579.133333333333,-138.5333333333333,-5.371313361077363,0.0,Low,0.0,0.0,0.0,0.0,0.0,,0,0.0,Low,1,Low,0,0.0,0,0.0,LOW,Routine monitoring recommended.
Meghalaya,1924.0,2691.4,2579.133333333333,112.26666666666688,4.352883397523724,0.0,Low,0.0,0.0,0.0,0.0,0.0,,0,0.0,Low,1,Low,0,0.0,0,0.0,LOW,Routine monitoring recommended.
Meghalaya,1925.0,2550.5,2579.133333333333,-28.63333333333321,-1.1101920541784014,0.0,Low,0.0,0.0,0.0,0.0,0.0,,0,0.0,Low,1,Low,0,0.0,0,0.0,LOW,Routine monitoring recommended.
Meghalaya,1926.0,2511.7,2579.133333333333,-67.4333333333334,-2.614573370899788,0.0,Low,0.0,0.0,0.0,0.0,0.0,,0,0.0,Low,1,Low,0,0.0,0,0.0,LOW,Routine monitoring recommended.
Meghalaya,1927.0,2793.1,2579.133333333333,213.9666666666667,8.296068446765064,0.0,Low,0.0,0.0,0.0,0.0,0.0,,0,0.0,Low,1,Low,0,0.0,0,0.0,LOW,Routine monitoring recommended.
Meghalaya,1928.0,2634.3,2579.133333333333,55.16666666666697,2.138961408224997,0.0,Low,0.0,0.0,0.0,0.0,0.0,,0,0.0,Low,1,Low,0,0.0,0,0.0,LOW,Routine monitoring recommended.
Meghalaya,1929.0,2953.8,2579.133333333333,374.66666666666697,14.526843642567282,1.0,Moderate,0.0,0.0,0.0,0.0,0.0,,0,1.0,Moderate,1,Moderate,1,1.0,0,1.0,MODERATE,Continue monitoring rainfall and historical flood conditions.
Meghalaya,1930.0,2550.7,2579.133333333333,-28.4333333333334,-1.1024375113087106,0.0,Low,0.0,0.0,0.0,0.0,0.0,,0,0.0,Low,1,Low,0,0.0,0,0.0,LOW,Routine monitoring recommended.
Meghalaya,1931.0,2800.1,2579.133333333333,220.9666666666667,8.567477447204489,0.0,Low,0.0,0.0,0.0,0.0,0.0,,0,0.0,Low,1,Low,0,0.0,0,0.0,LOW,Routine monitoring recommended.
Meghalaya,1932.0,2888.7,2579.133333333333,309.5666666666666,12.002739938480625,1.0,Moderate,0.0,0.0,0.0,0.0,0.0,,0,1.0,Moderate,1,Moderate,1,1.0,0,1.0,MODERATE,Continue monitoring rainfall and historical flood conditions.
Meghalaya,1933.0,2339.1,2579.133333333333,-240.0333333333333,-9.306743867449011,0.0,Low,0.0,0.0,0.0,0.0,0.0,,0,0.0,Low,1,Low,0,0.0,0,0.0,LOW,Routine monitoring recommended.
Meghalaya,1934.0,3074.9,2579.133333333333,495.7666666666669,19.22221935016932,1.0,Moderate,0.0,0.0,0.0,0.0,0.0,,0,1.0,Moderate,1,Moderate,1,1.0,0,1.0,MODERATE,Continue monitoring rainfall and historical flood conditions.
Meghalaya,1935.0,2678.4,2579.133333333333,99.26666666666688,3.848838110993365,0.0,Low,0.0,0.0,0.0,0.0,0.0,,0,0.0,Low,1,Low,0,0.0,0,0.0,LOW,Routine monitoring recommended.
Meghalaya,1936.0,2671.3,2579.133333333333,92.16666666666696,3.573551839119096,0.0,Low,0.0,0.0,0.0,0.0,0.0,,0,0.0,Low,1,Low,0,0.0,0,0.0,LOW,Routine monitoring recommended.
Meghalaya,1937.0,2324.6,2579.133333333333,-254.5333333333333,-9.868948225502104,0.0,Low,0.0,0.0,0.0,0.0,0.0,,0,0.0,Low,1,Low,0,0.0,0,0.0,LOW,Routine monitoring recommended.
Meghalaya,1938.0,2786.5,2579.133333333333,207.3666666666668,8.040168532065039,0.0,Low,0.0,0.0,0.0,0.0,0.0,,0,0.0,Low,1,Low,0,0.0,0,0.0,LOW,Routine monitoring recommended.
Meghalaya,1939.0,2401.6,2579.133333333333,-177.5333333333333,-6.883449220668441,0.0,Low,0.0,0.0,0.0,0.0,0.0,,0,0.0,Low,1,Low,0,0.0,0,0.0,LOW,Routine monitoring recommended.
Meghalaya,1940.0,2451.6,2579.133333333333,-127.5333333333333,-4.944813503243982,0.0,Low,0.0,0.0,0.0,0.0,0.0,,0,0.0,Low,1,Low,0,0.0,0,0.0,LOW,Routine monitoring recommended.
Meghalaya,1941.0,2709.5,2579.133333333333,130.3666666666668,5.054669527231375,0.0,Low,0.0,0.0,0.0,0.0,0.0,,0,0.0,Low,1,Low,0,0.0,0,0.0,LOW,Routine monitoring recommended.
Meghalaya,1942.0,2677.0,2579.133333333333,97.8666666666668,3.794556310905477,0.0,Low,0.0,0.0,0.0,0.0,0.0,,0,0.0,Low,1,Low,0,0.0,0,0.0,LOW,Routine monitoring recommended.
Meghalaya,1943.0,2703.7,2579.133333333333,124.5666666666666,4.82978778401013,0.0,Low,0.0,0.0,0.0,0.0,0.0,,0,0.0,Low,1,Low,0,0.0,0,0.0,LOW,Routine monitoring recommended.
Meghalaya,1944.0,2524.3,2579.133333333333,-54.83333333333303,-2.1260371701088103,0.0,Low,0.0,0.0,0.0,0.0,0.0,,0,0.0,Low,1,Low,0,0.0,0,0.0,LOW,Routine monitoring recommended.
Meghalaya,1945.0,2665.7,2579.133333333333,86.5666666666666,3.3564246387675425,0.0,Low,0.0,0.0,0.0,0.0,0.0,,0,0.0,Low,1,Low,0,0.0,0,0.0,LOW,Routine monitoring recommended.
Meghalaya,1946.0,2679.5,2579.133333333333,100.3666666666668,3.8914880967767,0.0,Low,0.0,0.0,0.0,0.0,0.0,,0,0.0,Low,1,Low,0,0.0,0,0.0,LOW,Routine monitoring recommended.
Meghalaya,1947.0,2643.3,2579.133333333333,64.16666666666697,2.4879158373613994,0.0,Low,0.0,0.0,0.0,0.0,0.0,,0,0.0,Low,1,Low,0,0.0,0,0.0,LOW,Routine monitoring recommended.
Meghalaya,1948.0,3185.4,2579.133333333333,606.2666666666669,23.50660428567737,1.0,Moderate,0.0,0.0,0.0,0.0,0.0,,0,1.0,Moderate,1,Moderate,1,1.0,0,1.0,MODERATE,Continue monitoring rainfall and historical flood conditions.
Meghalaya,1949.0,2983.4,2579.133333333333,404.2666666666669,15.67451598728256,1.0,Moderate,0.0,0.0,0.0,0.0,0.0,,0,1.0,Moderate,1,Moderate,1,1.0,0,1.0,MODERATE,Continue monitoring rainfall and historical flood conditions.
Meghalaya,1950.0,2392.4,2579.133333333333,-186.73333333333312,-7.240158192674534,0.0,Low,0.0,0.0,0.0,0.0,0.0,,0,0.0,Low,1,Low,0,0.0,0,0.0,LOW,Routine monitoring recommended.
Meghalaya,1951.0,2613.8,2579.133333333333,34.66666666666697,1.3441207640809691,0.0,Low,0.0,0.0,0.0,0.0,0.0,,0,0.0,Low,1,Low,0,0.0,0,0.0,LOW,Routine monitoring recommended.
Meghalaya,1952.0,2851.3,2579.133333333333,272.16666666666697,10.552640421847144,0.0,Low,0.0,0.0,0.0,0.0,0.0,,0,0.0,Low,1,Low,0,0.0,0,0.0,LOW,Routine monitoring recommended.
Meghalaya,1953.0,2559.9,2579.133333333333,-19.23333333333312,-0.7457285393025999,0.0,Low,0.0,0.0,0.0,0.0,0.0,,0,0.0,Low,1,Low,0,0.0,0,0.0,LOW,Routine monitoring recommended.
Meghalaya,1954.0,2859.1,2579.133333333333,279.9666666666667,10.85506759376535,0.0,Low,0.0,0.0,0.0,0.0,0.0,,0,0.0,Low,1,Low,0,0.0,0,0.0,LOW,Routine monitoring recommended.
Meghalaya,1955.0,2761.2,2579.133333333333,182.0666666666666,7.059218859048257,0.0,Low,0.0,0.0,0.0,0.0,0.0,,0,0.0,Low,1,Low,0,0.0,0,0.0,LOW,Routine monitoring recommended.
Meghalaya,1956.0,2802.9,2579.133333333333,223.76666666666688,8.676041047380266,0.0,Low,0.0,0.0,0.0,0.0,0.0,,0,0.0,Low,1,Low,0,0.0,0,0.0,LOW,Routine monitoring recommended.
Meghalaya,1957.0,2257.2,2579.133333333333,-321.9333333333334,-12.482229172590278,0.0,Low,0.0,0.0,0.0,0.0,0.0,,0,0.0,Low,1,Low,0,0.0,0,0.0,LOW,Routine monitoring recommended.
Meghalaya,1958.0,2626.4,2579.133333333333,47.26666666666688,1.832656964871929,0.0,Low,0.0,0.0,0.0,0.0,0.0,,0,0.0,Low,1,Low,0,0.0,0,0.0,LOW,Routine monitoring recommended.
Meghalaya,1959.0,2535.8,2579.133333333333,-43.33333333333303,-1.680150955101185,0.0,Low,0.0,0.0,0.0,0.0,0.0,,0,0.0,Low,1,Low,0,0.0,0,0.0,LOW,Routine monitoring recommended.
Meghalaya,1960.0,2342.2,2579.133333333333,-236.9333333333334,-9.1865484529687,0.0,Low,0.0,0.0,0.0,0.0,0.0,,0,0.0,Low,1,Low,0,0.0,0,0.0,LOW,Routine monitoring recommended.
Meghalaya,1961.0,2195.3,2579.133333333333,-383.833333333333,-14.882260190761745,0.0,Low,0.0,0.0,0.0,0.0,0.0,,0,0.0,Low,1,Low,0,0.0,0,0.0,LOW,Routine monitoring recommended.
Meghalaya,1962.0,2295.9,2579.133333333333,-283.2333333333331,-10.981725127303738,0.0,Low,0.0,0.0,0.0,0.0,0.0,,0,0.0,Low,1,Low,0,0.0,0,0.0,LOW,Routine monitoring recommended.
Meghalaya,1963.0,2511.8,2579.133333333333,-67.33333333333303,-2.610696099464925,0.0,Low,0.0,0.0,0.0,0.0,0.0,,0,0.0,Low,1,Low,0,0.0,0,0.0,LOW,Routine monitoring recommended.
Meghalaya,1964.0,2729.6,2579.133333333333,150.4666666666667,5.834001085636003,0.0,Low,0.0,0.0,0.0,0.0,0.0,,0,0.0,Low,1,Low,0,0.0,0,0.0,LOW,Routine monitoring recommended.
Meghalaya,1965.0,2398.9,2579.133333333333,-180.23333333333312,-6.988135549409355,0.0,Low,0.0,0.0,0.0,0.0,0.0,,0,0.0,Low,1,Low,0,0.0,0,0.0,LOW,Routine monitoring recommended.
Meghalaya,1966.0,2789.3,2579.133333333333,210.16666666666697,8.148732132240816,0.0,Low,0.0,0.0,0.0,0.0,0.0,,0,0.0,Low,1,Low,0,0.0,0,0.0,LOW,Routine monitoring recommended.
Meghalaya,1967.0,2123.4,2579.133333333333,-455.7333333333331,-17.67001835241812,0.0,Low,0.0,0.0,0.0,0.0,0.0,,0,0.0,Low,1,Low,0,0.0,0,0.0,LOW,Routine monitoring recommended.
Meghalaya,1968.0,2530.8,2579.133333333333,-48.33333333333303,-1.8740145268436308,0.0,Low,0.0,0.0,0.0,0.0,0.0,,0,0.0,Low,1,Low,0,0.0,0,0.0,LOW,Routine monitoring recommended.
Meghalaya,1969.0,2332.2,2579.133333333333,-246.9333333333334,-9.574275596453592,0.0,Low,0.0,0.0,0.0,0.0,0.0,,0,0.0,Low,1,Low,0,0.0,0,0.0,LOW,Routine monitoring recommended.
Meghalaya,1970.0,3048.4,2579.133333333333,469.2666666666669,18.19474241993436,1.0,Moderate,0.0,0.0,0.0,0.0,0.0,,0,1.0,Moderate,1,Moderate,1,1.0,0,1.0,MODERATE,Continue monitoring rainfall and historical flood conditions.
Meghalaya,1971.0,2315.1,2579.133333333333,-264.0333333333333,-10.237289011812752,0.0,Low,0.0,0.0,0.0,0.0,0.0,,0,0.0,Low,1,Low,0,0.0,0,0.0,LOW,Routine monitoring recommended.
Meghalaya,1972.0,2379.1,2579.133333333333,-200.0333333333333,-7.755835293509447,0.0,Low,0.0,0.0,0.0,0.0,0.0,,0,0.0,Low,1,Low,0,0.0,0,0.0,LOW,Routine monitoring recommended.
Meghalaya,1973.0,2672.1,2579.133333333333,92.9666666666667,3.6045700105978766,0.0,Low,0.0,0.0,0.0,0.0,0.0,,0,0.0,Low,1,Low,0,0.0,0,0.0,LOW,Routine monitoring recommended.
Meghalaya,1974.0,3403.5,2579.133333333333,824.3666666666668,31.96293328508285,1.0,Moderate,0.0,0.0,0.0,0.0,0.0,,0,1.0,Moderate,1,Moderate,1,1.0,0,1.0,MODERATE,Continue monitoring rainfall and historical flood conditions.
Meghalaya,1975.0,2270.6,2579.133333333333,-308.5333333333333,-11.96267480032052,0.0,Low,0.0,0.0,0.0,0.0,0.0,,0,0.0,Low,1,Low,0,0.0,0,0.0,LOW,Routine monitoring recommended.
Meghalaya,1976.0,1956.0,2579.133333333333,-623.1333333333332,-24.160570734355204,0.0,Low,0.0,0.0,0.0,0.0,0.0,,0,0.0,Low,1,Low,0,0.0,0,0.0,LOW,Routine monitoring recommended.
Meghalaya,1977.0,2616.6,2579.133333333333,37.4666666666667,1.4526843642567284,0.0,Low,0.0,0.0,0.0,0.0,0.0,,0,0.0,Low,1,Low,0,0.0,0,0.0,LOW,Routine monitoring recommended.
Meghalaya,1978.0,2011.9,2579.133333333333,-567.2333333333331,-21.99317600227466,0.0,Low,0.0,0.0,0.0,0.0,0.0,,0,0.0,Low,1,Low,0,0.0,0,0.0,LOW,Routine monitoring recommended.
Meghalaya,1979.0,2188.5,2579.133333333333,-390.6333333333332,-15.145914648331477,0.0,Low,0.0,0.0,0.0,0.0,0.0,,0,0.0,Low,1,Low,0,0.0,0,0.0,LOW,Routine monitoring recommended.
Meghalaya,1980.0,2289.2,2579.133333333333,-289.9333333333334,-11.241502313438623,0.0,Low,0.0,0.0,0.0,0.0,0.0,,0,0.0,Low,1,Low,0,0.0,0,0.0,LOW,Routine monitoring recommended.
Meghalaya,1981.0,2079.3,2579.133333333333,-499.833333333333,-19.379895055186484,0.0,Low,0.0,0.0,0.0,0.0,0.0,,0,0.0,Low,1,Low,0,0.0,0,0.0,LOW,Routine monitoring recommended.
Meghalaya,1982.0,2382.2,2579.133333333333,-196.9333333333334,-7.635639879029134,0.0,Low,0.0,0.0,0.0,0.0,0.0,,0,0.0,Low,1,Low,0,0.0,0,0.0,LOW,Routine monitoring recommended.
Meghalaya,1983.0,2620.0,2579.133333333333,40.86666666666679,1.584511593041595,0.0,Low,1.0,4.0,0.0,0.0,0.0,1.0,1,1.0,Moderate,1,Moderate,1,0.0,1,1.0,MODERATE,Continue monitoring rainfall and historical flood conditions.
Meghalaya,1984.0,3157.0,2579.133333333333,577.8666666666668,22.40545919818027,1.0,Moderate,0.0,0.0,0.0,0.0,0.0,,0,1.0,Moderate,1,Moderate,1,1.0,0,1.0,MODERATE,Continue monitoring rainfall and historical flood conditions.
Meghalaya,1985.0,2801.6,2579.133333333333,222.4666666666667,8.625636518727223,0.0,Low,1.0,30.0,0.0,0.0,0.0,3.0,1,1.0,Moderate,1,Moderate,1,0.0,1,1.0,MODERATE,Continue monitoring rainfall and historical flood conditions.
Meghalaya,1986.0,2592.8,2579.133333333333,13.66666666666697,0.529893762762697,0.0,Low,0.0,0.0,0.0,0.0,0.0,,0,0.0,Low,1,Low,0,0.0,0,0.0,LOW,Routine monitoring recommended.
Meghalaya,1987.0,2921.4,2579.133333333333,342.2666666666669,13.270607697676231,1.0,Moderate,0.0,0.0,0.0,0.0,0.0,,0,1.0,Moderate,1,Moderate,1,1.0,0,1.0,MODERATE,Continue monitoring rainfall and historical flood conditions.
Meghalaya,1988.0,3261.7,2579.133333333333,682.5666666666666,26.46496239046708,1.0,Moderate,1.0,5.0,0.0,0.0,0.0,2.0,1,2.0,High,1,High,2,1.0,1,2.0,HIGH,Increase monitoring and prepare local response resources.
Meghalaya,1989.0,2682.1,2579.133333333333,102.9666666666667,3.992297154082768,0.0,Low,0.0,0.0,0.0,0.0,0.0,,0,0.0,Low,1,Low,0,0.0,0,0.0,LOW,Routine monitoring recommended.
Meghalaya,1990.0,2771.2,2579.133333333333,192.0666666666666,7.446946002533148,0.0,Low,1.0,9.0,0.0,0.0,0.0,2.0,1,1.0,Moderate,1,Moderate,1,0.0,1,1.0,MODERATE,Continue monitoring rainfall and historical flood conditions.
Meghalaya,1991.0,2838.0,2579.133333333333,258.8666666666668,10.03696332101223,0.0,Low,3.0,2.0,0.0,0.0,0.0,-0.3333333333333333,1,1.0,Moderate,1,Moderate,1,0.0,1,1.0,MODERATE,Continue monitoring rainfall and historical flood conditions.
Meghalaya,1992.0,2259.8,2579.133333333333,-319.33333333333303,-12.381420115284191,0.0,Low,0.0,0.0,0.0,0.0,0.0,,0,0.0,Low,1,Low,0,0.0,0,0.0,LOW,Routine monitoring recommended.
Meghalaya,1993.0,2879.2,2579.133333333333,300.0666666666666,11.634399152169978,0.0,Low,1.0,0.0,0.0,0.0,0.0,-1.0,1,1.0,Moderate,1,Moderate,1,0.0,1,1.0,MODERATE,Continue monitoring rainfall and historical flood conditions.
Meghalaya,1994.0,2121.3,2579.133333333333,-457.833333333333,-17.75144105254994,0.0,Low,0.0,0.0,0.0,0.0,0.0,,0,0.0,Low,1,Low,0,0.0,0,0.0,LOW,Routine monitoring recommended.
Meghalaya,1995.0,2886.1,2579.133333333333,306.9666666666667,11.901930881174556,0.0,Low,1.0,12.0,0.0,0.0,0.0,2.0,1,1.0,Moderate,1,Moderate,1,0.0,1,1.0,MODERATE,Continue monitoring rainfall and historical flood conditions.
Meghalaya,1996.0,2466.9,2579.133333333333,-112.23333333333312,-4.351590973712092,0.0,Low,1.0,7.0,0.0,0.0,0.0,2.0,1,1.0,Moderate,1,Moderate,1,0.0,1,1.0,MODERATE,Continue monitoring rainfall and historical flood conditions.
Meghalaya,1997.0,2372.2,2579.133333333333,-206.9333333333334,-8.023367022514027,0.0,Low,2.0,0.0,0.0,0.0,0.0,-1.0,1,1.0,Moderate,1,Moderate,1,0.0,1,1.0,MODERATE,Continue monitoring rainfall and historical flood conditions.
Meghalaya,1998.0,2803.1,2579.133333333333,223.9666666666667,8.683795590249957,0.0,Low,0.0,0.0,0.0,0.0,0.0,,0,0.0,Low,1,Low,0,0.0,0,0.0,LOW,Routine monitoring recommended.
Meghalaya,1999.0,2594.2,2579.133333333333,15.066666666666606,0.5841755628505676,0.0,Low,0.0,0.0,0.0,0.0,0.0,,0,0.0,Low,1,Low,0,0.0,0,0.0,LOW,Routine monitoring recommended.
Meghalaya,2000.0,2487.0,2579.133333333333,-92.1333333333332,-3.5722594153074634,0.0,Low,3.0,0.0,0.0,0.0,0.0,-1.0,1,1.0,Moderate,1,Moderate,1,0.0,1,1.0,MODERATE,Continue monitoring rainfall and historical flood conditions.
Meghalaya,2001.0,2178.4,2579.133333333333,-400.7333333333331,-15.537519063251215,0.0,Low,2.0,8.0,14.0,0.0,0.0,0.5,1,1.0,Moderate,1,Moderate,1,0.0,1,1.0,MODERATE,Continue monitoring rainfall and historical flood conditions.
Meghalaya,2002.0,2392.7,2579.133333333333,-186.4333333333334,-7.228526378369998,0.0,Low,2.0,1.0,0.0,0.0,0.0,0.0,1,1.0,Moderate,1,Moderate,1,0.0,1,1.0,MODERATE,Continue monitoring rainfall and historical flood conditions.
Meghalaya,2003.0,2434.1,2579.133333333333,-145.0333333333333,-5.623336004342543,0.0,Low,2.0,0.0,3.0,0.0,0.0,-1.0,1,1.0,Moderate,1,Moderate,1,0.0,1,1.0,MODERATE,Continue monitoring rainfall and historical flood conditions.
Meghalaya,2004.0,2994.3,2579.133333333333,415.16666666666697,16.097138573681093,1.0,Moderate,2.0,9.0,0.0,0.0,0.0,0.5,1,2.0,High,1,High,2,1.0,1,2.0,HIGH,Increase monitoring and prepare local response resources.
Meghalaya,2005.0,2468.3,2579.133333333333,-110.83333333333304,-4.297309173624203,0.0,Low,0.0,0.0,0.0,0.0,0.0,,0,0.0,Low,1,Low,0,0.0,0,0.0,LOW,Routine monitoring recommended.
Meghalaya,2006.0,1898.6,2579.133333333333,-680.5333333333333,-26.386124537958487,0.0,Low,0.0,0.0,0.0,0.0,0.0,,0,0.0,Low,1,Low,0,0.0,0,0.0,LOW,Routine monitoring recommended.
Meghalaya,2007.0,2752.8,2579.133333333333,173.66666666666697,6.733528058520963,0.0,Low,0.0,0.0,0.0,0.0,0.0,,0,0.0,Low,1,Low,0,0.0,0,0.0,LOW,Routine monitoring recommended.
Meghalaya,2008.0,2339.7,2579.133333333333,-239.4333333333334,-9.283480238839925,0.0,Low,1.0,0.0,1.0,0.0,0.0,-1.0,1,1.0,Moderate,1,Moderate,1,0.0,1,1.0,MODERATE,Continue monitoring rainfall and historical flood conditions.
Meghalaya,2009.0,2068.2,2579.133333333333,-510.9333333333334,-19.81027218445473,0.0,Low,1.0,4.0,15.0,0.0,0.0,1.0,1,1.0,Moderate,1,Moderate,1,0.0,1,1.0,MODERATE,Continue monitoring rainfall and historical flood conditions.
Meghalaya,2010.0,2711.5,2579.133333333333,132.3666666666668,5.132214955928353,0.0,Low,0.0,0.0,0.0,0.0,0.0,,0,0.0,Low,1,Low,0,0.0,0,0.0,LOW,Routine monitoring recommended.
Meghalaya,2011.0,1743.4,2579.133333333333,-835.7333333333331,-32.403649804844,0.0,Low,0.0,0.0,0.0,0.0,0.0,,0,0.0,Low,1,Low,0,0.0,0,0.0,LOW,Routine monitoring recommended.
Meghalaya,2012.0,2609.4,2579.133333333333,30.26666666666688,1.1735208209476136,0.0,Low,0.0,0.0,0.0,0.0,0.0,,0,0.0,Low,1,Low,0,0.0,0,0.0,LOW,Routine monitoring recommended.
Meghalaya,2013.0,1816.4,2579.133333333333,-762.7333333333331,-29.573241657404285,0.0,Low,0.0,0.0,0.0,0.0,0.0,,0,0.0,Low,1,Low,0,0.0,0,0.0,LOW,Routine monitoring recommended.
Meghalaya,2014.0,2206.1,2579.133333333333,-373.0333333333333,-14.463514875798072,0.0,Low,1.0,45.0,0.0,0.0,0.0,3.0,1,1.0,Moderate,1,Moderate,1,0.0,1,1.0,MODERATE,Continue monitoring rainfall and historical flood conditions.
Meghalaya,2015.0,2470.9,2579.133333333333,-108.23333333333312,-4.196500116318135,0.0,Low,1.0,5.0,0.0,0.0,0.0,2.0,1,1.0,Moderate,1,Moderate,1,0.0,1,1.0,MODERATE,Continue monitoring rainfall and historical flood conditions.
Meghalaya,2016.0,2266.9,2579.133333333333,-312.2333333333331,-12.106133843409925,0.0,Low,0.0,0.0,0.0,0.0,0.0,,0,0.0,Low,1,Low,0,0.0,0,0.0,LOW,Routine monitoring recommended.
Meghalaya,2017.0,2711.7,2579.133333333333,132.5666666666666,5.139969498798044,0.0,Low,1.0,5.0,0.0,0.0,0.0,2.0,1,1.0,Moderate,1,Moderate,1,0.0,1,1.0,MODERATE,Continue monitoring rainfall and historical flood conditions.
Meghalaya,2020.0,,,,,,,5.0,12.0,5.0,4.0,0.0,1.2,1,1.0,Moderate,0,Historical Flood Signal,2,0.0,1,1.0,MODERATE,Continue monitoring rainfall and historical flood conditions.
Meghalaya,2022.0,,,,,,,12.0,15.0,2.0,0.0,0.0,0.3333333333333333,1,1.0,Moderate,0,Historical Flood Signal,2,0.0,1,1.0,MODERATE,Continue monitoring rainfall and historical flood conditions.
Meghalaya,2023.0,,,,,,,12.0,9.0,3.0,0.0,143.0,-0.1666666666666666,1,1.0,Moderate,0,Historical Flood Signal,2,0.0,1,1.0,MODERATE,Continue monitoring rainfall and historical flood conditions.
Mizoram,1991.0,,,,,,,2.0,7.0,0.0,0.0,0.0,1.5,1,1.0,Moderate,0,Historical Flood Signal,2,0.0,1,1.0,MODERATE,Continue monitoring rainfall and historical flood conditions.
Mizoram,1992.0,,,,,,,2.0,108.0,8.0,0.0,0.0,2.5,1,1.0,Moderate,0,Historical Flood Signal,2,0.0,1,1.0,MODERATE,Continue monitoring rainfall and historical flood conditions.
Mizoram,1993.0,,,,,,,3.0,20.0,0.0,0.0,0.0,1.0,1,1.0,Moderate,0,Historical Flood Signal,2,0.0,1,1.0,MODERATE,Continue monitoring rainfall and historical flood conditions.
Mizoram,1995.0,,,,,,,1.0,25.0,0.0,0.0,0.0,3.0,1,1.0,Moderate,0,Historical Flood Signal,2,0.0,1,1.0,MODERATE,Continue monitoring rainfall and historical flood conditions.
Mizoram,1996.0,,,,,,,1.0,0.0,0.0,0.0,0.0,-1.0,1,1.0,Moderate,0,Historical Flood Signal,2,0.0,1,1.0,MODERATE,Continue monitoring rainfall and historical flood conditions.
Mizoram,1997.0,,,,,,,1.0,0.0,0.0,0.0,0.0,-1.0,1,1.0,Moderate,0,Historical Flood Signal,2,0.0,1,1.0,MODERATE,Continue monitoring rainfall and historical flood conditions.
Mizoram,1999.0,,,,,,,1.0,0.0,0.0,0.0,0.0,-1.0,1,1.0,Moderate,0,Historical Flood Signal,2,0.0,1,1.0,MODERATE,Continue monitoring rainfall and historical flood conditions.
Mizoram,2000.0,,,,,,,2.0,5.0,8.0,0.0,0.0,0.5,1,1.0,Moderate,0,Historical Flood Signal,2,0.0,1,1.0,MODERATE,Continue monitoring rainfall and historical flood conditions.
Mizoram,2002.0,,,,,,,1.0,0.0,0.0,0.0,0.0,-1.0,1,1.0,Moderate,0,Historical Flood Signal,2,0.0,1,1.0,MODERATE,Continue monitoring rainfall and historical flood conditions.
Mizoram,2003.0,,,,,,,1.0,3.0,0.0,0.0,0.0,1.0,1,1.0,Moderate,0,Historical Flood Signal,2,0.0,1,1.0,MODERATE,Continue monitoring rainfall and historical flood conditions.
Mizoram,2004.0,,,,,,,1.0,6.0,0.0,0.0,0.0,2.0,1,1.0,Moderate,0,Historical Flood Signal,2,0.0,1,1.0,MODERATE,Continue monitoring rainfall and historical flood conditions.
Mizoram,2009.0,,,,,,,1.0,3.0,10.0,0.0,0.0,1.0,1,1.0,Moderate,0,Historical Flood Signal,2,0.0,1,1.0,MODERATE,Continue monitoring rainfall and historical flood conditions.
Mizoram,2010.0,,,,,,,1.0,1.0,0.0,0.0,0.0,1.0,1,1.0,Moderate,0,Historical Flood Signal,2,0.0,1,1.0,MODERATE,Continue monitoring rainfall and historical flood conditions.
Mizoram,2013.0,,,,,,,1.0,17.0,0.0,0.0,0.0,2.0,1,1.0,Moderate,0,Historical Flood Signal,2,0.0,1,1.0,MODERATE,Continue monitoring rainfall and historical flood conditions.
Mizoram,2016.0,,,,,,,2.0,8.0,1.0,0.0,0.0,1.5,1,1.0,Moderate,0,Historical Flood Signal,2,0.0,1,1.0,MODERATE,Continue monitoring rainfall and historical flood conditions.
Mizoram,2017.0,,,,,,,1.0,0.0,0.0,0.0,0.0,-1.0,1,1.0,Moderate,0,Historical Flood Signal,2,0.0,1,1.0,MODERATE,Continue monitoring rainfall and historical flood conditions.
Mizoram,2018.0,,,,,,,1.0,1.0,0.0,0.0,0.0,1.0,1,1.0,Moderate,0,Historical Flood Signal,2,0.0,1,1.0,MODERATE,Continue monitoring rainfall and historical flood conditions.
Mizoram,2019.0,,,,,,,1.0,5.0,0.0,0.0,0.0,2.0,1,1.0,Moderate,0,Historical Flood Signal,2,0.0,1,1.0,MODERATE,Continue monitoring rainfall and historical flood conditions.
Mizoram,2023.0,,,,,,,3.0,9.0,26.0,11.0,0.0,0.6666666666666666,1,1.0,Moderate,0,Historical Flood Signal,2,0.0,1,1.0,MODERATE,Continue monitoring rainfall and historical flood conditions.
Nagaland,1981.0,,,,,,,1.0,0.0,0.0,0.0,0.0,-1.0,1,1.0,Moderate,0,Historical Flood Signal,2,0.0,1,1.0,MODERATE,Continue monitoring rainfall and historical flood conditions.
Nagaland,1990.0,,,,,,,1.0,0.0,0.0,0.0,0.0,-1.0,1,1.0,Moderate,0,Historical Flood Signal,2,0.0,1,1.0,MODERATE,Continue monitoring rainfall and historical flood conditions.
Nagaland,1993.0,,,,,,,1.0,1.0,0.0,0.0,0.0,1.0,1,1.0,Moderate,0,Historical Flood Signal,2,0.0,1,1.0,MODERATE,Continue monitoring rainfall and historical flood conditions.
Nagaland,1999.0,,,,,,,1.0,0.0,0.0,0.0,0.0,-1.0,1,1.0,Moderate,0,Historical Flood Signal,2,0.0,1,1.0,MODERATE,Continue monitoring rainfall and historical flood conditions.
Nagaland,2000.0,,,,,,,1.0,0.0,0.0,0.0,0.0,-1.0,1,1.0,Moderate,0,Historical Flood Signal,2,0.0,1,1.0,MODERATE,Continue monitoring rainfall and historical flood conditions.
Nagaland,2004.0,,,,,,,1.0,0.0,0.0,0.0,0.0,-1.0,1,1.0,Moderate,0,Historical Flood Signal,2,0.0,1,1.0,MODERATE,Continue monitoring rainfall and historical flood conditions.
Nagaland,2007.0,,,,,,,1.0,0.0,0.0,0.0,0.0,-1.0,1,1.0,Moderate,0,Historical Flood Signal,2,0.0,1,1.0,MODERATE,Continue monitoring rainfall and historical flood conditions.
Nagaland,2013.0,,,,,,,1.0,0.0,0.0,0.0,0.0,-1.0,1,1.0,Moderate,0,Historical Flood Signal,2,0.0,1,1.0,MODERATE,Continue monitoring rainfall and historical flood conditions.
Nagaland,2017.0,,,,,,,1.0,2.0,2.0,0.0,0.0,1.0,1,1.0,Moderate,0,Historical Flood Signal,2,0.0,1,1.0,MODERATE,Continue monitoring rainfall and historical flood conditions.
Nagaland,2018.0,,,,,,,1.0,12.0,0.0,0.0,0.0,2.0,1,1.0,Moderate,0,Historical Flood Signal,2,0.0,1,1.0,MODERATE,Continue monitoring rainfall and historical flood conditions.
Nagaland,2020.0,,,,,,,1.0,7.0,0.0,0.0,0.0,2.0,1,1.0,Moderate,0,Historical Flood Signal,2,0.0,1,1.0,MODERATE,Continue monitoring rainfall and historical flood conditions.
Nagaland,2022.0,,,,,,,7.0,3.0,0.0,0.0,0.0,-0.1428571428571428,1,1.0,Moderate,0,Historical Flood Signal,2,0.0,1,1.0,MODERATE,Continue monitoring rainfall and historical flood conditions.
New Delhi,2020.0,,,,,,,1.0,1.0,0.0,0.0,0.0,1.0,1,1.0,Moderate,0,Historical Flood Signal,2,0.0,1,1.0,MODERATE,Continue monitoring rainfall and historical flood conditions.
Odisha,1901.0,1284.2,1455.448717948718,-171.24871794871797,-11.766042721867432,0.0,Low,0.0,0.0,0.0,0.0,0.0,,0,0.0,Low,1,Low,0,0.0,0,0.0,LOW,Routine monitoring recommended.
Odisha,1902.0,1349.0,1455.448717948718,-106.448717948718,-7.313807531380758,0.0,Low,0.0,0.0,0.0,0.0,0.0,,0,0.0,Low,1,Low,0,0.0,0,0.0,LOW,Routine monitoring recommended.
Odisha,1903.0,1568.3,1455.448717948718,112.85128205128194,7.753710636423687,0.0,Low,0.0,0.0,0.0,0.0,0.0,,0,0.0,Low,1,Low,0,0.0,0,0.0,LOW,Routine monitoring recommended.
Odisha,1904.0,1514.8,1455.448717948718,59.35128205128194,4.077868310944719,0.0,Low,0.0,0.0,0.0,0.0,0.0,,0,0.0,Low,1,Low,0,0.0,0,0.0,LOW,Routine monitoring recommended.
Odisha,1905.0,1357.3,1455.448717948718,-98.14871794871806,-6.743536665932622,0.0,Low,0.0,0.0,0.0,0.0,0.0,,0,0.0,Low,1,Low,0,0.0,0,0.0,LOW,Routine monitoring recommended.
Odisha,1906.0,1408.2,1455.448717948718,-47.24871794871797,-3.2463334067386054,0.0,Low,0.0,0.0,0.0,0.0,0.0,,0,0.0,Low,1,Low,0,0.0,0,0.0,LOW,Routine monitoring recommended.
Odisha,1907.0,1447.1,1455.448717948718,-8.348717948718104,-0.5736181457828778,0.0,Low,0.0,0.0,0.0,0.0,0.0,,0,0.0,Low,1,Low,0,0.0,0,0.0,LOW,Routine monitoring recommended.
Odisha,1908.0,1430.6,1455.448717948718,-24.848717948718104,-1.7072891433605035,0.0,Low,0.0,0.0,0.0,0.0,0.0,,0,0.0,Low,1,Low,0,0.0,0,0.0,LOW,Routine monitoring recommended.
Odisha,1909.0,1535.5,1455.448717948718,80.05128205128199,5.500110107905743,0.0,Low,0.0,0.0,0.0,0.0,0.0,,0,0.0,Low,1,Low,0,0.0,0,0.0,LOW,Routine monitoring recommended.
Odisha,1910.0,1598.5,1455.448717948718,143.051282051282,9.828672098656678,0.0,Low,0.0,0.0,0.0,0.0,0.0,,0,0.0,Low,1,Low,0,0.0,0,0.0,LOW,Routine monitoring recommended.
Odisha,1911.0,1417.3,1455.448717948718,-38.14871794871806,-2.6210966747412536,0.0,Low,0.0,0.0,0.0,0.0,0.0,,0,0.0,Low,1,Low,0,0.0,0,0.0,LOW,Routine monitoring recommended.
Odisha,1912.0,1397.2,1455.448717948718,-58.24871794871797,-4.002114071790356,0.0,Low,0.0,0.0,0.0,0.0,0.0,,0,0.0,Low,1,Low,0,0.0,0,0.0,LOW,Routine monitoring recommended.
Odisha,1913.0,1544.3,1455.448717948718,88.85128205128194,6.10473463994714,0.0,Low,0.0,0.0,0.0,0.0,0.0,,0,0.0,Low,1,Low,0,0.0,0,0.0,LOW,Routine monitoring recommended.
Odisha,1914.0,1598.5,1455.448717948718,143.051282051282,9.828672098656678,0.0,Low,0.0,0.0,0.0,0.0,0.0,,0,0.0,Low,1,Low,0,0.0,0,0.0,LOW,Routine monitoring recommended.
Odisha,1915.0,1437.1,1455.448717948718,-18.348717948718104,-1.2606914776481055,0.0,Low,0.0,0.0,0.0,0.0,0.0,,0,0.0,Low,1,Low,0,0.0,0,0.0,LOW,Routine monitoring recommended.
Odisha,1916.0,1479.4,1455.448717948718,23.95128205128208,1.6456287161418208,0.0,Low,0.0,0.0,0.0,0.0,0.0,,0,0.0,Low,1,Low,0,0.0,0,0.0,LOW,Routine monitoring recommended.
Odisha,1917.0,1850.1,1455.448717948718,394.6512820512819,27.115437128385807,1.0,Moderate,0.0,0.0,0.0,0.0,0.0,,0,1.0,Moderate,1,Moderate,1,1.0,0,1.0,MODERATE,Continue monitoring rainfall and historical flood conditions.
Odisha,1918.0,1297.4,1455.448717948718,-158.04871794871792,-10.859105923805329,0.0,Low,0.0,0.0,0.0,0.0,0.0,,0,0.0,Low,1,Low,0,0.0,0,0.0,LOW,Routine monitoring recommended.
Odisha,1919.0,1758.1,1455.448717948718,302.6512820512819,20.794362475225707,1.0,Moderate,0.0,0.0,0.0,0.0,0.0,,0,1.0,Moderate,1,Moderate,1,1.0,0,1.0,MODERATE,Continue monitoring rainfall and historical flood conditions.
Odisha,1920.0,1402.6,1455.448717948718,-52.8487179487181,-3.631094472583142,0.0,Low,0.0,0.0,0.0,0.0,0.0,,0,0.0,Low,1,Low,0,0.0,0,0.0,LOW,Routine monitoring recommended.
Odisha,1921.0,1324.0,1455.448717948718,-131.448717948718,-9.031490861043826,0.0,Low,0.0,0.0,0.0,0.0,0.0,,0,0.0,Low,1,Low,0,0.0,0,0.0,LOW,Routine monitoring recommended.
Odisha,1922.0,1466.5,1455.448717948718,11.051282051281987,0.7593041180356705,0.0,Low,0.0,0.0,0.0,0.0,0.0,,0,0.0,Low,1,Low,0,0.0,0,0.0,LOW,Routine monitoring recommended.
Odisha,1923.0,1258.6,1455.448717948718,-196.8487179487181,-13.524950451442423,0.0,Low,0.0,0.0,0.0,0.0,0.0,,0,0.0,Low,1,Low,0,0.0,0,0.0,LOW,Routine monitoring recommended.
Odisha,1924.0,1263.4,1455.448717948718,-192.04871794871792,-13.1951552521471,0.0,Low,0.0,0.0,0.0,0.0,0.0,,0,0.0,Low,1,Low,0,0.0,0,0.0,LOW,Routine monitoring recommended.
Odisha,1925.0,1807.8,1455.448717948718,352.35128205128194,24.20911693459589,1.0,Moderate,0.0,0.0,0.0,0.0,0.0,,0,1.0,Moderate,1,Moderate,1,1.0,0,1.0,MODERATE,Continue monitoring rainfall and historical flood conditions.
Odisha,1926.0,1535.8,1455.448717948718,80.35128205128194,5.520722307861696,0.0,Low,0.0,0.0,0.0,0.0,0.0,,0,0.0,Low,1,Low,0,0.0,0,0.0,LOW,Routine monitoring recommended.
Odisha,1927.0,1525.5,1455.448717948718,70.05128205128199,4.813036776040515,0.0,Low,0.0,0.0,0.0,0.0,0.0,,0,0.0,Low,1,Low,0,0.0,0,0.0,LOW,Routine monitoring recommended.
Odisha,1928.0,1585.6,1455.448717948718,130.1512820512819,8.942347500550527,0.0,Low,0.0,0.0,0.0,0.0,0.0,,0,0.0,Low,1,Low,0,0.0,0,0.0,LOW,Routine monitoring recommended.
Odisha,1929.0,1637.8,1455.448717948718,182.351282051282,12.52887029288702,1.0,Moderate,0.0,0.0,0.0,0.0,0.0,,0,1.0,Moderate,1,Moderate,1,1.0,0,1.0,MODERATE,Continue monitoring rainfall and historical flood conditions.
Odisha,1930.0,1446.4,1455.448717948718,-9.048717948717922,-0.6217132790134313,0.0,Low,0.0,0.0,0.0,0.0,0.0,,0,0.0,Low,1,Low,0,0.0,0,0.0,LOW,Routine monitoring recommended.
Odisha,1931.0,1477.2,1455.448717948718,21.75128205128204,1.4944725831314674,0.0,Low,0.0,0.0,0.0,0.0,0.0,,0,0.0,Low,1,Low,0,0.0,0,0.0,LOW,Routine monitoring recommended.
Odisha,1932.0,1440.2,1455.448717948718,-15.248717948717967,-1.0476987447698756,0.0,Low,0.0,0.0,0.0,0.0,0.0,,0,0.0,Low,1,Low,0,0.0,0,0.0,LOW,Routine monitoring recommended.
Odisha,1933.0,1851.0,1455.448717948718,395.551282051282,27.17727372825368,1.0,Moderate,0.0,0.0,0.0,0.0,0.0,,0,1.0,Moderate,1,Moderate,1,1.0,0,1.0,MODERATE,Continue monitoring rainfall and historical flood conditions.
Odisha,1934.0,1488.9,1455.448717948718,33.45128205128208,2.2983483814137875,0.0,Low,0.0,0.0,0.0,0.0,0.0,,0,0.0,Low,1,Low,0,0.0,0,0.0,LOW,Routine monitoring recommended.
Odisha,1935.0,1219.4,1455.448717948718,-236.04871794871792,-16.218277912354104,0.0,Low,0.0,0.0,0.0,0.0,0.0,,0,0.0,Low,1,Low,0,0.0,0,0.0,LOW,Routine monitoring recommended.
Odisha,1936.0,1876.0,1455.448717948718,420.551282051282,28.894957057916752,1.0,Moderate,0.0,0.0,0.0,0.0,0.0,,0,1.0,Moderate,1,Moderate,1,1.0,0,1.0,MODERATE,Continue monitoring rainfall and historical flood conditions.
Odisha,1937.0,1567.3,1455.448717948718,111.85128205128194,7.685003303237164,0.0,Low,0.0,0.0,0.0,0.0,0.0,,0,0.0,Low,1,Low,0,0.0,0,0.0,LOW,Routine monitoring recommended.
Odisha,1938.0,1441.6,1455.448717948718,-13.848717948718104,-0.9515084783087532,0.0,Low,0.0,0.0,0.0,0.0,0.0,,0,0.0,Low,1,Low,0,0.0,0,0.0,LOW,Routine monitoring recommended.
Odisha,1939.0,1563.4,1455.448717948718,107.95128205128208,7.417044703809735,0.0,Low,0.0,0.0,0.0,0.0,0.0,,0,0.0,Low,1,Low,0,0.0,0,0.0,LOW,Routine monitoring recommended.
Odisha,1940.0,1687.7,1455.448717948718,232.25128205128203,15.957366218894514,1.0,Moderate,0.0,0.0,0.0,0.0,0.0,,0,1.0,Moderate,1,Moderate,1,1.0,0,1.0,MODERATE,Continue monitoring rainfall and historical flood conditions.
Odisha,1941.0,1435.2,1455.448717948718,-20.248717948717967,-1.3912354107024896,0.0,Low,0.0,0.0,0.0,0.0,0.0,,0,0.0,Low,1,Low,0,0.0,0,0.0,LOW,Routine monitoring recommended.
Odisha,1942.0,1448.3,1455.448717948718,-7.148717948718058,-0.4911693459590473,0.0,Low,0.0,0.0,0.0,0.0,0.0,,0,0.0,Low,1,Low,0,0.0,0,0.0,LOW,Routine monitoring recommended.
Odisha,1943.0,1586.5,1455.448717948718,131.051282051282,9.004184100418405,0.0,Low,0.0,0.0,0.0,0.0,0.0,,0,0.0,Low,1,Low,0,0.0,0,0.0,LOW,Routine monitoring recommended.
Odisha,1944.0,1608.1,1455.448717948718,152.6512820512819,10.488262497247293,0.0,Low,0.0,0.0,0.0,0.0,0.0,,0,0.0,Low,1,Low,0,0.0,0,0.0,LOW,Routine monitoring recommended.
Odisha,1945.0,1538.6,1455.448717948718,83.1512820512819,5.713102840783957,0.0,Low,0.0,0.0,0.0,0.0,0.0,,0,0.0,Low,1,Low,0,0.0,0,0.0,LOW,Routine monitoring recommended.
Odisha,1946.0,1614.9,1455.448717948718,159.45128205128208,10.95547236291566,0.0,Low,0.0,0.0,0.0,0.0,0.0,,0,0.0,Low,1,Low,0,0.0,0,0.0,LOW,Routine monitoring recommended.
Odisha,1947.0,1410.9,1455.448717948718,-44.54871794871792,-3.0608236071349904,0.0,Low,0.0,0.0,0.0,0.0,0.0,,0,0.0,Low,1,Low,0,0.0,0,0.0,LOW,Routine monitoring recommended.
Odisha,1948.0,1333.8,1455.448717948718,-121.64871794871806,-8.358158995815906,0.0,Low,0.0,0.0,0.0,0.0,0.0,,0,0.0,Low,1,Low,0,0.0,0,0.0,LOW,Routine monitoring recommended.
Odisha,1949.0,1348.9,1455.448717948718,-106.54871794871792,-7.320678264699403,0.0,Low,0.0,0.0,0.0,0.0,0.0,,0,0.0,Low,1,Low,0,0.0,0,0.0,LOW,Routine monitoring recommended.
Odisha,1950.0,1392.8,1455.448717948718,-62.64871794871806,-4.304426337811062,0.0,Low,0.0,0.0,0.0,0.0,0.0,,0,0.0,Low,1,Low,0,0.0,0,0.0,LOW,Routine monitoring recommended.
Odisha,1951.0,1396.2,1455.448717948718,-59.24871794871797,-4.070821404976878,0.0,Low,0.0,0.0,0.0,0.0,0.0,,0,0.0,Low,1,Low,0,0.0,0,0.0,LOW,Routine monitoring recommended.
Odisha,1952.0,1516.7,1455.448717948718,61.25128205128203,4.208412243999118,0.0,Low,0.0,0.0,0.0,0.0,0.0,,0,0.0,Low,1,Low,0,0.0,0,0.0,LOW,Routine monitoring recommended.
Odisha,1953.0,1437.7,1455.448717948718,-17.748717948717967,-1.219467077736183,0.0,Low,0.0,0.0,0.0,0.0,0.0,,0,0.0,Low,1,Low,0,0.0,0,0.0,LOW,Routine monitoring recommended.
Odisha,1954.0,1208.0,1455.448717948718,-247.448717948718,-17.00154151068047,0.0,Low,0.0,0.0,0.0,0.0,0.0,,0,0.0,Low,1,Low,0,0.0,0,0.0,LOW,Routine monitoring recommended.
Odisha,1955.0,1597.0,1455.448717948718,141.551282051282,9.725611098876897,0.0,Low,0.0,0.0,0.0,0.0,0.0,,0,0.0,Low,1,Low,0,0.0,0,0.0,LOW,Routine monitoring recommended.
Odisha,1956.0,1885.4,1455.448717948718,429.9512820512821,29.54080598987008,1.0,Moderate,0.0,0.0,0.0,0.0,0.0,,0,1.0,Moderate,1,Moderate,1,1.0,0,1.0,MODERATE,Continue monitoring rainfall and historical flood conditions.
Odisha,1957.0,1277.5,1455.448717948718,-177.948717948718,-12.226381854217136,0.0,Low,0.0,0.0,0.0,0.0,0.0,,0,0.0,Low,1,Low,0,0.0,0,0.0,LOW,Routine monitoring recommended.
Odisha,1958.0,1624.0,1455.448717948718,168.551282051282,11.58070909491301,0.0,Low,0.0,0.0,0.0,0.0,0.0,,0,0.0,Low,1,Low,0,0.0,0,0.0,LOW,Routine monitoring recommended.
Odisha,1959.0,1495.9,1455.448717948718,40.45128205128208,2.7792997137194466,0.0,Low,0.0,0.0,0.0,0.0,0.0,,0,0.0,Low,1,Low,0,0.0,0,0.0,LOW,Routine monitoring recommended.
Odisha,1960.0,1593.0,1455.448717948718,137.551282051282,9.450781766130802,0.0,Low,0.0,0.0,0.0,0.0,0.0,,0,0.0,Low,1,Low,0,0.0,0,0.0,LOW,Routine monitoring recommended.
Odisha,1961.0,1945.3,1455.448717948718,489.85128205128194,33.65637524774278,1.0,Moderate,0.0,0.0,0.0,0.0,0.0,,0,1.0,Moderate,1,Moderate,1,1.0,0,1.0,MODERATE,Continue monitoring rainfall and historical flood conditions.
Odisha,1962.0,1346.5,1455.448717948718,-108.948717948718,-7.485575864347065,0.0,Low,0.0,0.0,0.0,0.0,0.0,,0,0.0,Low,1,Low,0,0.0,0,0.0,LOW,Routine monitoring recommended.
Odisha,1963.0,1562.0,1455.448717948718,106.551282051282,7.320854437348596,0.0,Low,0.0,0.0,0.0,0.0,0.0,,0,0.0,Low,1,Low,0,0.0,0,0.0,LOW,Routine monitoring recommended.
Odisha,1964.0,1354.7,1455.448717948718,-100.74871794871795,-6.922175732217574,0.0,Low,0.0,0.0,0.0,0.0,0.0,,0,0.0,Low,1,Low,0,0.0,0,0.0,LOW,Routine monitoring recommended.
Odisha,1965.0,1174.7,1455.448717948718,-280.748717948718,-19.28949570579168,0.0,Low,0.0,0.0,0.0,0.0,0.0,,0,0.0,Low,1,Low,0,0.0,0,0.0,LOW,Routine monitoring recommended.
Odisha,1966.0,1286.8,1455.448717948718,-168.64871794871806,-11.587403655582476,0.0,Low,0.0,0.0,0.0,0.0,0.0,,0,0.0,Low,1,Low,0,0.0,0,0.0,LOW,Routine monitoring recommended.
Odisha,1967.0,1427.5,1455.448717948718,-27.948717948718013,-1.9202818762387184,0.0,Low,0.0,0.0,0.0,0.0,0.0,,0,0.0,Low,1,Low,0,0.0,0,0.0,LOW,Routine monitoring recommended.
Odisha,1968.0,1464.1,1455.448717948718,8.651282051281896,0.5944065183880096,0.0,Low,0.0,0.0,0.0,0.0,0.0,,0,0.0,Low,1,Low,0,0.0,0,0.0,LOW,Routine monitoring recommended.
Odisha,1969.0,1283.2,1455.448717948718,-172.24871794871797,-11.834750055053954,0.0,Low,0.0,0.0,0.0,0.0,0.0,,0,0.0,Low,1,Low,0,0.0,0,0.0,LOW,Routine monitoring recommended.
Odisha,1970.0,1412.3,1455.448717948718,-43.14871794871806,-2.964633340673868,0.0,Low,1.0,0.0,0.0,0.0,0.0,-1.0,1,1.0,Moderate,1,Moderate,1,0.0,1,1.0,MODERATE,Continue monitoring rainfall and historical flood conditions.
Odisha,1971.0,1596.8,1455.448717948718,141.35128205128194,9.711869632239589,0.0,Low,0.0,0.0,0.0,0.0,0.0,,0,0.0,Low,1,Low,0,0.0,0,0.0,LOW,Routine monitoring recommended.
Odisha,1972.0,1324.9,1455.448717948718,-130.54871794871792,-8.96965426117595,0.0,Low,0.0,0.0,0.0,0.0,0.0,,0,0.0,Low,1,Low,0,0.0,0,0.0,LOW,Routine monitoring recommended.
Odisha,1973.0,1573.5,1455.448717948718,118.051282051282,8.110988768993609,0.0,Low,0.0,0.0,0.0,0.0,0.0,,0,0.0,Low,1,Low,0,0.0,0,0.0,LOW,Routine monitoring recommended.
Odisha,1974.0,987.0,1455.448717948718,-468.448717948718,-32.185862144902,0.0,Low,0.0,0.0,0.0,0.0,0.0,,0,0.0,Low,1,Low,0,0.0,0,0.0,LOW,Routine monitoring recommended.
Odisha,1975.0,1392.0,1455.448717948718,-63.44871794871801,-4.359392204360278,0.0,Low,2.0,43.0,0.0,0.0,0.0,1.0,1,1.0,Moderate,1,Moderate,1,0.0,1,1.0,MODERATE,Continue monitoring rainfall and historical flood conditions.
Odisha,1976.0,1178.8,1455.448717948718,-276.64871794871806,-19.00779563972694,0.0,Low,1.0,0.0,0.0,0.0,0.0,-1.0,1,1.0,Moderate,1,Moderate,1,0.0,1,1.0,MODERATE,Continue monitoring rainfall and historical flood conditions.
Odisha,1977.0,1477.9,1455.448717948718,22.45128205128208,1.5425677163620366,0.0,Low,0.0,0.0,0.0,0.0,0.0,,0,0.0,Low,1,Low,0,0.0,0,0.0,LOW,Routine monitoring recommended.
Odisha,1978.0,1439.0,1455.448717948718,-16.448717948718013,-1.130147544593706,0.0,Low,1.0,0.0,0.0,0.0,0.0,-1.0,1,1.0,Moderate,1,Moderate,1,0.0,1,1.0,MODERATE,Continue monitoring rainfall and historical flood conditions.
Odisha,1979.0,995.9,1455.448717948718,-459.5487179487181,-31.574366879541955,0.0,Low,0.0,0.0,0.0,0.0,0.0,,0,0.0,Low,1,Low,0,0.0,0,0.0,LOW,Routine monitoring recommended.
Odisha,1980.0,1462.9,1455.448717948718,7.451282051282078,0.5119577185641947,0.0,Low,2.0,220.0,0.0,0.0,0.0,1.5,1,1.0,Moderate,1,Moderate,1,0.0,1,1.0,MODERATE,Continue monitoring rainfall and historical flood conditions.
Odisha,1981.0,1295.7,1455.448717948718,-159.74871794871797,-10.975908390222418,0.0,Low,3.0,0.0,0.0,0.0,44.0,-1.0,1,1.0,Moderate,1,Moderate,1,0.0,1,1.0,MODERATE,Continue monitoring rainfall and historical flood conditions.
Odisha,1982.0,1258.5,1455.448717948718,-196.948717948718,-13.53182118476107,0.0,Low,2.0,1000.0,0.0,0.0,0.0,1.5,1,1.0,Moderate,1,Moderate,1,0.0,1,1.0,MODERATE,Continue monitoring rainfall and historical flood conditions.
Odisha,1983.0,1432.0,1455.448717948718,-23.448717948718013,-1.6110988768993657,0.0,Low,4.0,8.0,3.0,0.0,0.0,0.25,1,1.0,Moderate,1,Moderate,1,0.0,1,1.0,MODERATE,Continue monitoring rainfall and historical flood conditions.
Odisha,1984.0,1377.6,1455.448717948718,-77.8487179487181,-5.348777802246212,0.0,Low,3.0,27.0,0.0,0.0,459.0,0.3333333333333333,1,1.0,Moderate,1,Moderate,1,0.0,1,1.0,MODERATE,Continue monitoring rainfall and historical flood conditions.
Odisha,1985.0,1607.3,1455.448717948718,151.85128205128194,10.433296630698075,0.0,Low,2.0,0.0,0.0,0.0,0.0,-1.0,1,1.0,Moderate,1,Moderate,1,0.0,1,1.0,MODERATE,Continue monitoring rainfall and historical flood conditions.
Odisha,1986.0,1560.0,1455.448717948718,104.551282051282,7.183439770975551,0.0,Low,5.0,21.0,0.0,0.0,673.0,1.4,1,1.0,Moderate,1,Moderate,1,0.0,1,1.0,MODERATE,Continue monitoring rainfall and historical flood conditions.
Odisha,1987.0,1097.6,1455.448717948718,-357.8487179487181,-24.58683109447259,0.0,Low,2.0,5.0,0.0,0.0,0.0,1.0,1,1.0,Moderate,1,Moderate,1,0.0,1,1.0,MODERATE,Continue monitoring rainfall and historical flood conditions.
Odisha,1988.0,1306.9,1455.448717948718,-148.54871794871792,-10.20638625853336,0.0,Low,5.0,8.0,3.0,0.0,0.0,0.4,1,1.0,Moderate,1,Moderate,1,0.0,1,1.0,MODERATE,Continue monitoring rainfall and historical flood conditions.
Odisha,1989.0,1299.7,1455.448717948718,-155.74871794871797,-10.701079057476328,0.0,Low,3.0,2.0,0.0,0.0,0.0,-0.3333333333333333,1,1.0,Moderate,1,Moderate,1,0.0,1,1.0,MODERATE,Continue monitoring rainfall and historical flood conditions.
Odisha,1990.0,1905.0,1455.448717948718,449.551282051282,30.88746972032592,1.0,Moderate,11.0,251.0,0.0,0.0,28000.0,0.8181818181818182,1,2.0,High,1,High,2,1.0,1,2.0,HIGH,Increase monitoring and prepare local response resources.
Odisha,1991.0,1472.8,1455.448717948718,17.35128205128194,1.192160317110761,0.0,Low,9.0,105.0,0.0,0.0,12.0,1.0,1,1.0,Moderate,1,Moderate,1,0.0,1,1.0,MODERATE,Continue monitoring rainfall and historical flood conditions.
Odisha,1992.0,1329.5,1455.448717948718,-125.948717948718,-8.653600528517952,0.0,Low,6.0,151.0,6.0,0.0,1000.0,1.6666666666666667,1,1.0,Moderate,1,Moderate,1,0.0,1,1.0,MODERATE,Continue monitoring rainfall and historical flood conditions.
Odisha,1993.0,1448.0,1455.448717948718,-7.448717948718013,-0.5117815459150011,0.0,Low,0.0,0.0,0.0,0.0,0.0,,0,0.0,Low,1,Low,0,0.0,0,0.0,LOW,Routine monitoring recommended.
Odisha,1994.0,1744.6,1455.448717948718,289.1512820512819,19.86681347720765,1.0,Moderate,3.0,80.0,0.0,0.0,90.0,2.0,1,2.0,High,1,High,2,1.0,1,2.0,HIGH,Increase monitoring and prepare local response resources.
Odisha,1995.0,1614.0,1455.448717948718,158.551282051282,10.893635763047785,0.0,Low,11.0,47.0,0.0,0.0,0.0,-0.3636363636363636,1,1.0,Moderate,1,Moderate,1,0.0,1,1.0,MODERATE,Continue monitoring rainfall and historical flood conditions.
Odisha,1996.0,1061.8,1455.448717948718,-393.64871794871806,-27.046553622550107,0.0,Low,1.0,0.0,0.0,0.0,0.0,-1.0,1,1.0,Moderate,1,Moderate,1,0.0,1,1.0,MODERATE,Continue monitoring rainfall and historical flood conditions.
Odisha,1997.0,1504.5,1455.448717948718,49.05128205128199,3.3701827791235366,0.0,Low,2.0,65.0,0.0,0.0,0.0,1.0,1,1.0,Moderate,1,Moderate,1,0.0,1,1.0,MODERATE,Continue monitoring rainfall and historical flood conditions.
Odisha,1998.0,1357.1,1455.448717948718,-98.3487179487181,-6.757278132569929,0.0,Low,3.0,4.0,0.0,0.0,0.0,0.3333333333333333,1,1.0,Moderate,1,Moderate,1,0.0,1,1.0,MODERATE,Continue monitoring rainfall and historical flood conditions.
Odisha,1999.0,1484.3,1455.448717948718,28.85128205128194,1.982294648755773,0.0,Low,1.0,14.0,0.0,0.0,0.0,2.0,1,1.0,Moderate,1,Moderate,1,0.0,1,1.0,MODERATE,Continue monitoring rainfall and historical flood conditions.
Odisha,2000.0,1097.2,1455.448717948718,-358.248717948718,-24.61431402774719,0.0,Low,0.0,0.0,0.0,0.0,0.0,,0,0.0,Low,1,Low,0,0.0,0,0.0,LOW,Routine monitoring recommended.
Odisha,2001.0,1672.5,1455.448717948718,217.051282051282,14.913014754459365,1.0,Moderate,1.0,99.0,0.0,0.0,18149.0,3.0,1,2.0,High,1,High,2,1.0,1,2.0,HIGH,Increase monitoring and prepare local response resources.
Odisha,2002.0,1102.8,1455.448717948718,-352.64871794871806,-24.22955296190267,0.0,Low,0.0,0.0,0.0,0.0,0.0,,0,0.0,Low,1,Low,0,0.0,0,0.0,LOW,Routine monitoring recommended.
Odisha,2003.0,1648.2,1455.448717948718,192.75128205128203,13.243426558026863,1.0,Moderate,3.0,102.0,0.0,0.0,2982.0,2.6666666666666665,1,2.0,High,1,High,2,1.0,1,2.0,HIGH,Increase monitoring and prepare local response resources.
Odisha,2004.0,1290.4,1455.448717948718,-165.04871794871792,-11.340057256110986,0.0,Low,0.0,0.0,0.0,0.0,0.0,,0,0.0,Low,1,Low,0,0.0,0,0.0,LOW,Routine monitoring recommended.
Odisha,2005.0,1503.4,1455.448717948718,47.95128205128208,3.2946047126183675,0.0,Low,2.0,9.0,0.0,0.0,0.0,1.5,1,1.0,Moderate,1,Moderate,1,0.0,1,1.0,MODERATE,Continue monitoring rainfall and historical flood conditions.
Odisha,2006.0,1716.9,1455.448717948718,261.4512820512821,17.963620347940985,1.0,Moderate,3.0,99.0,0.0,0.0,17.0,2.6666666666666665,1,2.0,High,1,High,2,1.0,1,2.0,HIGH,Increase monitoring and prepare local response resources.
Odisha,2007.0,1633.8,1455.448717948718,178.35128205128194,12.25404096014093,1.0,Moderate,3.0,74.0,0.0,0.0,0.0,2.333333333333333,1,2.0,High,1,High,2,1.0,1,2.0,HIGH,Increase monitoring and prepare local response resources.
Odisha,2008.0,1538.9,1455.448717948718,83.45128205128208,5.733715040739927,0.0,Low,5.0,161.0,0.0,0.0,0.0,1.8,1,1.0,Moderate,1,Moderate,1,0.0,1,1.0,MODERATE,Continue monitoring rainfall and historical flood conditions.
Odisha,2009.0,1330.3,1455.448717948718,-125.14871794871806,-8.598634661968736,0.0,Low,2.0,56.0,0.0,0.0,0.0,1.0,1,1.0,Moderate,1,Moderate,1,0.0,1,1.0,MODERATE,Continue monitoring rainfall and historical flood conditions.
Odisha,2010.0,1291.9,1455.448717948718,-163.54871794871792,-11.236996256331205,0.0,Low,2.0,10.0,0.0,0.0,0.0,1.5,1,1.0,Moderate,1,Moderate,1,0.0,1,1.0,MODERATE,Continue monitoring rainfall and historical flood conditions.
Odisha,2011.0,1346.2,1455.448717948718,-109.24871794871795,-7.506188064303018,0.0,Low,1.0,14.0,12.0,0.0,0.0,2.0,1,1.0,Moderate,1,Moderate,1,0.0,1,1.0,MODERATE,Continue monitoring rainfall and historical flood conditions.
Odisha,2012.0,1405.9,1455.448717948718,-49.54871794871792,-3.404360273067604,0.0,Low,0.0,0.0,0.0,0.0,0.0,,0,0.0,Low,1,Low,0,0.0,0,0.0,LOW,Routine monitoring recommended.
Odisha,2013.0,1632.4,1455.448717948718,176.95128205128208,12.157850693679809,1.0,Moderate,4.0,6.0,0.0,0.0,0.0,1.0,1,2.0,High,1,High,2,1.0,1,2.0,HIGH,Increase monitoring and prepare local response resources.
Odisha,2014.0,1536.9,1455.448717948718,81.45128205128208,5.596300374366881,0.0,Low,5.0,64.0,1.0,0.0,187.0,1.6,1,1.0,Moderate,1,Moderate,1,0.0,1,1.0,MODERATE,Continue monitoring rainfall and historical flood conditions.
Odisha,2015.0,1210.1,1455.448717948718,-245.3487179487181,-16.85725611098878,0.0,Low,3.0,10.0,0.0,0.0,0.0,1.3333333333333333,1,1.0,Moderate,1,Moderate,1,0.0,1,1.0,MODERATE,Continue monitoring rainfall and historical flood conditions.
Odisha,2016.0,1253.5,1455.448717948718,-201.948717948718,-13.875357850693684,0.0,Low,1.0,2.0,0.0,0.0,0.0,1.0,1,1.0,Moderate,1,Moderate,1,0.0,1,1.0,MODERATE,Continue monitoring rainfall and historical flood conditions.
Odisha,2017.0,1344.5,1455.448717948718,-110.948717948718,-7.62299053072011,0.0,Low,2.0,4.0,0.0,0.0,1316.0,1.0,1,1.0,Moderate,1,Moderate,1,0.0,1,1.0,MODERATE,Continue monitoring rainfall and historical flood conditions.
Odisha,2018.0,,,,,,,2.0,21.0,0.0,0.0,0.0,2.0,1,1.0,Moderate,0,Historical Flood Signal,2,0.0,1,1.0,MODERATE,Continue monitoring rainfall and historical flood conditions.
Odisha,2019.0,,,,,,,3.0,10.0,0.0,2.0,0.0,0.6666666666666666,1,1.0,Moderate,0,Historical Flood Signal,2,0.0,1,1.0,MODERATE,Continue monitoring rainfall and historical flood conditions.
Odisha,2020.0,,,,,,,2.0,38.0,0.0,0.0,33255.0,1.0,1,1.0,Moderate,0,Historical Flood Signal,2,0.0,1,1.0,MODERATE,Continue monitoring rainfall and historical flood conditions.
Odisha,2021.0,,,,,,,3.0,3.0,0.0,0.0,0.0,0.3333333333333333,1,1.0,Moderate,0,Historical Flood Signal,2,0.0,1,1.0,MODERATE,Continue monitoring rainfall and historical flood conditions.
Odisha,2022.0,,,,,,,11.0,12.0,7.0,0.0,0.0,0.4545454545454545,1,1.0,Moderate,0,Historical Flood Signal,2,0.0,1,1.0,MODERATE,Continue monitoring rainfall and historical flood conditions.
Odisha,2023.0,,,,,,,3.0,4.0,0.0,0.0,0.0,1.0,1,1.0,Moderate,0,Historical Flood Signal,2,0.0,1,1.0,MODERATE,Continue monitoring rainfall and historical flood conditions.
"Odisha, Bihar, Assam, West Bengal",1972.0,,,,,,,1.0,90.0,0.0,0.0,0.0,3.0,1,1.0,Moderate,0,Historical Flood Signal,2,0.0,1,1.0,MODERATE,Continue monitoring rainfall and historical flood conditions.
"Odisha, Bihar, Uttar Pradesh, Madhya Pradesh, Rajasthan, Haryana",1967.0,,,,,,,1.0,0.0,0.0,0.0,0.0,-1.0,1,1.0,Moderate,0,Historical Flood Signal,2,0.0,1,1.0,MODERATE,Continue monitoring rainfall and historical flood conditions.
"Odisha, Rajasthan",1969.0,,,,,,,1.0,0.0,0.0,0.0,0.0,-1.0,1,1.0,Moderate,0,Historical Flood Signal,2,0.0,1,1.0,MODERATE,Continue monitoring rainfall and historical flood conditions.
Parts of Maharashtra,1971.0,,,,,,,1.0,0.0,0.0,0.0,0.0,-1.0,1,1.0,Moderate,0,Historical Flood Signal,2,0.0,1,1.0,MODERATE,Continue monitoring rainfall and historical flood conditions.
Puducherry,1985.0,,,,,,,1.0,0.0,0.0,0.0,0.0,-1.0,1,1.0,Moderate,0,Historical Flood Signal,2,0.0,1,1.0,MODERATE,Continue monitoring rainfall and historical flood conditions.
Puducherry,1986.0,,,,,,,1.0,0.0,0.0,0.0,0.0,-1.0,1,1.0,Moderate,0,Historical Flood Signal,2,0.0,1,1.0,MODERATE,Continue monitoring rainfall and historical flood conditions.
Puducherry,2012.0,,,,,,,1.0,0.0,0.0,0.0,0.0,-1.0,1,1.0,Moderate,0,Historical Flood Signal,2,0.0,1,1.0,MODERATE,Continue monitoring rainfall and historical flood conditions.
Puducherry,2013.0,,,,,,,1.0,3.0,0.0,0.0,0.0,1.0,1,1.0,Moderate,0,Historical Flood Signal,2,0.0,1,1.0,MODERATE,Continue monitoring rainfall and historical flood conditions.
Puducherry,2015.0,,,,,,,1.0,2.0,0.0,0.0,0.0,1.0,1,1.0,Moderate,0,Historical Flood Signal,2,0.0,1,1.0,MODERATE,Continue monitoring rainfall and historical flood conditions.
Puducherry,2021.0,,,,,,,1.0,1.0,0.0,0.0,0.0,1.0,1,1.0,Moderate,0,Historical Flood Signal,2,0.0,1,1.0,MODERATE,Continue monitoring rainfall and historical flood conditions.
Punjab,1901.0,523.5,591.4367521367521,-67.93675213675215,-11.48673157210964,0.0,Low,0.0,0.0,0.0,0.0,0.0,,0,0.0,Low,1,Low,0,0.0,0,0.0,LOW,Routine monitoring recommended.
Punjab,1902.0,398.0,591.4367521367521,-193.4367521367521,-32.70624482464114,0.0,Low,0.0,0.0,0.0,0.0,0.0,,0,0.0,Low,1,Low,0,0.0,0,0.0,LOW,Routine monitoring recommended.
Punjab,1903.0,571.0,591.4367521367521,-20.436752136752148,-3.4554416956534952,0.0,Low,0.0,0.0,0.0,0.0,0.0,,0,0.0,Low,1,Low,0,0.0,0,0.0,LOW,Routine monitoring recommended.
Punjab,1904.0,451.5,591.4367521367521,-139.93675213675215,-23.66047622694843,0.0,Low,0.0,0.0,0.0,0.0,0.0,,0,0.0,Low,1,Low,0,0.0,0,0.0,LOW,Routine monitoring recommended.
Punjab,1905.0,434.3,591.4367521367521,-157.13675213675214,-26.568648561159915,0.0,Low,0.0,0.0,0.0,0.0,0.0,,0,0.0,Low,1,Low,0,0.0,0,0.0,LOW,Routine monitoring recommended.
Punjab,1906.0,677.5,591.4367521367521,86.06324786324785,14.551555606295546,1.0,Moderate,0.0,0.0,0.0,0.0,0.0,,0,1.0,Moderate,1,Moderate,1,1.0,0,1.0,MODERATE,Continue monitoring rainfall and historical flood conditions.
Punjab,1907.0,589.2,591.4367521367521,-2.236752136752102,-0.3781895745692381,0.0,Low,0.0,0.0,0.0,0.0,0.0,,0,0.0,Low,1,Low,0,0.0,0,0.0,LOW,Routine monitoring recommended.
Punjab,1908.0,740.4,591.4367521367521,148.96324786324783,25.186674200592208,1.0,Moderate,0.0,0.0,0.0,0.0,0.0,,0,1.0,Moderate,1,Moderate,1,1.0,0,1.0,MODERATE,Continue monitoring rainfall and historical flood conditions.
Punjab,1909.0,846.1,591.4367521367521,254.66324786324788,43.05840767304305,2.0,High,0.0,0.0,0.0,0.0,0.0,,0,2.0,High,1,High,2,2.0,0,2.0,HIGH,Increase monitoring and prepare local response resources.
Punjab,1910.0,616.3,591.4367521367521,24.863247863247807,4.203872649682569,0.0,Low,0.0,0.0,0.0,0.0,0.0,,0,0.0,Low,1,Low,0,0.0,0,0.0,LOW,Routine monitoring recommended.
Punjab,1911.0,505.6,591.4367521367521,-85.83675213675212,-14.513259757132058,0.0,Low,0.0,0.0,0.0,0.0,0.0,,0,0.0,Low,1,Low,0,0.0,0,0.0,LOW,Routine monitoring recommended.
Punjab,1912.0,536.4,591.4367521367521,-55.03675213675217,-9.305602321451028,0.0,Low,0.0,0.0,0.0,0.0,0.0,,0,0.0,Low,1,Low,0,0.0,0,0.0,LOW,Routine monitoring recommended.
Punjab,1913.0,561.2,591.4367521367521,-30.236752136752106,-5.112423607006545,0.0,Low,0.0,0.0,0.0,0.0,0.0,,0,0.0,Low,1,Low,0,0.0,0,0.0,LOW,Routine monitoring recommended.
Punjab,1914.0,794.4,591.4367521367521,202.96324786324783,34.3169826917213,2.0,High,0.0,0.0,0.0,0.0,0.0,,0,2.0,High,1,High,2,2.0,0,2.0,HIGH,Increase monitoring and prepare local response resources.
Punjab,1915.0,421.7,591.4367521367521,-169.73675213675216,-28.699053875756707,0.0,Low,0.0,0.0,0.0,0.0,0.0,,0,0.0,Low,1,Low,0,0.0,0,0.0,LOW,Routine monitoring recommended.
Punjab,1916.0,588.4,591.4367521367521,-3.0367521367521704,-0.5134534040674584,0.0,Low,0.0,0.0,0.0,0.0,0.0,,0,0.0,Low,1,Low,0,0.0,0,0.0,LOW,Routine monitoring recommended.
Punjab,1917.0,1126.7,591.4367521367521,535.2632478632479,90.50219586953978,3.0,Critical,0.0,0.0,0.0,0.0,0.0,,0,3.0,Critical,1,Critical,3,3.0,0,3.0,CRITICAL,Immediate emergency monitoring and preparedness recommended.
Punjab,1918.0,339.6,591.4367521367521,-251.83675213675207,-42.58050437801037,0.0,Low,0.0,0.0,0.0,0.0,0.0,,0,0.0,Low,1,Low,0,0.0,0,0.0,LOW,Routine monitoring recommended.
Punjab,1919.0,549.9,591.4367521367521,-41.53675213675217,-7.023025198668755,0.0,Low,0.0,0.0,0.0,0.0,0.0,,0,0.0,Low,1,Low,0,0.0,0,0.0,LOW,Routine monitoring recommended.
Punjab,1920.0,383.1,591.4367521367521,-208.33675213675207,-35.225533649045275,0.0,Low,0.0,0.0,0.0,0.0,0.0,,0,0.0,Low,1,Low,0,0.0,0,0.0,LOW,Routine monitoring recommended.
Punjab,1921.0,370.4,591.4367521367521,-221.03675213675217,-37.37284694232935,0.0,Low,0.0,0.0,0.0,0.0,0.0,,0,0.0,Low,1,Low,0,0.0,0,0.0,LOW,Routine monitoring recommended.
Punjab,1922.0,513.6,591.4367521367521,-77.83675213675212,-13.16062146214997,0.0,Low,0.0,0.0,0.0,0.0,0.0,,0,0.0,Low,1,Low,0,0.0,0,0.0,LOW,Routine monitoring recommended.
Punjab,1923.0,737.9,591.4367521367521,146.46324786324783,24.763974733410304,1.0,Moderate,0.0,0.0,0.0,0.0,0.0,,0,1.0,Moderate,1,Moderate,1,1.0,0,1.0,MODERATE,Continue monitoring rainfall and historical flood conditions.
Punjab,1924.0,590.8,591.4367521367521,-0.6367521367521931,-0.1076619155728359,0.0,Low,0.0,0.0,0.0,0.0,0.0,,0,0.0,Low,1,Low,0,0.0,0,0.0,LOW,Routine monitoring recommended.
Punjab,1925.0,629.6,591.4367521367521,38.16324786324788,6.4526338150903,0.0,Low,0.0,0.0,0.0,0.0,0.0,,0,0.0,Low,1,Low,0,0.0,0,0.0,LOW,Routine monitoring recommended.
Punjab,1926.0,607.3,591.4367521367521,15.863247863247809,2.68215456782772,0.0,Low,0.0,0.0,0.0,0.0,0.0,,0,0.0,Low,1,Low,0,0.0,0,0.0,LOW,Routine monitoring recommended.
Punjab,1927.0,481.0,591.4367521367521,-110.43675213675216,-18.67262251420198,0.0,Low,0.0,0.0,0.0,0.0,0.0,,0,0.0,Low,1,Low,0,0.0,0,0.0,LOW,Routine monitoring recommended.
Punjab,1928.0,437.1,591.4367521367521,-154.33675213675212,-26.095225157916182,0.0,Low,0.0,0.0,0.0,0.0,0.0,,0,0.0,Low,1,Low,0,0.0,0,0.0,LOW,Routine monitoring recommended.
Punjab,1929.0,423.0,591.4367521367521,-168.43675213675215,-28.47925015282212,0.0,Low,0.0,0.0,0.0,0.0,0.0,,0,0.0,Low,1,Low,0,0.0,0,0.0,LOW,Routine monitoring recommended.
Punjab,1930.0,557.2,591.4367521367521,-34.2367521367521,-5.788742754497589,0.0,Low,0.0,0.0,0.0,0.0,0.0,,0,0.0,Low,1,Low,0,0.0,0,0.0,LOW,Routine monitoring recommended.
Punjab,1931.0,588.6,591.4367521367521,-2.836752136752125,-0.4796374466928985,0.0,Low,0.0,0.0,0.0,0.0,0.0,,0,0.0,Low,1,Low,0,0.0,0,0.0,LOW,Routine monitoring recommended.
Punjab,1932.0,490.3,591.4367521367521,-101.13675213675214,-17.100180496285304,0.0,Low,0.0,0.0,0.0,0.0,0.0,,0,0.0,Low,1,Low,0,0.0,0,0.0,LOW,Routine monitoring recommended.
Punjab,1933.0,860.6,591.4367521367521,269.1632478632479,45.51006458269808,2.0,High,0.0,0.0,0.0,0.0,0.0,,0,2.0,High,1,High,2,2.0,0,2.0,HIGH,Increase monitoring and prepare local response resources.
Punjab,1934.0,429.2,591.4367521367521,-162.23675213675216,-27.430955474211,0.0,Low,0.0,0.0,0.0,0.0,0.0,,0,0.0,Low,1,Low,0,0.0,0,0.0,LOW,Routine monitoring recommended.
Punjab,1935.0,598.2,591.4367521367521,6.763247863247898,1.1435285072856105,0.0,Low,0.0,0.0,0.0,0.0,0.0,,0,0.0,Low,1,Low,0,0.0,0,0.0,LOW,Routine monitoring recommended.
Punjab,1936.0,626.4,591.4367521367521,34.96324786324783,5.911578497097458,0.0,Low,0.0,0.0,0.0,0.0,0.0,,0,0.0,Low,1,Low,0,0.0,0,0.0,LOW,Routine monitoring recommended.
Punjab,1937.0,571.1,591.4367521367521,-20.336752136752125,-3.438533716966216,0.0,Low,0.0,0.0,0.0,0.0,0.0,,0,0.0,Low,1,Low,0,0.0,0,0.0,LOW,Routine monitoring recommended.
Punjab,1938.0,430.9,591.4367521367521,-160.53675213675217,-27.143519836527307,0.0,Low,0.0,0.0,0.0,0.0,0.0,,0,0.0,Low,1,Low,0,0.0,0,0.0,LOW,Routine monitoring recommended.
Punjab,1939.0,403.7,591.4367521367521,-187.73675213675216,-31.742490039466404,0.0,Low,0.0,0.0,0.0,0.0,0.0,,0,0.0,Low,1,Low,0,0.0,0,0.0,LOW,Routine monitoring recommended.
Punjab,1940.0,532.2,591.4367521367521,-59.2367521367521,-10.015737426316612,0.0,Low,0.0,0.0,0.0,0.0,0.0,,0,0.0,Low,1,Low,0,0.0,0,0.0,LOW,Routine monitoring recommended.
Punjab,1941.0,506.3,591.4367521367521,-85.13675213675214,-14.394903906321128,0.0,Low,0.0,0.0,0.0,0.0,0.0,,0,0.0,Low,1,Low,0,0.0,0,0.0,LOW,Routine monitoring recommended.
Punjab,1942.0,871.6,591.4367521367521,280.1632478632479,47.36994223829845,2.0,High,0.0,0.0,0.0,0.0,0.0,,0,2.0,High,1,High,2,2.0,0,2.0,HIGH,Increase monitoring and prepare local response resources.
Punjab,1943.0,422.3,591.4367521367521,-169.13675213675214,-28.597606003633047,0.0,Low,0.0,0.0,0.0,0.0,0.0,,0,0.0,Low,1,Low,0,0.0,0,0.0,LOW,Routine monitoring recommended.
Punjab,1944.0,626.9,591.4367521367521,35.46324786324783,5.996118390533838,0.0,Low,0.0,0.0,0.0,0.0,0.0,,0,0.0,Low,1,Low,0,0.0,0,0.0,LOW,Routine monitoring recommended.
Punjab,1945.0,805.3,591.4367521367521,213.8632478632478,36.15995236863439,2.0,High,0.0,0.0,0.0,0.0,0.0,,0,2.0,High,1,High,2,2.0,0,2.0,HIGH,Increase monitoring and prepare local response resources.
Punjab,1946.0,478.1,591.4367521367521,-113.33675213675212,-19.162953896132983,0.0,Low,0.0,0.0,0.0,0.0,0.0,,0,0.0,Low,1,Low,0,0.0,0,0.0,LOW,Routine monitoring recommended.
Punjab,1947.0,600.9,591.4367521367521,9.46324786324783,1.6000439318420534,0.0,Low,0.0,0.0,0.0,0.0,0.0,,0,0.0,Low,1,Low,0,0.0,0,0.0,LOW,Routine monitoring recommended.
Punjab,1948.0,620.2,591.4367521367521,28.76324786324789,4.863283818486352,0.0,Low,0.0,0.0,0.0,0.0,0.0,,0,0.0,Low,1,Low,0,0.0,0,0.0,LOW,Routine monitoring recommended.
Punjab,1949.0,584.9,591.4367521367521,-6.53675213675217,-1.105232658122122,0.0,Low,0.0,0.0,0.0,0.0,0.0,,0,0.0,Low,1,Low,0,0.0,0,0.0,LOW,Routine monitoring recommended.
Punjab,1950.0,992.0,591.4367521367521,400.5632478632479,67.72714857777886,3.0,Critical,0.0,0.0,0.0,0.0,0.0,,0,3.0,Critical,1,Critical,3,3.0,0,3.0,CRITICAL,Immediate emergency monitoring and preparedness recommended.
Punjab,1951.0,499.5,591.4367521367521,-91.93675213675216,-15.544646457055904,0.0,Low,0.0,0.0,0.0,0.0,0.0,,0,0.0,Low,1,Low,0,0.0,0,0.0,LOW,Routine monitoring recommended.
Punjab,1952.0,565.9,591.4367521367521,-25.53675213675217,-4.317748608704579,0.0,Low,0.0,0.0,0.0,0.0,0.0,,0,0.0,Low,1,Low,0,0.0,0,0.0,LOW,Routine monitoring recommended.
Punjab,1953.0,611.5,591.4367521367521,20.06324786324785,3.392289672693324,0.0,Low,0.0,0.0,0.0,0.0,0.0,,0,0.0,Low,1,Low,0,0.0,0,0.0,LOW,Routine monitoring recommended.
Punjab,1954.0,633.2,591.4367521367521,41.7632478632479,7.061321047832244,0.0,Low,0.0,0.0,0.0,0.0,0.0,,0,0.0,Low,1,Low,0,0.0,0,0.0,LOW,Routine monitoring recommended.
Punjab,1955.0,973.9,591.4367521367521,382.46324786324783,64.66680443538189,3.0,Critical,0.0,0.0,0.0,0.0,0.0,,0,3.0,Critical,1,Critical,3,3.0,0,3.0,CRITICAL,Immediate emergency monitoring and preparedness recommended.
Punjab,1956.0,750.4,591.4367521367521,158.96324786324783,26.87747206931982,1.0,Moderate,0.0,0.0,0.0,0.0,0.0,,0,1.0,Moderate,1,Moderate,1,1.0,0,1.0,MODERATE,Continue monitoring rainfall and historical flood conditions.
Punjab,1957.0,710.5,591.4367521367521,119.06324786324784,20.13118857309665,1.0,Moderate,0.0,0.0,0.0,0.0,0.0,,0,1.0,Moderate,1,Moderate,1,1.0,0,1.0,MODERATE,Continue monitoring rainfall and historical flood conditions.
Punjab,1958.0,828.0,591.4367521367521,236.56324786324785,39.99806353064607,2.0,High,0.0,0.0,0.0,0.0,0.0,,0,2.0,High,1,High,2,2.0,0,2.0,HIGH,Increase monitoring and prepare local response resources.
Punjab,1959.0,699.8,591.4367521367521,108.3632478632478,18.322034853558108,1.0,Moderate,0.0,0.0,0.0,0.0,0.0,,0,1.0,Moderate,1,Moderate,1,1.0,0,1.0,MODERATE,Continue monitoring rainfall and historical flood conditions.
Punjab,1960.0,606.9,591.4367521367521,15.46324786324783,2.614522653078619,0.0,Low,0.0,0.0,0.0,0.0,0.0,,0,0.0,Low,1,Low,0,0.0,0,0.0,LOW,Routine monitoring recommended.
Punjab,1961.0,690.1,591.4367521367521,98.66324786324788,16.68196092089234,1.0,Moderate,0.0,0.0,0.0,0.0,0.0,,0,1.0,Moderate,1,Moderate,1,1.0,0,1.0,MODERATE,Continue monitoring rainfall and historical flood conditions.
Punjab,1962.0,769.3,591.4367521367521,177.8632478632478,30.073080041215,1.0,Moderate,0.0,0.0,0.0,0.0,0.0,,0,1.0,Moderate,1,Moderate,1,1.0,0,1.0,MODERATE,Continue monitoring rainfall and historical flood conditions.
Punjab,1963.0,476.2,591.4367521367521,-115.23675213675216,-19.48420549119124,0.0,Low,0.0,0.0,0.0,0.0,0.0,,0,0.0,Low,1,Low,0,0.0,0,0.0,LOW,Routine monitoring recommended.
Punjab,1964.0,708.8,591.4367521367521,117.3632478632478,19.843752935412954,1.0,Moderate,0.0,0.0,0.0,0.0,0.0,,0,1.0,Moderate,1,Moderate,1,1.0,0,1.0,MODERATE,Continue monitoring rainfall and historical flood conditions.
Punjab,1965.0,423.2,591.4367521367521,-168.23675213675216,-28.445434195447568,0.0,Low,0.0,0.0,0.0,0.0,0.0,,0,0.0,Low,1,Low,0,0.0,0,0.0,LOW,Routine monitoring recommended.
Punjab,1966.0,638.2,591.4367521367521,46.7632478632479,7.906719982196049,0.0,Low,0.0,0.0,0.0,0.0,0.0,,0,0.0,Low,1,Low,0,0.0,0,0.0,LOW,Routine monitoring recommended.
Punjab,1967.0,680.4,591.4367521367521,88.96324786324783,15.04188698822655,1.0,Moderate,0.0,0.0,0.0,0.0,0.0,,0,1.0,Moderate,1,Moderate,1,1.0,0,1.0,MODERATE,Continue monitoring rainfall and historical flood conditions.
Punjab,1968.0,536.2,591.4367521367521,-55.2367521367521,-9.339418278825567,0.0,Low,0.0,0.0,0.0,0.0,0.0,,0,0.0,Low,1,Low,0,0.0,0,0.0,LOW,Routine monitoring recommended.
Punjab,1969.0,494.8,591.4367521367521,-96.63675213675214,-16.339321455357876,0.0,Low,0.0,0.0,0.0,0.0,0.0,,0,0.0,Low,1,Low,0,0.0,0,0.0,LOW,Routine monitoring recommended.
Punjab,1970.0,650.6,591.4367521367521,59.16324786324788,10.00330933941828,0.0,Low,0.0,0.0,0.0,0.0,0.0,,0,0.0,Low,1,Low,0,0.0,0,0.0,LOW,Routine monitoring recommended.
Punjab,1971.0,748.0,591.4367521367521,156.56324786324785,26.4716805808252,1.0,Moderate,0.0,0.0,0.0,0.0,0.0,,0,1.0,Moderate,1,Moderate,1,1.0,0,1.0,MODERATE,Continue monitoring rainfall and historical flood conditions.
Punjab,1972.0,470.9,591.4367521367521,-120.53675213675216,-20.38032836161687,0.0,Low,0.0,0.0,0.0,0.0,0.0,,0,0.0,Low,1,Low,0,0.0,0,0.0,LOW,Routine monitoring recommended.
Punjab,1973.0,743.1,591.4367521367521,151.66324786324788,25.643189625148672,1.0,Moderate,0.0,0.0,0.0,0.0,0.0,,0,1.0,Moderate,1,Moderate,1,1.0,0,1.0,MODERATE,Continue monitoring rainfall and historical flood conditions.
Punjab,1974.0,356.2,591.4367521367521,-235.23675213675216,-39.77377991592255,0.0,Low,0.0,0.0,0.0,0.0,0.0,,0,0.0,Low,1,Low,0,0.0,0,0.0,LOW,Routine monitoring recommended.
Punjab,1975.0,705.9,591.4367521367521,114.46324786324784,19.353421553481954,1.0,Moderate,0.0,0.0,0.0,0.0,0.0,,0,1.0,Moderate,1,Moderate,1,1.0,0,1.0,MODERATE,Continue monitoring rainfall and historical flood conditions.
Punjab,1976.0,794.7,591.4367521367521,203.2632478632479,34.36770662778314,2.0,High,1.0,85.0,0.0,0.0,425.0,3.0,1,3.0,Critical,1,Critical,3,2.0,1,3.0,CRITICAL,Immediate emergency monitoring and preparedness recommended.
Punjab,1977.0,712.6,591.4367521367521,121.16324786324788,20.48625612552945,1.0,Moderate,0.0,0.0,0.0,0.0,0.0,,0,1.0,Moderate,1,Moderate,1,1.0,0,1.0,MODERATE,Continue monitoring rainfall and historical flood conditions.
Punjab,1978.0,720.6,591.4367521367521,129.16324786324788,21.838894420511547,1.0,Moderate,3.0,15.0,0.0,0.0,112.0,0.6666666666666666,1,2.0,High,1,High,2,1.0,1,2.0,HIGH,Increase monitoring and prepare local response resources.
Punjab,1979.0,464.0,591.4367521367521,-127.43675213675216,-21.54697889103892,0.0,Low,0.0,0.0,0.0,0.0,0.0,,0,0.0,Low,1,Low,0,0.0,0,0.0,LOW,Routine monitoring recommended.
Punjab,1980.0,661.7,591.4367521367521,70.2632478632479,11.88009497370593,0.0,Low,3.0,21.0,0.0,0.0,0.0,0.0,1,1.0,Moderate,1,Moderate,1,0.0,1,1.0,MODERATE,Continue monitoring rainfall and historical flood conditions.
Punjab,1981.0,503.7,591.4367521367521,-87.73675213675216,-14.83451135219031,0.0,Low,4.0,7.0,0.0,0.0,27.0,-0.25,1,1.0,Moderate,1,Moderate,1,0.0,1,1.0,MODERATE,Continue monitoring rainfall and historical flood conditions.
Punjab,1982.0,571.3,591.4367521367521,-20.1367521367522,-3.4047177595916747,0.0,Low,4.0,0.0,0.0,0.0,0.0,-1.0,1,1.0,Moderate,1,Moderate,1,0.0,1,1.0,MODERATE,Continue monitoring rainfall and historical flood conditions.
Punjab,1983.0,751.1,591.4367521367521,159.66324786324788,26.99582792013076,1.0,Moderate,6.0,3.0,3.0,0.0,0.0,-0.3333333333333333,1,2.0,High,1,High,2,1.0,1,2.0,HIGH,Increase monitoring and prepare local response resources.
Punjab,1984.0,710.5,591.4367521367521,119.06324786324784,20.13118857309665,1.0,Moderate,1.0,0.0,0.0,0.0,0.0,-1.0,1,2.0,High,1,High,2,1.0,1,2.0,HIGH,Increase monitoring and prepare local response resources.
Punjab,1985.0,752.9,591.4367521367521,161.46324786324783,27.300171536501715,1.0,Moderate,3.0,93.0,0.0,0.0,150.0,1.3333333333333333,1,2.0,High,1,High,2,1.0,1,2.0,HIGH,Increase monitoring and prepare local response resources.
Punjab,1986.0,611.9,591.4367521367521,20.46324786324783,3.459921587442424,0.0,Low,5.0,2.0,0.0,0.0,1.0,-0.6,1,1.0,Moderate,1,Moderate,1,0.0,1,1.0,MODERATE,Continue monitoring rainfall and historical flood conditions.
Punjab,1987.0,409.6,591.4367521367521,-181.83675213675207,-30.74491929691711,0.0,Low,2.0,21.0,36.0,0.0,0.0,1.5,1,1.0,Moderate,1,Moderate,1,0.0,1,1.0,MODERATE,Continue monitoring rainfall and historical flood conditions.
Punjab,1988.0,1222.6,591.4367521367521,631.1632478632478,106.71694743063752,3.0,Critical,6.0,102.0,0.0,0.0,208.0,1.5,1,4.0,Critical,1,Critical,3,3.0,1,4.0,CRITICAL,Immediate emergency monitoring and preparedness recommended.
Punjab,1989.0,480.3,591.4367521367521,-111.13675213675214,-18.79097836501291,0.0,Low,4.0,13.0,28.0,0.0,0.0,0.75,1,1.0,Moderate,1,Moderate,1,0.0,1,1.0,MODERATE,Continue monitoring rainfall and historical flood conditions.
Punjab,1990.0,754.7,591.4367521367521,163.2632478632479,27.6045151528727,1.0,Moderate,2.0,7.0,4.0,0.0,0.0,1.5,1,2.0,High,1,High,2,1.0,1,2.0,HIGH,Increase monitoring and prepare local response resources.
Punjab,1991.0,475.9,591.4367521367521,-115.53675213675216,-19.534929427253065,0.0,Low,1.0,4.0,0.0,0.0,0.0,1.0,1,1.0,Moderate,1,Moderate,1,0.0,1,1.0,MODERATE,Continue monitoring rainfall and historical flood conditions.
Punjab,1992.0,478.2,591.4367521367521,-113.23675213675216,-19.146045917445715,0.0,Low,1.0,1.0,0.0,0.0,0.0,1.0,1,1.0,Moderate,1,Moderate,1,0.0,1,1.0,MODERATE,Continue monitoring rainfall and historical flood conditions.
Punjab,1993.0,583.1,591.4367521367521,-8.336752136752125,-1.4095762744930838,0.0,Low,2.0,322.0,0.0,0.0,6293.0,2.5,1,1.0,Moderate,1,Moderate,1,0.0,1,1.0,MODERATE,Continue monitoring rainfall and historical flood conditions.
Punjab,1994.0,580.9,591.4367521367521,-10.53675213675217,-1.7815518056131654,0.0,Low,2.0,20.0,0.0,0.0,0.0,1.5,1,1.0,Moderate,1,Moderate,1,0.0,1,1.0,MODERATE,Continue monitoring rainfall and historical flood conditions.
Punjab,1995.0,869.1,591.4367521367521,277.6632478632479,46.94724277111655,2.0,High,11.0,50.0,1.0,0.0,0.0,1.0,1,3.0,Critical,1,Critical,3,2.0,1,3.0,CRITICAL,Immediate emergency monitoring and preparedness recommended.
Punjab,1996.0,589.7,591.4367521367521,-1.7367521367521022,-0.2936496811328576,0.0,Low,6.0,3.0,0.0,0.0,0.0,-0.3333333333333333,1,1.0,Moderate,1,Moderate,1,0.0,1,1.0,MODERATE,Continue monitoring rainfall and historical flood conditions.
Punjab,1997.0,690.1,591.4367521367521,98.66324786324788,16.68196092089234,1.0,Moderate,4.0,11.0,37.0,0.0,0.0,0.5,1,2.0,High,1,High,2,1.0,1,2.0,HIGH,Increase monitoring and prepare local response resources.
Punjab,1998.0,588.6,591.4367521367521,-2.836752136752125,-0.4796374466928985,0.0,Low,4.0,2.0,4.0,0.0,0.0,-0.5,1,1.0,Moderate,1,Moderate,1,0.0,1,1.0,MODERATE,Continue monitoring rainfall and historical flood conditions.
Punjab,1999.0,364.4,591.4367521367521,-227.03675213675217,-38.38732566356591,0.0,Low,0.0,0.0,0.0,0.0,0.0,,0,0.0,Low,1,Low,0,0.0,0,0.0,LOW,Routine monitoring recommended.
Punjab,2000.0,405.3,591.4367521367521,-186.1367521367521,-31.471962380469986,0.0,Low,3.0,3.0,8.0,0.0,0.0,1.0,1,1.0,Moderate,1,Moderate,1,0.0,1,1.0,MODERATE,Continue monitoring rainfall and historical flood conditions.
Punjab,2001.0,441.0,591.4367521367521,-150.43675213675215,-25.43581398911242,0.0,Low,2.0,9.0,0.0,0.0,0.0,1.5,1,1.0,Moderate,1,Moderate,1,0.0,1,1.0,MODERATE,Continue monitoring rainfall and historical flood conditions.
Punjab,2002.0,274.7,591.4367521367521,-316.73675213675216,-53.55378254605257,0.0,Low,1.0,2.0,0.0,0.0,0.0,1.0,1,1.0,Moderate,1,Moderate,1,0.0,1,1.0,MODERATE,Continue monitoring rainfall and historical flood conditions.
Punjab,2003.0,424.6,591.4367521367521,-166.83675213675212,-28.208722493825693,0.0,Low,1.0,1.0,1.0,0.0,0.0,1.0,1,1.0,Moderate,1,Moderate,1,0.0,1,1.0,MODERATE,Continue monitoring rainfall and historical flood conditions.
Punjab,2004.0,351.7,591.4367521367521,-239.73675213675216,-40.534638956849975,0.0,Low,3.0,3.0,20.0,0.0,0.0,-0.3333333333333333,1,1.0,Moderate,1,Moderate,1,0.0,1,1.0,MODERATE,Continue monitoring rainfall and historical flood conditions.
Punjab,2005.0,552.0,591.4367521367521,-39.43675213675215,-6.667957646235953,0.0,Low,7.0,4.0,4.0,0.0,450.0,-0.4285714285714285,1,1.0,Moderate,1,Moderate,1,0.0,1,1.0,MODERATE,Continue monitoring rainfall and historical flood conditions.
Punjab,2006.0,647.7,591.4367521367521,56.2632478632479,9.512977957487276,0.0,Low,7.0,3.0,15.0,0.0,100.0,-0.4285714285714285,1,1.0,Moderate,1,Moderate,1,0.0,1,1.0,MODERATE,Continue monitoring rainfall and historical flood conditions.
Punjab,2007.0,594.8,591.4367521367521,3.363247863247807,0.5686572319182078,0.0,Low,6.0,7.0,5.0,0.0,0.0,0.0,1,1.0,Moderate,1,Moderate,1,0.0,1,1.0,MODERATE,Continue monitoring rainfall and historical flood conditions.
Punjab,2008.0,717.1,591.4367521367521,125.66324786324788,21.247115166456883,1.0,Moderate,16.0,35.0,9.0,0.0,0.0,-0.125,1,2.0,High,1,High,2,1.0,1,2.0,HIGH,Increase monitoring and prepare local response resources.
Punjab,2009.0,361.2,591.4367521367521,-230.23675213675216,-38.928380981558746,0.0,Low,6.0,3.0,0.0,0.0,0.0,-0.3333333333333333,1,1.0,Moderate,1,Moderate,1,0.0,1,1.0,MODERATE,Continue monitoring rainfall and historical flood conditions.
Punjab,2010.0,451.5,591.4367521367521,-139.93675213675215,-23.66047622694843,0.0,Low,3.0,9.0,0.0,0.0,0.0,0.0,1,1.0,Moderate,1,Moderate,1,0.0,1,1.0,MODERATE,Continue monitoring rainfall and historical flood conditions.
Punjab,2011.0,705.2,591.4367521367521,113.7632478632479,19.23506570267104,1.0,Moderate,2.0,0.0,0.0,0.0,0.0,-1.0,1,2.0,High,1,High,2,1.0,1,2.0,HIGH,Increase monitoring and prepare local response resources.
Punjab,2012.0,493.6,591.4367521367521,-97.83675213675212,-16.54221719960519,0.0,Low,4.0,0.0,0.0,0.0,0.0,-1.0,1,1.0,Moderate,1,Moderate,1,0.0,1,1.0,MODERATE,Continue monitoring rainfall and historical flood conditions.
Punjab,2013.0,586.6,591.4367521367521,-4.836752136752125,-0.8177970204384204,0.0,Low,0.0,0.0,0.0,0.0,0.0,,0,0.0,Low,1,Low,0,0.0,0,0.0,LOW,Routine monitoring recommended.
Punjab,2014.0,382.7,591.4367521367521,-208.73675213675216,-35.29316556379439,0.0,Low,1.0,22.0,0.0,0.0,0.0,2.0,1,1.0,Moderate,1,Moderate,1,0.0,1,1.0,MODERATE,Continue monitoring rainfall and historical flood conditions.
Punjab,2015.0,510.8,591.4367521367521,-80.63675213675214,-13.6340448653937,0.0,Low,1.0,11.0,0.0,0.0,14.0,2.0,1,1.0,Moderate,1,Moderate,1,0.0,1,1.0,MODERATE,Continue monitoring rainfall and historical flood conditions.
Punjab,2016.0,444.0,591.4367521367521,-147.43675213675215,-24.928574628494136,0.0,Low,0.0,0.0,0.0,0.0,0.0,,0,0.0,Low,1,Low,0,0.0,0,0.0,LOW,Routine monitoring recommended.
Punjab,2017.0,497.5,591.4367521367521,-93.93675213675216,-15.882806030801424,0.0,Low,0.0,0.0,0.0,0.0,0.0,,0,0.0,Low,1,Low,0,0.0,0,0.0,LOW,Routine monitoring recommended.
Punjab,2018.0,,,,,,,2.0,13.0,0.0,0.0,0.0,2.0,1,1.0,Moderate,0,Historical Flood Signal,2,0.0,1,1.0,MODERATE,Continue monitoring rainfall and historical flood conditions.
Punjab,2019.0,,,,,,,3.0,14.0,0.0,0.0,0.0,0.6666666666666666,1,1.0,Moderate,0,Historical Flood Signal,2,0.0,1,1.0,MODERATE,Continue monitoring rainfall and historical flood conditions.
Punjab,2020.0,,,,,,,1.0,2.0,0.0,0.0,0.0,1.0,1,1.0,Moderate,0,Historical Flood Signal,2,0.0,1,1.0,MODERATE,Continue monitoring rainfall and historical flood conditions.
Punjab,2022.0,,,,,,,17.0,3.0,0.0,0.0,0.0,-0.8823529411764706,1,1.0,Moderate,0,Historical Flood Signal,2,0.0,1,1.0,MODERATE,Continue monitoring rainfall and historical flood conditions.
Punjab,2023.0,,,,,,,10.0,8.0,0.0,0.0,0.0,-0.5,1,1.0,Moderate,0,Historical Flood Signal,2,0.0,1,1.0,MODERATE,Continue monitoring rainfall and historical flood conditions.
Rajasthan,1901.0,285.7,475.3136752136752,-189.61367521367515,-41.57121278342498,0.0,Low,0.0,0.0,0.0,0.0,0.0,,0,0.0,Low,1,Low,0,0.0,0,0.0,LOW,Routine monitoring recommended.
Rajasthan,1902.0,386.95,475.3136752136752,-88.36367521367522,-22.70484478200124,0.0,Low,0.0,0.0,0.0,0.0,0.0,,0,0.0,Low,1,Low,0,0.0,0,0.0,LOW,Routine monitoring recommended.
Rajasthan,1903.0,496.55,475.3136752136752,21.23632478632481,4.442824765042927,0.0,Low,0.0,0.0,0.0,0.0,0.0,,0,0.0,Low,1,Low,0,0.0,0,0.0,LOW,Routine monitoring recommended.
Rajasthan,1904.0,431.2,475.3136752136752,-44.11367521367519,-18.563777921571152,0.0,Low,0.0,0.0,0.0,0.0,0.0,,0,0.0,Low,1,Low,0,0.0,0,0.0,LOW,Routine monitoring recommended.
Rajasthan,1905.0,197.1,475.3136752136752,-278.2136752136752,-59.24260690774059,0.0,Low,0.0,0.0,0.0,0.0,0.0,,0,0.0,Low,1,Low,0,0.0,0,0.0,LOW,Routine monitoring recommended.
Rajasthan,1906.0,458.45,475.3136752136752,-16.863675213675208,-4.879442886870368,0.0,Low,0.0,0.0,0.0,0.0,0.0,,0,0.0,Low,1,Low,0,0.0,0,0.0,LOW,Routine monitoring recommended.
Rajasthan,1907.0,452.5,475.3136752136752,-22.813675213675225,2.068153549219676,0.5,Moderate,0.0,0.0,0.0,0.0,0.0,,0,0.5,Low,1,Low,0,0.5,0,0.5,LOW,Routine monitoring recommended.
Rajasthan,1908.0,726.05,475.3136752136752,250.7363247863248,65.19584332125324,2.0,High,0.0,0.0,0.0,0.0,0.0,,0,2.0,High,1,High,2,2.0,0,2.0,HIGH,Increase monitoring and prepare local response resources.
Rajasthan,1909.0,603.9,475.3136752136752,128.5863247863248,31.979674725982672,1.5,High,0.0,0.0,0.0,0.0,0.0,,0,1.5,Moderate,1,Moderate,1,1.5,0,1.5,LOW,Routine monitoring recommended.
Rajasthan,1910.0,489.25,475.3136752136752,13.936324786324777,2.0359595151943903,0.0,Low,0.0,0.0,0.0,0.0,0.0,,0,0.0,Low,1,Low,0,0.0,0,0.0,LOW,Routine monitoring recommended.
Rajasthan,1911.0,279.6,475.3136752136752,-195.7136752136752,-44.38644592811599,0.0,Low,0.0,0.0,0.0,0.0,0.0,,0,0.0,Low,1,Low,0,0.0,0,0.0,LOW,Routine monitoring recommended.
Rajasthan,1912.0,467.65,475.3136752136752,-7.66367521367522,-2.5022008269731657,0.0,Low,0.0,0.0,0.0,0.0,0.0,,0,0.0,Low,1,Low,0,0.0,0,0.0,LOW,Routine monitoring recommended.
Rajasthan,1913.0,373.3,475.3136752136752,-102.0136752136752,-19.83898939565392,0.0,Low,0.0,0.0,0.0,0.0,0.0,,0,0.0,Low,1,Low,0,0.0,0,0.0,LOW,Routine monitoring recommended.
Rajasthan,1914.0,489.4500000000001,475.3136752136752,14.136324786324822,2.920314472952603,0.0,Low,0.0,0.0,0.0,0.0,0.0,,0,0.0,Low,1,Low,0,0.0,0,0.0,LOW,Routine monitoring recommended.
Rajasthan,1915.0,274.5,475.3136752136752,-200.8136752136752,-44.3750842495933,0.0,Low,0.0,0.0,0.0,0.0,0.0,,0,0.0,Low,1,Low,0,0.0,0,0.0,LOW,Routine monitoring recommended.
Rajasthan,1916.0,633.5,475.3136752136752,158.18632478632472,36.06616803392416,1.5,High,0.0,0.0,0.0,0.0,0.0,,0,1.5,Moderate,1,Moderate,1,1.5,0,1.5,LOW,Routine monitoring recommended.
Rajasthan,1917.0,1059.6,475.3136752136752,584.2863247863248,133.54061873914668,3.0,Critical,0.0,0.0,0.0,0.0,0.0,,0,3.0,Critical,1,Critical,3,3.0,0,3.0,CRITICAL,Immediate emergency monitoring and preparedness recommended.
Rajasthan,1918.0,167.95000000000002,475.3136752136752,-307.36367521367515,-68.57156602230684,0.0,Low,0.0,0.0,0.0,0.0,0.0,,0,0.0,Low,1,Low,0,0.0,0,0.0,LOW,Routine monitoring recommended.
Rajasthan,1919.0,546.0,475.3136752136752,70.6863247863248,11.787505542465295,0.5,Moderate,0.0,0.0,0.0,0.0,0.0,,0,0.5,Low,1,Low,0,0.5,0,0.5,LOW,Routine monitoring recommended.
Rajasthan,1920.0,422.7000000000001,475.3136752136752,-52.61367521367518,-12.27672286713734,0.0,Low,0.0,0.0,0.0,0.0,0.0,,0,0.0,Low,1,Low,0,0.0,0,0.0,LOW,Routine monitoring recommended.
Rajasthan,1921.0,382.9,475.3136752136752,-92.41367521367522,-21.21986683038763,0.0,Low,0.0,0.0,0.0,0.0,0.0,,0,0.0,Low,1,Low,0,0.0,0,0.0,LOW,Routine monitoring recommended.
Rajasthan,1922.0,457.35,475.3136752136752,-17.963675213675202,-7.364700323517835,0.0,Low,0.0,0.0,0.0,0.0,0.0,,0,0.0,Low,1,Low,0,0.0,0,0.0,LOW,Routine monitoring recommended.
Rajasthan,1923.0,481.75,475.3136752136752,6.436324786324803,-0.964374933983533,0.0,Low,0.0,0.0,0.0,0.0,0.0,,0,0.0,Low,1,Low,0,0.0,0,0.0,LOW,Routine monitoring recommended.
Rajasthan,1924.0,610.75,475.3136752136752,135.4363247863248,20.909099715827967,1.0,Moderate,0.0,0.0,0.0,0.0,0.0,,0,1.0,Moderate,1,Moderate,1,1.0,0,1.0,MODERATE,Continue monitoring rainfall and historical flood conditions.
Rajasthan,1925.0,326.7,475.3136752136752,-148.6136752136752,-34.31258068747904,0.0,Low,0.0,0.0,0.0,0.0,0.0,,0,0.0,Low,1,Low,0,0.0,0,0.0,LOW,Routine monitoring recommended.
Rajasthan,1926.0,636.3,475.3136752136752,160.9863247863248,38.22860225128194,1.5,High,0.0,0.0,0.0,0.0,0.0,,0,1.5,Moderate,1,Moderate,1,1.5,0,1.5,LOW,Routine monitoring recommended.
Rajasthan,1927.0,529.15,475.3136752136752,53.83632478632478,11.801309125593663,0.5,Moderate,0.0,0.0,0.0,0.0,0.0,,0,0.5,Low,1,Low,0,0.5,0,0.5,LOW,Routine monitoring recommended.
Rajasthan,1928.0,440.15,475.3136752136752,-35.16367521367522,-7.432359859869518,0.0,Low,0.0,0.0,0.0,0.0,0.0,,0,0.0,Low,1,Low,0,0.0,0,0.0,LOW,Routine monitoring recommended.
Rajasthan,1929.0,439.65,475.3136752136752,-35.66367521367519,-4.571513304885361,0.0,Low,0.0,0.0,0.0,0.0,0.0,,0,0.0,Low,1,Low,0,0.0,0,0.0,LOW,Routine monitoring recommended.
Rajasthan,1930.0,445.7,475.3136752136752,-29.613675213675226,-10.518619274144248,0.0,Low,0.0,0.0,0.0,0.0,0.0,,0,0.0,Low,1,Low,0,0.0,0,0.0,LOW,Routine monitoring recommended.
Rajasthan,1931.0,584.8,475.3136752136752,109.4863247863248,26.18022368037952,1.5,High,0.0,0.0,0.0,0.0,0.0,,0,1.5,Moderate,1,Moderate,1,1.5,0,1.5,LOW,Routine monitoring recommended.
Rajasthan,1932.0,404.55,475.3136752136752,-70.76367521367521,-13.48373043066637,0.0,Low,0.0,0.0,0.0,0.0,0.0,,0,0.0,Low,1,Low,0,0.0,0,0.0,LOW,Routine monitoring recommended.
Rajasthan,1933.0,657.0999999999999,475.3136752136752,181.7863247863248,35.410294256593325,1.5,High,0.0,0.0,0.0,0.0,0.0,,0,1.5,Moderate,1,Moderate,1,1.5,0,1.5,LOW,Routine monitoring recommended.
Rajasthan,1934.0,565.65,475.3136752136752,90.33632478632478,16.413356829120648,0.5,Moderate,0.0,0.0,0.0,0.0,0.0,,0,0.5,Low,1,Low,0,0.5,0,0.5,LOW,Routine monitoring recommended.
Rajasthan,1935.0,470.7,475.3136752136752,-4.613675213675208,-4.2239520106278725,0.0,Low,0.0,0.0,0.0,0.0,0.0,,0,0.0,Low,1,Low,0,0.0,0,0.0,LOW,Routine monitoring recommended.
Rajasthan,1936.0,403.8,475.3136752136752,-71.51367521367519,-13.579205503527774,0.0,Low,0.0,0.0,0.0,0.0,0.0,,0,0.0,Low,1,Low,0,0.0,0,0.0,LOW,Routine monitoring recommended.
Rajasthan,1937.0,481.5,475.3136752136752,6.186324786324803,0.7897760424051199,0.0,Low,0.0,0.0,0.0,0.0,0.0,,0,0.0,Low,1,Low,0,0.0,0,0.0,LOW,Routine monitoring recommended.
Rajasthan,1938.0,343.3,475.3136752136752,-132.0136752136752,-30.48911592740602,0.0,Low,0.0,0.0,0.0,0.0,0.0,,0,0.0,Low,1,Low,0,0.0,0,0.0,LOW,Routine monitoring recommended.
Rajasthan,1939.0,269.05,475.3136752136752,-206.2636752136752,-46.12481636018797,0.0,Low,0.0,0.0,0.0,0.0,0.0,,0,0.0,Low,1,Low,0,0.0,0,0.0,LOW,Routine monitoring recommended.
Rajasthan,1940.0,472.6,475.3136752136752,-2.7136752136752307,-0.5752778681891431,0.0,Low,0.0,0.0,0.0,0.0,0.0,,0,0.0,Low,1,Low,0,0.0,0,0.0,LOW,Routine monitoring recommended.
Rajasthan,1941.0,365.35,475.3136752136752,-109.9636752136752,-23.255055210225485,0.0,Low,0.0,0.0,0.0,0.0,0.0,,0,0.0,Low,1,Low,0,0.0,0,0.0,LOW,Routine monitoring recommended.
Rajasthan,1942.0,639.0999999999999,475.3136752136752,163.78632478632477,29.14970941710069,1.5,High,0.0,0.0,0.0,0.0,0.0,,0,1.5,Moderate,1,Moderate,1,1.5,0,1.5,LOW,Routine monitoring recommended.
Rajasthan,1943.0,506.1,475.3136752136752,30.786324786324823,4.827795989169671,0.0,Low,0.0,0.0,0.0,0.0,0.0,,0,0.0,Low,1,Low,0,0.0,0,0.0,LOW,Routine monitoring recommended.
Rajasthan,1944.0,716.0,475.3136752136752,240.6863247863248,58.335224147702206,2.5,Critical,0.0,0.0,0.0,0.0,0.0,,0,2.5,High,1,High,2,2.5,0,2.5,LOW,Routine monitoring recommended.
Rajasthan,1945.0,612.8,475.3136752136752,137.4863247863248,27.49886323331416,1.0,Moderate,0.0,0.0,0.0,0.0,0.0,,0,1.0,Moderate,1,Moderate,1,1.0,0,1.0,MODERATE,Continue monitoring rainfall and historical flood conditions.
Rajasthan,1946.0,555.4,475.3136752136752,80.08632478632482,5.534323236030092,1.0,Moderate,0.0,0.0,0.0,0.0,0.0,,0,1.0,Moderate,1,Moderate,1,1.0,0,1.0,MODERATE,Continue monitoring rainfall and historical flood conditions.
Rajasthan,1947.0,484.0,475.3136752136752,8.686324786324775,-2.517098381594347,0.0,Low,0.0,0.0,0.0,0.0,0.0,,0,0.0,Low,1,Low,0,0.0,0,0.0,LOW,Routine monitoring recommended.
Rajasthan,1948.0,448.55,475.3136752136752,-26.763675213675185,-9.765464076282564,0.0,Low,0.0,0.0,0.0,0.0,0.0,,0,0.0,Low,1,Low,0,0.0,0,0.0,LOW,Routine monitoring recommended.
Rajasthan,1949.0,367.0,475.3136752136752,-108.3136752136752,-23.003723039056624,0.0,Low,0.0,0.0,0.0,0.0,0.0,,0,0.0,Low,1,Low,0,0.0,0,0.0,LOW,Routine monitoring recommended.
Rajasthan,1950.0,509.2000000000001,475.3136752136752,33.88632478632482,3.6766656256471832,0.5,Moderate,0.0,0.0,0.0,0.0,0.0,,0,0.5,Low,1,Low,0,0.5,0,0.5,LOW,Routine monitoring recommended.
Rajasthan,1951.0,271.35,475.3136752136752,-203.9636752136752,-41.79590804345028,0.0,Low,0.0,0.0,0.0,0.0,0.0,,0,0.0,Low,1,Low,0,0.0,0,0.0,LOW,Routine monitoring recommended.
Rajasthan,1952.0,489.9,475.3136752136752,14.586324786324834,-0.314101259357165,0.0,Low,0.0,0.0,0.0,0.0,0.0,,0,0.0,Low,1,Low,0,0.0,0,0.0,LOW,Routine monitoring recommended.
Rajasthan,1953.0,445.15,475.3136752136752,-30.16367521367522,-3.630521873804751,0.0,Low,0.0,0.0,0.0,0.0,0.0,,0,0.0,Low,1,Low,0,0.0,0,0.0,LOW,Routine monitoring recommended.
Rajasthan,1954.0,458.15,475.3136752136752,-17.163675213675205,-6.71737125364864,0.0,Low,0.0,0.0,0.0,0.0,0.0,,0,0.0,Low,1,Low,0,0.0,0,0.0,LOW,Routine monitoring recommended.
Rajasthan,1955.0,617.95,475.3136752136752,142.63632478632482,30.84499560890289,1.0,Moderate,0.0,0.0,0.0,0.0,0.0,,0,1.0,Moderate,1,Moderate,1,1.0,0,1.0,MODERATE,Continue monitoring rainfall and historical flood conditions.
Rajasthan,1956.0,651.5,475.3136752136752,176.18632478632478,34.35085304553018,1.5,High,0.0,0.0,0.0,0.0,0.0,,0,1.5,Moderate,1,Moderate,1,1.5,0,1.5,LOW,Routine monitoring recommended.
Rajasthan,1957.0,464.65,475.3136752136752,-10.663675213675166,-4.160245090880638,0.0,Low,0.0,0.0,0.0,0.0,0.0,,0,0.0,Low,1,Low,0,0.0,0,0.0,LOW,Routine monitoring recommended.
Rajasthan,1958.0,503.4,475.3136752136752,28.08632478632484,1.460750521521474,0.5,Moderate,0.0,0.0,0.0,0.0,0.0,,0,0.5,Low,1,Low,0,0.5,0,0.5,LOW,Routine monitoring recommended.
Rajasthan,1959.0,560.75,475.3136752136752,85.43632478632483,16.877436533539452,1.0,Moderate,0.0,0.0,0.0,0.0,0.0,,0,1.0,Moderate,1,Moderate,1,1.0,0,1.0,MODERATE,Continue monitoring rainfall and historical flood conditions.
Rajasthan,1960.0,404.7000000000001,475.3136752136752,-70.61367521367518,-17.918002543523478,0.0,Low,0.0,0.0,0.0,0.0,0.0,,0,0.0,Low,1,Low,0,0.0,0,0.0,LOW,Routine monitoring recommended.
Rajasthan,1961.0,642.25,475.3136752136752,166.93632478632483,35.390940079444064,2.0,High,0.0,0.0,0.0,0.0,0.0,,0,2.0,High,1,High,2,2.0,0,2.0,HIGH,Increase monitoring and prepare local response resources.
Rajasthan,1962.0,433.3,475.3136752136752,-42.01367521367519,-9.367193274951097,0.0,Low,0.0,0.0,0.0,0.0,0.0,,0,0.0,Low,1,Low,0,0.0,0,0.0,LOW,Routine monitoring recommended.
Rajasthan,1963.0,376.1,475.3136752136752,-99.21367521367516,-26.33744405022479,0.0,Low,0.0,0.0,0.0,0.0,0.0,,0,0.0,Low,1,Low,0,0.0,0,0.0,LOW,Routine monitoring recommended.
Rajasthan,1964.0,491.8,475.3136752136752,16.48632478632479,6.562466460485089,0.5,Moderate,0.0,0.0,0.0,0.0,0.0,,0,0.5,Low,1,Low,0,0.5,0,0.5,LOW,Routine monitoring recommended.
Rajasthan,1965.0,319.55,475.3136752136752,-155.7636752136752,-31.122851090171984,0.0,Low,0.0,0.0,0.0,0.0,0.0,,0,0.0,Low,1,Low,0,0.0,0,0.0,LOW,Routine monitoring recommended.
Rajasthan,1966.0,363.15,475.3136752136752,-112.1636752136752,-20.95342612280028,0.0,Low,0.0,0.0,0.0,0.0,0.0,,0,0.0,Low,1,Low,0,0.0,0,0.0,LOW,Routine monitoring recommended.
Rajasthan,1967.0,550.1,475.3136752136752,74.7863247863248,15.72437218865142,1.0,Moderate,0.0,0.0,0.0,0.0,0.0,,0,1.0,Moderate,1,Moderate,1,1.0,0,1.0,MODERATE,Continue monitoring rainfall and historical flood conditions.
Rajasthan,1968.0,330.9,475.3136752136752,-144.4136752136752,-36.25326424956867,0.0,Low,0.0,0.0,0.0,0.0,0.0,,0,0.0,Low,1,Low,0,0.0,0,0.0,LOW,Routine monitoring recommended.
Rajasthan,1969.0,376.55,475.3136752136752,-98.7636752136752,-31.47669232966513,0.0,Low,0.0,0.0,0.0,0.0,0.0,,0,0.0,Low,1,Low,0,0.0,0,0.0,LOW,Routine monitoring recommended.
Rajasthan,1970.0,537.05,475.3136752136752,61.73632478632479,15.181608579079509,0.5,Moderate,0.0,0.0,0.0,0.0,0.0,,0,0.5,Low,1,Low,0,0.5,0,0.5,LOW,Routine monitoring recommended.
Rajasthan,1971.0,517.95,475.3136752136752,42.63632478632479,2.494733446807205,0.5,Moderate,0.0,0.0,0.0,0.0,0.0,,0,0.5,Low,1,Low,0,0.5,0,0.5,LOW,Routine monitoring recommended.
Rajasthan,1972.0,320.1,475.3136752136752,-155.21367521367517,-33.79779669907491,0.0,Low,0.0,0.0,0.0,0.0,0.0,,0,0.0,Low,1,Low,0,0.0,0,0.0,LOW,Routine monitoring recommended.
Rajasthan,1973.0,701.5,475.3136752136752,226.18632478632483,49.53000916373552,2.0,High,1.0,13.0,0.0,0.0,0.0,2.0,1,3.0,Critical,1,Critical,3,2.0,1,3.0,CRITICAL,Immediate emergency monitoring and preparedness recommended.
Rajasthan,1974.0,388.05,475.3136752136752,-87.26367521367521,-25.47429782019671,0.0,Low,0.0,0.0,0.0,0.0,0.0,,0,0.0,Low,1,Low,0,0.0,0,0.0,LOW,Routine monitoring recommended.
Rajasthan,1975.0,725.8499999999999,475.3136752136752,250.5363247863248,62.52864016667331,2.5,Critical,4.0,0.0,0.0,0.0,0.0,-1.0,1,3.5,Critical,1,Critical,3,2.5,1,3.5,CRITICAL,Immediate emergency monitoring and preparedness recommended.
Rajasthan,1976.0,620.25,475.3136752136752,144.93632478632478,34.37631394285191,1.5,High,1.0,0.0,0.0,0.0,0.0,-1.0,1,2.5,High,1,High,2,1.5,1,2.5,LOW,Routine monitoring recommended.
Rajasthan,1977.0,638.45,475.3136752136752,163.1363247863248,33.78932261283384,1.5,High,0.0,0.0,0.0,0.0,0.0,,0,1.5,Moderate,1,Moderate,1,1.5,0,1.5,LOW,Routine monitoring recommended.
Rajasthan,1978.0,553.4,475.3136752136752,78.08632478632481,19.924100686503635,0.5,Moderate,3.0,91.0,2.0,0.0,890.0,2.0,1,1.5,Moderate,1,Moderate,1,0.5,1,1.5,LOW,Routine monitoring recommended.
Rajasthan,1979.0,411.65,475.3136752136752,-63.66367521367519,-8.376756921808177,0.0,Low,2.0,581.0,0.0,0.0,200000.0,1.5,1,1.0,Moderate,1,Moderate,1,0.0,1,1.0,MODERATE,Continue monitoring rainfall and historical flood conditions.
Rajasthan,1980.0,392.95,475.3136752136752,-82.3636752136752,-17.774809465484502,0.0,Low,1.0,27.0,0.0,0.0,0.0,3.0,1,1.0,Moderate,1,Moderate,1,0.0,1,1.0,MODERATE,Continue monitoring rainfall and historical flood conditions.
Rajasthan,1981.0,431.9,475.3136752136752,-43.41367521367522,-10.894122432835411,0.0,Low,2.0,305.0,1000.0,0.0,8772.0,4.0,1,1.0,Moderate,1,Moderate,1,0.0,1,1.0,MODERATE,Continue monitoring rainfall and historical flood conditions.
Rajasthan,1982.0,486.0,475.3136752136752,10.686324786324832,3.286225849828572,0.0,Low,3.0,0.0,0.0,0.0,0.0,-1.0,1,1.0,Moderate,1,Moderate,1,0.0,1,1.0,MODERATE,Continue monitoring rainfall and historical flood conditions.
Rajasthan,1983.0,632.3,475.3136752136752,156.9863247863248,40.34988490396332,2.0,High,3.0,25.0,0.0,0.0,0.0,1.0,1,3.0,Critical,1,Critical,3,2.0,1,3.0,CRITICAL,Immediate emergency monitoring and preparedness recommended.
Rajasthan,1984.0,383.25,475.3136752136752,-92.06367521367522,-22.55529885680273,0.0,Low,1.0,14.0,7.0,0.0,0.0,2.0,1,1.0,Moderate,1,Moderate,1,0.0,1,1.0,MODERATE,Continue monitoring rainfall and historical flood conditions.
Rajasthan,1985.0,392.75,475.3136752136752,-82.56367521367517,-21.65247271159074,0.0,Low,1.0,6.0,0.0,0.0,0.0,2.0,1,1.0,Moderate,1,Moderate,1,0.0,1,1.0,MODERATE,Continue monitoring rainfall and historical flood conditions.
Rajasthan,1986.0,397.15,475.3136752136752,-78.16367521367519,-20.34418160224285,0.0,Low,1.0,35.0,0.0,0.0,0.0,3.0,1,1.0,Moderate,1,Moderate,1,0.0,1,1.0,MODERATE,Continue monitoring rainfall and historical flood conditions.
Rajasthan,1987.0,289.35,475.3136752136752,-185.9636752136752,-42.50719799468678,0.0,Low,0.0,0.0,0.0,0.0,0.0,,0,0.0,Low,1,Low,0,0.0,0,0.0,LOW,Routine monitoring recommended.
Rajasthan,1988.0,460.25,475.3136752136752,-15.063675213675197,-3.582470476222409,0.0,Low,1.0,3.0,0.0,0.0,0.0,1.0,1,1.0,Moderate,1,Moderate,1,0.0,1,1.0,MODERATE,Continue monitoring rainfall and historical flood conditions.
Rajasthan,1989.0,379.3,475.3136752136752,-96.0136752136752,-18.943821050891604,0.0,Low,3.0,0.0,0.0,0.0,0.0,-1.0,1,1.0,Moderate,1,Moderate,1,0.0,1,1.0,MODERATE,Continue monitoring rainfall and historical flood conditions.
Rajasthan,1990.0,612.55,475.3136752136752,137.2363247863248,35.0613459667167,1.5,High,2.0,107.0,0.0,0.0,0.0,2.5,1,2.5,High,1,High,2,1.5,1,2.5,LOW,Routine monitoring recommended.
Rajasthan,1991.0,378.8,475.3136752136752,-96.5136752136752,-25.503919704375868,0.0,Low,4.0,17.0,0.0,0.0,200.0,1.0,1,1.0,Moderate,1,Moderate,1,0.0,1,1.0,MODERATE,Continue monitoring rainfall and historical flood conditions.
Rajasthan,1992.0,574.7,475.3136752136752,99.38632478632482,27.49432326268487,1.0,Moderate,14.0,17.0,0.0,0.0,0.0,-0.0714285714285714,1,2.0,High,1,High,2,1.0,1,2.0,HIGH,Increase monitoring and prepare local response resources.
Rajasthan,1993.0,444.35,475.3136752136752,-30.96367521367517,-4.775171756471573,0.0,Low,2.0,24.0,0.0,0.0,89.0,2.0,1,1.0,Moderate,1,Moderate,1,0.0,1,1.0,MODERATE,Continue monitoring rainfall and historical flood conditions.
Rajasthan,1994.0,627.35,475.3136752136752,152.03632478632483,34.54761296998262,1.5,High,12.0,46.0,5.0,0.0,0.0,0.9166666666666666,1,2.5,High,1,High,2,1.5,1,2.5,LOW,Routine monitoring recommended.
Rajasthan,1995.0,561.0999999999999,475.3136752136752,85.78632478632477,19.989741587616408,1.0,Moderate,16.0,85.0,26.0,0.0,0.0,0.75,1,2.0,High,1,High,2,1.0,1,2.0,HIGH,Increase monitoring and prepare local response resources.
Rajasthan,1996.0,511.8,475.3136752136752,36.486324786324815,6.850194020815096,0.0,Low,6.0,76.0,0.0,0.0,0.0,1.1666666666666667,1,1.0,Moderate,1,Moderate,1,0.0,1,1.0,MODERATE,Continue monitoring rainfall and historical flood conditions.
Rajasthan,1997.0,459.5,475.3136752136752,-15.813675213675197,2.3743549085477937,0.5,Moderate,5.0,61.0,38.0,0.0,0.0,1.0,1,1.5,Moderate,1,Moderate,1,0.5,1,1.5,LOW,Routine monitoring recommended.
Rajasthan,1998.0,377.7000000000001,475.3136752136752,-97.61367521367518,-16.231762453562247,0.0,Low,5.0,14.0,4.0,0.0,236.0,1.2,1,1.0,Moderate,1,Moderate,1,0.0,1,1.0,MODERATE,Continue monitoring rainfall and historical flood conditions.
Rajasthan,1999.0,306.35,475.3136752136752,-168.9636752136752,-34.165683731367025,0.0,Low,4.0,45.0,1.0,0.0,5100.0,1.75,1,1.0,Moderate,1,Moderate,1,0.0,1,1.0,MODERATE,Continue monitoring rainfall and historical flood conditions.
Rajasthan,2000.0,337.65,475.3136752136752,-137.66367521367516,-26.48913102126967,0.0,Low,4.0,28.0,1.0,0.0,0.0,0.5,1,1.0,Moderate,1,Moderate,1,0.0,1,1.0,MODERATE,Continue monitoring rainfall and historical flood conditions.
Rajasthan,2001.0,418.25,475.3136752136752,-57.06367521367516,-9.520229484881003,0.0,Low,7.0,6.0,15.0,0.0,300.0,-0.1428571428571428,1,1.0,Moderate,1,Moderate,1,0.0,1,1.0,MODERATE,Continue monitoring rainfall and historical flood conditions.
Rajasthan,2002.0,188.85,475.3136752136752,-286.4636752136752,-62.56361830727319,0.0,Low,0.0,0.0,0.0,0.0,0.0,,0,0.0,Low,1,Low,0,0.0,0,0.0,LOW,Routine monitoring recommended.
Rajasthan,2003.0,497.35,475.3136752136752,22.036324786324823,10.297947251943974,0.5,Moderate,12.0,70.0,4.0,0.0,0.0,0.4166666666666667,1,1.5,Moderate,1,Moderate,1,0.5,1,1.5,LOW,Routine monitoring recommended.
Rajasthan,2004.0,401.4500000000001,475.3136752136752,-73.86367521367518,-20.39295059909047,0.0,Low,4.0,13.0,3.0,0.0,0.0,1.0,1,1.0,Moderate,1,Moderate,1,0.0,1,1.0,MODERATE,Continue monitoring rainfall and historical flood conditions.
Rajasthan,2005.0,414.35,475.3136752136752,-60.9636752136752,-12.413223176751195,0.0,Low,9.0,17.0,5.0,0.0,37.0,0.3333333333333333,1,1.0,Moderate,1,Moderate,1,0.0,1,1.0,MODERATE,Continue monitoring rainfall and historical flood conditions.
Rajasthan,2006.0,554.85,475.3136752136752,79.5363247863248,18.41842062462788,1.0,Moderate,6.0,469.0,8.0,0.0,75000.0,1.1666666666666667,1,2.0,High,1,High,2,1.0,1,2.0,HIGH,Increase monitoring and prepare local response resources.
Rajasthan,2007.0,443.25,475.3136752136752,-32.06367521367517,-3.3193963369868293,0.0,Low,3.0,6.0,0.0,0.0,0.0,1.0,1,1.0,Moderate,1,Moderate,1,0.0,1,1.0,MODERATE,Continue monitoring rainfall and historical flood conditions.
Rajasthan,2008.0,484.35,475.3136752136752,9.036324786324826,4.189053300812715,0.0,Low,1.0,10.0,0.0,0.0,0.0,2.0,1,1.0,Moderate,1,Moderate,1,0.0,1,1.0,MODERATE,Continue monitoring rainfall and historical flood conditions.
Rajasthan,2009.0,287.25,475.3136752136752,-188.0636752136752,-41.19436169162094,0.0,Low,1.0,7.0,0.0,0.0,0.0,2.0,1,1.0,Moderate,1,Moderate,1,0.0,1,1.0,MODERATE,Continue monitoring rainfall and historical flood conditions.
Rajasthan,2010.0,581.3,475.3136752136752,105.9863247863248,32.94738902785237,1.5,High,6.0,22.0,55.0,0.0,48.0,0.6666666666666666,1,2.5,High,1,High,2,1.5,1,2.5,LOW,Routine monitoring recommended.
Rajasthan,2011.0,610.4,475.3136752136752,135.0863247863248,32.26601529069353,1.5,High,5.0,10.0,18.0,0.0,0.0,0.8,1,2.5,High,1,High,2,1.5,1,2.5,LOW,Routine monitoring recommended.
Rajasthan,2012.0,510.4500000000001,475.3136752136752,35.13632478632482,8.46494045111117,0.0,Low,1.0,2.0,0.0,0.0,0.0,1.0,1,1.0,Moderate,1,Moderate,1,0.0,1,1.0,MODERATE,Continue monitoring rainfall and historical flood conditions.
Rajasthan,2013.0,612.75,475.3136752136752,137.4363247863248,29.87463364371885,1.0,Moderate,3.0,10.0,0.0,0.0,0.0,1.3333333333333333,1,2.0,High,1,High,2,1.0,1,2.0,HIGH,Increase monitoring and prepare local response resources.
Rajasthan,2014.0,492.85,475.3136752136752,17.53632478632477,3.447594479650646,0.0,Low,4.0,24.0,0.0,0.0,0.0,1.25,1,1.0,Moderate,1,Moderate,1,0.0,1,1.0,MODERATE,Continue monitoring rainfall and historical flood conditions.
Rajasthan,2015.0,554.55,475.3136752136752,79.23632478632481,27.484016493148715,1.5,High,4.0,78.0,0.0,0.0,1431.0,2.0,1,2.5,High,1,High,2,1.5,1,2.5,LOW,Routine monitoring recommended.
Rajasthan,2016.0,603.8,475.3136752136752,128.4863247863248,24.532780515906683,1.0,Moderate,6.0,11.0,24.0,0.0,0.0,-0.5,1,2.0,High,1,High,2,1.0,1,2.0,HIGH,Increase monitoring and prepare local response resources.
Rajasthan,2017.0,504.3,475.3136752136752,28.986324786324783,15.12872026942506,1.0,Moderate,7.0,33.0,0.0,0.0,536.0,1.2857142857142858,1,2.0,High,1,High,2,1.0,1,2.0,HIGH,Increase monitoring and prepare local response resources.
Rajasthan,2018.0,,,,,,,7.0,26.0,5.0,0.0,0.0,1.1428571428571428,1,1.0,Moderate,0,Historical Flood Signal,2,0.0,1,1.0,MODERATE,Continue monitoring rainfall and historical flood conditions.
Rajasthan,2019.0,,,,,,,10.0,82.0,0.0,0.0,0.0,1.4,1,1.0,Moderate,0,Historical Flood Signal,2,0.0,1,1.0,MODERATE,Continue monitoring rainfall and historical flood conditions.
Rajasthan,2020.0,,,,,,,5.0,18.0,0.0,0.0,0.0,1.0,1,1.0,Moderate,0,Historical Flood Signal,2,0.0,1,1.0,MODERATE,Continue monitoring rainfall and historical flood conditions.
Rajasthan,2021.0,,,,,,,4.0,14.0,0.0,0.0,0.0,1.25,1,1.0,Moderate,0,Historical Flood Signal,2,0.0,1,1.0,MODERATE,Continue monitoring rainfall and historical flood conditions.
Rajasthan,2022.0,,,,,,,28.0,48.0,4.0,2.0,0.0,0.75,1,1.0,Moderate,0,Historical Flood Signal,2,0.0,1,1.0,MODERATE,Continue monitoring rainfall and historical flood conditions.
Rajasthan,2023.0,,,,,,,25.0,45.0,0.0,0.0,0.0,1.04,1,1.0,Moderate,0,Historical Flood Signal,2,0.0,1,1.0,MODERATE,Continue monitoring rainfall and historical flood conditions.
"Rajasthan, Bihar, Madhya Pradesh, Gujarat, Maharashtra, Uttar Pradesh",1973.0,,,,,,,1.0,90.0,0.0,0.0,0.0,3.0,1,1.0,Moderate,0,Historical Flood Signal,2,0.0,1,1.0,MODERATE,Continue monitoring rainfall and historical flood conditions.
"Rajasthan, Punjab, Uttar Pradesh",1973.0,,,,,,,1.0,79.0,0.0,0.0,0.0,3.0,1,1.0,Moderate,0,Historical Flood Signal,2,0.0,1,1.0,MODERATE,Continue monitoring rainfall and historical flood conditions.
Sikkim,1901.0,2113.2,2750.552991452992,-637.3529914529918,-23.17181284757969,0.0,Low,0.0,0.0,0.0,0.0,0.0,,0,0.0,Low,1,Low,0,0.0,0,0.0,LOW,Routine monitoring recommended.
Sikkim,1902.0,3180.4,2750.552991452992,429.8470085470085,15.627657779461284,1.0,Moderate,0.0,0.0,0.0,0.0,0.0,,0,1.0,Moderate,1,Moderate,1,1.0,0,1.0,MODERATE,Continue monitoring rainfall and historical flood conditions.
Sikkim,1903.0,2404.5,2750.552991452992,-346.0529914529916,-12.581215214842585,0.0,Low,0.0,0.0,0.0,0.0,0.0,,0,0.0,Low,1,Low,0,0.0,0,0.0,LOW,Routine monitoring recommended.
Sikkim,1904.0,2169.9,2750.552991452992,-580.6529914529915,-21.11040918889038,0.0,Low,0.0,0.0,0.0,0.0,0.0,,0,0.0,Low,1,Low,0,0.0,0,0.0,LOW,Routine monitoring recommended.
Sikkim,1905.0,3005.0,2750.552991452992,254.4470085470084,9.250758277977972,0.0,Low,0.0,0.0,0.0,0.0,0.0,,0,0.0,Low,1,Low,0,0.0,0,0.0,LOW,Routine monitoring recommended.
Sikkim,1906.0,2618.0,2750.552991452992,-132.5529914529916,-4.8191397099013855,0.0,Low,0.0,0.0,0.0,0.0,0.0,,0,0.0,Low,1,Low,0,0.0,0,0.0,LOW,Routine monitoring recommended.
Sikkim,1907.0,2530.0,2750.552991452992,-220.5529914529916,-8.018496358308063,0.0,Low,0.0,0.0,0.0,0.0,0.0,,0,0.0,Low,1,Low,0,0.0,0,0.0,LOW,Routine monitoring recommended.
Sikkim,1908.0,1988.2,2750.552991452992,-762.3529914529915,-27.71635354133916,0.0,Low,0.0,0.0,0.0,0.0,0.0,,0,0.0,Low,1,Low,0,0.0,0,0.0,LOW,Routine monitoring recommended.
Sikkim,1909.0,2670.1,2750.552991452992,-80.45299145299168,-2.9249751487424365,0.0,Low,0.0,0.0,0.0,0.0,0.0,,0,0.0,Low,1,Low,0,0.0,0,0.0,LOW,Routine monitoring recommended.
Sikkim,1910.0,3046.1,2750.552991452992,295.5470085470083,10.745003258086088,0.0,Low,0.0,0.0,0.0,0.0,0.0,,0,0.0,Low,1,Low,0,0.0,0,0.0,LOW,Routine monitoring recommended.
Sikkim,1911.0,3194.2,2750.552991452992,443.6470085470082,16.12937507205232,1.0,Moderate,0.0,0.0,0.0,0.0,0.0,,0,1.0,Moderate,1,Moderate,1,1.0,0,1.0,MODERATE,Continue monitoring rainfall and historical flood conditions.
Sikkim,1912.0,2793.6,2750.552991452992,43.04700854700832,1.5650310566919323,0.0,Low,0.0,0.0,0.0,0.0,0.0,,0,0.0,Low,1,Low,0,0.0,0,0.0,LOW,Routine monitoring recommended.
Sikkim,1913.0,2935.1,2750.552991452992,184.54700854700832,6.7094511220276685,0.0,Low,0.0,0.0,0.0,0.0,0.0,,0,0.0,Low,1,Low,0,0.0,0,0.0,LOW,Routine monitoring recommended.
Sikkim,1914.0,2414.1,2750.552991452992,-336.4529914529917,-12.232194489561858,0.0,Low,0.0,0.0,0.0,0.0,0.0,,0,0.0,Low,1,Low,0,0.0,0,0.0,LOW,Routine monitoring recommended.
Sikkim,1915.0,2504.9,2750.552991452992,-245.6529914529915,-8.931040129614964,0.0,Low,0.0,0.0,0.0,0.0,0.0,,0,0.0,Low,1,Low,0,0.0,0,0.0,LOW,Routine monitoring recommended.
Sikkim,1916.0,3476.8,2750.552991452992,726.2470085470086,26.40367267250377,1.0,Moderate,0.0,0.0,0.0,0.0,0.0,,0,1.0,Moderate,1,Moderate,1,1.0,0,1.0,MODERATE,Continue monitoring rainfall and historical flood conditions.
Sikkim,1917.0,2841.6,2750.552991452992,91.04700854700832,3.310134683095574,0.0,Low,0.0,0.0,0.0,0.0,0.0,,0,0.0,Low,1,Low,0,0.0,0,0.0,LOW,Routine monitoring recommended.
Sikkim,1918.0,2981.4,2750.552991452992,230.8470085470085,8.392748994996186,0.0,Low,0.0,0.0,0.0,0.0,0.0,,0,0.0,Low,1,Low,0,0.0,0,0.0,LOW,Routine monitoring recommended.
Sikkim,1919.0,2544.5,2750.552991452992,-206.0529914529916,-7.491329637831962,0.0,Low,0.0,0.0,0.0,0.0,0.0,,0,0.0,Low,1,Low,0,0.0,0,0.0,LOW,Routine monitoring recommended.
Sikkim,1920.0,2884.1,2750.552991452992,133.54700854700832,4.855278518973798,0.0,Low,0.0,0.0,0.0,0.0,0.0,,0,0.0,Low,1,Low,0,0.0,0,0.0,LOW,Routine monitoring recommended.
Sikkim,1921.0,3513.4,2750.552991452992,762.8470085470085,27.734314187636546,1.0,Moderate,0.0,0.0,0.0,0.0,0.0,,0,1.0,Moderate,1,Moderate,1,1.0,0,1.0,MODERATE,Continue monitoring rainfall and historical flood conditions.
Sikkim,1922.0,3001.9,2750.552991452992,251.3470085470085,9.13805366877274,0.0,Low,0.0,0.0,0.0,0.0,0.0,,0,0.0,Low,1,Low,0,0.0,0,0.0,LOW,Routine monitoring recommended.
Sikkim,1923.0,2489.0,2750.552991452992,-261.5529914529916,-9.509105705861172,0.0,Low,0.0,0.0,0.0,0.0,0.0,,0,0.0,Low,1,Low,0,0.0,0,0.0,LOW,Routine monitoring recommended.
Sikkim,1924.0,2950.9,2750.552991452992,200.3470085470085,7.283881065718872,0.0,Low,0.0,0.0,0.0,0.0,0.0,,0,0.0,Low,1,Low,0,0.0,0,0.0,LOW,Routine monitoring recommended.
Sikkim,1925.0,2886.6,2750.552991452992,136.04700854700832,4.946169332848989,0.0,Low,0.0,0.0,0.0,0.0,0.0,,0,0.0,Low,1,Low,0,0.0,0,0.0,LOW,Routine monitoring recommended.
Sikkim,1926.0,2637.7,2750.552991452992,-112.85299145299176,-4.1029200965648975,0.0,Low,0.0,0.0,0.0,0.0,0.0,,0,0.0,Low,1,Low,0,0.0,0,0.0,LOW,Routine monitoring recommended.
Sikkim,1927.0,2732.2,2750.552991452992,-18.352991452991773,-0.6672473320827288,0.0,Low,0.0,0.0,0.0,0.0,0.0,,0,0.0,Low,1,Low,0,0.0,0,0.0,LOW,Routine monitoring recommended.
Sikkim,1928.0,2868.9,2750.552991452992,118.3470085470085,4.302662370612651,0.0,Low,0.0,0.0,0.0,0.0,0.0,,0,0.0,Low,1,Low,0,0.0,0,0.0,LOW,Routine monitoring recommended.
Sikkim,1929.0,2931.3,2750.552991452992,180.7470085470086,6.571297084937388,0.0,Low,0.0,0.0,0.0,0.0,0.0,,0,0.0,Low,1,Low,0,0.0,0,0.0,LOW,Routine monitoring recommended.
Sikkim,1930.0,2184.5,2750.552991452992,-566.0529914529916,-20.57960683585928,0.0,Low,0.0,0.0,0.0,0.0,0.0,,0,0.0,Low,1,Low,0,0.0,0,0.0,LOW,Routine monitoring recommended.
Sikkim,1931.0,2876.5,2750.552991452992,125.9470085470084,4.578970444793225,0.0,Low,0.0,0.0,0.0,0.0,0.0,,0,0.0,Low,1,Low,0,0.0,0,0.0,LOW,Routine monitoring recommended.
Sikkim,1932.0,2715.6,2750.552991452992,-34.95299145299168,-1.2707623362139848,0.0,Low,0.0,0.0,0.0,0.0,0.0,,0,0.0,Low,1,Low,0,0.0,0,0.0,LOW,Routine monitoring recommended.
Sikkim,1933.0,2514.2,2750.552991452992,-236.35299145299177,-8.592926301999269,0.0,Low,0.0,0.0,0.0,0.0,0.0,,0,0.0,Low,1,Low,0,0.0,0,0.0,LOW,Routine monitoring recommended.
Sikkim,1934.0,2612.9,2750.552991452992,-137.6529914529915,-5.004556970206769,0.0,Low,0.0,0.0,0.0,0.0,0.0,,0,0.0,Low,1,Low,0,0.0,0,0.0,LOW,Routine monitoring recommended.
Sikkim,1935.0,2785.1,2750.552991452992,34.54700854700832,1.256002289516288,0.0,Low,0.0,0.0,0.0,0.0,0.0,,0,0.0,Low,1,Low,0,0.0,0,0.0,LOW,Routine monitoring recommended.
Sikkim,1936.0,2660.3,2750.552991452992,-90.2529914529914,-3.2812671391331705,0.0,Low,0.0,0.0,0.0,0.0,0.0,,0,0.0,Low,1,Low,0,0.0,0,0.0,LOW,Routine monitoring recommended.
Sikkim,1937.0,2568.4,2750.552991452992,-182.1529914529915,-6.622413457185146,0.0,Low,0.0,0.0,0.0,0.0,0.0,,0,0.0,Low,1,Low,0,0.0,0,0.0,LOW,Routine monitoring recommended.
Sikkim,1938.0,3249.3,2750.552991452992,498.7470085470086,18.13260860986152,1.0,Moderate,0.0,0.0,0.0,0.0,0.0,,0,1.0,Moderate,1,Moderate,1,1.0,0,1.0,MODERATE,Continue monitoring rainfall and historical flood conditions.
Sikkim,1939.0,2591.1,2750.552991452992,-159.45299145299168,-5.79712486719843,0.0,Low,0.0,0.0,0.0,0.0,0.0,,0,0.0,Low,1,Low,0,0.0,0,0.0,LOW,Routine monitoring recommended.
Sikkim,1940.0,2320.2,2750.552991452992,-430.3529914529918,-15.646053458713984,0.0,Low,0.0,0.0,0.0,0.0,0.0,,0,0.0,Low,1,Low,0,0.0,0,0.0,LOW,Routine monitoring recommended.
Sikkim,1941.0,2718.0,2750.552991452992,-32.55299145299159,-1.1835071548937994,0.0,Low,0.0,0.0,0.0,0.0,0.0,,0,0.0,Low,1,Low,0,0.0,0,0.0,LOW,Routine monitoring recommended.
Sikkim,1942.0,2365.4,2750.552991452992,-385.1529914529915,-14.002747543850546,0.0,Low,0.0,0.0,0.0,0.0,0.0,,0,0.0,Low,1,Low,0,0.0,0,0.0,LOW,Routine monitoring recommended.
Sikkim,1943.0,2917.6,2750.552991452992,167.04700854700832,6.073215424901339,0.0,Low,0.0,0.0,0.0,0.0,0.0,,0,0.0,Low,1,Low,0,0.0,0,0.0,LOW,Routine monitoring recommended.
Sikkim,1944.0,2583.2,2750.552991452992,-167.35299145299177,-6.084339839044032,0.0,Low,0.0,0.0,0.0,0.0,0.0,,0,0.0,Low,1,Low,0,0.0,0,0.0,LOW,Routine monitoring recommended.
Sikkim,1945.0,2755.4,2750.552991452992,4.8470085470085,0.1762194206790412,0.0,Low,0.0,0.0,0.0,0.0,0.0,,0,0.0,Low,1,Low,0,0.0,0,0.0,LOW,Routine monitoring recommended.
Sikkim,1946.0,2768.5,2750.552991452992,17.94700854700841,0.6524872853850316,0.0,Low,0.0,0.0,0.0,0.0,0.0,,0,0.0,Low,1,Low,0,0.0,0,0.0,LOW,Routine monitoring recommended.
Sikkim,1947.0,2534.1,2750.552991452992,-216.45299145299168,-7.869435423552754,0.0,Low,0.0,0.0,0.0,0.0,0.0,,0,0.0,Low,1,Low,0,0.0,0,0.0,LOW,Routine monitoring recommended.
Sikkim,1948.0,2936.6,2750.552991452992,186.04700854700832,6.763985610352781,0.0,Low,0.0,0.0,0.0,0.0,0.0,,0,0.0,Low,1,Low,0,0.0,0,0.0,LOW,Routine monitoring recommended.
Sikkim,1949.0,3287.7,2750.552991452992,537.1470085470082,19.52869151098441,1.0,Moderate,0.0,0.0,0.0,0.0,0.0,,0,1.0,Moderate,1,Moderate,1,1.0,0,1.0,MODERATE,Continue monitoring rainfall and historical flood conditions.
Sikkim,1950.0,2762.5,2750.552991452992,11.947008547008409,0.4343493320845765,0.0,Low,0.0,0.0,0.0,0.0,0.0,,0,0.0,Low,1,Low,0,0.0,0,0.0,LOW,Routine monitoring recommended.
Sikkim,1951.0,2683.1,2750.552991452992,-67.45299145299168,-2.4523429165914505,0.0,Low,0.0,0.0,0.0,0.0,0.0,,0,0.0,Low,1,Low,0,0.0,0,0.0,LOW,Routine monitoring recommended.
Sikkim,1952.0,3270.7,2750.552991452992,520.1470085470082,18.91063397663312,1.0,Moderate,0.0,0.0,0.0,0.0,0.0,,0,1.0,Moderate,1,Moderate,1,1.0,0,1.0,MODERATE,Continue monitoring rainfall and historical flood conditions.
Sikkim,1953.0,2594.0,2750.552991452992,-156.5529914529916,-5.691691523103207,0.0,Low,0.0,0.0,0.0,0.0,0.0,,0,0.0,Low,1,Low,0,0.0,0,0.0,LOW,Routine monitoring recommended.
Sikkim,1954.0,3055.6,2750.552991452992,305.0470085470083,11.09038835081181,0.0,Low,0.0,0.0,0.0,0.0,0.0,,0,0.0,Low,1,Low,0,0.0,0,0.0,LOW,Routine monitoring recommended.
Sikkim,1955.0,2992.9,2750.552991452992,242.3470085470085,8.81084673882206,0.0,Low,0.0,0.0,0.0,0.0,0.0,,0,0.0,Low,1,Low,0,0.0,0,0.0,LOW,Routine monitoring recommended.
Sikkim,1956.0,2885.5,2750.552991452992,134.9470085470084,4.906177374743908,0.0,Low,0.0,0.0,0.0,0.0,0.0,,0,0.0,Low,1,Low,0,0.0,0,0.0,LOW,Routine monitoring recommended.
Sikkim,1957.0,2225.5,2750.552991452992,-525.0529914529916,-19.088997488306163,0.0,Low,0.0,0.0,0.0,0.0,0.0,,0,0.0,Low,1,Low,0,0.0,0,0.0,LOW,Routine monitoring recommended.
Sikkim,1958.0,2820.3,2750.552991452992,69.74700854700859,2.5357449488789685,0.0,Low,0.0,0.0,0.0,0.0,0.0,,0,0.0,Low,1,Low,0,0.0,0,0.0,LOW,Routine monitoring recommended.
Sikkim,1959.0,2580.1,2750.552991452992,-170.45299145299168,-6.197044448249264,0.0,Low,0.0,0.0,0.0,0.0,0.0,,0,0.0,Low,1,Low,0,0.0,0,0.0,LOW,Routine monitoring recommended.
Sikkim,1960.0,2610.5,2750.552991452992,-140.0529914529916,-5.0918121515269545,0.0,Low,0.0,0.0,0.0,0.0,0.0,,0,0.0,Low,1,Low,0,0.0,0,0.0,LOW,Routine monitoring recommended.
Sikkim,1961.0,2304.2,2750.552991452992,-446.3529914529918,-16.2277546675152,0.0,Low,0.0,0.0,0.0,0.0,0.0,,0,0.0,Low,1,Low,0,0.0,0,0.0,LOW,Routine monitoring recommended.
Sikkim,1962.0,2521.7,2750.552991452992,-228.85299145299177,-8.320253860373699,0.0,Low,0.0,0.0,0.0,0.0,0.0,,0,0.0,Low,1,Low,0,0.0,0,0.0,LOW,Routine monitoring recommended.
Sikkim,1963.0,2604.7,2750.552991452992,-145.85299145299177,-5.302678839717402,0.0,Low,0.0,0.0,0.0,0.0,0.0,,0,0.0,Low,1,Low,0,0.0,0,0.0,LOW,Routine monitoring recommended.
Sikkim,1964.0,2981.4,2750.552991452992,230.8470085470085,8.392748994996186,0.0,Low,0.0,0.0,0.0,0.0,0.0,,0,0.0,Low,1,Low,0,0.0,0,0.0,LOW,Routine monitoring recommended.
Sikkim,1965.0,2762.7,2750.552991452992,12.147008547008229,0.4416205971945851,0.0,Low,0.0,0.0,0.0,0.0,0.0,,0,0.0,Low,1,Low,0,0.0,0,0.0,LOW,Routine monitoring recommended.
Sikkim,1966.0,2515.3,2750.552991452992,-235.2529914529914,-8.55293434389417,0.0,Low,0.0,0.0,0.0,0.0,0.0,,0,0.0,Low,1,Low,0,0.0,0,0.0,LOW,Routine monitoring recommended.
Sikkim,1967.0,2860.5,2750.552991452992,109.9470085470084,3.997269235992011,0.0,Low,0.0,0.0,0.0,0.0,0.0,,0,0.0,Low,1,Low,0,0.0,0,0.0,LOW,Routine monitoring recommended.
Sikkim,1968.0,3378.8,2750.552991452992,628.2470085470086,22.84075276859634,1.0,Moderate,1.0,0.0,0.0,0.0,0.0,-1.0,1,2.0,High,1,High,2,1.0,1,2.0,HIGH,Increase monitoring and prepare local response resources.
Sikkim,1969.0,2424.9,2750.552991452992,-325.6529914529915,-11.839546173621033,0.0,Low,0.0,0.0,0.0,0.0,0.0,,0,0.0,Low,1,Low,0,0.0,0,0.0,LOW,Routine monitoring recommended.
Sikkim,1970.0,2702.3,2750.552991452992,-48.25299145299141,-1.7543014660299838,0.0,Low,0.0,0.0,0.0,0.0,0.0,,0,0.0,Low,1,Low,0,0.0,0,0.0,LOW,Routine monitoring recommended.
Sikkim,1971.0,3226.8,2750.552991452992,476.2470085470086,17.314591284984807,1.0,Moderate,0.0,0.0,0.0,0.0,0.0,,0,1.0,Moderate,1,Moderate,1,1.0,0,1.0,MODERATE,Continue monitoring rainfall and historical flood conditions.
Sikkim,1972.0,2414.6,2750.552991452992,-335.9529914529917,-12.21401632678682,0.0,Low,0.0,0.0,0.0,0.0,0.0,,0,0.0,Low,1,Low,0,0.0,0,0.0,LOW,Routine monitoring recommended.
Sikkim,1973.0,2804.6,2750.552991452992,54.04700854700832,1.9649506377427672,0.0,Low,0.0,0.0,0.0,0.0,0.0,,0,0.0,Low,1,Low,0,0.0,0,0.0,LOW,Routine monitoring recommended.
Sikkim,1974.0,3341.6,2750.552991452992,591.0470085470083,21.488297458133506,1.0,Moderate,0.0,0.0,0.0,0.0,0.0,,0,1.0,Moderate,1,Moderate,1,1.0,0,1.0,MODERATE,Continue monitoring rainfall and historical flood conditions.
Sikkim,1975.0,2663.6,2750.552991452992,-86.95299145299168,-3.1612912648179297,0.0,Low,0.0,0.0,0.0,0.0,0.0,,0,0.0,Low,1,Low,0,0.0,0,0.0,LOW,Routine monitoring recommended.
Sikkim,1976.0,2793.9,2750.552991452992,43.3470085470085,1.575937954356962,0.0,Low,0.0,0.0,0.0,0.0,0.0,,0,0.0,Low,1,Low,0,0.0,0,0.0,LOW,Routine monitoring recommended.
Sikkim,1977.0,2906.5,2750.552991452992,155.9470085470084,5.6696602112955015,0.0,Low,0.0,0.0,0.0,0.0,0.0,,0,0.0,Low,1,Low,0,0.0,0,0.0,LOW,Routine monitoring recommended.
Sikkim,1978.0,2377.8,2750.552991452992,-372.7529914529914,-13.551929107029604,0.0,Low,0.0,0.0,0.0,0.0,0.0,,0,0.0,Low,1,Low,0,0.0,0,0.0,LOW,Routine monitoring recommended.
Sikkim,1979.0,2511.7,2750.552991452992,-238.85299145299177,-8.683817115874456,0.0,Low,1.0,2.0,0.0,0.0,0.0,1.0,1,1.0,Moderate,1,Moderate,1,0.0,1,1.0,MODERATE,Continue monitoring rainfall and historical flood conditions.
Sikkim,1980.0,3148.6,2750.552991452992,398.0470085470083,14.471526626968863,1.0,Moderate,1.0,0.0,0.0,0.0,0.0,-1.0,1,2.0,High,1,High,2,1.0,1,2.0,HIGH,Increase monitoring and prepare local response resources.
Sikkim,1981.0,2969.3,2750.552991452992,218.7470085470086,7.952837455840273,0.0,Low,0.0,0.0,0.0,0.0,0.0,,0,0.0,Low,1,Low,0,0.0,0,0.0,LOW,Routine monitoring recommended.
Sikkim,1982.0,2337.7,2750.552991452992,-412.8529914529918,-15.009817761587655,0.0,Low,0.0,0.0,0.0,0.0,0.0,,0,0.0,Low,1,Low,0,0.0,0,0.0,LOW,Routine monitoring recommended.
Sikkim,1983.0,2838.8,2750.552991452992,88.24700854700859,3.208336971555372,0.0,Low,1.0,113.0,0.0,0.0,0.0,4.0,1,1.0,Moderate,1,Moderate,1,0.0,1,1.0,MODERATE,Continue monitoring rainfall and historical flood conditions.
Sikkim,1984.0,2748.4,2750.552991452992,-2.1529914529915004,-0.0782748581714898,0.0,Low,0.0,0.0,0.0,0.0,0.0,,0,0.0,Low,1,Low,0,0.0,0,0.0,LOW,Routine monitoring recommended.
Sikkim,1985.0,3037.9,2750.552991452992,287.3470085470085,10.446881388575472,0.0,Low,0.0,0.0,0.0,0.0,0.0,,0,0.0,Low,1,Low,0,0.0,0,0.0,LOW,Routine monitoring recommended.
Sikkim,1986.0,2365.4,2750.552991452992,-385.1529914529915,-14.002747543850546,0.0,Low,0.0,0.0,0.0,0.0,0.0,,0,0.0,Low,1,Low,0,0.0,0,0.0,LOW,Routine monitoring recommended.
Sikkim,1987.0,3185.5,2750.552991452992,434.9470085470084,15.813075039766666,1.0,Moderate,0.0,0.0,0.0,0.0,0.0,,0,1.0,Moderate,1,Moderate,1,1.0,0,1.0,MODERATE,Continue monitoring rainfall and historical flood conditions.
Sikkim,1988.0,3141.4,2750.552991452992,390.8470085470085,14.209761083008324,1.0,Moderate,0.0,0.0,0.0,0.0,0.0,,0,1.0,Moderate,1,Moderate,1,1.0,0,1.0,MODERATE,Continue monitoring rainfall and historical flood conditions.
Sikkim,1989.0,2854.6,2750.552991452992,104.04700854700832,3.78276691524656,0.0,Low,0.0,0.0,0.0,0.0,0.0,,0,0.0,Low,1,Low,0,0.0,0,0.0,LOW,Routine monitoring recommended.
Sikkim,1990.0,3565.3,2750.552991452992,814.7470085470086,29.621207483685485,1.0,Moderate,2.0,37.0,0.0,0.0,0.0,1.0,1,2.0,High,1,High,2,1.0,1,2.0,HIGH,Increase monitoring and prepare local response resources.
Sikkim,1991.0,3072.4,2750.552991452992,321.8470085470085,11.70117462005309,0.0,Low,1.0,0.0,0.0,0.0,0.0,-1.0,1,1.0,Moderate,1,Moderate,1,0.0,1,1.0,MODERATE,Continue monitoring rainfall and historical flood conditions.
Sikkim,1992.0,2358.8,2750.552991452992,-391.7529914529914,-14.242699292481042,0.0,Low,3.0,2.0,0.0,0.0,0.0,-0.3333333333333333,1,1.0,Moderate,1,Moderate,1,0.0,1,1.0,MODERATE,Continue monitoring rainfall and historical flood conditions.
Sikkim,1993.0,2895.9,2750.552991452992,145.3470085470085,5.2842831604647,0.0,Low,1.0,7.0,0.0,0.0,0.0,2.0,1,1.0,Moderate,1,Moderate,1,0.0,1,1.0,MODERATE,Continue monitoring rainfall and historical flood conditions.
Sikkim,1994.0,2127.3,2750.552991452992,-623.2529914529914,-22.659188657323607,0.0,Low,0.0,0.0,0.0,0.0,0.0,,0,0.0,Low,1,Low,0,0.0,0,0.0,LOW,Routine monitoring recommended.
Sikkim,1995.0,3557.8,2750.552991452992,807.2470085470086,29.34853504205992,1.0,Moderate,1.0,24.0,0.0,0.0,0.0,2.0,1,2.0,High,1,High,2,1.0,1,2.0,HIGH,Increase monitoring and prepare local response resources.
Sikkim,1996.0,2800.3,2750.552991452992,49.74700854700859,1.808618437877451,0.0,Low,1.0,7.0,0.0,0.0,0.0,2.0,1,1.0,Moderate,1,Moderate,1,0.0,1,1.0,MODERATE,Continue monitoring rainfall and historical flood conditions.
Sikkim,1997.0,2551.4,2750.552991452992,-199.1529914529915,-7.240470991536435,0.0,Low,2.0,75.0,60.0,0.0,0.0,1.0,1,1.0,Moderate,1,Moderate,1,0.0,1,1.0,MODERATE,Continue monitoring rainfall and historical flood conditions.
Sikkim,1998.0,3655.1,2750.552991452992,904.5470085470084,32.88600551808229,1.0,Moderate,3.0,26.0,18.0,0.0,40.0,1.0,1,2.0,High,1,High,2,1.0,1,2.0,HIGH,Increase monitoring and prepare local response resources.
Sikkim,1999.0,3323.3,2750.552991452992,572.7470085470086,20.82297670056713,1.0,Moderate,0.0,0.0,0.0,0.0,0.0,,0,1.0,Moderate,1,Moderate,1,1.0,0,1.0,MODERATE,Continue monitoring rainfall and historical flood conditions.
Sikkim,2000.0,2908.0,2750.552991452992,157.4470085470084,5.724194699620615,0.0,Low,1.0,5.0,8.0,0.0,0.0,2.0,1,1.0,Moderate,1,Moderate,1,0.0,1,1.0,MODERATE,Continue monitoring rainfall and historical flood conditions.
Sikkim,2001.0,2612.6,2750.552991452992,-137.95299145299168,-5.015463867871799,0.0,Low,0.0,0.0,0.0,0.0,0.0,,0,0.0,Low,1,Low,0,0.0,0,0.0,LOW,Routine monitoring recommended.
Sikkim,2002.0,2547.0,2750.552991452992,-203.5529914529916,-7.4004388239567716,0.0,Low,1.0,4.0,0.0,0.0,0.0,1.0,1,1.0,Moderate,1,Moderate,1,0.0,1,1.0,MODERATE,Continue monitoring rainfall and historical flood conditions.
Sikkim,2003.0,2723.3,2750.552991452992,-27.25299145299141,-0.9908186294783908,0.0,Low,0.0,0.0,0.0,0.0,0.0,,0,0.0,Low,1,Low,0,0.0,0,0.0,LOW,Routine monitoring recommended.
Sikkim,2004.0,2714.7,2750.552991452992,-35.85299145299177,-1.3034830292090565,0.0,Low,0.0,0.0,0.0,0.0,0.0,,0,0.0,Low,1,Low,0,0.0,0,0.0,LOW,Routine monitoring recommended.
Sikkim,2005.0,2807.7,2750.552991452992,57.14700854700823,2.077655246947999,0.0,Low,0.0,0.0,0.0,0.0,0.0,,0,0.0,Low,1,Low,0,0.0,0,0.0,LOW,Routine monitoring recommended.
Sikkim,2006.0,2262.1,2750.552991452992,-488.4529914529917,-17.75835597317339,0.0,Low,0.0,0.0,0.0,0.0,0.0,,0,0.0,Low,1,Low,0,0.0,0,0.0,LOW,Routine monitoring recommended.
Sikkim,2007.0,2638.9,2750.552991452992,-111.6529914529915,-4.059292505904797,0.0,Low,7.0,4.0,0.0,0.0,0.0,-0.4285714285714285,1,1.0,Moderate,1,Moderate,1,0.0,1,1.0,MODERATE,Continue monitoring rainfall and historical flood conditions.
Sikkim,2008.0,2689.9,2750.552991452992,-60.6529914529915,-2.205119902850928,0.0,Low,0.0,0.0,0.0,0.0,0.0,,0,0.0,Low,1,Low,0,0.0,0,0.0,LOW,Routine monitoring recommended.
Sikkim,2009.0,2324.6,2750.552991452992,-425.9529914529917,-15.486085626293647,0.0,Low,0.0,0.0,0.0,0.0,0.0,,0,0.0,Low,1,Low,0,0.0,0,0.0,LOW,Routine monitoring recommended.
Sikkim,2010.0,2612.3,2750.552991452992,-138.2529914529914,-5.026370765536812,0.0,Low,3.0,0.0,0.0,0.0,0.0,-1.0,1,1.0,Moderate,1,Moderate,1,0.0,1,1.0,MODERATE,Continue monitoring rainfall and historical flood conditions.
Sikkim,2011.0,2418.7,2750.552991452992,-331.8529914529918,-12.064955392031512,0.0,Low,2.0,0.0,0.0,0.0,0.0,-1.0,1,1.0,Moderate,1,Moderate,1,0.0,1,1.0,MODERATE,Continue monitoring rainfall and historical flood conditions.
Sikkim,2012.0,2632.2,2750.552991452992,-118.35299145299176,-4.302879887090316,0.0,Low,2.0,25.0,5.0,0.0,0.0,2.0,1,1.0,Moderate,1,Moderate,1,0.0,1,1.0,MODERATE,Continue monitoring rainfall and historical flood conditions.
Sikkim,2013.0,2406.1,2750.552991452992,-344.4529914529917,-12.523045093962464,0.0,Low,0.0,0.0,0.0,0.0,0.0,,0,0.0,Low,1,Low,0,0.0,0,0.0,LOW,Routine monitoring recommended.
Sikkim,2014.0,2322.6,2750.552991452992,-427.9529914529917,-15.558798277393802,0.0,Low,0.0,0.0,0.0,0.0,0.0,,0,0.0,Low,1,Low,0,0.0,0,0.0,LOW,Routine monitoring recommended.
Sikkim,2015.0,2518.6,2750.552991452992,-231.95299145299168,-8.43295846957893,0.0,Low,2.0,59.0,0.0,0.0,0.0,2.5,1,1.0,Moderate,1,Moderate,1,0.0,1,1.0,MODERATE,Continue monitoring rainfall and historical flood conditions.
Sikkim,2016.0,2624.8,2750.552991452992,-125.7529914529914,-4.571916696160863,0.0,Low,0.0,0.0,0.0,0.0,0.0,,0,0.0,Low,1,Low,0,0.0,0,0.0,LOW,Routine monitoring recommended.
Sikkim,2017.0,2684.9,2750.552991452992,-65.6529914529915,-2.386901530601308,0.0,Low,1.0,3.0,2.0,0.0,0.0,1.0,1,1.0,Moderate,1,Moderate,1,0.0,1,1.0,MODERATE,Continue monitoring rainfall and historical flood conditions.
Sikkim,2019.0,,,,,,,4.0,1.0,0.0,0.0,1.0,-0.5,1,1.0,Moderate,0,Historical Flood Signal,2,0.0,1,1.0,MODERATE,Continue monitoring rainfall and historical flood conditions.
Sikkim,2020.0,,,,,,,5.0,5.0,5.0,2.0,2.0,0.2,1,1.0,Moderate,0,Historical Flood Signal,2,0.0,1,1.0,MODERATE,Continue monitoring rainfall and historical flood conditions.
Sikkim,2021.0,,,,,,,5.0,2.0,0.0,0.0,0.0,-0.2,1,1.0,Moderate,0,Historical Flood Signal,2,0.0,1,1.0,MODERATE,Continue monitoring rainfall and historical flood conditions.
Sikkim,2022.0,,,,,,,9.0,7.0,10.0,0.0,0.0,0.1111111111111111,1,1.0,Moderate,0,Historical Flood Signal,2,0.0,1,1.0,MODERATE,Continue monitoring rainfall and historical flood conditions.
Sikkim,2023.0,,,,,,,4.0,2.0,0.0,0.0,0.0,0.0,1,1.0,Moderate,0,Historical Flood Signal,2,0.0,1,1.0,MODERATE,Continue monitoring rainfall and historical flood conditions.
Tamil Nadu,1901.0,960.3,940.4700854700856,19.829914529914504,2.1085109283409795,0.0,Low,0.0,0.0,0.0,0.0,0.0,,0,0.0,Low,1,Low,0,0.0,0,0.0,LOW,Routine monitoring recommended.
Tamil Nadu,1902.0,1138.2,940.4700854700856,197.7299145299146,21.02458308719953,1.0,Moderate,0.0,0.0,0.0,0.0,0.0,,0,1.0,Moderate,1,Moderate,1,1.0,0,1.0,MODERATE,Continue monitoring rainfall and historical flood conditions.
Tamil Nadu,1903.0,1163.9,940.4700854700856,223.42991452991464,23.7572590539374,1.0,Moderate,0.0,0.0,0.0,0.0,0.0,,0,1.0,Moderate,1,Moderate,1,1.0,0,1.0,MODERATE,Continue monitoring rainfall and historical flood conditions.
Tamil Nadu,1904.0,663.1,940.4700854700856,-277.3700854700854,-29.49270686599718,0.0,Low,0.0,0.0,0.0,0.0,0.0,,0,0.0,Low,1,Low,0,0.0,0,0.0,LOW,Routine monitoring recommended.
Tamil Nadu,1905.0,821.1,940.4700854700856,-119.37008547008544,-12.69259780978779,0.0,Low,0.0,0.0,0.0,0.0,0.0,,0,0.0,Low,1,Low,0,0.0,0,0.0,LOW,Routine monitoring recommended.
Tamil Nadu,1906.0,990.2,940.4700854700856,49.7299145299146,5.287772072522387,0.0,Low,0.0,0.0,0.0,0.0,0.0,,0,0.0,Low,1,Low,0,0.0,0,0.0,LOW,Routine monitoring recommended.
Tamil Nadu,1907.0,885.6,940.4700854700856,-54.87008547008543,-5.834325441904844,0.0,Low,0.0,0.0,0.0,0.0,0.0,,0,0.0,Low,1,Low,0,0.0,0,0.0,LOW,Routine monitoring recommended.
Tamil Nadu,1908.0,765.0,940.4700854700856,-175.47008547008545,-18.65769982278366,0.0,Low,0.0,0.0,0.0,0.0,0.0,,0,0.0,Low,1,Low,0,0.0,0,0.0,LOW,Routine monitoring recommended.
Tamil Nadu,1909.0,954.6,940.4700854700856,14.129914529914572,1.5024310446676103,0.0,Low,0.0,0.0,0.0,0.0,0.0,,0,0.0,Low,1,Low,0,0.0,0,0.0,LOW,Routine monitoring recommended.
Tamil Nadu,1910.0,943.7,940.4700854700856,3.229914529914595,0.3434361793974713,0.0,Low,0.0,0.0,0.0,0.0,0.0,,0,0.0,Low,1,Low,0,0.0,0,0.0,LOW,Routine monitoring recommended.
Tamil Nadu,1911.0,814.9,940.4700854700856,-125.57008547008547,-13.351842595537782,0.0,Low,0.0,0.0,0.0,0.0,0.0,,0,0.0,Low,1,Low,0,0.0,0,0.0,LOW,Routine monitoring recommended.
Tamil Nadu,1912.0,904.1,940.4700854700856,-36.37008547008543,-3.8672240650702,0.0,Low,0.0,0.0,0.0,0.0,0.0,,0,0.0,Low,1,Low,0,0.0,0,0.0,LOW,Routine monitoring recommended.
Tamil Nadu,1913.0,878.8,940.4700854700856,-61.670085470085496,-6.557368110146775,0.0,Low,0.0,0.0,0.0,0.0,0.0,,0,0.0,Low,1,Low,0,0.0,0,0.0,LOW,Routine monitoring recommended.
Tamil Nadu,1914.0,953.3,940.4700854700856,12.829914529914504,1.364202299268412,0.0,Low,0.0,0.0,0.0,0.0,0.0,,0,0.0,Low,1,Low,0,0.0,0,0.0,LOW,Routine monitoring recommended.
Tamil Nadu,1915.0,988.5,940.4700854700856,48.02991452991455,5.1070114054619005,0.0,Low,0.0,0.0,0.0,0.0,0.0,,0,0.0,Low,1,Low,0,0.0,0,0.0,LOW,Routine monitoring recommended.
Tamil Nadu,1916.0,897.4,940.4700854700856,-43.07008547008547,-4.579633752896807,0.0,Low,0.0,0.0,0.0,0.0,0.0,,0,0.0,Low,1,Low,0,0.0,0,0.0,LOW,Routine monitoring recommended.
Tamil Nadu,1917.0,948.3,940.4700854700856,7.829914529914504,0.832553278502292,0.0,Low,0.0,0.0,0.0,0.0,0.0,,0,0.0,Low,1,Low,0,0.0,0,0.0,LOW,Routine monitoring recommended.
Tamil Nadu,1918.0,871.7,940.4700854700856,-68.7700854700854,-7.312309719634655,0.0,Low,0.0,0.0,0.0,0.0,0.0,,0,0.0,Low,1,Low,0,0.0,0,0.0,LOW,Routine monitoring recommended.
Tamil Nadu,1919.0,1028.6,940.4700854700856,88.12991452991446,9.370836552006171,0.0,Low,0.0,0.0,0.0,0.0,0.0,,0,0.0,Low,1,Low,0,0.0,0,0.0,LOW,Routine monitoring recommended.
Tamil Nadu,1920.0,1154.2,940.4700854700856,213.7299145299146,22.72585995365112,1.0,Moderate,0.0,0.0,0.0,0.0,0.0,,0,1.0,Moderate,1,Moderate,1,1.0,0,1.0,MODERATE,Continue monitoring rainfall and historical flood conditions.
Tamil Nadu,1921.0,979.4,940.4700854700856,38.92991452991453,4.13941018766756,0.0,Low,0.0,0.0,0.0,0.0,0.0,,0,0.0,Low,1,Low,0,0.0,0,0.0,LOW,Routine monitoring recommended.
Tamil Nadu,1922.0,1080.5,940.4700854700856,140.02991452991455,14.889353387558508,1.0,Moderate,0.0,0.0,0.0,0.0,0.0,,0,1.0,Moderate,1,Moderate,1,1.0,0,1.0,MODERATE,Continue monitoring rainfall and historical flood conditions.
Tamil Nadu,1923.0,834.1,940.4700854700856,-106.37008547008544,-11.31031035579588,0.0,Low,0.0,0.0,0.0,0.0,0.0,,0,0.0,Low,1,Low,0,0.0,0,0.0,LOW,Routine monitoring recommended.
Tamil Nadu,1924.0,895.1,940.4700854700856,-45.37008547008543,-4.824192302449217,0.0,Low,0.0,0.0,0.0,0.0,0.0,,0,0.0,Low,1,Low,0,0.0,0,0.0,LOW,Routine monitoring recommended.
Tamil Nadu,1925.0,1013.3,940.4700854700856,72.8299145299145,7.74399054846185,0.0,Low,0.0,0.0,0.0,0.0,0.0,,0,0.0,Low,1,Low,0,0.0,0,0.0,LOW,Routine monitoring recommended.
Tamil Nadu,1926.0,815.6,940.4700854700856,-124.87008547008544,-13.277411732630522,0.0,Low,0.0,0.0,0.0,0.0,0.0,,0,0.0,Low,1,Low,0,0.0,0,0.0,LOW,Routine monitoring recommended.
Tamil Nadu,1927.0,829.9,940.4700854700856,-110.57008547008547,-11.756895533239424,0.0,Low,0.0,0.0,0.0,0.0,0.0,,0,0.0,Low,1,Low,0,0.0,0,0.0,LOW,Routine monitoring recommended.
Tamil Nadu,1928.0,970.8,940.4700854700856,30.329914529914504,3.224973871949832,0.0,Low,0.0,0.0,0.0,0.0,0.0,,0,0.0,Low,1,Low,0,0.0,0,0.0,LOW,Routine monitoring recommended.
Tamil Nadu,1929.0,977.7,940.4700854700856,37.2299145299146,3.958649520607087,0.0,Low,0.0,0.0,0.0,0.0,0.0,,0,0.0,Low,1,Low,0,0.0,0,0.0,LOW,Routine monitoring recommended.
Tamil Nadu,1930.0,1275.4,940.4700854700856,334.92991452991464,35.61303221702187,2.0,High,0.0,0.0,0.0,0.0,0.0,,0,2.0,High,1,High,2,2.0,0,2.0,HIGH,Increase monitoring and prepare local response resources.
Tamil Nadu,1931.0,1039.8,940.4700854700856,99.3299145299145,10.561730358522285,0.0,Low,0.0,0.0,0.0,0.0,0.0,,0,0.0,Low,1,Low,0,0.0,0,0.0,LOW,Routine monitoring recommended.
Tamil Nadu,1932.0,1109.8,940.4700854700856,169.3299145299145,18.004816649247964,1.0,Moderate,0.0,0.0,0.0,0.0,0.0,,0,1.0,Moderate,1,Moderate,1,1.0,0,1.0,MODERATE,Continue monitoring rainfall and historical flood conditions.
Tamil Nadu,1933.0,1010.9,940.4700854700856,70.42991452991453,7.488799018494115,0.0,Low,0.0,0.0,0.0,0.0,0.0,,0,0.0,Low,1,Low,0,0.0,0,0.0,LOW,Routine monitoring recommended.
Tamil Nadu,1934.0,839.7,940.4700854700856,-100.7700854700854,-10.714863452537822,0.0,Low,0.0,0.0,0.0,0.0,0.0,,0,0.0,Low,1,Low,0,0.0,0,0.0,LOW,Routine monitoring recommended.
Tamil Nadu,1935.0,893.9,940.4700854700856,-46.57008547008547,-4.95178806743309,0.0,Low,0.0,0.0,0.0,0.0,0.0,,0,0.0,Low,1,Low,0,0.0,0,0.0,LOW,Routine monitoring recommended.
Tamil Nadu,1936.0,944.5,940.4700854700856,4.029914529914549,0.4285000227200457,0.0,Low,0.0,0.0,0.0,0.0,0.0,,0,0.0,Low,1,Low,0,0.0,0,0.0,LOW,Routine monitoring recommended.
Tamil Nadu,1937.0,1020.1,940.4700854700856,79.62991452991457,8.467033216703781,0.0,Low,0.0,0.0,0.0,0.0,0.0,,0,0.0,Low,1,Low,0,0.0,0,0.0,LOW,Routine monitoring recommended.
Tamil Nadu,1938.0,783.2,940.4700854700856,-157.2700854700854,-16.722497387194977,0.0,Low,0.0,0.0,0.0,0.0,0.0,,0,0.0,Low,1,Low,0,0.0,0,0.0,LOW,Routine monitoring recommended.
Tamil Nadu,1939.0,1055.8,940.4700854700856,115.3299145299145,12.263007224973869,1.0,Moderate,0.0,0.0,0.0,0.0,0.0,,0,1.0,Moderate,1,Moderate,1,1.0,0,1.0,MODERATE,Continue monitoring rainfall and historical flood conditions.
Tamil Nadu,1940.0,1178.5,940.4700854700856,238.0299145299145,25.30967419457445,1.0,Moderate,0.0,0.0,0.0,0.0,0.0,,0,1.0,Moderate,1,Moderate,1,1.0,0,1.0,MODERATE,Continue monitoring rainfall and historical flood conditions.
Tamil Nadu,1941.0,1006.9,940.4700854700856,66.42991452991453,7.06347980188122,0.0,Low,0.0,0.0,0.0,0.0,0.0,,0,0.0,Low,1,Low,0,0.0,0,0.0,LOW,Routine monitoring recommended.
Tamil Nadu,1942.0,847.3,940.4700854700856,-93.1700854700855,-9.90675694097333,0.0,Low,0.0,0.0,0.0,0.0,0.0,,0,0.0,Low,1,Low,0,0.0,0,0.0,LOW,Routine monitoring recommended.
Tamil Nadu,1943.0,1187.3,940.4700854700856,246.8299145299145,26.24537647112282,1.0,Moderate,0.0,0.0,0.0,0.0,0.0,,0,1.0,Moderate,1,Moderate,1,1.0,0,1.0,MODERATE,Continue monitoring rainfall and historical flood conditions.
Tamil Nadu,1944.0,1227.6,940.4700854700856,287.12991452991446,30.530467578497746,1.0,Moderate,0.0,0.0,0.0,0.0,0.0,,0,1.0,Moderate,1,Moderate,1,1.0,0,1.0,MODERATE,Continue monitoring rainfall and historical flood conditions.
Tamil Nadu,1945.0,784.0,940.4700854700856,-156.47008547008545,-16.6374335438724,0.0,Low,0.0,0.0,0.0,0.0,0.0,,0,0.0,Low,1,Low,0,0.0,0,0.0,LOW,Routine monitoring recommended.
Tamil Nadu,1946.0,1294.1,940.4700854700856,353.62991452991446,37.601399554687134,2.0,High,0.0,0.0,0.0,0.0,0.0,,0,2.0,High,1,High,2,2.0,0,2.0,HIGH,Increase monitoring and prepare local response resources.
Tamil Nadu,1947.0,939.5,940.4700854700856,-0.9700854700854508,-0.1031489980460741,0.0,Low,0.0,0.0,0.0,0.0,0.0,,0,0.0,Low,1,Low,0,0.0,0,0.0,LOW,Routine monitoring recommended.
Tamil Nadu,1948.0,906.7,940.4700854700856,-33.770085470085405,-3.590766574271816,0.0,Low,0.0,0.0,0.0,0.0,0.0,,0,0.0,Low,1,Low,0,0.0,0,0.0,LOW,Routine monitoring recommended.
Tamil Nadu,1949.0,840.7,940.4700854700856,-99.7700854700854,-10.608533648384595,0.0,Low,0.0,0.0,0.0,0.0,0.0,,0,0.0,Low,1,Low,0,0.0,0,0.0,LOW,Routine monitoring recommended.
Tamil Nadu,1950.0,747.5,940.4700854700856,-192.97008547008545,-20.51847139546508,0.0,Low,0.0,0.0,0.0,0.0,0.0,,0,0.0,Low,1,Low,0,0.0,0,0.0,LOW,Routine monitoring recommended.
Tamil Nadu,1951.0,855.1,940.4700854700856,-85.37008547008543,-9.077384468578176,0.0,Low,0.0,0.0,0.0,0.0,0.0,,0,0.0,Low,1,Low,0,0.0,0,0.0,LOW,Routine monitoring recommended.
Tamil Nadu,1952.0,716.4,940.4700854700856,-224.07008547008547,-23.825328304630347,0.0,Low,0.0,0.0,0.0,0.0,0.0,,0,0.0,Low,1,Low,0,0.0,0,0.0,LOW,Routine monitoring recommended.
Tamil Nadu,1953.0,968.0,940.4700854700856,27.52991452991455,2.927250420320809,0.0,Low,0.0,0.0,0.0,0.0,0.0,,0,0.0,Low,1,Low,0,0.0,0,0.0,LOW,Routine monitoring recommended.
Tamil Nadu,1954.0,1016.3,940.4700854700856,75.8299145299145,8.062979960921522,0.0,Low,0.0,0.0,0.0,0.0,0.0,,0,0.0,Low,1,Low,0,0.0,0,0.0,LOW,Routine monitoring recommended.
Tamil Nadu,1955.0,1060.6,940.4700854700856,120.12991452991446,12.77339028490934,1.0,Moderate,0.0,0.0,0.0,0.0,0.0,,0,1.0,Moderate,1,Moderate,1,1.0,0,1.0,MODERATE,Continue monitoring rainfall and historical flood conditions.
Tamil Nadu,1956.0,989.7,940.4700854700856,49.2299145299146,5.234607170445774,0.0,Low,0.0,0.0,0.0,0.0,0.0,,0,0.0,Low,1,Low,0,0.0,0,0.0,LOW,Routine monitoring recommended.
Tamil Nadu,1957.0,866.9,940.4700854700856,-73.57008547008547,-7.822692779570136,0.0,Low,0.0,0.0,0.0,0.0,0.0,,0,0.0,Low,1,Low,0,0.0,0,0.0,LOW,Routine monitoring recommended.
Tamil Nadu,1958.0,852.5,940.4700854700856,-87.97008547008545,-9.35384195937656,0.0,Low,0.0,0.0,0.0,0.0,0.0,,0,0.0,Low,1,Low,0,0.0,0,0.0,LOW,Routine monitoring recommended.
Tamil Nadu,1959.0,894.3,940.4700854700856,-46.170085470085496,-4.909256145771803,0.0,Low,0.0,0.0,0.0,0.0,0.0,,0,0.0,Low,1,Low,0,0.0,0,0.0,LOW,Routine monitoring recommended.
Tamil Nadu,1960.0,1013.9,940.4700854700856,73.42991452991453,7.807788430953787,0.0,Low,0.0,0.0,0.0,0.0,0.0,,0,0.0,Low,1,Low,0,0.0,0,0.0,LOW,Routine monitoring recommended.
Tamil Nadu,1961.0,910.7,940.4700854700856,-29.770085470085405,-3.16544735765892,0.0,Low,0.0,0.0,0.0,0.0,0.0,,0,0.0,Low,1,Low,0,0.0,0,0.0,LOW,Routine monitoring recommended.
Tamil Nadu,1962.0,941.6,940.4700854700856,1.129914529914572,0.1201435906756985,0.0,Low,0.0,0.0,0.0,0.0,0.0,,0,0.0,Low,1,Low,0,0.0,0,0.0,LOW,Routine monitoring recommended.
Tamil Nadu,1963.0,1072.8,940.4700854700856,132.3299145299145,14.070613895578676,1.0,Moderate,0.0,0.0,0.0,0.0,0.0,,0,1.0,Moderate,1,Moderate,1,1.0,0,1.0,MODERATE,Continue monitoring rainfall and historical flood conditions.
Tamil Nadu,1964.0,910.6,940.4700854700856,-29.870085470085428,-3.176080338074245,0.0,Low,0.0,0.0,0.0,0.0,0.0,,0,0.0,Low,1,Low,0,0.0,0,0.0,LOW,Routine monitoring recommended.
Tamil Nadu,1965.0,921.8,940.4700854700856,-18.670085470085496,-1.9851865315581432,0.0,Low,0.0,0.0,0.0,0.0,0.0,,0,0.0,Low,1,Low,0,0.0,0,0.0,LOW,Routine monitoring recommended.
Tamil Nadu,1966.0,1166.9,940.4700854700856,226.42991452991464,24.076248466397068,1.0,Moderate,0.0,0.0,0.0,0.0,0.0,,0,1.0,Moderate,1,Moderate,1,1.0,0,1.0,MODERATE,Continue monitoring rainfall and historical flood conditions.
Tamil Nadu,1967.0,899.1,940.4700854700856,-41.37008547008543,-4.39887308583632,0.0,Low,0.0,0.0,0.0,0.0,0.0,,0,0.0,Low,1,Low,0,0.0,0,0.0,LOW,Routine monitoring recommended.
Tamil Nadu,1968.0,789.4,940.4700854700856,-151.07008547008547,-16.063252601444997,0.0,Low,0.0,0.0,0.0,0.0,0.0,,0,0.0,Low,1,Low,0,0.0,0,0.0,LOW,Routine monitoring recommended.
Tamil Nadu,1969.0,961.8,940.4700854700856,21.329914529914504,2.2680056345708155,0.0,Low,1.0,0.0,0.0,0.0,0.0,-1.0,1,1.0,Moderate,1,Moderate,1,0.0,1,1.0,MODERATE,Continue monitoring rainfall and historical flood conditions.
Tamil Nadu,1970.0,942.1,940.4700854700856,1.629914529914572,0.1733084927523105,0.0,Low,1.0,0.0,0.0,0.0,0.0,-1.0,1,1.0,Moderate,1,Moderate,1,0.0,1,1.0,MODERATE,Continue monitoring rainfall and historical flood conditions.
Tamil Nadu,1971.0,1047.6,940.4700854700856,107.12991452991446,11.391102830917427,0.0,Low,0.0,0.0,0.0,0.0,0.0,,0,0.0,Low,1,Low,0,0.0,0,0.0,LOW,Routine monitoring recommended.
Tamil Nadu,1972.0,1093.4,940.4700854700856,152.92991452991464,16.261007861135106,1.0,Moderate,0.0,0.0,0.0,0.0,0.0,,0,1.0,Moderate,1,Moderate,1,1.0,0,1.0,MODERATE,Continue monitoring rainfall and historical flood conditions.
Tamil Nadu,1973.0,858.5,940.4700854700856,-81.97008547008545,-8.715863134457216,0.0,Low,0.0,0.0,0.0,0.0,0.0,,0,0.0,Low,1,Low,0,0.0,0,0.0,LOW,Routine monitoring recommended.
Tamil Nadu,1974.0,652.8,940.4700854700856,-287.6700854700855,-30.5879038487754,0.0,Low,0.0,0.0,0.0,0.0,0.0,,0,0.0,Low,1,Low,0,0.0,0,0.0,LOW,Routine monitoring recommended.
Tamil Nadu,1975.0,923.6,940.4700854700856,-16.870085470085428,-1.793792884082333,0.0,Low,1.0,0.0,0.0,0.0,0.0,-1.0,1,1.0,Moderate,1,Moderate,1,0.0,1,1.0,MODERATE,Continue monitoring rainfall and historical flood conditions.
Tamil Nadu,1976.0,858.9,940.4700854700856,-81.57008547008547,-8.67333121279593,0.0,Low,3.0,7.0,0.0,0.0,0.0,0.6666666666666666,1,1.0,Moderate,1,Moderate,1,0.0,1,1.0,MODERATE,Continue monitoring rainfall and historical flood conditions.
Tamil Nadu,1977.0,1246.0,940.4700854700856,305.5299145299145,32.486935974917074,1.0,Moderate,0.0,0.0,0.0,0.0,0.0,,0,1.0,Moderate,1,Moderate,1,1.0,0,1.0,MODERATE,Continue monitoring rainfall and historical flood conditions.
Tamil Nadu,1978.0,998.8,940.4700854700856,58.3299145299145,6.202208388240103,0.0,Low,4.0,245.0,23.0,0.0,0.0,1.25,1,1.0,Moderate,1,Moderate,1,0.0,1,1.0,MODERATE,Continue monitoring rainfall and historical flood conditions.
Tamil Nadu,1979.0,1103.4,940.4700854700856,162.92991452991464,17.324305902667344,1.0,Moderate,10.0,144.0,3.0,0.0,0.0,1.7,1,2.0,High,1,High,2,1.0,1,2.0,HIGH,Increase monitoring and prepare local response resources.
Tamil Nadu,1980.0,709.1,940.4700854700856,-231.37008547008543,-24.60153587494888,0.0,Low,3.0,2.0,0.0,0.0,0.0,0.3333333333333333,1,1.0,Moderate,1,Moderate,1,0.0,1,1.0,MODERATE,Continue monitoring rainfall and historical flood conditions.
Tamil Nadu,1981.0,1045.9,940.4700854700856,105.42991452991464,11.210342163856966,0.0,Low,1.0,0.0,4.0,0.0,0.0,-1.0,1,1.0,Moderate,1,Moderate,1,0.0,1,1.0,MODERATE,Continue monitoring rainfall and historical flood conditions.
Tamil Nadu,1982.0,678.6,940.4700854700856,-261.8700854700854,-27.844594901622205,0.0,Low,1.0,2.0,0.0,0.0,0.0,1.0,1,1.0,Moderate,1,Moderate,1,0.0,1,1.0,MODERATE,Continue monitoring rainfall and historical flood conditions.
Tamil Nadu,1983.0,1007.7,940.4700854700856,67.2299145299146,7.148543645203806,0.0,Low,2.0,67.0,0.0,0.0,0.0,2.0,1,1.0,Moderate,1,Moderate,1,0.0,1,1.0,MODERATE,Continue monitoring rainfall and historical flood conditions.
Tamil Nadu,1984.0,1023.8,940.4700854700856,83.3299145299145,8.860453492070702,0.0,Low,6.0,36.0,89.0,0.0,0.0,1.1666666666666667,1,1.0,Moderate,1,Moderate,1,0.0,1,1.0,MODERATE,Continue monitoring rainfall and historical flood conditions.
Tamil Nadu,1985.0,1063.5,940.4700854700856,123.02991452991456,13.0817467169537,1.0,Moderate,1.0,80.0,0.0,0.0,0.0,3.0,1,2.0,High,1,High,2,1.0,1,2.0,HIGH,Increase monitoring and prepare local response resources.
Tamil Nadu,1986.0,953.0,940.4700854700856,12.52991452991455,1.3323033580224497,0.0,Low,2.0,20.0,0.0,0.0,0.0,0.5,1,1.0,Moderate,1,Moderate,1,0.0,1,1.0,MODERATE,Continue monitoring rainfall and historical flood conditions.
Tamil Nadu,1987.0,963.5,940.4700854700856,23.02991452991455,2.4487663016313013,0.0,Low,1.0,11.0,0.0,0.0,0.0,2.0,1,1.0,Moderate,1,Moderate,1,0.0,1,1.0,MODERATE,Continue monitoring rainfall and historical flood conditions.
Tamil Nadu,1988.0,837.2,940.4700854700856,-103.2700854700854,-10.980687962920882,0.0,Low,1.0,3.0,4.0,0.0,0.0,1.0,1,1.0,Moderate,1,Moderate,1,0.0,1,1.0,MODERATE,Continue monitoring rainfall and historical flood conditions.
Tamil Nadu,1989.0,856.5,940.4700854700856,-83.97008547008545,-8.928522742763665,0.0,Low,2.0,10.0,0.0,0.0,0.0,0.5,1,1.0,Moderate,1,Moderate,1,0.0,1,1.0,MODERATE,Continue monitoring rainfall and historical flood conditions.
Tamil Nadu,1990.0,903.2,940.4700854700856,-37.270085470085405,-3.9629208888081,0.0,Low,1.0,62.0,0.0,0.0,0.0,3.0,1,1.0,Moderate,1,Moderate,1,0.0,1,1.0,MODERATE,Continue monitoring rainfall and historical flood conditions.
Tamil Nadu,1991.0,954.8,940.4700854700856,14.329914529914504,1.5236970054982475,0.0,Low,1.0,21.0,6.0,0.0,0.0,2.0,1,1.0,Moderate,1,Moderate,1,0.0,1,1.0,MODERATE,Continue monitoring rainfall and historical flood conditions.
Tamil Nadu,1992.0,918.7,940.4700854700856,-21.770085470085405,-2.314808924433128,0.0,Low,1.0,7.0,0.0,0.0,0.0,2.0,1,1.0,Moderate,1,Moderate,1,0.0,1,1.0,MODERATE,Continue monitoring rainfall and historical flood conditions.
Tamil Nadu,1993.0,1082.3,940.4700854700856,141.8299145299145,15.080747035034308,1.0,Moderate,2.0,63.0,56.0,0.0,0.0,2.0,1,2.0,High,1,High,2,1.0,1,2.0,HIGH,Increase monitoring and prepare local response resources.
Tamil Nadu,1994.0,905.9,940.4700854700856,-34.57008547008547,-3.675830417594402,0.0,Low,4.0,5.0,10.0,0.0,96.0,0.5,1,1.0,Moderate,1,Moderate,1,0.0,1,1.0,MODERATE,Continue monitoring rainfall and historical flood conditions.
Tamil Nadu,1995.0,843.4,940.4700854700856,-97.07008547008547,-10.3214431771709,0.0,Low,3.0,26.0,0.0,0.0,0.0,1.0,1,1.0,Moderate,1,Moderate,1,0.0,1,1.0,MODERATE,Continue monitoring rainfall and historical flood conditions.
Tamil Nadu,1996.0,1069.4,940.4700854700856,128.92991452991464,13.70909256145773,1.0,Moderate,4.0,175.0,0.0,0.0,2816.0,2.5,1,2.0,High,1,High,2,1.0,1,2.0,HIGH,Increase monitoring and prepare local response resources.
Tamil Nadu,1997.0,950.5,940.4700854700856,10.02991452991455,1.0664788476393896,0.0,Low,3.0,266.0,0.0,0.0,0.0,2.0,1,1.0,Moderate,1,Moderate,1,0.0,1,1.0,MODERATE,Continue monitoring rainfall and historical flood conditions.
Tamil Nadu,1998.0,1079.7,940.4700854700856,139.2299145299146,14.804289544235932,1.0,Moderate,3.0,110.0,0.0,0.0,0.0,1.6666666666666667,1,2.0,High,1,High,2,1.0,1,2.0,HIGH,Increase monitoring and prepare local response resources.
Tamil Nadu,1999.0,922.6,940.4700854700856,-17.870085470085428,-1.900122688235557,0.0,Low,2.0,20.0,0.0,0.0,0.0,1.5,1,1.0,Moderate,1,Moderate,1,0.0,1,1.0,MODERATE,Continue monitoring rainfall and historical flood conditions.
Tamil Nadu,2000.0,972.0,940.4700854700856,31.52991452991455,3.352569636933705,0.0,Low,2.0,7.0,0.0,0.0,0.0,1.5,1,1.0,Moderate,1,Moderate,1,0.0,1,1.0,MODERATE,Continue monitoring rainfall and historical flood conditions.
Tamil Nadu,2001.0,483.4,940.4700854700856,-457.0700854700855,-48.60017267233153,0.0,Low,0.0,0.0,0.0,0.0,0.0,,0,0.0,Low,1,Low,0,0.0,0,0.0,LOW,Routine monitoring recommended.
Tamil Nadu,2002.0,318.0,940.4700854700856,-622.4700854700855,-66.18712227927477,0.0,Low,3.0,51.0,0.0,0.0,50.0,2.0,1,1.0,Moderate,1,Moderate,1,0.0,1,1.0,MODERATE,Continue monitoring rainfall and historical flood conditions.
Tamil Nadu,2003.0,348.5,940.4700854700856,-591.9700854700855,-62.944063252601445,0.0,Low,1.0,0.0,0.0,0.0,0.0,-1.0,1,1.0,Moderate,1,Moderate,1,0.0,1,1.0,MODERATE,Continue monitoring rainfall and historical flood conditions.
Tamil Nadu,2004.0,1037.6,940.4700854700856,97.12991452991446,10.327804789385189,0.0,Low,5.0,7.0,0.0,0.0,0.0,0.0,1,1.0,Moderate,1,Moderate,1,0.0,1,1.0,MODERATE,Continue monitoring rainfall and historical flood conditions.
Tamil Nadu,2005.0,1365.3,940.4700854700856,424.8299145299145,45.17208161039669,2.0,High,10.0,125.0,155.0,0.0,0.0,0.8,1,3.0,Critical,1,Critical,3,2.0,1,3.0,CRITICAL,Immediate emergency monitoring and preparedness recommended.
Tamil Nadu,2006.0,927.9,940.4700854700856,-12.570085470085472,-1.3365747262234746,0.0,Low,4.0,55.0,0.0,0.0,0.0,1.25,1,1.0,Moderate,1,Moderate,1,0.0,1,1.0,MODERATE,Continue monitoring rainfall and historical flood conditions.
Tamil Nadu,2007.0,1067.2,940.4700854700856,126.7299145299146,13.475166992320634,1.0,Moderate,4.0,51.0,0.0,0.0,0.0,1.5,1,2.0,High,1,High,2,1.0,1,2.0,HIGH,Increase monitoring and prepare local response resources.
Tamil Nadu,2008.0,1203.4,940.4700854700856,262.92991452991464,27.957286317989745,1.0,Moderate,3.0,13.0,0.0,0.0,100.0,0.0,1,2.0,High,1,High,2,1.0,1,2.0,HIGH,Increase monitoring and prepare local response resources.
Tamil Nadu,2009.0,928.5,940.4700854700856,-11.97008547008545,-1.272776843731538,0.0,Low,4.0,61.0,0.0,0.0,0.0,2.0,1,1.0,Moderate,1,Moderate,1,0.0,1,1.0,MODERATE,Continue monitoring rainfall and historical flood conditions.
Tamil Nadu,2010.0,1095.2,940.4700854700856,154.7299145299146,16.452401508610905,1.0,Moderate,13.0,120.0,32.0,0.0,70.0,0.1538461538461538,1,2.0,High,1,High,2,1.0,1,2.0,HIGH,Increase monitoring and prepare local response resources.
Tamil Nadu,2011.0,926.5,940.4700854700856,-13.97008547008545,-1.485436452037986,0.0,Low,7.0,74.0,0.0,0.0,162.0,0.1428571428571428,1,1.0,Moderate,1,Moderate,1,0.0,1,1.0,MODERATE,Continue monitoring rainfall and historical flood conditions.
Tamil Nadu,2012.0,636.1,940.4700854700856,-304.3700854700854,-32.363611578134226,0.0,Low,2.0,0.0,0.0,0.0,0.0,-1.0,1,1.0,Moderate,1,Moderate,1,0.0,1,1.0,MODERATE,Continue monitoring rainfall and historical flood conditions.
Tamil Nadu,2013.0,741.9,940.4700854700856,-198.57008547008547,-21.11391829872313,0.0,Low,6.0,20.0,1.0,0.0,7.0,0.8333333333333334,1,1.0,Moderate,1,Moderate,1,0.0,1,1.0,MODERATE,Continue monitoring rainfall and historical flood conditions.
Tamil Nadu,2014.0,913.0,940.4700854700856,-27.47008547008545,-2.9208888081065094,0.0,Low,5.0,8.0,6.0,0.0,5000.0,0.6,1,1.0,Moderate,1,Moderate,1,0.0,1,1.0,MODERATE,Continue monitoring rainfall and historical flood conditions.
Tamil Nadu,2015.0,1204.6,940.4700854700856,264.12991452991446,28.0848820829736,1.0,Moderate,15.0,235.0,1.0,0.0,1450.0,1.7333333333333334,1,2.0,High,1,High,2,1.0,1,2.0,HIGH,Increase monitoring and prepare local response resources.
Tamil Nadu,2016.0,535.0,940.4700854700856,-405.4700854700855,-43.11355477802517,0.0,Low,2.0,5.0,0.0,0.0,0.0,1.0,1,1.0,Moderate,1,Moderate,1,0.0,1,1.0,MODERATE,Continue monitoring rainfall and historical flood conditions.
Tamil Nadu,2017.0,973.0,940.4700854700856,32.52991452991455,3.458899441086929,0.0,Low,6.0,20.0,1.0,0.0,37.0,0.6666666666666666,1,1.0,Moderate,1,Moderate,1,0.0,1,1.0,MODERATE,Continue monitoring rainfall and historical flood conditions.
Tamil Nadu,2018.0,,,,,,,5.0,6.0,0.0,0.0,72.0,0.2,1,1.0,Moderate,0,Historical Flood Signal,2,0.0,1,1.0,MODERATE,Continue monitoring rainfall and historical flood conditions.
Tamil Nadu,2019.0,,,,,,,4.0,20.0,0.0,0.0,58.0,1.25,1,1.0,Moderate,0,Historical Flood Signal,2,0.0,1,1.0,MODERATE,Continue monitoring rainfall and historical flood conditions.
Tamil Nadu,2021.0,,,,,,,19.0,28.0,9.0,0.0,3100.0,0.1052631578947368,1,1.0,Moderate,0,Historical Flood Signal,2,0.0,1,1.0,MODERATE,Continue monitoring rainfall and historical flood conditions.
Tamil Nadu,2022.0,,,,,,,4.0,3.0,0.0,0.0,0.0,0.0,1,1.0,Moderate,0,Historical Flood Signal,2,0.0,1,1.0,MODERATE,Continue monitoring rainfall and historical flood conditions.
Telangana,1901.0,827.7,952.9709401709404,-125.2709401709402,-13.145305369801685,0.0,Low,0.0,0.0,0.0,0.0,0.0,,0,0.0,Low,1,Low,0,0.0,0,0.0,LOW,Routine monitoring recommended.
Telangana,1902.0,630.4,952.9709401709404,-322.5709401709403,-33.848979708980295,0.0,Low,0.0,0.0,0.0,0.0,0.0,,0,0.0,Low,1,Low,0,0.0,0,0.0,LOW,Routine monitoring recommended.
Telangana,1903.0,1283.4,952.9709401709404,330.42905982905984,34.67357144907155,2.0,High,0.0,0.0,0.0,0.0,0.0,,0,2.0,High,1,High,2,2.0,0,2.0,HIGH,Increase monitoring and prepare local response resources.
Telangana,1904.0,526.7,952.9709401709404,-426.2709401709402,-44.73073859885773,0.0,Low,0.0,0.0,0.0,0.0,0.0,,0,0.0,Low,1,Low,0,0.0,0,0.0,LOW,Routine monitoring recommended.
Telangana,1905.0,724.9,952.9709401709404,-228.07094017094028,-23.93262276497432,0.0,Low,0.0,0.0,0.0,0.0,0.0,,0,0.0,Low,1,Low,0,0.0,0,0.0,LOW,Routine monitoring recommended.
Telangana,1906.0,855.2,952.9709401709404,-97.7709401709402,-10.25959303159889,0.0,Low,0.0,0.0,0.0,0.0,0.0,,0,0.0,Low,1,Low,0,0.0,0,0.0,LOW,Routine monitoring recommended.
Telangana,1907.0,843.7,952.9709401709404,-109.2709401709402,-11.46634546393824,0.0,Low,0.0,0.0,0.0,0.0,0.0,,0,0.0,Low,1,Low,0,0.0,0,0.0,LOW,Routine monitoring recommended.
Telangana,1908.0,982.8,952.9709401709404,29.8290598290597,3.1301122176620706,0.0,Low,0.0,0.0,0.0,0.0,0.0,,0,0.0,Low,1,Low,0,0.0,0,0.0,LOW,Routine monitoring recommended.
Telangana,1909.0,769.5,952.9709401709404,-183.47094017094025,-19.252522027379968,0.0,Low,0.0,0.0,0.0,0.0,0.0,,0,0.0,Low,1,Low,0,0.0,0,0.0,LOW,Routine monitoring recommended.
Telangana,1910.0,975.9,952.9709401709404,22.929059829059725,2.4060607582584623,0.0,Low,0.0,0.0,0.0,0.0,0.0,,0,0.0,Low,1,Low,0,0.0,0,0.0,LOW,Routine monitoring recommended.
Telangana,1911.0,662.0,952.9709401709404,-290.97094017094025,-30.533033894899987,0.0,Low,0.0,0.0,0.0,0.0,0.0,,0,0.0,Low,1,Low,0,0.0,0,0.0,LOW,Routine monitoring recommended.
Telangana,1912.0,743.8,952.9709401709404,-209.1709401709403,-21.949351376173134,0.0,Low,0.0,0.0,0.0,0.0,0.0,,0,0.0,Low,1,Low,0,0.0,0,0.0,LOW,Routine monitoring recommended.
Telangana,1913.0,732.2,952.9709401709404,-220.7709401709402,-23.16659730792412,0.0,Low,0.0,0.0,0.0,0.0,0.0,,0,0.0,Low,1,Low,0,0.0,0,0.0,LOW,Routine monitoring recommended.
Telangana,1914.0,1083.5,952.9709401709404,130.52905982905975,13.69706612519013,1.0,Moderate,0.0,0.0,0.0,0.0,0.0,,0,1.0,Moderate,1,Moderate,1,1.0,0,1.0,MODERATE,Continue monitoring rainfall and historical flood conditions.
Telangana,1915.0,1022.0,952.9709401709404,69.02905982905975,7.243563987027514,0.0,Low,0.0,0.0,0.0,0.0,0.0,,0,0.0,Low,1,Low,0,0.0,0,0.0,LOW,Routine monitoring recommended.
Telangana,1916.0,1162.6,952.9709401709404,209.62905982905968,21.997424159802524,1.0,Moderate,0.0,0.0,0.0,0.0,0.0,,0,1.0,Moderate,1,Moderate,1,1.0,0,1.0,MODERATE,Continue monitoring rainfall and historical flood conditions.
Telangana,1917.0,1206.0,952.9709401709404,253.0290598290597,26.551602904457127,1.0,Moderate,0.0,0.0,0.0,0.0,0.0,,0,1.0,Moderate,1,Moderate,1,1.0,0,1.0,MODERATE,Continue monitoring rainfall and historical flood conditions.
Telangana,1918.0,554.7,952.9709401709404,-398.2709401709402,-41.7925587635967,0.0,Low,0.0,0.0,0.0,0.0,0.0,,0,0.0,Low,1,Low,0,0.0,0,0.0,LOW,Routine monitoring recommended.
Telangana,1919.0,894.6,952.9709401709404,-58.37094017094023,-6.12515426341016,0.0,Low,0.0,0.0,0.0,0.0,0.0,,0,0.0,Low,1,Low,0,0.0,0,0.0,LOW,Routine monitoring recommended.
Telangana,1920.0,437.0,952.9709401709404,-515.9709401709403,-54.14340757110468,0.0,Low,0.0,0.0,0.0,0.0,0.0,,0,0.0,Low,1,Low,0,0.0,0,0.0,LOW,Routine monitoring recommended.
Telangana,1921.0,1003.3,952.9709401709404,50.3290598290597,5.2812795970496085,0.0,Low,0.0,0.0,0.0,0.0,0.0,,0,0.0,Low,1,Low,0,0.0,0,0.0,LOW,Routine monitoring recommended.
Telangana,1922.0,767.5,952.9709401709404,-185.47094017094025,-19.4623920156129,0.0,Low,0.0,0.0,0.0,0.0,0.0,,0,0.0,Low,1,Low,0,0.0,0,0.0,LOW,Routine monitoring recommended.
Telangana,1923.0,786.2,952.9709401709404,-166.7709401709402,-17.500107625634996,0.0,Low,0.0,0.0,0.0,0.0,0.0,,0,0.0,Low,1,Low,0,0.0,0,0.0,LOW,Routine monitoring recommended.
Telangana,1924.0,944.5,952.9709401709404,-8.470940170940253,-0.8888980569985447,0.0,Low,0.0,0.0,0.0,0.0,0.0,,0,0.0,Low,1,Low,0,0.0,0,0.0,LOW,Routine monitoring recommended.
Telangana,1925.0,1167.9,952.9709401709404,214.92905982905984,22.553579628619808,1.0,Moderate,0.0,0.0,0.0,0.0,0.0,,0,1.0,Moderate,1,Moderate,1,1.0,0,1.0,MODERATE,Continue monitoring rainfall and historical flood conditions.
Telangana,1926.0,763.5,952.9709401709404,-189.47094017094025,-19.88213199207876,0.0,Low,0.0,0.0,0.0,0.0,0.0,,0,0.0,Low,1,Low,0,0.0,0,0.0,LOW,Routine monitoring recommended.
Telangana,1927.0,1005.5,952.9709401709404,52.52905982905975,5.512136584105837,0.0,Low,0.0,0.0,0.0,0.0,0.0,,0,0.0,Low,1,Low,0,0.0,0,0.0,LOW,Routine monitoring recommended.
Telangana,1928.0,1006.4,952.9709401709404,53.429059829059725,5.606578078810653,0.0,Low,0.0,0.0,0.0,0.0,0.0,,0,0.0,Low,1,Low,0,0.0,0,0.0,LOW,Routine monitoring recommended.
Telangana,1929.0,790.5,952.9709401709404,-162.47094017094025,-17.048887150934195,0.0,Low,0.0,0.0,0.0,0.0,0.0,,0,0.0,Low,1,Low,0,0.0,0,0.0,LOW,Routine monitoring recommended.
Telangana,1930.0,835.8,952.9709401709404,-117.1709401709403,-12.295331917458324,0.0,Low,0.0,0.0,0.0,0.0,0.0,,0,0.0,Low,1,Low,0,0.0,0,0.0,LOW,Routine monitoring recommended.
Telangana,1931.0,1183.1,952.9709401709404,230.12905982905968,24.14859153919006,1.0,Moderate,0.0,0.0,0.0,0.0,0.0,,0,1.0,Moderate,1,Moderate,1,1.0,0,1.0,MODERATE,Continue monitoring rainfall and historical flood conditions.
Telangana,1932.0,949.9,952.9709401709404,-3.0709401709402755,-0.3222490887696346,0.0,Low,0.0,0.0,0.0,0.0,0.0,,0,0.0,Low,1,Low,0,0.0,0,0.0,LOW,Routine monitoring recommended.
Telangana,1933.0,1396.3,952.9709401709404,443.3290598290597,46.52073228482047,2.0,High,0.0,0.0,0.0,0.0,0.0,,0,2.0,High,1,High,2,2.0,0,2.0,HIGH,Increase monitoring and prepare local response resources.
Telangana,1934.0,927.9,952.9709401709404,-25.070940170940275,-2.630818959331871,0.0,Low,0.0,0.0,0.0,0.0,0.0,,0,0.0,Low,1,Low,0,0.0,0,0.0,LOW,Routine monitoring recommended.
Telangana,1935.0,898.5,952.9709401709404,-54.47094017094025,-5.715907786355948,0.0,Low,0.0,0.0,0.0,0.0,0.0,,0,0.0,Low,1,Low,0,0.0,0,0.0,LOW,Routine monitoring recommended.
Telangana,1936.0,1157.0,952.9709401709404,204.0290598290597,21.409788192750327,1.0,Moderate,0.0,0.0,0.0,0.0,0.0,,0,1.0,Moderate,1,Moderate,1,1.0,0,1.0,MODERATE,Continue monitoring rainfall and historical flood conditions.
Telangana,1937.0,866.1,952.9709401709404,-86.87094017094023,-9.11580159572942,0.0,Low,0.0,0.0,0.0,0.0,0.0,,0,0.0,Low,1,Low,0,0.0,0,0.0,LOW,Routine monitoring recommended.
Telangana,1938.0,1175.3,952.9709401709404,222.3290598290597,23.33009858508164,1.0,Moderate,0.0,0.0,0.0,0.0,0.0,,0,1.0,Moderate,1,Moderate,1,1.0,0,1.0,MODERATE,Continue monitoring rainfall and historical flood conditions.
Telangana,1939.0,740.0,952.9709401709404,-212.97094017094025,-22.348104353815696,0.0,Low,0.0,0.0,0.0,0.0,0.0,,0,0.0,Low,1,Low,0,0.0,0,0.0,LOW,Routine monitoring recommended.
Telangana,1940.0,1082.6,952.9709401709404,129.62905982905966,13.6026246304853,1.0,Moderate,0.0,0.0,0.0,0.0,0.0,,0,1.0,Moderate,1,Moderate,1,1.0,0,1.0,MODERATE,Continue monitoring rainfall and historical flood conditions.
Telangana,1941.0,594.4,952.9709401709404,-358.5709401709403,-37.626639497173045,0.0,Low,0.0,0.0,0.0,0.0,0.0,,0,0.0,Low,1,Low,0,0.0,0,0.0,LOW,Routine monitoring recommended.
Telangana,1942.0,906.9,952.9709401709404,-46.07094017094028,-4.834453835777642,0.0,Low,0.0,0.0,0.0,0.0,0.0,,0,0.0,Low,1,Low,0,0.0,0,0.0,LOW,Routine monitoring recommended.
Telangana,1943.0,899.3,952.9709401709404,-53.6709401709403,-5.63195979106278,0.0,Low,0.0,0.0,0.0,0.0,0.0,,0,0.0,Low,1,Low,0,0.0,0,0.0,LOW,Routine monitoring recommended.
Telangana,1944.0,960.5,952.9709401709404,7.529059829059747,0.7900618488648996,0.0,Low,0.0,0.0,0.0,0.0,0.0,,0,0.0,Low,1,Low,0,0.0,0,0.0,LOW,Routine monitoring recommended.
Telangana,1945.0,1027.4,952.9709401709404,74.42905982905984,7.810212955256435,0.0,Low,0.0,0.0,0.0,0.0,0.0,,0,0.0,Low,1,Low,0,0.0,0,0.0,LOW,Routine monitoring recommended.
Telangana,1946.0,822.8,952.9709401709404,-130.1709401709403,-13.659486840972374,0.0,Low,0.0,0.0,0.0,0.0,0.0,,0,0.0,Low,1,Low,0,0.0,0,0.0,LOW,Routine monitoring recommended.
Telangana,1947.0,1005.5,952.9709401709404,52.52905982905975,5.512136584105837,0.0,Low,0.0,0.0,0.0,0.0,0.0,,0,0.0,Low,1,Low,0,0.0,0,0.0,LOW,Routine monitoring recommended.
Telangana,1948.0,915.0,952.9709401709404,-37.97094017094025,-3.984480383434271,0.0,Low,0.0,0.0,0.0,0.0,0.0,,0,0.0,Low,1,Low,0,0.0,0,0.0,LOW,Routine monitoring recommended.
Telangana,1949.0,1038.6,952.9709401709404,85.62905982905966,8.985484889360828,0.0,Low,0.0,0.0,0.0,0.0,0.0,,0,0.0,Low,1,Low,0,0.0,0,0.0,LOW,Routine monitoring recommended.
Telangana,1950.0,761.3,952.9709401709404,-191.6709401709403,-20.11298897913499,0.0,Low,0.0,0.0,0.0,0.0,0.0,,0,0.0,Low,1,Low,0,0.0,0,0.0,LOW,Routine monitoring recommended.
Telangana,1951.0,900.8,952.9709401709404,-52.1709401709403,-5.474557299888082,0.0,Low,0.0,0.0,0.0,0.0,0.0,,0,0.0,Low,1,Low,0,0.0,0,0.0,LOW,Routine monitoring recommended.
Telangana,1952.0,729.7,952.9709401709404,-223.2709401709402,-23.42893479321528,0.0,Low,0.0,0.0,0.0,0.0,0.0,,0,0.0,Low,1,Low,0,0.0,0,0.0,LOW,Routine monitoring recommended.
Telangana,1953.0,1272.1,952.9709401709404,319.12905982905966,33.48780601555547,1.0,Moderate,0.0,0.0,0.0,0.0,0.0,,0,1.0,Moderate,1,Moderate,1,1.0,0,1.0,MODERATE,Continue monitoring rainfall and historical flood conditions.
Telangana,1954.0,928.4,952.9709401709404,-24.570940170940275,-2.578351462273638,0.0,Low,0.0,0.0,0.0,0.0,0.0,,0,0.0,Low,1,Low,0,0.0,0,0.0,LOW,Routine monitoring recommended.
Telangana,1955.0,1203.2,952.9709401709404,250.2290598290598,26.257784920931027,1.0,Moderate,0.0,0.0,0.0,0.0,0.0,,0,1.0,Moderate,1,Moderate,1,1.0,0,1.0,MODERATE,Continue monitoring rainfall and historical flood conditions.
Telangana,1956.0,1120.5,952.9709401709404,167.52905982905975,17.579660907499346,1.0,Moderate,0.0,0.0,0.0,0.0,0.0,,0,1.0,Moderate,1,Moderate,1,1.0,0,1.0,MODERATE,Continue monitoring rainfall and historical flood conditions.
Telangana,1957.0,983.2,952.9709401709404,30.2290598290598,3.172086215308666,0.0,Low,0.0,0.0,0.0,0.0,0.0,,0,0.0,Low,1,Low,0,0.0,0,0.0,LOW,Routine monitoring recommended.
Telangana,1958.0,1113.9,952.9709401709404,160.92905982905984,16.887089946330683,1.0,Moderate,0.0,0.0,0.0,0.0,0.0,,0,1.0,Moderate,1,Moderate,1,1.0,0,1.0,MODERATE,Continue monitoring rainfall and historical flood conditions.
Telangana,1959.0,1224.1,952.9709401709404,271.12905982905966,28.45092629796514,1.0,Moderate,0.0,0.0,0.0,0.0,0.0,,0,1.0,Moderate,1,Moderate,1,1.0,0,1.0,MODERATE,Continue monitoring rainfall and historical flood conditions.
Telangana,1960.0,839.5,952.9709401709404,-113.47094017094024,-11.9070724392274,0.0,Low,0.0,0.0,0.0,0.0,0.0,,0,0.0,Low,1,Low,0,0.0,0,0.0,LOW,Routine monitoring recommended.
Telangana,1961.0,1146.5,952.9709401709404,193.5290598290597,20.30797075452744,1.0,Moderate,0.0,0.0,0.0,0.0,0.0,,0,1.0,Moderate,1,Moderate,1,1.0,0,1.0,MODERATE,Continue monitoring rainfall and historical flood conditions.
Telangana,1962.0,1138.7,952.9709401709404,185.7290598290598,19.489477800419017,1.0,Moderate,0.0,0.0,0.0,0.0,0.0,,0,1.0,Moderate,1,Moderate,1,1.0,0,1.0,MODERATE,Continue monitoring rainfall and historical flood conditions.
Telangana,1963.0,1010.1,952.9709401709404,57.12905982905977,5.99483755704158,0.0,Low,0.0,0.0,0.0,0.0,0.0,,0,0.0,Low,1,Low,0,0.0,0,0.0,LOW,Routine monitoring recommended.
Telangana,1964.0,887.5,952.9709401709404,-65.47094017094025,-6.870192721637065,0.0,Low,0.0,0.0,0.0,0.0,0.0,,0,0.0,Low,1,Low,0,0.0,0,0.0,LOW,Routine monitoring recommended.
Telangana,1965.0,778.9,952.9709401709404,-174.07094017094028,-18.2661330826852,0.0,Low,0.0,0.0,0.0,0.0,0.0,,0,0.0,Low,1,Low,0,0.0,0,0.0,LOW,Routine monitoring recommended.
Telangana,1966.0,970.9,952.9709401709404,17.929059829059725,1.881385787676136,0.0,Low,0.0,0.0,0.0,0.0,0.0,,0,0.0,Low,1,Low,0,0.0,0,0.0,LOW,Routine monitoring recommended.
Telangana,1967.0,942.1,952.9709401709404,-10.87094017094023,-1.140742042878059,0.0,Low,0.0,0.0,0.0,0.0,0.0,,0,0.0,Low,1,Low,0,0.0,0,0.0,LOW,Routine monitoring recommended.
Telangana,1968.0,748.7,952.9709401709404,-204.2709401709402,-21.43516990500244,0.0,Low,0.0,0.0,0.0,0.0,0.0,,0,0.0,Low,1,Low,0,0.0,0,0.0,LOW,Routine monitoring recommended.
Telangana,1969.0,1047.1,952.9709401709404,94.12905982905966,9.877432339350785,0.0,Low,0.0,0.0,0.0,0.0,0.0,,0,0.0,Low,1,Low,0,0.0,0,0.0,LOW,Routine monitoring recommended.
Telangana,1970.0,970.3,952.9709401709404,17.3290598290597,1.8184247912062548,0.0,Low,1.0,100.0,0.0,0.0,0.0,4.0,1,1.0,Moderate,1,Moderate,1,0.0,1,1.0,MODERATE,Continue monitoring rainfall and historical flood conditions.
Telangana,1971.0,729.1,952.9709401709404,-223.87094017094023,-23.491895789685163,0.0,Low,0.0,0.0,0.0,0.0,0.0,,0,0.0,Low,1,Low,0,0.0,0,0.0,LOW,Routine monitoring recommended.
Telangana,1972.0,670.7,952.9709401709404,-282.2709401709402,-29.620099446086734,0.0,Low,0.0,0.0,0.0,0.0,0.0,,0,0.0,Low,1,Low,0,0.0,0,0.0,LOW,Routine monitoring recommended.
Telangana,1973.0,1042.5,952.9709401709404,89.52905982905975,9.394731366415051,0.0,Low,0.0,0.0,0.0,0.0,0.0,,0,0.0,Low,1,Low,0,0.0,0,0.0,LOW,Routine monitoring recommended.
Telangana,1974.0,830.4,952.9709401709404,-122.57094017094028,-12.861980885687236,0.0,Low,0.0,0.0,0.0,0.0,0.0,,0,0.0,Low,1,Low,0,0.0,0,0.0,LOW,Routine monitoring recommended.
Telangana,1975.0,1215.8,952.9709401709404,262.8290598290597,27.579965846798483,1.0,Moderate,0.0,0.0,0.0,0.0,0.0,,0,1.0,Moderate,1,Moderate,1,1.0,0,1.0,MODERATE,Continue monitoring rainfall and historical flood conditions.
Telangana,1976.0,1035.6,952.9709401709404,82.62905982905966,8.670679907011431,0.0,Low,1.0,15.0,0.0,0.0,2000.0,2.0,1,1.0,Moderate,1,Moderate,1,0.0,1,1.0,MODERATE,Continue monitoring rainfall and historical flood conditions.
Telangana,1977.0,808.6,952.9709401709404,-144.37094017094023,-15.149563757426174,0.0,Low,0.0,0.0,0.0,0.0,0.0,,0,0.0,Low,1,Low,0,0.0,0,0.0,LOW,Routine monitoring recommended.
Telangana,1978.0,1311.7,952.9709401709404,358.7290598290598,37.64323178256751,2.0,High,0.0,0.0,0.0,0.0,0.0,,0,2.0,High,1,High,2,2.0,0,2.0,HIGH,Increase monitoring and prepare local response resources.
Telangana,1979.0,791.7,952.9709401709404,-161.2709401709402,-16.922965157994437,0.0,Low,0.0,0.0,0.0,0.0,0.0,,0,0.0,Low,1,Low,0,0.0,0,0.0,LOW,Routine monitoring recommended.
Telangana,1980.0,922.6,952.9709401709404,-30.37094017094023,-3.1869744281491323,0.0,Low,0.0,0.0,0.0,0.0,0.0,,0,0.0,Low,1,Low,0,0.0,0,0.0,LOW,Routine monitoring recommended.
Telangana,1981.0,1143.5,952.9709401709404,190.5290598290597,19.993165772178045,1.0,Moderate,0.0,0.0,0.0,0.0,0.0,,0,1.0,Moderate,1,Moderate,1,1.0,0,1.0,MODERATE,Continue monitoring rainfall and historical flood conditions.
Telangana,1982.0,933.2,952.9709401709404,-19.770940170940207,-2.074663490514597,0.0,Low,0.0,0.0,0.0,0.0,0.0,,0,0.0,Low,1,Low,0,0.0,0,0.0,LOW,Routine monitoring recommended.
Telangana,1983.0,1497.5,952.9709401709404,544.5290598290597,57.14015368940676,3.0,Critical,0.0,0.0,0.0,0.0,0.0,,0,3.0,Critical,1,Critical,3,3.0,0,3.0,CRITICAL,Immediate emergency monitoring and preparedness recommended.
Telangana,1984.0,742.8,952.9709401709404,-210.1709401709403,-22.0542863702896,0.0,Low,0.0,0.0,0.0,0.0,0.0,,0,0.0,Low,1,Low,0,0.0,0,0.0,LOW,Routine monitoring recommended.
Telangana,1985.0,785.9,952.9709401709404,-167.07094017094028,-17.53158812386994,0.0,Low,0.0,0.0,0.0,0.0,0.0,,0,0.0,Low,1,Low,0,0.0,0,0.0,LOW,Routine monitoring recommended.
Telangana,1986.0,1007.3,952.9709401709404,54.3290598290597,5.70101957351547,0.0,Low,0.0,0.0,0.0,0.0,0.0,,0,0.0,Low,1,Low,0,0.0,0,0.0,LOW,Routine monitoring recommended.
Telangana,1987.0,976.9,952.9709401709404,23.929059829059725,2.510995752374928,0.0,Low,0.0,0.0,0.0,0.0,0.0,,0,0.0,Low,1,Low,0,0.0,0,0.0,LOW,Routine monitoring recommended.
Telangana,1988.0,1544.9,952.9709401709404,591.9290598290598,62.11407241052722,3.0,Critical,0.0,0.0,0.0,0.0,0.0,,0,3.0,Critical,1,Critical,3,3.0,0,3.0,CRITICAL,Immediate emergency monitoring and preparedness recommended.
Telangana,1989.0,1161.0,952.9709401709404,208.0290598290597,21.82952816921619,1.0,Moderate,0.0,0.0,0.0,0.0,0.0,,0,1.0,Moderate,1,Moderate,1,1.0,0,1.0,MODERATE,Continue monitoring rainfall and historical flood conditions.
Telangana,1990.0,1425.7,952.9709401709404,472.7290598290598,49.60582111184455,2.0,High,0.0,0.0,0.0,0.0,0.0,,0,2.0,High,1,High,2,2.0,0,2.0,HIGH,Increase monitoring and prepare local response resources.
Telangana,1991.0,849.1,952.9709401709404,-103.87094017094024,-10.89969649570933,0.0,Low,0.0,0.0,0.0,0.0,0.0,,0,0.0,Low,1,Low,0,0.0,0,0.0,LOW,Routine monitoring recommended.
Telangana,1992.0,863.5,952.9709401709404,-89.47094017094025,-9.388632580432231,0.0,Low,0.0,0.0,0.0,0.0,0.0,,0,0.0,Low,1,Low,0,0.0,0,0.0,LOW,Routine monitoring recommended.
Telangana,1993.0,885.6,952.9709401709404,-67.37094017094023,-7.069569210458347,0.0,Low,0.0,0.0,0.0,0.0,0.0,,0,0.0,Low,1,Low,0,0.0,0,0.0,LOW,Routine monitoring recommended.
Telangana,1994.0,975.7,952.9709401709404,22.7290598290598,2.3850737594351767,0.0,Low,0.0,0.0,0.0,0.0,0.0,,0,0.0,Low,1,Low,0,0.0,0,0.0,LOW,Routine monitoring recommended.
Telangana,1995.0,1286.0,952.9709401709404,333.02905982905975,34.946402433774345,2.0,High,0.0,0.0,0.0,0.0,0.0,,0,2.0,High,1,High,2,2.0,0,2.0,HIGH,Increase monitoring and prepare local response resources.
Telangana,1996.0,986.8,952.9709401709404,33.8290598290597,3.5498521941279315,0.0,Low,0.0,0.0,0.0,0.0,0.0,,0,0.0,Low,1,Low,0,0.0,0,0.0,LOW,Routine monitoring recommended.
Telangana,1997.0,856.0,952.9709401709404,-96.97094017094024,-10.175645036305722,0.0,Low,0.0,0.0,0.0,0.0,0.0,,0,0.0,Low,1,Low,0,0.0,0,0.0,LOW,Routine monitoring recommended.
Telangana,1998.0,1093.0,952.9709401709404,140.02905982905975,14.69394856929655,1.0,Moderate,0.0,0.0,0.0,0.0,0.0,,0,1.0,Moderate,1,Moderate,1,1.0,0,1.0,MODERATE,Continue monitoring rainfall and historical flood conditions.
Telangana,1999.0,863.8,952.9709401709404,-89.1709401709403,-9.3571520821973,0.0,Low,0.0,0.0,0.0,0.0,0.0,,0,0.0,Low,1,Low,0,0.0,0,0.0,LOW,Routine monitoring recommended.
Telangana,2000.0,1078.0,952.9709401709404,125.02905982905976,13.11992365754957,1.0,Moderate,0.0,0.0,0.0,0.0,0.0,,0,1.0,Moderate,1,Moderate,1,1.0,0,1.0,MODERATE,Continue monitoring rainfall and historical flood conditions.
Telangana,2001.0,922.3,952.9709401709404,-30.6709401709403,-3.218454926384079,0.0,Low,0.0,0.0,0.0,0.0,0.0,,0,0.0,Low,1,Low,0,0.0,0,0.0,LOW,Routine monitoring recommended.
Telangana,2002.0,765.3,952.9709401709404,-187.6709401709403,-19.693249002669127,0.0,Low,0.0,0.0,0.0,0.0,0.0,,0,0.0,Low,1,Low,0,0.0,0,0.0,LOW,Routine monitoring recommended.
Telangana,2003.0,963.2,952.9709401709404,10.229059829059793,1.0733863329793607,0.0,Low,0.0,0.0,0.0,0.0,0.0,,0,0.0,Low,1,Low,0,0.0,0,0.0,LOW,Routine monitoring recommended.
Telangana,2004.0,667.0,952.9709401709404,-285.97094017094025,-30.00835892431766,0.0,Low,0.0,0.0,0.0,0.0,0.0,,0,0.0,Low,1,Low,0,0.0,0,0.0,LOW,Routine monitoring recommended.
Telangana,2005.0,1163.1,952.9709401709404,210.12905982905968,22.04989165686076,1.0,Moderate,0.0,0.0,0.0,0.0,0.0,,0,1.0,Moderate,1,Moderate,1,1.0,0,1.0,MODERATE,Continue monitoring rainfall and historical flood conditions.
Telangana,2006.0,1053.0,952.9709401709404,100.02905982905976,10.496548804637936,0.0,Low,0.0,0.0,0.0,0.0,0.0,,0,0.0,Low,1,Low,0,0.0,0,0.0,LOW,Routine monitoring recommended.
Telangana,2007.0,843.3,952.9709401709404,-109.6709401709403,-11.508319461584836,0.0,Low,0.0,0.0,0.0,0.0,0.0,,0,0.0,Low,1,Low,0,0.0,0,0.0,LOW,Routine monitoring recommended.
Telangana,2008.0,1035.3,952.9709401709404,82.3290598290597,8.639199408776497,0.0,Low,0.0,0.0,0.0,0.0,0.0,,0,0.0,Low,1,Low,0,0.0,0,0.0,LOW,Routine monitoring recommended.
Telangana,2009.0,666.3,952.9709401709404,-286.6709401709403,-30.08181342019919,0.0,Low,0.0,0.0,0.0,0.0,0.0,,0,0.0,Low,1,Low,0,0.0,0,0.0,LOW,Routine monitoring recommended.
Telangana,2010.0,1276.4,952.9709401709404,323.42905982905984,33.93902649025629,1.0,Moderate,0.0,0.0,0.0,0.0,0.0,,0,1.0,Moderate,1,Moderate,1,1.0,0,1.0,MODERATE,Continue monitoring rainfall and historical flood conditions.
Telangana,2011.0,753.1,952.9709401709404,-199.87094017094023,-20.97345593089,0.0,Low,0.0,0.0,0.0,0.0,0.0,,0,0.0,Low,1,Low,0,0.0,0,0.0,LOW,Routine monitoring recommended.
Telangana,2012.0,1008.6,952.9709401709404,55.62905982905977,5.837435065866882,0.0,Low,0.0,0.0,0.0,0.0,0.0,,0,0.0,Low,1,Low,0,0.0,0,0.0,LOW,Routine monitoring recommended.
Telangana,2013.0,1348.7,952.9709401709404,395.7290598290598,41.52582656487673,2.0,High,0.0,0.0,0.0,0.0,0.0,,0,2.0,High,1,High,2,2.0,0,2.0,HIGH,Increase monitoring and prepare local response resources.
Telangana,2014.0,746.4,952.9709401709404,-206.57094017094028,-21.67652039147032,0.0,Low,2.0,4.0,0.0,0.0,0.0,0.0,1,1.0,Moderate,1,Moderate,1,0.0,1,1.0,MODERATE,Continue monitoring rainfall and historical flood conditions.
Telangana,2015.0,857.3,952.9709401709404,-95.6709401709403,-10.039229543954322,0.0,Low,1.0,5.0,0.0,0.0,91.0,2.0,1,1.0,Moderate,1,Moderate,1,0.0,1,1.0,MODERATE,Continue monitoring rainfall and historical flood conditions.
Telangana,2016.0,1043.4,952.9709401709404,90.42905982905984,9.48917286111988,0.0,Low,3.0,49.0,9.0,0.0,6733.0,0.3333333333333333,1,1.0,Moderate,1,Moderate,1,0.0,1,1.0,MODERATE,Continue monitoring rainfall and historical flood conditions.
Telangana,2017.0,815.7,952.9709401709404,-137.2709401709402,-14.404525299199268,0.0,Low,2.0,0.0,0.0,0.0,0.0,-1.0,1,1.0,Moderate,1,Moderate,1,0.0,1,1.0,MODERATE,Continue monitoring rainfall and historical flood conditions.
Telangana,2018.0,,,,,,,1.0,0.0,0.0,0.0,0.0,-1.0,1,1.0,Moderate,0,Historical Flood Signal,2,0.0,1,1.0,MODERATE,Continue monitoring rainfall and historical flood conditions.
Telangana,2019.0,,,,,,,1.0,10.0,0.0,0.0,0.0,2.0,1,1.0,Moderate,0,Historical Flood Signal,2,0.0,1,1.0,MODERATE,Continue monitoring rainfall and historical flood conditions.
Telangana,2020.0,,,,,,,4.0,63.0,0.0,6.0,0.0,1.0,1,1.0,Moderate,0,Historical Flood Signal,2,0.0,1,1.0,MODERATE,Continue monitoring rainfall and historical flood conditions.
Telangana,2021.0,,,,,,,10.0,15.0,0.0,0.0,0.0,0.8,1,1.0,Moderate,0,Historical Flood Signal,2,0.0,1,1.0,MODERATE,Continue monitoring rainfall and historical flood conditions.
Telangana,2022.0,,,,,,,109.0,26.0,4.0,3.0,355.0,-0.7339449541284404,1,1.0,Moderate,0,Historical Flood Signal,2,0.0,1,1.0,MODERATE,Continue monitoring rainfall and historical flood conditions.
Telangana,2023.0,,,,,,,13.0,29.0,0.0,0.0,0.0,0.1538461538461538,1,1.0,Moderate,0,Historical Flood Signal,2,0.0,1,1.0,MODERATE,Continue monitoring rainfall and historical flood conditions.
Tripura,1901.0,2168.4,2432.7179487179487,-264.31794871794864,-10.865129221299377,0.0,Low,0.0,0.0,0.0,0.0,0.0,,0,0.0,Low,1,Low,0,0.0,0,0.0,LOW,Routine monitoring recommended.
Tripura,1902.0,2175.0,2432.7179487179487,-257.7179487179488,-10.593827733041024,0.0,Low,0.0,0.0,0.0,0.0,0.0,,0,0.0,Low,1,Low,0,0.0,0,0.0,LOW,Routine monitoring recommended.
Tripura,1903.0,2230.7,2432.7179487179487,-202.0179487179489,-8.304207597284885,0.0,Low,0.0,0.0,0.0,0.0,0.0,,0,0.0,Low,1,Low,0,0.0,0,0.0,LOW,Routine monitoring recommended.
Tripura,1904.0,2519.8,2432.7179487179487,87.08205128205145,3.5796197141532176,0.0,Low,0.0,0.0,0.0,0.0,0.0,,0,0.0,Low,1,Low,0,0.0,0,0.0,LOW,Routine monitoring recommended.
Tripura,1905.0,2527.6,2432.7179487179487,94.88205128205118,3.9002487457312665,0.0,Low,0.0,0.0,0.0,0.0,0.0,,0,0.0,Low,1,Low,0,0.0,0,0.0,LOW,Routine monitoring recommended.
Tripura,1906.0,2514.4,2432.7179487179487,81.68205128205136,3.3576457692145567,0.0,Low,0.0,0.0,0.0,0.0,0.0,,0,0.0,Low,1,Low,0,0.0,0,0.0,LOW,Routine monitoring recommended.
Tripura,1907.0,2121.7,2432.7179487179487,-311.0179487179489,-12.784792782157773,0.0,Low,0.0,0.0,0.0,0.0,0.0,,0,0.0,Low,1,Low,0,0.0,0,0.0,LOW,Routine monitoring recommended.
Tripura,1908.0,2319.3,2432.7179487179487,-113.41794871794856,-4.662190648846909,0.0,Low,0.0,0.0,0.0,0.0,0.0,,0,0.0,Low,1,Low,0,0.0,0,0.0,LOW,Routine monitoring recommended.
Tripura,1909.0,2308.7,2432.7179487179487,-124.01794871794893,-5.097917281504287,0.0,Low,0.0,0.0,0.0,0.0,0.0,,0,0.0,Low,1,Low,0,0.0,0,0.0,LOW,Routine monitoring recommended.
Tripura,1910.0,2267.9,2432.7179487179487,-164.81794871794864,-6.775053754374127,0.0,Low,0.0,0.0,0.0,0.0,0.0,,0,0.0,Low,1,Low,0,0.0,0,0.0,LOW,Routine monitoring recommended.
Tripura,1911.0,2479.8,2432.7179487179487,47.08205128205145,1.935368270163168,0.0,Low,0.0,0.0,0.0,0.0,0.0,,0,0.0,Low,1,Low,0,0.0,0,0.0,LOW,Routine monitoring recommended.
Tripura,1912.0,2308.8,2432.7179487179487,-123.91794871794856,-5.093806652894297,0.0,Low,0.0,0.0,0.0,0.0,0.0,,0,0.0,Low,1,Low,0,0.0,0,0.0,LOW,Routine monitoring recommended.
Tripura,1913.0,2613.2,2432.7179487179487,180.4820512820511,7.418946835869971,0.0,Low,0.0,0.0,0.0,0.0,0.0,,0,0.0,Low,1,Low,0,0.0,0,0.0,LOW,Routine monitoring recommended.
Tripura,1914.0,2529.2,2432.7179487179487,96.48205128205107,3.966018803490865,0.0,Low,0.0,0.0,0.0,0.0,0.0,,0,0.0,Low,1,Low,0,0.0,0,0.0,LOW,Routine monitoring recommended.
Tripura,1915.0,2819.9,2432.7179487179487,387.18205128205136,15.915616172688566,1.0,Moderate,0.0,0.0,0.0,0.0,0.0,,0,1.0,Moderate,1,Moderate,1,1.0,0,1.0,MODERATE,Continue monitoring rainfall and historical flood conditions.
Tripura,1916.0,2555.0,2432.7179487179487,122.28205128205128,5.026560984864454,0.0,Low,0.0,0.0,0.0,0.0,0.0,,0,0.0,Low,1,Low,0,0.0,0,0.0,LOW,Routine monitoring recommended.
Tripura,1917.0,2222.2,2432.7179487179487,-210.5179487179489,-8.65361102913277,0.0,Low,0.0,0.0,0.0,0.0,0.0,,0,0.0,Low,1,Low,0,0.0,0,0.0,LOW,Routine monitoring recommended.
Tripura,1918.0,3013.3,2432.7179487179487,580.5820512820515,23.865571904380463,1.0,Moderate,0.0,0.0,0.0,0.0,0.0,,0,1.0,Moderate,1,Moderate,1,1.0,0,1.0,MODERATE,Continue monitoring rainfall and historical flood conditions.
Tripura,1919.0,2047.9,2432.7179487179487,-384.81794871794864,-15.818436696319402,0.0,Low,0.0,0.0,0.0,0.0,0.0,,0,0.0,Low,1,Low,0,0.0,0,0.0,LOW,Routine monitoring recommended.
Tripura,1920.0,2375.8,2432.7179487179487,-56.91794871794855,-2.339685484210963,0.0,Low,0.0,0.0,0.0,0.0,0.0,,0,0.0,Low,1,Low,0,0.0,0,0.0,LOW,Routine monitoring recommended.
Tripura,1921.0,2638.2,2432.7179487179487,205.4820512820511,8.446603988363751,0.0,Low,0.0,0.0,0.0,0.0,0.0,,0,0.0,Low,1,Low,0,0.0,0,0.0,LOW,Routine monitoring recommended.
Tripura,1922.0,2462.6,2432.7179487179487,29.88205128205118,1.2283401492474346,0.0,Low,0.0,0.0,0.0,0.0,0.0,,0,0.0,Low,1,Low,0,0.0,0,0.0,LOW,Routine monitoring recommended.
Tripura,1923.0,2685.5,2432.7179487179487,252.78205128205127,10.390931320881991,0.0,Low,0.0,0.0,0.0,0.0,0.0,,0,0.0,Low,1,Low,0,0.0,0,0.0,LOW,Routine monitoring recommended.
Tripura,1924.0,2701.7,2432.7179487179487,268.9820512820511,11.056853155697956,0.0,Low,0.0,0.0,0.0,0.0,0.0,,0,0.0,Low,1,Low,0,0.0,0,0.0,LOW,Routine monitoring recommended.
Tripura,1925.0,2447.5,2432.7179487179487,14.78205128205127,0.6076352291411944,0.0,Low,0.0,0.0,0.0,0.0,0.0,,0,0.0,Low,1,Low,0,0.0,0,0.0,LOW,Routine monitoring recommended.
Tripura,1926.0,2463.2,2432.7179487179487,30.48205128205109,1.2530039209072816,0.0,Low,0.0,0.0,0.0,0.0,0.0,,0,0.0,Low,1,Low,0,0.0,0,0.0,LOW,Routine monitoring recommended.
Tripura,1927.0,2887.5,2432.7179487179487,454.78205128205127,18.69440111303175,1.0,Moderate,0.0,0.0,0.0,0.0,0.0,,0,1.0,Moderate,1,Moderate,1,1.0,0,1.0,MODERATE,Continue monitoring rainfall and historical flood conditions.
Tripura,1928.0,2472.4,2432.7179487179487,39.68205128205136,1.6311817530250043,0.0,Low,0.0,0.0,0.0,0.0,0.0,,0,0.0,Low,1,Low,0,0.0,0,0.0,LOW,Routine monitoring recommended.
Tripura,1929.0,2859.4,2432.7179487179487,426.68205128205136,17.53931447362874,1.0,Moderate,0.0,0.0,0.0,0.0,0.0,,0,1.0,Moderate,1,Moderate,1,1.0,0,1.0,MODERATE,Continue monitoring rainfall and historical flood conditions.
Tripura,1930.0,2487.4,2432.7179487179487,54.68205128205136,2.247776044521273,0.0,Low,0.0,0.0,0.0,0.0,0.0,,0,0.0,Low,1,Low,0,0.0,0,0.0,LOW,Routine monitoring recommended.
Tripura,1931.0,2461.1,2432.7179487179487,28.38205128205118,1.1666807200978075,0.0,Low,0.0,0.0,0.0,0.0,0.0,,0,0.0,Low,1,Low,0,0.0,0,0.0,LOW,Routine monitoring recommended.
Tripura,1932.0,2761.7,2432.7179487179487,328.9820512820511,13.52323032168303,1.0,Moderate,0.0,0.0,0.0,0.0,0.0,,0,1.0,Moderate,1,Moderate,1,1.0,0,1.0,MODERATE,Continue monitoring rainfall and historical flood conditions.
Tripura,1933.0,2451.8,2432.7179487179487,19.08205128205145,0.7843922593701322,0.0,Low,0.0,0.0,0.0,0.0,0.0,,0,0.0,Low,1,Low,0,0.0,0,0.0,LOW,Routine monitoring recommended.
Tripura,1934.0,3040.8,2432.7179487179487,608.0820512820515,24.99599477212362,1.0,Moderate,0.0,0.0,0.0,0.0,0.0,,0,1.0,Moderate,1,Moderate,1,1.0,0,1.0,MODERATE,Continue monitoring rainfall and historical flood conditions.
Tripura,1935.0,2543.3,2432.7179487179487,110.58205128205144,4.545617437497372,0.0,Low,0.0,0.0,0.0,0.0,0.0,,0,0.0,Low,1,Low,0,0.0,0,0.0,LOW,Routine monitoring recommended.
Tripura,1936.0,2917.1,2432.7179487179487,484.3820512820512,19.91114718158438,1.0,Moderate,0.0,0.0,0.0,0.0,0.0,,0,1.0,Moderate,1,Moderate,1,1.0,0,1.0,MODERATE,Continue monitoring rainfall and historical flood conditions.
Tripura,1937.0,2741.6,2432.7179487179487,308.8820512820512,12.696993971078037,1.0,Moderate,0.0,0.0,0.0,0.0,0.0,,0,1.0,Moderate,1,Moderate,1,1.0,0,1.0,MODERATE,Continue monitoring rainfall and historical flood conditions.
Tripura,1938.0,2971.6,2432.7179487179487,538.8820512820512,22.151439774020822,1.0,Moderate,0.0,0.0,0.0,0.0,0.0,,0,1.0,Moderate,1,Moderate,1,1.0,0,1.0,MODERATE,Continue monitoring rainfall and historical flood conditions.
Tripura,1939.0,2608.3,2432.7179487179487,175.58205128205145,7.217526033981203,0.0,Low,0.0,0.0,0.0,0.0,0.0,,0,0.0,Low,1,Low,0,0.0,0,0.0,LOW,Routine monitoring recommended.
Tripura,1940.0,2526.7,2432.7179487179487,93.98205128205107,3.8632530882414864,0.0,Low,0.0,0.0,0.0,0.0,0.0,,0,0.0,Low,1,Low,0,0.0,0,0.0,LOW,Routine monitoring recommended.
Tripura,1941.0,2966.2,2432.7179487179487,533.4820512820511,21.92946582908216,1.0,Moderate,0.0,0.0,0.0,0.0,0.0,,0,1.0,Moderate,1,Moderate,1,1.0,0,1.0,MODERATE,Continue monitoring rainfall and historical flood conditions.
Tripura,1942.0,2680.9,2432.7179487179487,248.18205128205136,10.20184240482314,0.0,Low,0.0,0.0,0.0,0.0,0.0,,0,0.0,Low,1,Low,0,0.0,0,0.0,LOW,Routine monitoring recommended.
Tripura,1943.0,2427.9,2432.7179487179487,-4.817948717948639,-0.1980479784139265,0.0,Low,0.0,0.0,0.0,0.0,0.0,,0,0.0,Low,1,Low,0,0.0,0,0.0,LOW,Routine monitoring recommended.
Tripura,1944.0,2877.3,2432.7179487179487,444.58205128205145,18.27511699481429,1.0,Moderate,0.0,0.0,0.0,0.0,0.0,,0,1.0,Moderate,1,Moderate,1,1.0,0,1.0,MODERATE,Continue monitoring rainfall and historical flood conditions.
Tripura,1945.0,3051.9,2432.7179487179487,619.1820512820514,25.452274547830854,1.0,Moderate,0.0,0.0,0.0,0.0,0.0,,0,1.0,Moderate,1,Moderate,1,1.0,0,1.0,MODERATE,Continue monitoring rainfall and historical flood conditions.
Tripura,1946.0,3036.2,2432.7179487179487,603.4820512820511,24.806905856064752,1.0,Moderate,0.0,0.0,0.0,0.0,0.0,,0,1.0,Moderate,1,Moderate,1,1.0,0,1.0,MODERATE,Continue monitoring rainfall and historical flood conditions.
Tripura,1947.0,3210.2,2432.7179487179487,777.4820512820511,31.95939963742147,1.0,Moderate,0.0,0.0,0.0,0.0,0.0,,0,1.0,Moderate,1,Moderate,1,1.0,0,1.0,MODERATE,Continue monitoring rainfall and historical flood conditions.
Tripura,1948.0,2822.1,2432.7179487179487,389.3820512820512,16.00605000210801,1.0,Moderate,0.0,0.0,0.0,0.0,0.0,,0,1.0,Moderate,1,Moderate,1,1.0,0,1.0,MODERATE,Continue monitoring rainfall and historical flood conditions.
Tripura,1949.0,2976.3,2432.7179487179487,543.5820512820515,22.344639318689666,1.0,Moderate,0.0,0.0,0.0,0.0,0.0,,0,1.0,Moderate,1,Moderate,1,1.0,0,1.0,MODERATE,Continue monitoring rainfall and historical flood conditions.
Tripura,1950.0,2423.0,2432.7179487179487,-9.71794871794873,-0.3994687803027114,0.0,Low,0.0,0.0,0.0,0.0,0.0,,0,0.0,Low,1,Low,0,0.0,0,0.0,LOW,Routine monitoring recommended.
Tripura,1951.0,2609.3,2432.7179487179487,176.58205128205145,7.258632320080954,0.0,Low,0.0,0.0,0.0,0.0,0.0,,0,0.0,Low,1,Low,0,0.0,0,0.0,LOW,Routine monitoring recommended.
Tripura,1952.0,2810.9,2432.7179487179487,378.18205128205136,15.545659597790804,1.0,Moderate,0.0,0.0,0.0,0.0,0.0,,0,1.0,Moderate,1,Moderate,1,1.0,0,1.0,MODERATE,Continue monitoring rainfall and historical flood conditions.
Tripura,1953.0,2661.6,2432.7179487179487,228.8820512820512,9.408491083097934,0.0,Low,0.0,0.0,0.0,0.0,0.0,,0,0.0,Low,1,Low,0,0.0,0,0.0,LOW,Routine monitoring recommended.
Tripura,1954.0,2905.1,2432.7179487179487,472.3820512820512,19.417871748387363,1.0,Moderate,0.0,0.0,0.0,0.0,0.0,,0,1.0,Moderate,1,Moderate,1,1.0,0,1.0,MODERATE,Continue monitoring rainfall and historical flood conditions.
Tripura,1955.0,2865.0,2432.7179487179487,432.28205128205127,17.769509675787344,1.0,Moderate,0.0,0.0,0.0,0.0,0.0,,0,1.0,Moderate,1,Moderate,1,1.0,0,1.0,MODERATE,Continue monitoring rainfall and historical flood conditions.
Tripura,1956.0,3022.7,2432.7179487179487,589.9820512820511,24.251970993718107,1.0,Moderate,0.0,0.0,0.0,0.0,0.0,,0,1.0,Moderate,1,Moderate,1,1.0,0,1.0,MODERATE,Continue monitoring rainfall and historical flood conditions.
Tripura,1957.0,2303.9,2432.7179487179487,-128.81794871794864,-5.295227454783082,0.0,Low,0.0,0.0,0.0,0.0,0.0,,0,0.0,Low,1,Low,0,0.0,0,0.0,LOW,Routine monitoring recommended.
Tripura,1958.0,1968.6,2432.7179487179487,-464.1179487179488,-19.07816518402969,0.0,Low,0.0,0.0,0.0,0.0,0.0,,0,0.0,Low,1,Low,0,0.0,0,0.0,LOW,Routine monitoring recommended.
Tripura,1959.0,2327.6,2432.7179487179487,-105.11794871794882,-4.321008474218985,0.0,Low,0.0,0.0,0.0,0.0,0.0,,0,0.0,Low,1,Low,0,0.0,0,0.0,LOW,Routine monitoring recommended.
Tripura,1960.0,1799.9,2432.7179487179487,-632.8179487179486,-26.01279564905771,0.0,Low,0.0,0.0,0.0,0.0,0.0,,0,0.0,Low,1,Low,0,0.0,0,0.0,LOW,Routine monitoring recommended.
Tripura,1961.0,1901.2,2432.7179487179487,-531.5179487179487,-21.848728867152914,0.0,Low,0.0,0.0,0.0,0.0,0.0,,0,0.0,Low,1,Low,0,0.0,0,0.0,LOW,Routine monitoring recommended.
Tripura,1962.0,1822.5,2432.7179487179487,-610.2179487179487,-25.08379358320333,0.0,Low,0.0,0.0,0.0,0.0,0.0,,0,0.0,Low,1,Low,0,0.0,0,0.0,LOW,Routine monitoring recommended.
Tripura,1963.0,2970.0,2432.7179487179487,537.2820512820513,22.085669716261226,1.0,Moderate,0.0,0.0,0.0,0.0,0.0,,0,1.0,Moderate,1,Moderate,1,1.0,0,1.0,MODERATE,Continue monitoring rainfall and historical flood conditions.
Tripura,1964.0,2328.7,2432.7179487179487,-104.01794871794893,-4.275791559509262,0.0,Low,0.0,0.0,0.0,0.0,0.0,,0,0.0,Low,1,Low,0,0.0,0,0.0,LOW,Routine monitoring recommended.
Tripura,1965.0,2031.0,2432.7179487179487,-401.71794871794873,-16.513132931405202,0.0,Low,0.0,0.0,0.0,0.0,0.0,,0,0.0,Low,1,Low,0,0.0,0,0.0,LOW,Routine monitoring recommended.
Tripura,1966.0,2478.6,2432.7179487179487,45.88205128205118,1.8860407268434545,0.0,Low,0.0,0.0,0.0,0.0,0.0,,0,0.0,Low,1,Low,0,0.0,0,0.0,LOW,Routine monitoring recommended.
Tripura,1967.0,2229.9,2432.7179487179487,-202.81794871794864,-8.337092626164674,0.0,Low,0.0,0.0,0.0,0.0,0.0,,0,0.0,Low,1,Low,0,0.0,0,0.0,LOW,Routine monitoring recommended.
Tripura,1968.0,2110.0,2432.7179487179487,-322.7179487179488,-13.265736329524854,0.0,Low,0.0,0.0,0.0,0.0,0.0,,0,0.0,Low,1,Low,0,0.0,0,0.0,LOW,Routine monitoring recommended.
Tripura,1969.0,3610.0,2432.7179487179487,1177.2820512820513,48.393692820102025,2.0,High,0.0,0.0,0.0,0.0,0.0,,0,2.0,High,1,High,2,2.0,0,2.0,HIGH,Increase monitoring and prepare local response resources.
Tripura,1970.0,4316.2,2432.7179487179487,1883.482051282051,77.42295206374635,3.0,Critical,0.0,0.0,0.0,0.0,0.0,,0,3.0,Critical,1,Critical,3,3.0,0,3.0,CRITICAL,Immediate emergency monitoring and preparedness recommended.
Tripura,1971.0,3080.7,2432.7179487179487,647.9820512820511,26.63613558750368,1.0,Moderate,0.0,0.0,0.0,0.0,0.0,,0,1.0,Moderate,1,Moderate,1,1.0,0,1.0,MODERATE,Continue monitoring rainfall and historical flood conditions.
Tripura,1972.0,1353.8,2432.7179487179487,-1078.9179487179488,-44.35030987815675,0.0,Low,0.0,0.0,0.0,0.0,0.0,,0,0.0,Low,1,Low,0,0.0,0,0.0,LOW,Routine monitoring recommended.
Tripura,1973.0,2105.8,2432.7179487179487,-326.91794871794855,-13.438382731143802,0.0,Low,0.0,0.0,0.0,0.0,0.0,,0,0.0,Low,1,Low,0,0.0,0,0.0,LOW,Routine monitoring recommended.
Tripura,1974.0,2329.6,2432.7179487179487,-103.11794871794882,-4.238795902019482,0.0,Low,0.0,0.0,0.0,0.0,0.0,,0,0.0,Low,1,Low,0,0.0,0,0.0,LOW,Routine monitoring recommended.
Tripura,1975.0,2209.7,2432.7179487179487,-223.0179487179489,-9.16743960537966,0.0,Low,0.0,0.0,0.0,0.0,0.0,,0,0.0,Low,1,Low,0,0.0,0,0.0,LOW,Routine monitoring recommended.
Tripura,1976.0,2651.4,2432.7179487179487,218.68205128205136,8.989206964880479,0.0,Low,0.0,0.0,0.0,0.0,0.0,,0,0.0,Low,1,Low,0,0.0,0,0.0,LOW,Routine monitoring recommended.
Tripura,1977.0,2358.5,2432.7179487179487,-74.21794871794873,-3.050824233736668,0.0,Low,0.0,0.0,0.0,0.0,0.0,,0,0.0,Low,1,Low,0,0.0,0,0.0,LOW,Routine monitoring recommended.
Tripura,1978.0,2150.8,2432.7179487179487,-281.91794871794855,-11.588599856654994,0.0,Low,1.0,0.0,0.0,0.0,0.0,-1.0,1,1.0,Moderate,1,Moderate,1,0.0,1,1.0,MODERATE,Continue monitoring rainfall and historical flood conditions.
Tripura,1979.0,1749.2,2432.7179487179487,-683.5179487179487,-28.096884354315105,0.0,Low,0.0,0.0,0.0,0.0,0.0,,0,0.0,Low,1,Low,0,0.0,0,0.0,LOW,Routine monitoring recommended.
Tripura,1980.0,2305.0,2432.7179487179487,-127.71794871794872,-5.250010540073359,0.0,Low,0.0,0.0,0.0,0.0,0.0,,0,0.0,Low,1,Low,0,0.0,0,0.0,LOW,Routine monitoring recommended.
Tripura,1981.0,2072.2,2432.7179487179487,-360.5179487179489,-14.81955394409546,0.0,Low,1.0,0.0,0.0,0.0,0.0,-1.0,1,1.0,Moderate,1,Moderate,1,0.0,1,1.0,MODERATE,Continue monitoring rainfall and historical flood conditions.
Tripura,1982.0,2027.5,2432.7179487179487,-405.21794871794873,-16.657004932754333,0.0,Low,0.0,0.0,0.0,0.0,0.0,,0,0.0,Low,1,Low,0,0.0,0,0.0,LOW,Routine monitoring recommended.
Tripura,1983.0,2588.0,2432.7179487179487,155.28205128205127,6.383068426156245,0.0,Low,4.0,60.0,0.0,0.0,0.0,1.5,1,1.0,Moderate,1,Moderate,1,0.0,1,1.0,MODERATE,Continue monitoring rainfall and historical flood conditions.
Tripura,1984.0,2454.0,2432.7179487179487,21.28205128205127,0.8748260887895775,0.0,Low,2.0,58.0,0.0,0.0,0.0,3.0,1,1.0,Moderate,1,Moderate,1,0.0,1,1.0,MODERATE,Continue monitoring rainfall and historical flood conditions.
Tripura,1985.0,2105.3,2432.7179487179487,-327.41794871794855,-13.458935874193678,0.0,Low,2.0,10.0,4.0,0.0,0.0,0.5,1,1.0,Moderate,1,Moderate,1,0.0,1,1.0,MODERATE,Continue monitoring rainfall and historical flood conditions.
Tripura,1986.0,2342.3,2432.7179487179487,-90.41794871794856,-3.7167460685526303,0.0,Low,0.0,0.0,0.0,0.0,0.0,,0,0.0,Low,1,Low,0,0.0,0,0.0,LOW,Routine monitoring recommended.
Tripura,1987.0,2361.3,2432.7179487179487,-71.41794871794855,-2.935726632657356,0.0,Low,0.0,0.0,0.0,0.0,0.0,,0,0.0,Low,1,Low,0,0.0,0,0.0,LOW,Routine monitoring recommended.
Tripura,1988.0,2820.2,2432.7179487179487,387.4820512820511,15.92794805851848,1.0,Moderate,3.0,7.0,0.0,0.0,0.0,0.0,1,2.0,High,1,High,2,1.0,1,2.0,HIGH,Increase monitoring and prepare local response resources.
Tripura,1989.0,2359.0,2432.7179487179487,-73.71794871794873,-3.030271090686792,0.0,Low,0.0,0.0,0.0,0.0,0.0,,0,0.0,Low,1,Low,0,0.0,0,0.0,LOW,Routine monitoring recommended.
Tripura,1990.0,2582.3,2432.7179487179487,149.58205128205145,6.148762595387671,0.0,Low,1.0,0.0,0.0,0.0,0.0,-1.0,1,1.0,Moderate,1,Moderate,1,0.0,1,1.0,MODERATE,Continue monitoring rainfall and historical flood conditions.
Tripura,1991.0,2851.9,2432.7179487179487,419.18205128205136,17.231017327880604,1.0,Moderate,2.0,12.0,6.0,0.0,0.0,2.0,1,2.0,High,1,High,2,1.0,1,2.0,HIGH,Increase monitoring and prepare local response resources.
Tripura,1992.0,2221.4,2432.7179487179487,-211.31794871794864,-8.68649605801256,0.0,Low,0.0,0.0,0.0,0.0,0.0,,0,0.0,Low,1,Low,0,0.0,0,0.0,LOW,Routine monitoring recommended.
Tripura,1993.0,2881.7,2432.7179487179487,448.9820512820511,18.455984653653186,1.0,Moderate,3.0,27.0,0.0,0.0,0.0,1.3333333333333333,1,2.0,High,1,High,2,1.0,1,2.0,HIGH,Increase monitoring and prepare local response resources.
Tripura,1994.0,1712.5,2432.7179487179487,-720.2179487179487,-29.60548505417598,0.0,Low,0.0,0.0,0.0,0.0,0.0,,0,0.0,Low,1,Low,0,0.0,0,0.0,LOW,Routine monitoring recommended.
Tripura,1995.0,2340.2,2432.7179487179487,-92.51794871794893,-3.803069269362122,0.0,Low,3.0,3.0,0.0,0.0,0.0,1.0,1,1.0,Moderate,1,Moderate,1,0.0,1,1.0,MODERATE,Continue monitoring rainfall and historical flood conditions.
Tripura,1996.0,2194.5,2432.7179487179487,-238.2179487179488,-9.792255154095873,0.0,Low,1.0,8.0,40.0,0.0,0.0,2.0,1,1.0,Moderate,1,Moderate,1,0.0,1,1.0,MODERATE,Continue monitoring rainfall and historical flood conditions.
Tripura,1997.0,2212.0,2432.7179487179487,-220.7179487179488,-9.072895147350224,0.0,Low,1.0,1.0,50.0,0.0,0.0,1.0,1,1.0,Moderate,1,Moderate,1,0.0,1,1.0,MODERATE,Continue monitoring rainfall and historical flood conditions.
Tripura,1998.0,2225.4,2432.7179487179487,-207.31794871794864,-8.522070913613556,0.0,Low,3.0,17.0,0.0,0.0,0.0,0.0,1,1.0,Moderate,1,Moderate,1,0.0,1,1.0,MODERATE,Continue monitoring rainfall and historical flood conditions.
Tripura,1999.0,2233.0,2432.7179487179487,-199.7179487179488,-8.209663139255449,0.0,Low,0.0,0.0,0.0,0.0,0.0,,0,0.0,Low,1,Low,0,0.0,0,0.0,LOW,Routine monitoring recommended.
Tripura,2000.0,2363.9,2432.7179487179487,-68.81794871794864,-2.828850288798007,0.0,Low,0.0,0.0,0.0,0.0,0.0,,0,0.0,Low,1,Low,0,0.0,0,0.0,LOW,Routine monitoring recommended.
Tripura,2001.0,2149.0,2432.7179487179487,-283.7179487179488,-11.662591171634554,0.0,Low,2.0,1.0,2.0,0.0,0.0,0.0,1,1.0,Moderate,1,Moderate,1,0.0,1,1.0,MODERATE,Continue monitoring rainfall and historical flood conditions.
Tripura,2002.0,2242.3,2432.7179487179487,-190.4179487179485,-7.827374678527756,0.0,Low,0.0,0.0,0.0,0.0,0.0,,0,0.0,Low,1,Low,0,0.0,0,0.0,LOW,Routine monitoring recommended.
Tripura,2003.0,2162.2,2432.7179487179487,-270.5179487179489,-11.119988195117845,0.0,Low,0.0,0.0,0.0,0.0,0.0,,0,0.0,Low,1,Low,0,0.0,0,0.0,LOW,Routine monitoring recommended.
Tripura,2004.0,2353.7,2432.7179487179487,-79.01794871794891,-3.2481344070154807,0.0,Low,1.0,4.0,0.0,0.0,0.0,1.0,1,1.0,Moderate,1,Moderate,1,0.0,1,1.0,MODERATE,Continue monitoring rainfall and historical flood conditions.
Tripura,2005.0,1836.7,2432.7179487179487,-596.0179487179487,-24.500084320586872,0.0,Low,0.0,0.0,0.0,0.0,0.0,,0,0.0,Low,1,Low,0,0.0,0,0.0,LOW,Routine monitoring recommended.
Tripura,2006.0,1872.0,2432.7179487179487,-560.7179487179487,-23.04903242126565,0.0,Low,0.0,0.0,0.0,0.0,0.0,,0,0.0,Low,1,Low,0,0.0,0,0.0,LOW,Routine monitoring recommended.
Tripura,2007.0,2538.2,2432.7179487179487,105.48205128205107,4.335975378388626,0.0,Low,4.0,1.0,2.0,0.0,0.0,-0.5,1,1.0,Moderate,1,Moderate,1,0.0,1,1.0,MODERATE,Continue monitoring rainfall and historical flood conditions.
Tripura,2008.0,1748.9,2432.7179487179487,-683.8179487179486,-28.10921624014503,0.0,Low,0.0,0.0,0.0,0.0,0.0,,0,0.0,Low,1,Low,0,0.0,0,0.0,LOW,Routine monitoring recommended.
Tripura,2009.0,1737.7,2432.7179487179487,-695.0179487179487,-28.56960664446224,0.0,Low,0.0,0.0,0.0,0.0,0.0,,0,0.0,Low,1,Low,0,0.0,0,0.0,LOW,Routine monitoring recommended.
Tripura,2010.0,2295.2,2432.7179487179487,-137.5179487179489,-5.652852143850929,0.0,Low,2.0,1.0,0.0,0.0,0.0,0.0,1,1.0,Moderate,1,Moderate,1,0.0,1,1.0,MODERATE,Continue monitoring rainfall and historical flood conditions.
Tripura,2011.0,1892.1,2432.7179487179487,-540.6179487179488,-22.222796070660657,0.0,Low,0.0,0.0,0.0,0.0,0.0,,0,0.0,Low,1,Low,0,0.0,0,0.0,LOW,Routine monitoring recommended.
Tripura,2012.0,1922.9,2432.7179487179487,-509.81794871794864,-20.95672245878831,0.0,Low,1.0,1.0,0.0,0.0,0.0,1.0,1,1.0,Moderate,1,Moderate,1,0.0,1,1.0,MODERATE,Continue monitoring rainfall and historical flood conditions.
Tripura,2013.0,1557.2,2432.7179487179487,-875.5179487179487,-35.989291285467345,0.0,Low,0.0,0.0,0.0,0.0,0.0,,0,0.0,Low,1,Low,0,0.0,0,0.0,LOW,Routine monitoring recommended.
Tripura,2014.0,1599.9,2432.7179487179487,-832.8179487179486,-34.23405286900796,0.0,Low,1.0,0.0,0.0,0.0,0.0,-1.0,1,1.0,Moderate,1,Moderate,1,0.0,1,1.0,MODERATE,Continue monitoring rainfall and historical flood conditions.
Tripura,2015.0,1922.4,2432.7179487179487,-510.31794871794864,-20.977275601838187,0.0,Low,0.0,0.0,0.0,0.0,0.0,,0,0.0,Low,1,Low,0,0.0,0,0.0,LOW,Routine monitoring recommended.
Tripura,2016.0,1956.4,2432.7179487179487,-476.31794871794864,-19.579661874446643,0.0,Low,1.0,0.0,0.0,0.0,0.0,-1.0,1,1.0,Moderate,1,Moderate,1,0.0,1,1.0,MODERATE,Continue monitoring rainfall and historical flood conditions.
Tripura,2017.0,2805.4,2432.7179487179487,372.68205128205136,15.319575024242171,1.0,Moderate,4.0,8.0,13.0,0.0,0.0,0.25,1,2.0,High,1,High,2,1.0,1,2.0,HIGH,Increase monitoring and prepare local response resources.
Tripura,2018.0,,,,,,,1.0,6.0,3.0,0.0,0.0,2.0,1,1.0,Moderate,0,Historical Flood Signal,2,0.0,1,1.0,MODERATE,Continue monitoring rainfall and historical flood conditions.
Tripura,2019.0,,,,,,,3.0,2.0,0.0,0.0,0.0,-0.3333333333333333,1,1.0,Moderate,0,Historical Flood Signal,2,0.0,1,1.0,MODERATE,Continue monitoring rainfall and historical flood conditions.
Uttar Pradesh,1901.0,824.55,899.8820512820512,-75.33205128205122,-8.173129117815046,0.0,Low,0.0,0.0,0.0,0.0,0.0,,0,0.0,Low,1,Low,0,0.0,0,0.0,LOW,Routine monitoring recommended.
Uttar Pradesh,1902.0,820.9000000000001,899.8820512820512,-78.9820512820512,-8.91855865234297,0.0,Low,0.0,0.0,0.0,0.0,0.0,,0,0.0,Low,1,Low,0,0.0,0,0.0,LOW,Routine monitoring recommended.
Uttar Pradesh,1903.0,1012.4,899.8820512820512,112.5179487179488,11.383599918470624,0.5,Moderate,0.0,0.0,0.0,0.0,0.0,,0,0.5,Low,1,Low,0,0.5,0,0.5,LOW,Routine monitoring recommended.
Uttar Pradesh,1904.0,1008.2,899.8820512820512,108.3179487179488,12.246032973682189,0.5,Moderate,0.0,0.0,0.0,0.0,0.0,,0,0.5,Low,1,Low,0,0.5,0,0.5,LOW,Routine monitoring recommended.
Uttar Pradesh,1905.0,662.55,899.8820512820512,-237.3320512820512,-28.00961805965456,0.0,Low,0.0,0.0,0.0,0.0,0.0,,0,0.0,Low,1,Low,0,0.0,0,0.0,LOW,Routine monitoring recommended.
Uttar Pradesh,1906.0,988.2,899.8820512820512,88.31794871794881,10.513158883947316,0.5,Moderate,0.0,0.0,0.0,0.0,0.0,,0,0.5,Low,1,Low,0,0.5,0,0.5,LOW,Routine monitoring recommended.
Uttar Pradesh,1907.0,627.9,899.8820512820512,-271.98205128205126,-30.086045302764376,0.0,Low,0.0,0.0,0.0,0.0,0.0,,0,0.0,Low,1,Low,0,0.0,0,0.0,LOW,Routine monitoring recommended.
Uttar Pradesh,1908.0,805.5,899.8820512820512,-94.38205128205126,-9.27092351908244,0.0,Low,0.0,0.0,0.0,0.0,0.0,,0,0.0,Low,1,Low,0,0.0,0,0.0,LOW,Routine monitoring recommended.
Uttar Pradesh,1909.0,1004.95,899.8820512820512,105.0679487179488,11.514186435152748,0.5,Moderate,0.0,0.0,0.0,0.0,0.0,,0,0.5,Low,1,Low,0,0.5,0,0.5,LOW,Routine monitoring recommended.
Uttar Pradesh,1910.0,996.15,899.8820512820512,96.2679487179488,10.35631533983387,0.5,Moderate,0.0,0.0,0.0,0.0,0.0,,0,0.5,Low,1,Low,0,0.5,0,0.5,LOW,Routine monitoring recommended.
Uttar Pradesh,1911.0,932.75,899.8820512820512,32.86794871794882,2.6848248325059947,0.5,Moderate,0.0,0.0,0.0,0.0,0.0,,0,0.5,Low,1,Low,0,0.5,0,0.5,LOW,Routine monitoring recommended.
Uttar Pradesh,1912.0,842.05,899.8820512820512,-57.832051282051225,-6.1095655634348125,0.0,Low,0.0,0.0,0.0,0.0,0.0,,0,0.0,Low,1,Low,0,0.0,0,0.0,LOW,Routine monitoring recommended.
Uttar Pradesh,1913.0,678.35,899.8820512820512,-221.53205128205124,-25.8065042602429,0.0,Low,0.0,0.0,0.0,0.0,0.0,,0,0.0,Low,1,Low,0,0.0,0,0.0,LOW,Routine monitoring recommended.
Uttar Pradesh,1914.0,938.15,899.8820512820512,38.26794871794874,4.522495161277457,0.0,Low,0.0,0.0,0.0,0.0,0.0,,0,0.0,Low,1,Low,0,0.0,0,0.0,LOW,Routine monitoring recommended.
Uttar Pradesh,1915.0,1106.15,899.8820512820512,206.2679487179488,20.93470433584623,1.0,Moderate,0.0,0.0,0.0,0.0,0.0,,0,1.0,Moderate,1,Moderate,1,1.0,0,1.0,MODERATE,Continue monitoring rainfall and historical flood conditions.
Uttar Pradesh,1916.0,1158.0500000000002,899.8820512820512,258.1679487179489,29.19876594362119,1.5,High,0.0,0.0,0.0,0.0,0.0,,0,1.5,Moderate,1,Moderate,1,1.5,0,1.5,LOW,Routine monitoring recommended.
Uttar Pradesh,1917.0,1168.35,899.8820512820512,268.4679487179488,30.31094250385988,1.5,High,0.0,0.0,0.0,0.0,0.0,,0,1.5,Moderate,1,Moderate,1,1.5,0,1.5,LOW,Routine monitoring recommended.
Uttar Pradesh,1918.0,511.3,899.8820512820512,-388.5820512820512,-44.09083602514838,0.0,Low,0.0,0.0,0.0,0.0,0.0,,0,0.0,Low,1,Low,0,0.0,0,0.0,LOW,Routine monitoring recommended.
Uttar Pradesh,1919.0,996.25,899.8820512820512,96.36794871794876,11.247343859420312,0.5,Moderate,0.0,0.0,0.0,0.0,0.0,,0,0.5,Low,1,Low,0,0.5,0,0.5,LOW,Routine monitoring recommended.
Uttar Pradesh,1920.0,741.5,899.8820512820512,-158.38205128205124,-18.130390637054333,0.0,Low,0.0,0.0,0.0,0.0,0.0,,0,0.0,Low,1,Low,0,0.0,0,0.0,LOW,Routine monitoring recommended.
Uttar Pradesh,1921.0,1053.5,899.8820512820512,153.61794871794876,17.333184525497966,1.0,Moderate,0.0,0.0,0.0,0.0,0.0,,0,1.0,Moderate,1,Moderate,1,1.0,0,1.0,MODERATE,Continue monitoring rainfall and historical flood conditions.
Uttar Pradesh,1922.0,1182.4,899.8820512820512,282.51794871794874,30.622308110660725,1.5,High,0.0,0.0,0.0,0.0,0.0,,0,1.5,Moderate,1,Moderate,1,1.5,0,1.5,LOW,Routine monitoring recommended.
Uttar Pradesh,1923.0,989.25,899.8820512820512,89.36794871794876,9.8987419651669,0.0,Low,0.0,0.0,0.0,0.0,0.0,,0,0.0,Low,1,Low,0,0.0,0,0.0,LOW,Routine monitoring recommended.
Uttar Pradesh,1924.0,1092.0,899.8820512820512,192.1179487179488,21.95694427063686,1.0,Moderate,0.0,0.0,0.0,0.0,0.0,,0,1.0,Moderate,1,Moderate,1,1.0,0,1.0,MODERATE,Continue monitoring rainfall and historical flood conditions.
Uttar Pradesh,1925.0,1028.9499999999998,899.8820512820512,129.0679487179487,14.359121149781956,1.0,Moderate,0.0,0.0,0.0,0.0,0.0,,0,1.0,Moderate,1,Moderate,1,1.0,0,1.0,MODERATE,Continue monitoring rainfall and historical flood conditions.
Uttar Pradesh,1926.0,953.25,899.8820512820512,53.36794871794877,6.348628445658942,0.0,Low,0.0,0.0,0.0,0.0,0.0,,0,0.0,Low,1,Low,0,0.0,0,0.0,LOW,Routine monitoring recommended.
Uttar Pradesh,1927.0,982.7,899.8820512820512,82.81794871794881,9.529011640064535,0.5,Moderate,0.0,0.0,0.0,0.0,0.0,,0,0.5,Low,1,Low,0,0.5,0,0.5,LOW,Routine monitoring recommended.
Uttar Pradesh,1928.0,724.7,899.8820512820512,-175.18205128205125,-19.64592067509886,0.0,Low,0.0,0.0,0.0,0.0,0.0,,0,0.0,Low,1,Low,0,0.0,0,0.0,LOW,Routine monitoring recommended.
Uttar Pradesh,1929.0,832.45,899.8820512820512,-67.43205128205125,-8.552456489080253,0.0,Low,0.0,0.0,0.0,0.0,0.0,,0,0.0,Low,1,Low,0,0.0,0,0.0,LOW,Routine monitoring recommended.
Uttar Pradesh,1930.0,928.8,899.8820512820512,28.91794871794877,2.624996847726114,0.0,Low,0.0,0.0,0.0,0.0,0.0,,0,0.0,Low,1,Low,0,0.0,0,0.0,LOW,Routine monitoring recommended.
Uttar Pradesh,1931.0,988.95,899.8820512820512,89.0679487179487,10.13733760542592,0.5,Moderate,0.0,0.0,0.0,0.0,0.0,,0,0.5,Low,1,Low,0,0.5,0,0.5,LOW,Routine monitoring recommended.
Uttar Pradesh,1932.0,722.25,899.8820512820512,-177.63205128205124,-19.3167228601493,0.0,Low,0.0,0.0,0.0,0.0,0.0,,0,0.0,Low,1,Low,0,0.0,0,0.0,LOW,Routine monitoring recommended.
Uttar Pradesh,1933.0,1006.4,899.8820512820512,106.51794871794876,12.91306605249508,0.5,Moderate,0.0,0.0,0.0,0.0,0.0,,0,0.5,Low,1,Low,0,0.5,0,0.5,LOW,Routine monitoring recommended.
Uttar Pradesh,1934.0,983.05,899.8820512820512,83.16794871794883,9.219936123063832,0.0,Low,0.0,0.0,0.0,0.0,0.0,,0,0.0,Low,1,Low,0,0.0,0,0.0,LOW,Routine monitoring recommended.
Uttar Pradesh,1935.0,852.2,899.8820512820512,-47.68205128205125,-5.2575264318189205,0.0,Low,0.0,0.0,0.0,0.0,0.0,,0,0.0,Low,1,Low,0,0.0,0,0.0,LOW,Routine monitoring recommended.
Uttar Pradesh,1936.0,1381.95,899.8820512820512,482.0679487179488,53.12725035323896,2.5,Critical,0.0,0.0,0.0,0.0,0.0,,0,2.5,High,1,High,2,2.5,0,2.5,LOW,Routine monitoring recommended.
Uttar Pradesh,1937.0,856.0,899.8820512820512,-43.88205128205124,-5.887830989440921,0.0,Low,0.0,0.0,0.0,0.0,0.0,,0,0.0,Low,1,Low,0,0.0,0,0.0,LOW,Routine monitoring recommended.
Uttar Pradesh,1938.0,1052.3,899.8820512820512,152.41794871794878,14.735145915774588,1.0,Moderate,0.0,0.0,0.0,0.0,0.0,,0,1.0,Moderate,1,Moderate,1,1.0,0,1.0,MODERATE,Continue monitoring rainfall and historical flood conditions.
Uttar Pradesh,1939.0,833.05,899.8820512820512,-66.83205128205122,-7.819991185780231,0.0,Low,0.0,0.0,0.0,0.0,0.0,,0,0.0,Low,1,Low,0,0.0,0,0.0,LOW,Routine monitoring recommended.
Uttar Pradesh,1940.0,825.3499999999999,899.8820512820512,-74.53205128205127,-8.01554702537518,0.0,Low,0.0,0.0,0.0,0.0,0.0,,0,0.0,Low,1,Low,0,0.0,0,0.0,LOW,Routine monitoring recommended.
Uttar Pradesh,1941.0,657.3,899.8820512820512,-242.5820512820512,-27.764160686221143,0.0,Low,0.0,0.0,0.0,0.0,0.0,,0,0.0,Low,1,Low,0,0.0,0,0.0,LOW,Routine monitoring recommended.
Uttar Pradesh,1942.0,1058.4,899.8820512820512,158.51794871794877,18.741600574356763,0.5,Moderate,0.0,0.0,0.0,0.0,0.0,,0,0.5,Low,1,Low,0,0.5,0,0.5,LOW,Routine monitoring recommended.
Uttar Pradesh,1943.0,975.75,899.8820512820512,75.8679487179487,8.024875890519727,0.5,Moderate,0.0,0.0,0.0,0.0,0.0,,0,0.5,Low,1,Low,0,0.5,0,0.5,LOW,Routine monitoring recommended.
Uttar Pradesh,1944.0,915.9,899.8820512820512,16.017948717948745,1.1348747643251595,0.0,Low,0.0,0.0,0.0,0.0,0.0,,0,0.0,Low,1,Low,0,0.0,0,0.0,LOW,Routine monitoring recommended.
Uttar Pradesh,1945.0,973.2,899.8820512820512,73.31794871794875,8.856040345685853,0.5,Moderate,0.0,0.0,0.0,0.0,0.0,,0,0.5,Low,1,Low,0,0.5,0,0.5,LOW,Routine monitoring recommended.
Uttar Pradesh,1946.0,967.75,899.8820512820512,67.86794871794882,7.641700754229173,0.0,Low,0.0,0.0,0.0,0.0,0.0,,0,0.0,Low,1,Low,0,0.0,0,0.0,LOW,Routine monitoring recommended.
Uttar Pradesh,1947.0,907.75,899.8820512820512,7.867948717948764,0.6673404217478651,0.0,Low,0.0,0.0,0.0,0.0,0.0,,0,0.0,Low,1,Low,0,0.0,0,0.0,LOW,Routine monitoring recommended.
Uttar Pradesh,1948.0,1175.6,899.8820512820512,275.7179487179487,30.183487453342625,1.5,High,0.0,0.0,0.0,0.0,0.0,,0,1.5,Moderate,1,Moderate,1,1.5,0,1.5,LOW,Routine monitoring recommended.
Uttar Pradesh,1949.0,1018.85,899.8820512820512,118.9679487179488,12.973530480431538,0.5,Moderate,0.0,0.0,0.0,0.0,0.0,,0,0.5,Low,1,Low,0,0.5,0,0.5,LOW,Routine monitoring recommended.
Uttar Pradesh,1950.0,892.7,899.8820512820512,-7.182051282051248,-0.6405101989700919,0.0,Low,0.0,0.0,0.0,0.0,0.0,,0,0.0,Low,1,Low,0,0.0,0,0.0,LOW,Routine monitoring recommended.
Uttar Pradesh,1951.0,740.7,899.8820512820512,-159.18205128205128,-17.20967729032512,0.0,Low,0.0,0.0,0.0,0.0,0.0,,0,0.0,Low,1,Low,0,0.0,0,0.0,LOW,Routine monitoring recommended.
Uttar Pradesh,1952.0,905.6,899.8820512820512,5.71794871794873,1.071697272866206,0.0,Low,0.0,0.0,0.0,0.0,0.0,,0,0.0,Low,1,Low,0,0.0,0,0.0,LOW,Routine monitoring recommended.
Uttar Pradesh,1953.0,1014.35,899.8820512820512,114.4679487179488,11.143032048555504,0.5,Moderate,0.0,0.0,0.0,0.0,0.0,,0,0.5,Low,1,Low,0,0.5,0,0.5,LOW,Routine monitoring recommended.
Uttar Pradesh,1954.0,924.5,899.8820512820512,24.617948717948764,3.0462424254585763,0.0,Low,0.0,0.0,0.0,0.0,0.0,,0,0.0,Low,1,Low,0,0.0,0,0.0,LOW,Routine monitoring recommended.
Uttar Pradesh,1955.0,1242.6,899.8820512820512,342.71794871794884,37.35916601386239,1.5,High,0.0,0.0,0.0,0.0,0.0,,0,1.5,Moderate,1,Moderate,1,1.5,0,1.5,LOW,Routine monitoring recommended.
Uttar Pradesh,1956.0,1159.25,899.8820512820512,259.3679487179488,28.85110176290632,1.0,Moderate,0.0,0.0,0.0,0.0,0.0,,0,1.0,Moderate,1,Moderate,1,1.0,0,1.0,MODERATE,Continue monitoring rainfall and historical flood conditions.
Uttar Pradesh,1957.0,980.45,899.8820512820512,80.56794871794884,9.969428337788258,0.5,Moderate,0.0,0.0,0.0,0.0,0.0,,0,0.5,Low,1,Low,0,0.5,0,0.5,LOW,Routine monitoring recommended.
Uttar Pradesh,1958.0,1091.1,899.8820512820512,191.2179487179488,22.82110313177288,1.0,Moderate,0.0,0.0,0.0,0.0,0.0,,0,1.0,Moderate,1,Moderate,1,1.0,0,1.0,MODERATE,Continue monitoring rainfall and historical flood conditions.
Uttar Pradesh,1959.0,818.75,899.8820512820512,-81.13205128205124,-8.839297008125737,0.0,Low,0.0,0.0,0.0,0.0,0.0,,0,0.0,Low,1,Low,0,0.0,0,0.0,LOW,Routine monitoring recommended.
Uttar Pradesh,1960.0,1149.9,899.8820512820512,250.0179487179488,28.511036301020745,1.5,High,0.0,0.0,0.0,0.0,0.0,,0,1.5,Moderate,1,Moderate,1,1.5,0,1.5,LOW,Routine monitoring recommended.
Uttar Pradesh,1961.0,1206.3,899.8820512820512,306.4179487179487,34.93787977676708,1.5,High,0.0,0.0,0.0,0.0,0.0,,0,1.5,Moderate,1,Moderate,1,1.5,0,1.5,LOW,Routine monitoring recommended.
Uttar Pradesh,1962.0,935.1,899.8820512820512,35.21794871794879,3.3660274406590283,0.0,Low,0.0,0.0,0.0,0.0,0.0,,0,0.0,Low,1,Low,0,0.0,0,0.0,LOW,Routine monitoring recommended.
Uttar Pradesh,1963.0,963.0,899.8820512820512,63.11794871794877,7.467762710490383,0.5,Moderate,0.0,0.0,0.0,0.0,0.0,,0,0.5,Low,1,Low,0,0.5,0,0.5,LOW,Routine monitoring recommended.
Uttar Pradesh,1964.0,1019.3,899.8820512820512,119.41794871794872,13.920270546574908,0.5,Moderate,0.0,0.0,0.0,0.0,0.0,,0,0.5,Low,1,Low,0,0.5,0,0.5,LOW,Routine monitoring recommended.
Uttar Pradesh,1965.0,679.5,899.8820512820512,-220.38205128205124,-24.00459131077876,0.0,Low,0.0,0.0,0.0,0.0,0.0,,0,0.0,Low,1,Low,0,0.0,0,0.0,LOW,Routine monitoring recommended.
Uttar Pradesh,1966.0,731.9,899.8820512820512,-167.98205128205126,-17.855334425933528,0.0,Low,0.0,0.0,0.0,0.0,0.0,,0,0.0,Low,1,Low,0,0.0,0,0.0,LOW,Routine monitoring recommended.
Uttar Pradesh,1967.0,1093.3000000000002,899.8820512820512,193.4179487179489,22.96999557994406,1.0,Moderate,1.0,0.0,0.0,0.0,0.0,-1.0,1,2.0,High,1,High,2,1.0,1,2.0,HIGH,Increase monitoring and prepare local response resources.
Uttar Pradesh,1968.0,766.65,899.8820512820512,-133.23205128205126,-14.886933619031169,0.0,Low,1.0,0.0,0.0,0.0,0.0,-1.0,1,1.0,Moderate,1,Moderate,1,0.0,1,1.0,MODERATE,Continue monitoring rainfall and historical flood conditions.
Uttar Pradesh,1969.0,951.35,899.8820512820512,51.46794871794873,5.786307179098781,0.0,Low,0.0,0.0,0.0,0.0,0.0,,0,0.0,Low,1,Low,0,0.0,0,0.0,LOW,Routine monitoring recommended.
Uttar Pradesh,1970.0,998.05,899.8820512820512,98.16794871794872,10.436664061279004,0.5,Moderate,1.0,223.0,0.0,0.0,0.0,4.0,1,1.5,Moderate,1,Moderate,1,0.5,1,1.5,LOW,Routine monitoring recommended.
Uttar Pradesh,1971.0,1157.1,899.8820512820512,257.2179487179488,28.05147229544324,1.5,High,0.0,0.0,0.0,0.0,0.0,,0,1.5,Moderate,1,Moderate,1,1.5,0,1.5,LOW,Routine monitoring recommended.
Uttar Pradesh,1972.0,626.0,899.8820512820512,-273.88205128205124,-30.32232631821732,0.0,Low,0.0,0.0,0.0,0.0,0.0,,0,0.0,Low,1,Low,0,0.0,0,0.0,LOW,Routine monitoring recommended.
Uttar Pradesh,1973.0,880.8,899.8820512820512,-19.082051282051225,-2.1254986406611014,0.0,Low,0.0,0.0,0.0,0.0,0.0,,0,0.0,Low,1,Low,0,0.0,0,0.0,LOW,Routine monitoring recommended.
Uttar Pradesh,1974.0,775.55,899.8820512820512,-124.33205128205122,-14.205512970363936,0.0,Low,0.0,0.0,0.0,0.0,0.0,,0,0.0,Low,1,Low,0,0.0,0,0.0,LOW,Routine monitoring recommended.
Uttar Pradesh,1975.0,1107.5,899.8820512820512,207.6179487179488,22.840275814435664,1.0,Moderate,2.0,25.0,0.0,0.0,42.0,1.0,1,2.0,High,1,High,2,1.0,1,2.0,HIGH,Increase monitoring and prepare local response resources.
Uttar Pradesh,1976.0,788.35,899.8820512820512,-111.5320512820512,-13.042228015503024,0.0,Low,2.0,228.0,0.0,0.0,0.0,1.5,1,1.0,Moderate,1,Moderate,1,0.0,1,1.0,MODERATE,Continue monitoring rainfall and historical flood conditions.
Uttar Pradesh,1977.0,954.2,899.8820512820512,54.31794871794877,7.176497152172424,0.5,Moderate,0.0,0.0,0.0,0.0,0.0,,0,0.5,Low,1,Low,0,0.5,0,0.5,LOW,Routine monitoring recommended.
Uttar Pradesh,1978.0,1180.25,899.8820512820512,280.3679487179488,32.70222833920833,1.5,High,9.0,1107.0,62.0,0.0,652.0,1.7777777777777777,1,2.5,High,1,High,2,1.5,1,2.5,LOW,Routine monitoring recommended.
Uttar Pradesh,1979.0,627.25,899.8820512820512,-272.63205128205124,-30.450341804398736,0.0,Low,2.0,76.0,0.0,0.0,222.0,1.0,1,1.0,Moderate,1,Moderate,1,0.0,1,1.0,MODERATE,Continue monitoring rainfall and historical flood conditions.
Uttar Pradesh,1980.0,1236.6,899.8820512820512,336.7179487179488,36.024203159173894,1.5,High,1.0,8.0,8.0,0.0,0.0,2.0,1,2.5,High,1,High,2,1.5,1,2.5,LOW,Routine monitoring recommended.
Uttar Pradesh,1981.0,924.85,899.8820512820512,24.96794871794873,1.761881287754543,0.5,Moderate,5.0,236.0,12.0,0.0,682.0,2.0,1,1.5,Moderate,1,Moderate,1,0.5,1,1.5,LOW,Routine monitoring recommended.
Uttar Pradesh,1982.0,1039.85,899.8820512820512,139.96794871794873,15.715175158762902,1.0,Moderate,2.0,5.0,0.0,0.0,0.0,0.5,1,2.0,High,1,High,2,1.0,1,2.0,HIGH,Increase monitoring and prepare local response resources.
Uttar Pradesh,1983.0,1198.25,899.8820512820512,298.3679487179488,34.05059763990461,1.5,High,7.0,396.0,12.0,0.0,3000.0,1.8571428571428568,1,2.5,High,1,High,2,1.5,1,2.5,LOW,Routine monitoring recommended.
Uttar Pradesh,1984.0,929.0,899.8820512820512,29.117948717948767,2.581228480698588,0.0,Low,7.0,155.0,0.0,0.0,0.0,1.4285714285714286,1,1.0,Moderate,1,Moderate,1,0.0,1,1.0,MODERATE,Continue monitoring rainfall and historical flood conditions.
Uttar Pradesh,1985.0,1066.5500000000002,899.8820512820512,166.66794871794883,18.33874920310872,1.0,Moderate,4.0,249.0,0.0,0.0,467.0,2.5,1,2.0,High,1,High,2,1.0,1,2.0,HIGH,Increase monitoring and prepare local response resources.
Uttar Pradesh,1986.0,825.25,899.8820512820512,-74.63205128205124,-8.67503971446519,0.0,Low,5.0,233.0,0.0,0.0,2856.0,2.2,1,1.0,Moderate,1,Moderate,1,0.0,1,1.0,MODERATE,Continue monitoring rainfall and historical flood conditions.
Uttar Pradesh,1987.0,645.75,899.8820512820512,-254.1320512820512,-29.41646801399668,0.0,Low,2.0,168.0,0.0,0.0,0.0,3.0,1,1.0,Moderate,1,Moderate,1,0.0,1,1.0,MODERATE,Continue monitoring rainfall and historical flood conditions.
Uttar Pradesh,1988.0,1060.35,899.8820512820512,160.46794871794867,18.444330052075163,0.5,Moderate,1.0,611.0,0.0,0.0,0.0,4.0,1,1.5,Moderate,1,Moderate,1,0.5,1,1.5,LOW,Routine monitoring recommended.
Uttar Pradesh,1989.0,813.5999999999999,899.8820512820512,-86.28205128205126,-10.41603303084159,0.0,Low,1.0,160.0,0.0,0.0,0.0,4.0,1,1.0,Moderate,1,Moderate,1,0.0,1,1.0,MODERATE,Continue monitoring rainfall and historical flood conditions.
Uttar Pradesh,1990.0,1032.05,899.8820512820512,132.16794871794872,14.810984331360334,1.0,Moderate,1.0,210.0,0.0,0.0,2000.0,4.0,1,2.0,High,1,High,2,1.0,1,2.0,HIGH,Increase monitoring and prepare local response resources.
Uttar Pradesh,1991.0,811.95,899.8820512820512,-87.93205128205119,-9.721343398108418,0.0,Low,19.0,150.0,0.0,0.0,211.0,1.1578947368421053,1,1.0,Moderate,1,Moderate,1,0.0,1,1.0,MODERATE,Continue monitoring rainfall and historical flood conditions.
Uttar Pradesh,1992.0,842.0,899.8820512820512,-57.88205128205124,-5.962537105998398,0.0,Low,1.0,107.0,0.0,0.0,0.0,4.0,1,1.0,Moderate,1,Moderate,1,0.0,1,1.0,MODERATE,Continue monitoring rainfall and historical flood conditions.
Uttar Pradesh,1993.0,802.95,899.8820512820512,-96.93205128205123,-10.424351896742849,0.0,Low,2.0,206.0,0.0,0.0,2347.0,3.5,1,1.0,Moderate,1,Moderate,1,0.0,1,1.0,MODERATE,Continue monitoring rainfall and historical flood conditions.
Uttar Pradesh,1994.0,858.5,899.8820512820512,-41.38205128205124,-4.402145489946954,0.0,Low,5.0,45.0,2.0,0.0,0.0,1.6,1,1.0,Moderate,1,Moderate,1,0.0,1,1.0,MODERATE,Continue monitoring rainfall and historical flood conditions.
Uttar Pradesh,1995.0,843.65,899.8820512820512,-56.23205128205126,-5.73486359357028,0.0,Low,7.0,271.0,34.0,0.0,0.0,1.8571428571428568,1,1.0,Moderate,1,Moderate,1,0.0,1,1.0,MODERATE,Continue monitoring rainfall and historical flood conditions.
Uttar Pradesh,1996.0,975.75,899.8820512820512,75.86794871794876,8.88297602966568,0.5,Moderate,7.0,59.0,24.0,0.0,53.0,1.1428571428571428,1,1.5,Moderate,1,Moderate,1,0.5,1,1.5,LOW,Routine monitoring recommended.
Uttar Pradesh,1997.0,469.25,899.8820512820512,-430.6320512820512,-47.70711646925837,0.0,Low,9.0,40.0,5.0,0.0,0.0,0.8888888888888888,1,1.0,Moderate,1,Moderate,1,0.0,1,1.0,MODERATE,Continue monitoring rainfall and historical flood conditions.
Uttar Pradesh,1998.0,764.1,899.8820512820512,-135.7820512820512,-13.50480839170415,0.0,Low,8.0,645.0,0.0,0.0,264.0,2.5,1,1.0,Moderate,1,Moderate,1,0.0,1,1.0,MODERATE,Continue monitoring rainfall and historical flood conditions.
Uttar Pradesh,1999.0,869.5999999999999,899.8820512820512,-30.28205128205127,-3.457482044169505,0.0,Low,4.0,96.0,2.0,0.0,9.0,1.25,1,1.0,Moderate,1,Moderate,1,0.0,1,1.0,MODERATE,Continue monitoring rainfall and historical flood conditions.
Uttar Pradesh,2000.0,859.0999999999999,899.8820512820512,-40.78205128205127,-4.675207221945715,0.0,Low,11.0,225.0,9.0,0.0,0.0,1.0909090909090908,1,1.0,Moderate,1,Moderate,1,0.0,1,1.0,MODERATE,Continue monitoring rainfall and historical flood conditions.
Uttar Pradesh,2001.0,817.75,899.8820512820512,-82.13205128205124,-9.949187326775778,0.0,Low,0.0,0.0,0.0,0.0,0.0,,0,0.0,Low,1,Low,0,0.0,0,0.0,LOW,Routine monitoring recommended.
Uttar Pradesh,2002.0,657.1500000000001,899.8820512820512,-242.73205128205123,-26.75132356921664,0.0,Low,4.0,41.0,0.0,0.0,0.0,1.75,1,1.0,Moderate,1,Moderate,1,0.0,1,1.0,MODERATE,Continue monitoring rainfall and historical flood conditions.
Uttar Pradesh,2003.0,1071.95,899.8820512820512,172.0679487179488,19.745479373894995,1.0,Moderate,10.0,315.0,0.0,0.0,0.0,1.6,1,2.0,High,1,High,2,1.0,1,2.0,HIGH,Increase monitoring and prepare local response resources.
Uttar Pradesh,2004.0,694.5999999999999,899.8820512820512,-205.28205128205127,-22.75209985950476,0.0,Low,3.0,92.0,0.0,0.0,0.0,1.3333333333333333,1,1.0,Moderate,1,Moderate,1,0.0,1,1.0,MODERATE,Continue monitoring rainfall and historical flood conditions.
Uttar Pradesh,2005.0,748.0,899.8820512820512,-151.88205128205124,-16.491864381865504,0.0,Low,5.0,111.0,0.0,0.0,0.0,2.0,1,1.0,Moderate,1,Moderate,1,0.0,1,1.0,MODERATE,Continue monitoring rainfall and historical flood conditions.
Uttar Pradesh,2006.0,580.7,899.8820512820512,-319.18205128205125,-35.491696715964494,0.0,Low,0.0,0.0,0.0,0.0,0.0,,0,0.0,Low,1,Low,0,0.0,0,0.0,LOW,Routine monitoring recommended.
Uttar Pradesh,2007.0,656.85,899.8820512820512,-243.03205128205124,-27.2801038243172,0.0,Low,5.0,26.0,5.0,0.0,0.0,1.0,1,1.0,Moderate,1,Moderate,1,0.0,1,1.0,MODERATE,Continue monitoring rainfall and historical flood conditions.
Uttar Pradesh,2008.0,876.5999999999999,899.8820512820512,-23.28205128205127,-2.613533755977698,0.0,Low,8.0,790.0,0.0,0.0,0.0,1.375,1,1.0,Moderate,1,Moderate,1,0.0,1,1.0,MODERATE,Continue monitoring rainfall and historical flood conditions.
Uttar Pradesh,2009.0,579.7,899.8820512820512,-320.1820512820512,-35.40610611388807,0.0,Low,8.0,94.0,0.0,0.0,0.0,1.875,1,1.0,Moderate,1,Moderate,1,0.0,1,1.0,MODERATE,Continue monitoring rainfall and historical flood conditions.
Uttar Pradesh,2010.0,756.45,899.8820512820512,-143.4320512820512,-14.728173888828044,0.0,Low,4.0,13.0,0.0,0.0,0.0,0.5,1,1.0,Moderate,1,Moderate,1,0.0,1,1.0,MODERATE,Continue monitoring rainfall and historical flood conditions.
Uttar Pradesh,2011.0,779.3,899.8820512820512,-120.58205128205124,-12.795865525715456,0.0,Low,5.0,21.0,3.0,0.0,0.0,0.2,1,1.0,Moderate,1,Moderate,1,0.0,1,1.0,MODERATE,Continue monitoring rainfall and historical flood conditions.
Uttar Pradesh,2012.0,496.15,899.8820512820512,-403.7320512820512,-45.47603210399389,0.0,Low,1.0,3.0,0.0,0.0,0.0,1.0,1,1.0,Moderate,1,Moderate,1,0.0,1,1.0,MODERATE,Continue monitoring rainfall and historical flood conditions.
Uttar Pradesh,2013.0,987.1,899.8820512820512,87.21794871794879,9.96666307891084,0.5,Moderate,7.0,43.0,9.0,0.0,0.0,1.4285714285714286,1,1.5,Moderate,1,Moderate,1,0.5,1,1.5,LOW,Routine monitoring recommended.
Uttar Pradesh,2014.0,594.05,899.8820512820512,-305.8320512820512,-34.5243783069179,0.0,Low,1.0,82.0,12.0,0.0,0.0,3.0,1,1.0,Moderate,1,Moderate,1,0.0,1,1.0,MODERATE,Continue monitoring rainfall and historical flood conditions.
Uttar Pradesh,2015.0,593.0,899.8820512820512,-306.8820512820512,-33.72662281215257,0.0,Low,4.0,34.0,0.0,0.0,0.0,1.75,1,1.0,Moderate,1,Moderate,1,0.0,1,1.0,MODERATE,Continue monitoring rainfall and historical flood conditions.
Uttar Pradesh,2016.0,782.25,899.8820512820512,-117.63205128205122,-13.29307699901252,0.0,Low,5.0,52.0,0.0,0.0,0.0,2.0,1,1.0,Moderate,1,Moderate,1,0.0,1,1.0,MODERATE,Continue monitoring rainfall and historical flood conditions.
Uttar Pradesh,2017.0,640.1,899.8820512820512,-259.7820512820512,-28.8765092253706,0.0,Low,4.0,138.0,12.0,0.0,152.0,2.25,1,1.0,Moderate,1,Moderate,1,0.0,1,1.0,MODERATE,Continue monitoring rainfall and historical flood conditions.
Uttar Pradesh,2018.0,,,,,,,32.0,308.0,160.0,4.0,27.0,1.71875,1,1.0,Moderate,0,Historical Flood Signal,2,0.0,1,1.0,MODERATE,Continue monitoring rainfall and historical flood conditions.
Uttar Pradesh,2019.0,,,,,,,5.0,18.0,3.0,0.0,7.0,0.0,1,1.0,Moderate,0,Historical Flood Signal,2,0.0,1,1.0,MODERATE,Continue monitoring rainfall and historical flood conditions.
Uttar Pradesh,2020.0,,,,,,,4.0,24.0,0.0,0.0,0.0,1.0,1,1.0,Moderate,0,Historical Flood Signal,2,0.0,1,1.0,MODERATE,Continue monitoring rainfall and historical flood conditions.
Uttar Pradesh,2021.0,,,,,,,19.0,42.0,12.0,0.0,0.0,1.0,1,1.0,Moderate,0,Historical Flood Signal,2,0.0,1,1.0,MODERATE,Continue monitoring rainfall and historical flood conditions.
Uttar Pradesh,2022.0,,,,,,,150.0,231.0,40.0,0.0,132.0,0.8133333333333334,1,1.0,Moderate,0,Historical Flood Signal,2,0.0,1,1.0,MODERATE,Continue monitoring rainfall and historical flood conditions.
Uttar Pradesh,2023.0,,,,,,,37.0,62.0,8.0,0.0,0.0,0.3243243243243243,1,1.0,Moderate,0,Historical Flood Signal,2,0.0,1,1.0,MODERATE,Continue monitoring rainfall and historical flood conditions.
"Uttar Pradesh , Assam , Bihar , West Bengal, Kerala",1971.0,,,,,,,1.0,0.0,0.0,0.0,0.0,-1.0,1,1.0,Moderate,0,Historical Flood Signal,2,0.0,1,1.0,MODERATE,Continue monitoring rainfall and historical flood conditions.
"Uttar Pradesh , Uttarakhand",1982.0,,,,,,,1.0,382.0,0.0,0.0,0.0,4.0,1,1.0,Moderate,0,Historical Flood Signal,2,0.0,1,1.0,MODERATE,Continue monitoring rainfall and historical flood conditions.
"Uttar Pradesh, Bihar",1973.0,,,,,,,1.0,145.0,0.0,0.0,0.0,4.0,1,1.0,Moderate,0,Historical Flood Signal,2,0.0,1,1.0,MODERATE,Continue monitoring rainfall and historical flood conditions.
"Uttar Pradesh, Bihar, Assam",1971.0,,,,,,,1.0,0.0,0.0,0.0,0.0,-1.0,1,1.0,Moderate,0,Historical Flood Signal,2,0.0,1,1.0,MODERATE,Continue monitoring rainfall and historical flood conditions.
"Uttar Pradesh, Bihar, Odisha, West Bengal",1971.0,,,,,,,1.0,1025.0,0.0,0.0,0.0,4.0,1,1.0,Moderate,0,Historical Flood Signal,2,0.0,1,1.0,MODERATE,Continue monitoring rainfall and historical flood conditions.
"Uttar Pradesh, East Rajasthan",1972.0,,,,,,,1.0,0.0,0.0,0.0,0.0,-1.0,1,1.0,Moderate,0,Historical Flood Signal,2,0.0,1,1.0,MODERATE,Continue monitoring rainfall and historical flood conditions.
"Uttar Pradesh, Uttarakhand",1979.0,,,,,,,1.0,11.0,0.0,0.0,0.0,2.0,1,1.0,Moderate,0,Historical Flood Signal,2,0.0,1,1.0,MODERATE,Continue monitoring rainfall and historical flood conditions.
"Uttar Pradesh, Uttarakhand",1980.0,,,,,,,3.0,1492.0,24.0,0.0,5239.0,3.6666666666666665,1,1.0,Moderate,0,Historical Flood Signal,2,0.0,1,1.0,MODERATE,Continue monitoring rainfall and historical flood conditions.
"Uttar Pradesh, Uttarakhand",1981.0,,,,,,,1.0,148.0,0.0,0.0,513.0,4.0,1,1.0,Moderate,0,Historical Flood Signal,2,0.0,1,1.0,MODERATE,Continue monitoring rainfall and historical flood conditions.
"Uttar Pradesh, Uttarakhand",1985.0,,,,,,,1.0,24.0,7.0,0.0,0.0,2.0,1,1.0,Moderate,0,Historical Flood Signal,2,0.0,1,1.0,MODERATE,Continue monitoring rainfall and historical flood conditions.
"Uttar Pradesh, Uttarakhand",2001.0,,,,,,,2.0,212.0,0.0,0.0,0.0,1.5,1,1.0,Moderate,0,Historical Flood Signal,2,0.0,1,1.0,MODERATE,Continue monitoring rainfall and historical flood conditions.
"Uttar Pradesh, Uttarakhand",2005.0,,,,,,,4.0,41.0,0.0,0.0,0.0,0.5,1,1.0,Moderate,0,Historical Flood Signal,2,0.0,1,1.0,MODERATE,Continue monitoring rainfall and historical flood conditions.
"Uttar Pradesh, Uttarakhand",2006.0,,,,,,,1.0,15.0,0.0,0.0,0.0,2.0,1,1.0,Moderate,0,Historical Flood Signal,2,0.0,1,1.0,MODERATE,Continue monitoring rainfall and historical flood conditions.
"Uttar Pradesh, West Bengal, Bihar",1971.0,,,,,,,1.0,0.0,0.0,0.0,0.0,-1.0,1,1.0,Moderate,0,Historical Flood Signal,2,0.0,1,1.0,MODERATE,Continue monitoring rainfall and historical flood conditions.
Uttarakhand,1901.0,1562.5,1464.4418803418805,98.0581196581195,6.695937952500197,0.0,Low,0.0,0.0,0.0,0.0,0.0,,0,0.0,Low,1,Low,0,0.0,0,0.0,LOW,Routine monitoring recommended.
Uttarakhand,1902.0,1324.2,1464.4418803418805,-140.24188034188046,-9.576472936511507,0.0,Low,0.0,0.0,0.0,0.0,0.0,,0,0.0,Low,1,Low,0,0.0,0,0.0,LOW,Routine monitoring recommended.
Uttarakhand,1903.0,1306.5,1464.4418803418805,-157.9418803418805,-10.785124521637435,0.0,Low,0.0,0.0,0.0,0.0,0.0,,0,0.0,Low,1,Low,0,0.0,0,0.0,LOW,Routine monitoring recommended.
Uttarakhand,1904.0,1492.0,1464.4418803418805,27.55811965811949,1.881817232083388,0.0,Low,0.0,0.0,0.0,0.0,0.0,,0,0.0,Low,1,Low,0,0.0,0,0.0,LOW,Routine monitoring recommended.
Uttarakhand,1905.0,1302.1,1464.4418803418805,-162.3418803418806,-11.085580282911682,0.0,Low,0.0,0.0,0.0,0.0,0.0,,0,0.0,Low,1,Low,0,0.0,0,0.0,LOW,Routine monitoring recommended.
Uttarakhand,1906.0,1537.9,1464.4418803418805,73.45811965811959,5.01611710537604,0.0,Low,0.0,0.0,0.0,0.0,0.0,,0,0.0,Low,1,Low,0,0.0,0,0.0,LOW,Routine monitoring recommended.
Uttarakhand,1907.0,1194.4,1464.4418803418805,-270.0418803418804,-18.439917894101605,0.0,Low,0.0,0.0,0.0,0.0,0.0,,0,0.0,Low,1,Low,0,0.0,0,0.0,LOW,Routine monitoring recommended.
Uttarakhand,1908.0,1256.2,1464.4418803418805,-208.2418803418805,-14.219880156204315,0.0,Low,0.0,0.0,0.0,0.0,0.0,,0,0.0,Low,1,Low,0,0.0,0,0.0,LOW,Routine monitoring recommended.
Uttarakhand,1909.0,1717.7,1464.4418803418805,253.2581196581196,17.29383207744614,1.0,Moderate,0.0,0.0,0.0,0.0,0.0,,0,1.0,Moderate,1,Moderate,1,1.0,0,1.0,MODERATE,Continue monitoring rainfall and historical flood conditions.
Uttarakhand,1910.0,1963.9,1464.4418803418805,499.4581196581196,34.105697628745695,2.0,High,0.0,0.0,0.0,0.0,0.0,,0,2.0,High,1,High,2,2.0,0,2.0,HIGH,Increase monitoring and prepare local response resources.
Uttarakhand,1911.0,1542.9,1464.4418803418805,78.45811965811959,5.357544106824041,0.0,Low,0.0,0.0,0.0,0.0,0.0,,0,0.0,Low,1,Low,0,0.0,0,0.0,LOW,Routine monitoring recommended.
Uttarakhand,1912.0,1394.5,1464.4418803418805,-69.9418803418805,-4.776009296152624,0.0,Low,0.0,0.0,0.0,0.0,0.0,,0,0.0,Low,1,Low,0,0.0,0,0.0,LOW,Routine monitoring recommended.
Uttarakhand,1913.0,1137.6,1464.4418803418805,-326.8418803418806,-22.3185286305509,0.0,Low,0.0,0.0,0.0,0.0,0.0,,0,0.0,Low,1,Low,0,0.0,0,0.0,LOW,Routine monitoring recommended.
Uttarakhand,1914.0,1940.9,1464.4418803418805,476.4581196581196,32.53513342208489,1.0,Moderate,0.0,0.0,0.0,0.0,0.0,,0,1.0,Moderate,1,Moderate,1,1.0,0,1.0,MODERATE,Continue monitoring rainfall and historical flood conditions.
Uttarakhand,1915.0,1601.3,1464.4418803418805,136.85811965811945,9.34541148373668,0.0,Low,0.0,0.0,0.0,0.0,0.0,,0,0.0,Low,1,Low,0,0.0,0,0.0,LOW,Routine monitoring recommended.
Uttarakhand,1916.0,1678.8,1464.4418803418805,214.35811965811945,14.637530006180688,1.0,Moderate,0.0,0.0,0.0,0.0,0.0,,0,1.0,Moderate,1,Moderate,1,1.0,0,1.0,MODERATE,Continue monitoring rainfall and historical flood conditions.
Uttarakhand,1917.0,2102.9,1464.4418803418805,638.4581196581196,43.59736826900011,2.0,High,0.0,0.0,0.0,0.0,0.0,,0,2.0,High,1,High,2,2.0,0,2.0,HIGH,Increase monitoring and prepare local response resources.
Uttarakhand,1918.0,1215.2,1464.4418803418805,-249.2418803418805,-17.019581568077925,0.0,Low,0.0,0.0,0.0,0.0,0.0,,0,0.0,Low,1,Low,0,0.0,0,0.0,LOW,Routine monitoring recommended.
Uttarakhand,1919.0,1583.1,1464.4418803418805,118.6581196581194,8.102617198465953,0.0,Low,0.0,0.0,0.0,0.0,0.0,,0,0.0,Low,1,Low,0,0.0,0,0.0,LOW,Routine monitoring recommended.
Uttarakhand,1920.0,1328.4,1464.4418803418805,-136.0418803418804,-9.289674255295187,0.0,Low,0.0,0.0,0.0,0.0,0.0,,0,0.0,Low,1,Low,0,0.0,0,0.0,LOW,Routine monitoring recommended.
Uttarakhand,1921.0,1848.7,1464.4418803418805,384.25811965811954,26.23921951538376,1.0,Moderate,0.0,0.0,0.0,0.0,0.0,,0,1.0,Moderate,1,Moderate,1,1.0,0,1.0,MODERATE,Continue monitoring rainfall and historical flood conditions.
Uttarakhand,1922.0,1860.0,1464.4418803418805,395.5581196581195,27.01084453865624,1.0,Moderate,0.0,0.0,0.0,0.0,0.0,,0,1.0,Moderate,1,Moderate,1,1.0,0,1.0,MODERATE,Continue monitoring rainfall and historical flood conditions.
Uttarakhand,1923.0,1582.9,1464.4418803418805,118.4581196581196,8.088960118408044,0.0,Low,0.0,0.0,0.0,0.0,0.0,,0,0.0,Low,1,Low,0,0.0,0,0.0,LOW,Routine monitoring recommended.
Uttarakhand,1924.0,1927.1,1464.4418803418805,462.6581196581194,31.5927948980884,1.0,Moderate,0.0,0.0,0.0,0.0,0.0,,0,1.0,Moderate,1,Moderate,1,1.0,0,1.0,MODERATE,Continue monitoring rainfall and historical flood conditions.
Uttarakhand,1925.0,1535.0,1464.4418803418805,70.5581196581195,4.818089444536193,0.0,Low,0.0,0.0,0.0,0.0,0.0,,0,0.0,Low,1,Low,0,0.0,0,0.0,LOW,Routine monitoring recommended.
Uttarakhand,1926.0,1381.2,1464.4418803418805,-83.24188034188046,-5.684205120004303,0.0,Low,0.0,0.0,0.0,0.0,0.0,,0,0.0,Low,1,Low,0,0.0,0,0.0,LOW,Routine monitoring recommended.
Uttarakhand,1927.0,1649.9,1464.4418803418805,185.4581196581196,12.664081937811252,1.0,Moderate,0.0,0.0,0.0,0.0,0.0,,0,1.0,Moderate,1,Moderate,1,1.0,0,1.0,MODERATE,Continue monitoring rainfall and historical flood conditions.
Uttarakhand,1928.0,1241.9,1464.4418803418805,-222.5418803418804,-15.196361380345596,0.0,Low,0.0,0.0,0.0,0.0,0.0,,0,0.0,Low,1,Low,0,0.0,0,0.0,LOW,Routine monitoring recommended.
Uttarakhand,1929.0,1212.2,1464.4418803418805,-252.2418803418805,-17.224437768946725,0.0,Low,0.0,0.0,0.0,0.0,0.0,,0,0.0,Low,1,Low,0,0.0,0,0.0,LOW,Routine monitoring recommended.
Uttarakhand,1930.0,1271.2,1464.4418803418805,-193.2418803418805,-13.195599151860316,0.0,Low,0.0,0.0,0.0,0.0,0.0,,0,0.0,Low,1,Low,0,0.0,0,0.0,LOW,Routine monitoring recommended.
Uttarakhand,1931.0,1334.1,1464.4418803418805,-130.3418803418806,-8.900447473644478,0.0,Low,0.0,0.0,0.0,0.0,0.0,,0,0.0,Low,1,Low,0,0.0,0,0.0,LOW,Routine monitoring recommended.
Uttarakhand,1932.0,1369.6,1464.4418803418805,-94.8418803418806,-6.476315763363674,0.0,Low,0.0,0.0,0.0,0.0,0.0,,0,0.0,Low,1,Low,0,0.0,0,0.0,LOW,Routine monitoring recommended.
Uttarakhand,1933.0,1595.8,1464.4418803418805,131.35811965811945,8.969841782143877,0.0,Low,0.0,0.0,0.0,0.0,0.0,,0,0.0,Low,1,Low,0,0.0,0,0.0,LOW,Routine monitoring recommended.
Uttarakhand,1934.0,1339.0,1464.4418803418805,-125.4418803418805,-8.565849012225431,0.0,Low,0.0,0.0,0.0,0.0,0.0,,0,0.0,Low,1,Low,0,0.0,0,0.0,LOW,Routine monitoring recommended.
Uttarakhand,1935.0,1137.2,1464.4418803418805,-327.24188034188046,-22.345842790666733,0.0,Low,0.0,0.0,0.0,0.0,0.0,,0,0.0,Low,1,Low,0,0.0,0,0.0,LOW,Routine monitoring recommended.
Uttarakhand,1936.0,1912.3,1464.4418803418805,447.85811965811945,30.58217097380232,1.0,Moderate,0.0,0.0,0.0,0.0,0.0,,0,1.0,Moderate,1,Moderate,1,1.0,0,1.0,MODERATE,Continue monitoring rainfall and historical flood conditions.
Uttarakhand,1937.0,1533.6,1464.4418803418805,69.1581196581194,4.722489884130747,0.0,Low,0.0,0.0,0.0,0.0,0.0,,0,0.0,Low,1,Low,0,0.0,0,0.0,LOW,Routine monitoring recommended.
Uttarakhand,1938.0,1529.3,1464.4418803418805,64.85811965811945,4.42886266288547,0.0,Low,0.0,0.0,0.0,0.0,0.0,,0,0.0,Low,1,Low,0,0.0,0,0.0,LOW,Routine monitoring recommended.
Uttarakhand,1939.0,1142.6,1464.4418803418805,-321.8418803418806,-21.9771016291029,0.0,Low,0.0,0.0,0.0,0.0,0.0,,0,0.0,Low,1,Low,0,0.0,0,0.0,LOW,Routine monitoring recommended.
Uttarakhand,1940.0,1223.7,1464.4418803418805,-240.7418803418805,-16.439155665616322,0.0,Low,0.0,0.0,0.0,0.0,0.0,,0,0.0,Low,1,Low,0,0.0,0,0.0,LOW,Routine monitoring recommended.
Uttarakhand,1941.0,1061.6,1464.4418803418805,-402.8418803418806,-27.50821905256052,0.0,Low,0.0,0.0,0.0,0.0,0.0,,0,0.0,Low,1,Low,0,0.0,0,0.0,LOW,Routine monitoring recommended.
Uttarakhand,1942.0,1711.4,1464.4418803418805,246.9581196581196,16.863634055621663,1.0,Moderate,0.0,0.0,0.0,0.0,0.0,,0,1.0,Moderate,1,Moderate,1,1.0,0,1.0,MODERATE,Continue monitoring rainfall and historical flood conditions.
Uttarakhand,1943.0,1366.7,1464.4418803418805,-97.74188034188046,-6.674343424203505,0.0,Low,0.0,0.0,0.0,0.0,0.0,,0,0.0,Low,1,Low,0,0.0,0,0.0,LOW,Routine monitoring recommended.
Uttarakhand,1944.0,1198.9,1464.4418803418805,-265.5418803418804,-18.132633592798403,0.0,Low,0.0,0.0,0.0,0.0,0.0,,0,0.0,Low,1,Low,0,0.0,0,0.0,LOW,Routine monitoring recommended.
Uttarakhand,1945.0,1648.0,1464.4418803418805,183.5581196581195,12.53433967726101,1.0,Moderate,0.0,0.0,0.0,0.0,0.0,,0,1.0,Moderate,1,Moderate,1,1.0,0,1.0,MODERATE,Continue monitoring rainfall and historical flood conditions.
Uttarakhand,1946.0,1526.7,1464.4418803418805,62.25811965811954,4.251320622132515,0.0,Low,0.0,0.0,0.0,0.0,0.0,,0,0.0,Low,1,Low,0,0.0,0,0.0,LOW,Routine monitoring recommended.
Uttarakhand,1947.0,1359.8,1464.4418803418805,-104.64188034188057,-7.145512686201752,0.0,Low,0.0,0.0,0.0,0.0,0.0,,0,0.0,Low,1,Low,0,0.0,0,0.0,LOW,Routine monitoring recommended.
Uttarakhand,1948.0,1535.4,1464.4418803418805,70.95811965811959,4.84540360465204,0.0,Low,0.0,0.0,0.0,0.0,0.0,,0,0.0,Low,1,Low,0,0.0,0,0.0,LOW,Routine monitoring recommended.
Uttarakhand,1949.0,1412.1,1464.4418803418805,-52.3418803418806,-3.574186251055669,0.0,Low,0.0,0.0,0.0,0.0,0.0,,0,0.0,Low,1,Low,0,0.0,0,0.0,LOW,Routine monitoring recommended.
Uttarakhand,1950.0,1584.1,1464.4418803418805,119.6581196581194,8.170902598755553,0.0,Low,0.0,0.0,0.0,0.0,0.0,,0,0.0,Low,1,Low,0,0.0,0,0.0,LOW,Routine monitoring recommended.
Uttarakhand,1951.0,1174.3,1464.4418803418805,-290.1418803418805,-19.81245443992257,0.0,Low,0.0,0.0,0.0,0.0,0.0,,0,0.0,Low,1,Low,0,0.0,0,0.0,LOW,Routine monitoring recommended.
Uttarakhand,1952.0,1477.8,1464.4418803418805,13.358119658119447,0.912164547971063,0.0,Low,0.0,0.0,0.0,0.0,0.0,,0,0.0,Low,1,Low,0,0.0,0,0.0,LOW,Routine monitoring recommended.
Uttarakhand,1953.0,1565.8,1464.4418803418805,101.35811965811943,6.921279773455874,0.0,Low,0.0,0.0,0.0,0.0,0.0,,0,0.0,Low,1,Low,0,0.0,0,0.0,LOW,Routine monitoring recommended.
Uttarakhand,1954.0,1862.9,1464.4418803418805,398.4581196581196,27.20887219949608,1.0,Moderate,0.0,0.0,0.0,0.0,0.0,,0,1.0,Moderate,1,Moderate,1,1.0,0,1.0,MODERATE,Continue monitoring rainfall and historical flood conditions.
Uttarakhand,1955.0,1666.9,1464.4418803418805,202.4581196581196,13.824933742734457,1.0,Moderate,0.0,0.0,0.0,0.0,0.0,,0,1.0,Moderate,1,Moderate,1,1.0,0,1.0,MODERATE,Continue monitoring rainfall and historical flood conditions.
Uttarakhand,1956.0,1943.0,1464.4418803418805,478.5581196581195,32.678532762693045,1.0,Moderate,0.0,0.0,0.0,0.0,0.0,,0,1.0,Moderate,1,Moderate,1,1.0,0,1.0,MODERATE,Continue monitoring rainfall and historical flood conditions.
Uttarakhand,1957.0,1780.7,1464.4418803418805,316.25811965811954,21.595812295690948,1.0,Moderate,0.0,0.0,0.0,0.0,0.0,,0,1.0,Moderate,1,Moderate,1,1.0,0,1.0,MODERATE,Continue monitoring rainfall and historical flood conditions.
Uttarakhand,1958.0,1499.0,1464.4418803418805,34.558119658119494,2.359815034110589,0.0,Low,0.0,0.0,0.0,0.0,0.0,,0,0.0,Low,1,Low,0,0.0,0,0.0,LOW,Routine monitoring recommended.
Uttarakhand,1959.0,1743.0,1464.4418803418805,278.5581196581195,19.02145270477302,1.0,Moderate,0.0,0.0,0.0,0.0,0.0,,0,1.0,Moderate,1,Moderate,1,1.0,0,1.0,MODERATE,Continue monitoring rainfall and historical flood conditions.
Uttarakhand,1960.0,1540.1,1464.4418803418805,75.6581196581194,5.166344986013148,0.0,Low,0.0,0.0,0.0,0.0,0.0,,0,0.0,Low,1,Low,0,0.0,0,0.0,LOW,Routine monitoring recommended.
Uttarakhand,1961.0,1948.3,1464.4418803418805,483.85811965811945,33.04044538422792,1.0,Moderate,0.0,0.0,0.0,0.0,0.0,,0,1.0,Moderate,1,Moderate,1,1.0,0,1.0,MODERATE,Continue monitoring rainfall and historical flood conditions.
Uttarakhand,1962.0,1647.4,1464.4418803418805,182.9581196581196,12.493368437087254,1.0,Moderate,0.0,0.0,0.0,0.0,0.0,,0,1.0,Moderate,1,Moderate,1,1.0,0,1.0,MODERATE,Continue monitoring rainfall and historical flood conditions.
Uttarakhand,1963.0,1802.0,1464.4418803418805,337.5581196581195,23.050291321859422,1.0,Moderate,0.0,0.0,0.0,0.0,0.0,,0,1.0,Moderate,1,Moderate,1,1.0,0,1.0,MODERATE,Continue monitoring rainfall and historical flood conditions.
Uttarakhand,1964.0,1769.6,1464.4418803418805,305.1581196581194,20.83784435247637,1.0,Moderate,0.0,0.0,0.0,0.0,0.0,,0,1.0,Moderate,1,Moderate,1,1.0,0,1.0,MODERATE,Continue monitoring rainfall and historical flood conditions.
Uttarakhand,1965.0,1305.7,1464.4418803418805,-158.74188034188046,-10.839752841869114,0.0,Low,0.0,0.0,0.0,0.0,0.0,,0,0.0,Low,1,Low,0,0.0,0,0.0,LOW,Routine monitoring recommended.
Uttarakhand,1966.0,1465.8,1464.4418803418805,1.358119658119449,0.0927397444958614,0.0,Low,0.0,0.0,0.0,0.0,0.0,,0,0.0,Low,1,Low,0,0.0,0,0.0,LOW,Routine monitoring recommended.
Uttarakhand,1967.0,1556.2,1464.4418803418805,91.75811965811954,6.26573993067572,0.0,Low,0.0,0.0,0.0,0.0,0.0,,0,0.0,Low,1,Low,0,0.0,0,0.0,LOW,Routine monitoring recommended.
Uttarakhand,1968.0,1478.6,1464.4418803418805,14.158119658119404,0.96679286820274,0.0,Low,0.0,0.0,0.0,0.0,0.0,,0,0.0,Low,1,Low,0,0.0,0,0.0,LOW,Routine monitoring recommended.
Uttarakhand,1969.0,1635.7,1464.4418803418805,171.25811965811954,11.69442925369893,0.0,Low,0.0,0.0,0.0,0.0,0.0,,0,0.0,Low,1,Low,0,0.0,0,0.0,LOW,Routine monitoring recommended.
Uttarakhand,1970.0,1293.5,1464.4418803418805,-170.9418803418805,-11.672834725402236,0.0,Low,1.0,0.0,0.0,0.0,0.0,-1.0,1,1.0,Moderate,1,Moderate,1,0.0,1,1.0,MODERATE,Continue monitoring rainfall and historical flood conditions.
Uttarakhand,1971.0,1803.8,1464.4418803418805,339.35811965811945,23.173205042380705,1.0,Moderate,0.0,0.0,0.0,0.0,0.0,,0,1.0,Moderate,1,Moderate,1,1.0,0,1.0,MODERATE,Continue monitoring rainfall and historical flood conditions.
Uttarakhand,1972.0,1077.8,1464.4418803418805,-386.64188034188055,-26.401995567868987,0.0,Low,0.0,0.0,0.0,0.0,0.0,,0,0.0,Low,1,Low,0,0.0,0,0.0,LOW,Routine monitoring recommended.
Uttarakhand,1973.0,1239.7,1464.4418803418805,-224.7418803418805,-15.34658926098272,0.0,Low,0.0,0.0,0.0,0.0,0.0,,0,0.0,Low,1,Low,0,0.0,0,0.0,LOW,Routine monitoring recommended.
Uttarakhand,1974.0,1161.8,1464.4418803418805,-302.6418803418805,-20.66602194354257,0.0,Low,0.0,0.0,0.0,0.0,0.0,,0,0.0,Low,1,Low,0,0.0,0,0.0,LOW,Routine monitoring recommended.
Uttarakhand,1975.0,1580.3,1464.4418803418805,115.85811965811943,7.911418077655076,0.0,Low,0.0,0.0,0.0,0.0,0.0,,0,0.0,Low,1,Low,0,0.0,0,0.0,LOW,Routine monitoring recommended.
Uttarakhand,1976.0,986.3,1464.4418803418805,-478.14188034188055,-32.650109694367394,0.0,Low,0.0,0.0,0.0,0.0,0.0,,0,0.0,Low,1,Low,0,0.0,0,0.0,LOW,Routine monitoring recommended.
Uttarakhand,1977.0,1416.3,1464.4418803418805,-48.14188034188055,-3.2873875698393453,0.0,Low,0.0,0.0,0.0,0.0,0.0,,0,0.0,Low,1,Low,0,0.0,0,0.0,LOW,Routine monitoring recommended.
Uttarakhand,1978.0,2031.4,1464.4418803418805,566.9581196581196,38.7149621482937,2.0,High,0.0,0.0,0.0,0.0,0.0,,0,2.0,High,1,High,2,2.0,0,2.0,HIGH,Increase monitoring and prepare local response resources.
Uttarakhand,1979.0,1072.3,1464.4418803418805,-392.14188034188055,-26.77756526946179,0.0,Low,1.0,0.0,0.0,0.0,0.0,-1.0,1,1.0,Moderate,1,Moderate,1,0.0,1,1.0,MODERATE,Continue monitoring rainfall and historical flood conditions.
Uttarakhand,1980.0,1333.5,1464.4418803418805,-130.9418803418805,-8.941418713818232,0.0,Low,1.0,25.0,7.0,0.0,0.0,3.0,1,1.0,Moderate,1,Moderate,1,0.0,1,1.0,MODERATE,Continue monitoring rainfall and historical flood conditions.
Uttarakhand,1981.0,1356.1,1464.4418803418805,-108.3418803418806,-7.398168667273275,0.0,Low,0.0,0.0,0.0,0.0,0.0,,0,0.0,Low,1,Low,0,0.0,0,0.0,LOW,Routine monitoring recommended.
Uttarakhand,1982.0,1372.1,1464.4418803418805,-92.3418803418806,-6.305602262639673,0.0,Low,2.0,0.0,5.0,0.0,0.0,-1.0,1,1.0,Moderate,1,Moderate,1,0.0,1,1.0,MODERATE,Continue monitoring rainfall and historical flood conditions.
Uttarakhand,1983.0,1525.3,1464.4418803418805,60.85811965811945,4.1557210617270695,0.0,Low,1.0,37.0,0.0,0.0,38.0,3.0,1,1.0,Moderate,1,Moderate,1,0.0,1,1.0,MODERATE,Continue monitoring rainfall and historical flood conditions.
Uttarakhand,1984.0,1339.1,1464.4418803418805,-125.3418803418806,-8.559020472196478,0.0,Low,3.0,23.0,0.0,0.0,0.0,2.0,1,1.0,Moderate,1,Moderate,1,0.0,1,1.0,MODERATE,Continue monitoring rainfall and historical flood conditions.
Uttarakhand,1985.0,1653.7,1464.4418803418805,189.2581196581196,12.923566458911733,1.0,Moderate,2.0,12.0,0.0,0.0,0.0,0.5,1,2.0,High,1,High,2,1.0,1,2.0,HIGH,Increase monitoring and prepare local response resources.
Uttarakhand,1986.0,1514.5,1464.4418803418805,50.05811965811949,3.41823873859939,0.0,Low,0.0,0.0,0.0,0.0,0.0,,0,0.0,Low,1,Low,0,0.0,0,0.0,LOW,Routine monitoring recommended.
Uttarakhand,1987.0,987.3,1464.4418803418805,-477.14188034188055,-32.5818242940778,0.0,Low,0.0,0.0,0.0,0.0,0.0,,0,0.0,Low,1,Low,0,0.0,0,0.0,LOW,Routine monitoring recommended.
Uttarakhand,1988.0,1602.4,1464.4418803418805,137.9581196581196,9.42052542405525,0.0,Low,0.0,0.0,0.0,0.0,0.0,,0,0.0,Low,1,Low,0,0.0,0,0.0,LOW,Routine monitoring recommended.
Uttarakhand,1989.0,1263.8,1464.4418803418805,-200.6418803418805,-13.700911114003365,0.0,Low,0.0,0.0,0.0,0.0,0.0,,0,0.0,Low,1,Low,0,0.0,0,0.0,LOW,Routine monitoring recommended.
Uttarakhand,1990.0,1564.9,1464.4418803418805,100.4581196581196,6.859822913195243,0.0,Low,1.0,70.0,0.0,0.0,0.0,3.0,1,1.0,Moderate,1,Moderate,1,0.0,1,1.0,MODERATE,Continue monitoring rainfall and historical flood conditions.
Uttarakhand,1991.0,1020.7,1464.4418803418805,-443.74188034188046,-30.30109192440515,0.0,Low,3.0,33.0,0.0,0.0,109.0,1.0,1,1.0,Moderate,1,Moderate,1,0.0,1,1.0,MODERATE,Continue monitoring rainfall and historical flood conditions.
Uttarakhand,1992.0,1108.1,1464.4418803418805,-356.3418803418806,-24.332947939094108,0.0,Low,0.0,0.0,0.0,0.0,0.0,,0,0.0,Low,1,Low,0,0.0,0,0.0,LOW,Routine monitoring recommended.
Uttarakhand,1993.0,1594.1,1464.4418803418805,129.6581196581194,8.853756601651556,0.0,Low,0.0,0.0,0.0,0.0,0.0,,0,0.0,Low,1,Low,0,0.0,0,0.0,LOW,Routine monitoring recommended.
Uttarakhand,1994.0,1441.7,1464.4418803418805,-22.74188034188046,-1.5529384024834954,0.0,Low,0.0,0.0,0.0,0.0,0.0,,0,0.0,Low,1,Low,0,0.0,0,0.0,LOW,Routine monitoring recommended.
Uttarakhand,1995.0,1616.1,1464.4418803418805,151.6581196581194,10.356035408022755,0.0,Low,0.0,0.0,0.0,0.0,0.0,,0,0.0,Low,1,Low,0,0.0,0,0.0,LOW,Routine monitoring recommended.
Uttarakhand,1996.0,1401.4,1464.4418803418805,-63.041880341880415,-4.3048400341543775,0.0,Low,0.0,0.0,0.0,0.0,0.0,,0,0.0,Low,1,Low,0,0.0,0,0.0,LOW,Routine monitoring recommended.
Uttarakhand,1997.0,803.4,1464.4418803418805,-661.0418803418805,-45.13950940733526,0.0,Low,0.0,0.0,0.0,0.0,0.0,,0,0.0,Low,1,Low,0,0.0,0,0.0,LOW,Routine monitoring recommended.
Uttarakhand,1998.0,1198.6,1464.4418803418805,-265.8418803418806,-18.153119212885297,0.0,Low,0.0,0.0,0.0,0.0,0.0,,0,0.0,Low,1,Low,0,0.0,0,0.0,LOW,Routine monitoring recommended.
Uttarakhand,1999.0,1185.5,1464.4418803418805,-278.9418803418805,-19.04765795667905,0.0,Low,0.0,0.0,0.0,0.0,0.0,,0,0.0,Low,1,Low,0,0.0,0,0.0,LOW,Routine monitoring recommended.
Uttarakhand,2000.0,1712.9,1464.4418803418805,248.4581196581196,16.96606215605606,1.0,Moderate,0.0,0.0,0.0,0.0,0.0,,0,1.0,Moderate,1,Moderate,1,1.0,0,1.0,MODERATE,Continue monitoring rainfall and historical flood conditions.
Uttarakhand,2001.0,1544.4,1464.4418803418805,79.95811965811959,5.459972207258441,0.0,Low,3.0,61.0,0.0,0.0,55.0,2.6666666666666665,1,1.0,Moderate,1,Moderate,1,0.0,1,1.0,MODERATE,Continue monitoring rainfall and historical flood conditions.
Uttarakhand,2002.0,1574.7,1464.4418803418805,110.25811965811954,7.529019836033321,0.0,Low,2.0,33.0,0.0,0.0,0.0,1.0,1,1.0,Moderate,1,Moderate,1,0.0,1,1.0,MODERATE,Continue monitoring rainfall and historical flood conditions.
Uttarakhand,2003.0,1734.3,1464.4418803418805,269.85811965811945,18.42736972225349,1.0,Moderate,2.0,12.0,0.0,0.0,0.0,2.0,1,2.0,High,1,High,2,1.0,1,2.0,HIGH,Increase monitoring and prepare local response resources.
Uttarakhand,2004.0,1219.6,1464.4418803418805,-244.8418803418806,-16.719125806803692,0.0,Low,5.0,45.0,31.0,0.0,0.0,1.0,1,1.0,Moderate,1,Moderate,1,0.0,1,1.0,MODERATE,Continue monitoring rainfall and historical flood conditions.
Uttarakhand,2005.0,1348.2,1464.4418803418805,-116.24188034188046,-7.937623329561107,0.0,Low,5.0,34.0,0.0,0.0,0.0,1.2,1,1.0,Moderate,1,Moderate,1,0.0,1,1.0,MODERATE,Continue monitoring rainfall and historical flood conditions.
Uttarakhand,2006.0,1178.9,1464.4418803418805,-285.5418803418804,-19.498341598590404,0.0,Low,0.0,0.0,0.0,0.0,0.0,,0,0.0,Low,1,Low,0,0.0,0,0.0,LOW,Routine monitoring recommended.
Uttarakhand,2007.0,1924.3,1464.4418803418805,459.85811965811945,31.40159577727752,1.0,Moderate,0.0,0.0,0.0,0.0,0.0,,0,1.0,Moderate,1,Moderate,1,1.0,0,1.0,MODERATE,Continue monitoring rainfall and historical flood conditions.
Uttarakhand,2008.0,1363.7,1464.4418803418805,-100.74188034188046,-6.879199625072305,0.0,Low,1.0,10.0,12.0,0.0,0.0,2.0,1,1.0,Moderate,1,Moderate,1,0.0,1,1.0,MODERATE,Continue monitoring rainfall and historical flood conditions.
Uttarakhand,2009.0,847.8,1464.4418803418805,-616.6418803418806,-42.107637634477015,0.0,Low,2.0,49.0,0.0,0.0,100.0,2.5,1,1.0,Moderate,1,Moderate,1,0.0,1,1.0,MODERATE,Continue monitoring rainfall and historical flood conditions.
Uttarakhand,2010.0,1424.0,1464.4418803418805,-40.441880341880506,-2.7615899876094208,0.0,Low,3.0,44.0,10.0,0.0,0.0,2.0,1,1.0,Moderate,1,Moderate,1,0.0,1,1.0,MODERATE,Continue monitoring rainfall and historical flood conditions.
Uttarakhand,2011.0,1564.7,1464.4418803418805,100.25811965811954,6.84616583313732,0.0,Low,2.0,7.0,0.0,0.0,0.0,1.5,1,1.0,Moderate,1,Moderate,1,0.0,1,1.0,MODERATE,Continue monitoring rainfall and historical flood conditions.
Uttarakhand,2012.0,1223.9,1464.4418803418805,-240.5418803418804,-16.425498585558397,0.0,Low,2.0,14.0,75.0,0.0,0.0,2.0,1,1.0,Moderate,1,Moderate,1,0.0,1,1.0,MODERATE,Continue monitoring rainfall and historical flood conditions.
Uttarakhand,2013.0,1735.4,1464.4418803418805,270.9581196581196,18.502483662572065,1.0,Moderate,1.0,5000.0,0.0,0.0,1000.0,4.0,1,2.0,High,1,High,2,1.0,1,2.0,HIGH,Increase monitoring and prepare local response resources.
Uttarakhand,2014.0,1287.4,1464.4418803418805,-177.0418803418804,-12.089375667168792,0.0,Low,3.0,11.0,0.0,0.0,0.0,1.0,1,1.0,Moderate,1,Moderate,1,0.0,1,1.0,MODERATE,Continue monitoring rainfall and historical flood conditions.
Uttarakhand,2015.0,1247.6,1464.4418803418805,-216.8418803418806,-14.80713459869489,0.0,Low,1.0,1.0,0.0,0.0,0.0,1.0,1,1.0,Moderate,1,Moderate,1,0.0,1,1.0,MODERATE,Continue monitoring rainfall and historical flood conditions.
Uttarakhand,2016.0,1308.6,1464.4418803418805,-155.8418803418806,-10.64172518102928,0.0,Low,6.0,61.0,17.0,0.0,0.0,1.5,1,1.0,Moderate,1,Moderate,1,0.0,1,1.0,MODERATE,Continue monitoring rainfall and historical flood conditions.
Uttarakhand,2017.0,1476.0,1464.4418803418805,11.558119658119494,0.7892508274497858,0.0,Low,2.0,14.0,0.0,2.0,18.0,1.5,1,1.0,Moderate,1,Moderate,1,0.0,1,1.0,MODERATE,Continue monitoring rainfall and historical flood conditions.
Uttarakhand,2018.0,,,,,,,2.0,13.0,0.0,0.0,0.0,2.0,1,1.0,Moderate,0,Historical Flood Signal,2,0.0,1,1.0,MODERATE,Continue monitoring rainfall and historical flood conditions.
Uttarakhand,2019.0,,,,,,,11.0,33.0,12.0,1.0,106.0,0.3636363636363636,1,1.0,Moderate,0,Historical Flood Signal,2,0.0,1,1.0,MODERATE,Continue monitoring rainfall and historical flood conditions.
Uttarakhand,2020.0,,,,,,,3.0,8.0,5.0,8.0,0.0,1.0,1,1.0,Moderate,0,Historical Flood Signal,2,0.0,1,1.0,MODERATE,Continue monitoring rainfall and historical flood conditions.
Uttarakhand,2021.0,,,,,,,7.0,138.0,19.0,210.0,0.0,1.4285714285714286,1,1.0,Moderate,0,Historical Flood Signal,2,0.0,1,1.0,MODERATE,Continue monitoring rainfall and historical flood conditions.
Uttarakhand,2022.0,,,,,,,7.0,13.0,9.0,7.0,0.0,0.5714285714285714,1,1.0,Moderate,0,Historical Flood Signal,2,0.0,1,1.0,MODERATE,Continue monitoring rainfall and historical flood conditions.
Uttarakhand,2023.0,,,,,,,22.0,68.0,32.0,44.0,0.0,1.0,1,1.0,Moderate,0,Historical Flood Signal,2,0.0,1,1.0,MODERATE,Continue monitoring rainfall and historical flood conditions.
West Bengal,1901.0,1487.6,1490.6128205128207,-3.012820512820781,-0.2021195894306255,0.0,Low,0.0,0.0,0.0,0.0,0.0,,0,0.0,Low,1,Low,0,0.0,0,0.0,LOW,Routine monitoring recommended.
West Bengal,1902.0,1347.7,1490.6128205128207,-142.91282051282064,-9.587521222556898,0.0,Low,0.0,0.0,0.0,0.0,0.0,,0,0.0,Low,1,Low,0,0.0,0,0.0,LOW,Routine monitoring recommended.
West Bengal,1903.0,1354.3,1490.6128205128207,-136.31282051282074,-9.14475030919998,0.0,Low,0.0,0.0,0.0,0.0,0.0,,0,0.0,Low,1,Low,0,0.0,0,0.0,LOW,Routine monitoring recommended.
West Bengal,1904.0,1383.1,1490.6128205128207,-107.51282051282078,-7.212659050915232,0.0,Low,0.0,0.0,0.0,0.0,0.0,,0,0.0,Low,1,Low,0,0.0,0,0.0,LOW,Routine monitoring recommended.
West Bengal,1905.0,1666.9,1490.6128205128207,176.2871794871794,11.826490223432447,0.0,Low,0.0,0.0,0.0,0.0,0.0,,0,0.0,Low,1,Low,0,0.0,0,0.0,LOW,Routine monitoring recommended.
West Bengal,1906.0,1395.6,1490.6128205128207,-95.01282051282078,-6.37407777561803,0.0,Low,0.0,0.0,0.0,0.0,0.0,,0,0.0,Low,1,Low,0,0.0,0,0.0,LOW,Routine monitoring recommended.
West Bengal,1907.0,1337.0,1490.6128205128207,-153.6128205128207,-10.305346794211305,0.0,Low,0.0,0.0,0.0,0.0,0.0,,0,0.0,Low,1,Low,0,0.0,0,0.0,LOW,Routine monitoring recommended.
West Bengal,1908.0,1400.0,1490.6128205128207,-90.61282051282068,-6.078897166713409,0.0,Low,0.0,0.0,0.0,0.0,0.0,,0,0.0,Low,1,Low,0,0.0,0,0.0,LOW,Routine monitoring recommended.
West Bengal,1909.0,1697.8,1490.6128205128207,207.1871794871793,13.89946313596712,1.0,Moderate,0.0,0.0,0.0,0.0,0.0,,0,1.0,Moderate,1,Moderate,1,1.0,0,1.0,MODERATE,Continue monitoring rainfall and historical flood conditions.
West Bengal,1910.0,1385.9,1490.6128205128207,-104.7128205128206,-7.024816845248647,0.0,Low,0.0,0.0,0.0,0.0,0.0,,0,0.0,Low,1,Low,0,0.0,0,0.0,LOW,Routine monitoring recommended.
West Bengal,1911.0,1264.9,1490.6128205128207,-225.7128205128206,-15.142283590125558,0.0,Low,0.0,0.0,0.0,0.0,0.0,,0,0.0,Low,1,Low,0,0.0,0,0.0,LOW,Routine monitoring recommended.
West Bengal,1912.0,1347.4,1490.6128205128207,-143.2128205128206,-9.607647173164027,0.0,Low,0.0,0.0,0.0,0.0,0.0,,0,0.0,Low,1,Low,0,0.0,0,0.0,LOW,Routine monitoring recommended.
West Bengal,1913.0,1826.8,1490.6128205128207,336.18717948717926,22.553621897034244,1.0,Moderate,0.0,0.0,0.0,0.0,0.0,,0,1.0,Moderate,1,Moderate,1,1.0,0,1.0,MODERATE,Continue monitoring rainfall and historical flood conditions.
West Bengal,1914.0,1383.9,1490.6128205128207,-106.7128205128206,-7.158989849296199,0.0,Low,0.0,0.0,0.0,0.0,0.0,,0,0.0,Low,1,Low,0,0.0,0,0.0,LOW,Routine monitoring recommended.
West Bengal,1915.0,1310.3,1490.6128205128207,-180.3128205128208,-12.096556398246133,0.0,Low,0.0,0.0,0.0,0.0,0.0,,0,0.0,Low,1,Low,0,0.0,0,0.0,LOW,Routine monitoring recommended.
West Bengal,1916.0,1600.5,1490.6128205128207,109.88717948717932,7.371946489053706,0.0,Low,0.0,0.0,0.0,0.0,0.0,,0,0.0,Low,1,Low,0,0.0,0,0.0,LOW,Routine monitoring recommended.
West Bengal,1917.0,1775.8,1490.6128205128207,285.18717948717926,19.13221029382166,1.0,Moderate,0.0,0.0,0.0,0.0,0.0,,0,1.0,Moderate,1,Moderate,1,1.0,0,1.0,MODERATE,Continue monitoring rainfall and historical flood conditions.
West Bengal,1918.0,1395.4,1490.6128205128207,-95.2128205128206,-6.3874950760227724,0.0,Low,0.0,0.0,0.0,0.0,0.0,,0,0.0,Low,1,Low,0,0.0,0,0.0,LOW,Routine monitoring recommended.
West Bengal,1919.0,1482.2,1490.6128205128207,-8.412820512820645,-0.5643867003590075,0.0,Low,0.0,0.0,0.0,0.0,0.0,,0,0.0,Low,1,Low,0,0.0,0,0.0,LOW,Routine monitoring recommended.
West Bengal,1920.0,1363.6,1490.6128205128207,-127.01282051282078,-8.520845840378866,0.0,Low,0.0,0.0,0.0,0.0,0.0,,0,0.0,Low,1,Low,0,0.0,0,0.0,LOW,Routine monitoring recommended.
West Bengal,1921.0,1300.2,1490.6128205128207,-190.41282051282064,-12.774130068686263,0.0,Low,0.0,0.0,0.0,0.0,0.0,,0,0.0,Low,1,Low,0,0.0,0,0.0,LOW,Routine monitoring recommended.
West Bengal,1922.0,1655.6,1490.6128205128207,164.98717948717922,11.068412750563764,0.0,Low,0.0,0.0,0.0,0.0,0.0,,0,0.0,Low,1,Low,0,0.0,0,0.0,LOW,Routine monitoring recommended.
West Bengal,1923.0,1285.2,1490.6128205128207,-205.41282051282064,-13.780427599042907,0.0,Low,0.0,0.0,0.0,0.0,0.0,,0,0.0,Low,1,Low,0,0.0,0,0.0,LOW,Routine monitoring recommended.
West Bengal,1924.0,1266.5,1490.6128205128207,-224.1128205128207,-15.034945186887525,0.0,Low,0.0,0.0,0.0,0.0,0.0,,0,0.0,Low,1,Low,0,0.0,0,0.0,LOW,Routine monitoring recommended.
West Bengal,1925.0,1273.6,1490.6128205128207,-217.0128205128208,-14.55863102251872,0.0,Low,0.0,0.0,0.0,0.0,0.0,,0,0.0,Low,1,Low,0,0.0,0,0.0,LOW,Routine monitoring recommended.
West Bengal,1926.0,1705.4,1490.6128205128207,214.7871794871794,14.409320551347829,1.0,Moderate,0.0,0.0,0.0,0.0,0.0,,0,1.0,Moderate,1,Moderate,1,1.0,0,1.0,MODERATE,Continue monitoring rainfall and historical flood conditions.
West Bengal,1927.0,1190.5,1490.6128205128207,-300.1128205128207,-20.13351934069451,0.0,Low,0.0,0.0,0.0,0.0,0.0,,0,0.0,Low,1,Low,0,0.0,0,0.0,LOW,Routine monitoring recommended.
West Bengal,1928.0,1625.0,1490.6128205128207,134.3871794871793,9.015565788636222,0.0,Low,0.0,0.0,0.0,0.0,0.0,,0,0.0,Low,1,Low,0,0.0,0,0.0,LOW,Routine monitoring recommended.
West Bengal,1929.0,1557.3,1490.6128205128207,66.68717948717926,4.473809601626575,0.0,Low,0.0,0.0,0.0,0.0,0.0,,0,0.0,Low,1,Low,0,0.0,0,0.0,LOW,Routine monitoring recommended.
West Bengal,1930.0,1380.8,1490.6128205128207,-109.81282051282074,-7.366958005569914,0.0,Low,0.0,0.0,0.0,0.0,0.0,,0,0.0,Low,1,Low,0,0.0,0,0.0,LOW,Routine monitoring recommended.
West Bengal,1931.0,1475.8,1490.6128205128207,-14.812820512820736,-0.9937403133111808,0.0,Low,0.0,0.0,0.0,0.0,0.0,,0,0.0,Low,1,Low,0,0.0,0,0.0,LOW,Routine monitoring recommended.
West Bengal,1932.0,1306.9,1490.6128205128207,-183.7128205128206,-12.32465050512696,0.0,Low,0.0,0.0,0.0,0.0,0.0,,0,0.0,Low,1,Low,0,0.0,0,0.0,LOW,Routine monitoring recommended.
West Bengal,1933.0,1867.2,1490.6128205128207,376.58717948717936,25.2639165787948,1.0,Moderate,0.0,0.0,0.0,0.0,0.0,,0,1.0,Moderate,1,Moderate,1,1.0,0,1.0,MODERATE,Continue monitoring rainfall and historical flood conditions.
West Bengal,1934.0,1117.4,1490.6128205128207,-373.2128205128206,-25.037542638632537,0.0,Low,0.0,0.0,0.0,0.0,0.0,,0,0.0,Low,1,Low,0,0.0,0,0.0,LOW,Routine monitoring recommended.
West Bengal,1935.0,1015.1,1490.6128205128207,-475.5128205128207,-31.90049179566484,0.0,Low,0.0,0.0,0.0,0.0,0.0,,0,0.0,Low,1,Low,0,0.0,0,0.0,LOW,Routine monitoring recommended.
West Bengal,1936.0,1505.6,1490.6128205128207,14.98717948717922,1.0054374469973448,0.0,Low,0.0,0.0,0.0,0.0,0.0,,0,0.0,Low,1,Low,0,0.0,0,0.0,LOW,Routine monitoring recommended.
West Bengal,1937.0,1522.5,1490.6128205128207,31.88717948717931,2.139199331199168,0.0,Low,0.0,0.0,0.0,0.0,0.0,,0,0.0,Low,1,Low,0,0.0,0,0.0,LOW,Routine monitoring recommended.
West Bengal,1938.0,1337.8,1490.6128205128207,-152.81282051282074,-10.251677592592287,0.0,Low,0.0,0.0,0.0,0.0,0.0,,0,0.0,Low,1,Low,0,0.0,0,0.0,LOW,Routine monitoring recommended.
West Bengal,1939.0,1698.4,1490.6128205128207,207.7871794871794,13.939715037181395,1.0,Moderate,0.0,0.0,0.0,0.0,0.0,,0,1.0,Moderate,1,Moderate,1,1.0,0,1.0,MODERATE,Continue monitoring rainfall and historical flood conditions.
West Bengal,1940.0,1358.5,1490.6128205128207,-132.1128205128207,-8.86298700070012,0.0,Low,0.0,0.0,0.0,0.0,0.0,,0,0.0,Low,1,Low,0,0.0,0,0.0,LOW,Routine monitoring recommended.
West Bengal,1941.0,1801.1,1490.6128205128207,310.4871794871792,20.829498795023195,1.0,Moderate,0.0,0.0,0.0,0.0,0.0,,0,1.0,Moderate,1,Moderate,1,1.0,0,1.0,MODERATE,Continue monitoring rainfall and historical flood conditions.
West Bengal,1942.0,1615.6,1490.6128205128207,124.98717948717922,8.384952669612721,0.0,Low,0.0,0.0,0.0,0.0,0.0,,0,0.0,Low,1,Low,0,0.0,0,0.0,LOW,Routine monitoring recommended.
West Bengal,1943.0,1446.2,1490.6128205128207,-44.412820512820645,-2.9795007732149483,0.0,Low,0.0,0.0,0.0,0.0,0.0,,0,0.0,Low,1,Low,0,0.0,0,0.0,LOW,Routine monitoring recommended.
West Bengal,1944.0,1406.4,1490.6128205128207,-84.2128205128206,-5.649543553761236,0.0,Low,0.0,0.0,0.0,0.0,0.0,,0,0.0,Low,1,Low,0,0.0,0,0.0,LOW,Routine monitoring recommended.
West Bengal,1945.0,1271.5,1490.6128205128207,-219.1128205128207,-14.69951267676864,0.0,Low,0.0,0.0,0.0,0.0,0.0,,0,0.0,Low,1,Low,0,0.0,0,0.0,LOW,Routine monitoring recommended.
West Bengal,1946.0,1714.2,1490.6128205128207,223.58717948717936,14.999681769157055,1.0,Moderate,0.0,0.0,0.0,0.0,0.0,,0,1.0,Moderate,1,Moderate,1,1.0,0,1.0,MODERATE,Continue monitoring rainfall and historical flood conditions.
West Bengal,1947.0,1363.0,1490.6128205128207,-127.61282051282068,-8.561097741593127,0.0,Low,0.0,0.0,0.0,0.0,0.0,,0,0.0,Low,1,Low,0,0.0,0,0.0,LOW,Routine monitoring recommended.
West Bengal,1948.0,1532.1,1490.6128205128207,41.48717948717922,2.7832297506274126,0.0,Low,0.0,0.0,0.0,0.0,0.0,,0,0.0,Low,1,Low,0,0.0,0,0.0,LOW,Routine monitoring recommended.
West Bengal,1949.0,1493.7,1490.6128205128207,3.0871794871793554,0.207108072914418,0.0,Low,0.0,0.0,0.0,0.0,0.0,,0,0.0,Low,1,Low,0,0.0,0,0.0,LOW,Routine monitoring recommended.
West Bengal,1950.0,1615.6,1490.6128205128207,124.98717948717922,8.384952669612721,0.0,Low,0.0,0.0,0.0,0.0,0.0,,0,0.0,Low,1,Low,0,0.0,0,0.0,LOW,Routine monitoring recommended.
West Bengal,1951.0,1214.0,1490.6128205128207,-276.6128205128207,-18.55698654313577,0.0,Low,0.0,0.0,0.0,0.0,0.0,,0,0.0,Low,1,Low,0,0.0,0,0.0,LOW,Routine monitoring recommended.
West Bengal,1952.0,1395.7,1490.6128205128207,-94.91282051282064,-6.367369125415643,0.0,Low,0.0,0.0,0.0,0.0,0.0,,0,0.0,Low,1,Low,0,0.0,0,0.0,LOW,Routine monitoring recommended.
West Bengal,1953.0,1505.8,1490.6128205128207,15.187179487179264,1.0188547474021032,0.0,Low,0.0,0.0,0.0,0.0,0.0,,0,0.0,Low,1,Low,0,0.0,0,0.0,LOW,Routine monitoring recommended.
West Bengal,1954.0,1080.0,1490.6128205128207,-410.6128205128207,-27.54657781432177,0.0,Low,0.0,0.0,0.0,0.0,0.0,,0,0.0,Low,1,Low,0,0.0,0,0.0,LOW,Routine monitoring recommended.
West Bengal,1955.0,1268.2,1490.6128205128207,-222.41282051282064,-14.9208981334471,0.0,Low,0.0,0.0,0.0,0.0,0.0,,0,0.0,Low,1,Low,0,0.0,0,0.0,LOW,Routine monitoring recommended.
West Bengal,1956.0,1714.2,1490.6128205128207,223.58717948717936,14.999681769157055,1.0,Moderate,0.0,0.0,0.0,0.0,0.0,,0,1.0,Moderate,1,Moderate,1,1.0,0,1.0,MODERATE,Continue monitoring rainfall and historical flood conditions.
West Bengal,1957.0,1130.5,1490.6128205128207,-360.1128205128207,-24.15870946212108,0.0,Low,0.0,0.0,0.0,0.0,0.0,,0,0.0,Low,1,Low,0,0.0,0,0.0,LOW,Routine monitoring recommended.
West Bengal,1958.0,1151.1,1490.6128205128207,-339.5128205128208,-22.77672752043129,0.0,Low,0.0,0.0,0.0,0.0,0.0,,0,0.0,Low,1,Low,0,0.0,0,0.0,LOW,Routine monitoring recommended.
West Bengal,1959.0,1812.9,1490.6128205128207,322.2871794871794,21.621119518903765,1.0,Moderate,0.0,0.0,0.0,0.0,0.0,,0,1.0,Moderate,1,Moderate,1,1.0,0,1.0,MODERATE,Continue monitoring rainfall and historical flood conditions.
West Bengal,1960.0,1245.5,1490.6128205128207,-245.1128205128207,-16.44376172938682,0.0,Low,0.0,0.0,0.0,0.0,0.0,,0,0.0,Low,1,Low,0,0.0,0,0.0,LOW,Routine monitoring recommended.
West Bengal,1961.0,1290.4,1490.6128205128207,-200.2128205128206,-13.431577788519268,0.0,Low,0.0,0.0,0.0,0.0,0.0,,0,0.0,Low,1,Low,0,0.0,0,0.0,LOW,Routine monitoring recommended.
West Bengal,1962.0,1173.6,1490.6128205128207,-317.0128205128208,-21.26728122489633,0.0,Low,0.0,0.0,0.0,0.0,0.0,,0,0.0,Low,1,Low,0,0.0,0,0.0,LOW,Routine monitoring recommended.
West Bengal,1963.0,1289.5,1490.6128205128207,-201.1128205128207,-13.491955640340672,0.0,Low,0.0,0.0,0.0,0.0,0.0,,0,0.0,Low,1,Low,0,0.0,0,0.0,LOW,Routine monitoring recommended.
West Bengal,1964.0,1278.5,1490.6128205128207,-212.1128205128207,-14.22990716260221,0.0,Low,0.0,0.0,0.0,0.0,0.0,,0,0.0,Low,1,Low,0,0.0,0,0.0,LOW,Routine monitoring recommended.
West Bengal,1965.0,1263.7,1490.6128205128207,-226.91282051282064,-15.222787392554093,0.0,Low,0.0,0.0,0.0,0.0,0.0,,0,0.0,Low,1,Low,0,0.0,0,0.0,LOW,Routine monitoring recommended.
West Bengal,1966.0,1118.7,1490.6128205128207,-371.91282051282064,-24.95033018600164,0.0,Low,0.0,0.0,0.0,0.0,0.0,,0,0.0,Low,1,Low,0,0.0,0,0.0,LOW,Routine monitoring recommended.
West Bengal,1967.0,1348.4,1490.6128205128207,-142.2128205128206,-9.54056067114025,0.0,Low,0.0,0.0,0.0,0.0,0.0,,0,0.0,Low,1,Low,0,0.0,0,0.0,LOW,Routine monitoring recommended.
West Bengal,1968.0,1597.7,1490.6128205128207,107.08717948717936,7.1841042833871365,0.0,Low,2.0,0.0,0.0,0.0,0.0,-1.0,1,1.0,Moderate,1,Moderate,1,0.0,1,1.0,MODERATE,Continue monitoring rainfall and historical flood conditions.
West Bengal,1969.0,1404.0,1490.6128205128207,-86.61282051282069,-5.8105511586183045,0.0,Low,0.0,0.0,0.0,0.0,0.0,,0,0.0,Low,1,Low,0,0.0,0,0.0,LOW,Routine monitoring recommended.
West Bengal,1970.0,1648.5,1490.6128205128207,157.8871794871793,10.59209858619496,0.0,Low,1.0,80.0,0.0,0.0,0.0,3.0,1,1.0,Moderate,1,Moderate,1,0.0,1,1.0,MODERATE,Continue monitoring rainfall and historical flood conditions.
West Bengal,1971.0,2099.8,1490.6128205128207,609.1871794871795,40.86823694952514,2.0,High,0.0,0.0,0.0,0.0,0.0,,0,2.0,High,1,High,2,2.0,0,2.0,HIGH,Increase monitoring and prepare local response resources.
West Bengal,1972.0,1333.2,1490.6128205128207,-157.41282051282064,-10.560275501901652,0.0,Low,0.0,0.0,0.0,0.0,0.0,,0,0.0,Low,1,Low,0,0.0,0,0.0,LOW,Routine monitoring recommended.
West Bengal,1973.0,1735.2,1490.6128205128207,244.58717948717936,16.408498311656356,1.0,Moderate,1.0,0.0,0.0,0.0,0.0,-1.0,1,2.0,High,1,High,2,1.0,1,2.0,HIGH,Increase monitoring and prepare local response resources.
West Bengal,1974.0,1470.7,1490.6128205128207,-19.912820512820645,-1.3358814736324331,0.0,Low,0.0,0.0,0.0,0.0,0.0,,0,0.0,Low,1,Low,0,0.0,0,0.0,LOW,Routine monitoring recommended.
West Bengal,1975.0,1466.2,1490.6128205128207,-24.412820512820645,-1.6377707327394255,0.0,Low,3.0,0.0,0.0,0.0,0.0,-1.0,1,1.0,Moderate,1,Moderate,1,0.0,1,1.0,MODERATE,Continue monitoring rainfall and historical flood conditions.
West Bengal,1976.0,1240.6,1490.6128205128207,-250.0128205128208,-16.772485589303333,0.0,Low,5.0,203.0,0.0,0.0,0.0,0.4,1,1.0,Moderate,1,Moderate,1,0.0,1,1.0,MODERATE,Continue monitoring rainfall and historical flood conditions.
West Bengal,1977.0,1840.6,1490.6128205128207,349.9871794871792,23.47941562496235,1.0,Moderate,0.0,0.0,0.0,0.0,0.0,,0,1.0,Moderate,1,Moderate,1,1.0,0,1.0,MODERATE,Continue monitoring rainfall and historical flood conditions.
West Bengal,1978.0,1872.5,1490.6128205128207,381.8871794871793,25.61947503952081,1.0,Moderate,5.0,401.0,0.0,0.0,401266.0,3.0,1,2.0,High,1,High,2,1.0,1,2.0,HIGH,Increase monitoring and prepare local response resources.
West Bengal,1979.0,1157.9,1490.6128205128207,-332.7128205128206,-22.320539306669605,0.0,Low,1.0,0.0,0.0,0.0,0.0,-1.0,1,1.0,Moderate,1,Moderate,1,0.0,1,1.0,MODERATE,Continue monitoring rainfall and historical flood conditions.
West Bengal,1980.0,1521.0,1490.6128205128207,30.38717948717931,2.038569578163503,0.0,Low,1.0,60.0,0.0,0.0,0.0,3.0,1,1.0,Moderate,1,Moderate,1,0.0,1,1.0,MODERATE,Continue monitoring rainfall and historical flood conditions.
West Bengal,1981.0,1909.0,1490.6128205128207,418.3871794871793,28.06813236338864,1.0,Moderate,8.0,0.0,15.0,0.0,0.0,-1.0,1,2.0,High,1,High,2,1.0,1,2.0,HIGH,Increase monitoring and prepare local response resources.
West Bengal,1982.0,1111.0,1490.6128205128207,-379.6128205128207,-25.46689625158472,0.0,Low,2.0,0.0,0.0,0.0,0.0,-1.0,1,1.0,Moderate,1,Moderate,1,0.0,1,1.0,MODERATE,Continue monitoring rainfall and historical flood conditions.
West Bengal,1983.0,1463.6,1490.6128205128207,-27.01282051282078,-1.812195638001253,0.0,Low,3.0,13.0,5.0,0.0,0.0,0.0,1,1.0,Moderate,1,Moderate,1,0.0,1,1.0,MODERATE,Continue monitoring rainfall and historical flood conditions.
West Bengal,1984.0,1831.7,1490.6128205128207,341.08717948717936,22.882345756950752,1.0,Moderate,8.0,100.0,10.0,0.0,50000.0,0.5,1,2.0,High,1,High,2,1.0,1,2.0,HIGH,Increase monitoring and prepare local response resources.
West Bengal,1985.0,1413.4,1490.6128205128207,-77.2128205128206,-5.179938039594803,0.0,Low,2.0,0.0,0.0,0.0,0.0,-1.0,1,1.0,Moderate,1,Moderate,1,0.0,1,1.0,MODERATE,Continue monitoring rainfall and historical flood conditions.
West Bengal,1986.0,1791.0,1490.6128205128207,300.3871794871793,20.151925124583062,1.0,Moderate,0.0,0.0,0.0,0.0,0.0,,0,1.0,Moderate,1,Moderate,1,1.0,0,1.0,MODERATE,Continue monitoring rainfall and historical flood conditions.
West Bengal,1987.0,1591.5,1490.6128205128207,100.88717948717932,6.768167970839721,0.0,Low,8.0,229.0,2.0,0.0,0.0,2.0,1,1.0,Moderate,1,Moderate,1,0.0,1,1.0,MODERATE,Continue monitoring rainfall and historical flood conditions.
West Bengal,1988.0,1681.5,1490.6128205128207,190.8871794871793,12.805953152979574,1.0,Moderate,5.0,61.0,30.0,0.0,195.0,1.0,1,2.0,High,1,High,2,1.0,1,2.0,HIGH,Increase monitoring and prepare local response resources.
West Bengal,1989.0,1626.3,1490.6128205128207,135.68717948717926,9.102778241267128,0.0,Low,7.0,9.0,50.0,0.0,0.0,-0.2857142857142857,1,1.0,Moderate,1,Moderate,1,0.0,1,1.0,MODERATE,Continue monitoring rainfall and historical flood conditions.
West Bengal,1990.0,1961.3,1490.6128205128207,470.68717948717926,31.576756419232133,1.0,Moderate,22.0,72.0,12.0,0.0,0.0,0.4545454545454545,1,2.0,High,1,High,2,1.0,1,2.0,HIGH,Increase monitoring and prepare local response resources.
West Bengal,1991.0,1609.1,1490.6128205128207,118.48717948717922,7.948890406458176,0.0,Low,7.0,73.0,8.0,0.0,0.0,0.2857142857142857,1,1.0,Moderate,1,Moderate,1,0.0,1,1.0,MODERATE,Continue monitoring rainfall and historical flood conditions.
West Bengal,1992.0,1414.6,1490.6128205128207,-76.01282051282078,-5.099434237166284,0.0,Low,13.0,27.0,15.0,0.0,1.0,-0.3846153846153846,1,1.0,Moderate,1,Moderate,1,0.0,1,1.0,MODERATE,Continue monitoring rainfall and historical flood conditions.
West Bengal,1993.0,1759.7,1490.6128205128207,269.08717948717936,18.05211761123887,1.0,Moderate,23.0,494.0,67.0,0.0,0.0,1.0869565217391304,1,2.0,High,1,High,2,1.0,1,2.0,HIGH,Increase monitoring and prepare local response resources.
West Bengal,1994.0,1530.8,1490.6128205128207,40.187179487179264,2.6960172979965065,0.0,Low,11.0,5.0,0.0,0.0,0.0,-0.4545454545454545,1,1.0,Moderate,1,Moderate,1,0.0,1,1.0,MODERATE,Continue monitoring rainfall and historical flood conditions.
West Bengal,1995.0,1936.0,1490.6128205128207,445.3871794871793,29.8794679180306,1.0,Moderate,30.0,56.0,31.0,0.0,0.0,0.1,1,2.0,High,1,High,2,1.0,1,2.0,HIGH,Increase monitoring and prepare local response resources.
West Bengal,1996.0,1504.0,1490.6128205128207,13.38717948717931,0.8980990437593092,0.0,Low,14.0,145.0,7.0,0.0,0.0,0.6428571428571429,1,1.0,Moderate,1,Moderate,1,0.0,1,1.0,MODERATE,Continue monitoring rainfall and historical flood conditions.
West Bengal,1997.0,1657.7,1490.6128205128207,167.08717948717936,11.209294404813704,0.0,Low,22.0,309.0,13.0,0.0,0.0,-0.4090909090909091,1,1.0,Moderate,1,Moderate,1,0.0,1,1.0,MODERATE,Continue monitoring rainfall and historical flood conditions.
West Bengal,1998.0,1632.7,1490.6128205128207,142.08717948717936,9.5321318542193,0.0,Low,9.0,503.0,3.0,0.0,424.0,1.3333333333333333,1,1.0,Moderate,1,Moderate,1,0.0,1,1.0,MODERATE,Continue monitoring rainfall and historical flood conditions.
West Bengal,1999.0,1957.0,1490.6128205128207,466.3871794871793,31.288284460529898,1.0,Moderate,16.0,141.0,0.0,0.0,0.0,0.125,1,2.0,High,1,High,2,1.0,1,2.0,HIGH,Increase monitoring and prepare local response resources.
West Bengal,2000.0,1572.1,1490.6128205128207,81.48717948717922,5.466689831578457,0.0,Low,5.0,1267.0,96.0,0.0,0.0,0.6,1,1.0,Moderate,1,Moderate,1,0.0,1,1.0,MODERATE,Continue monitoring rainfall and historical flood conditions.
West Bengal,2001.0,1540.6,1490.6128205128207,49.98717948717922,3.3534650178295093,0.0,Low,7.0,2.0,58.0,0.0,0.0,-0.7142857142857143,1,1.0,Moderate,1,Moderate,1,0.0,1,1.0,MODERATE,Continue monitoring rainfall and historical flood conditions.
West Bengal,2002.0,1613.3,1490.6128205128207,122.68717948717926,8.230653714958038,0.0,Low,4.0,2.0,12.0,0.0,0.0,0.0,1,1.0,Moderate,1,Moderate,1,0.0,1,1.0,MODERATE,Continue monitoring rainfall and historical flood conditions.
West Bengal,2003.0,1496.7,1490.6128205128207,6.087179487179355,0.4083675789857464,0.0,Low,7.0,29.0,15.0,0.0,5000.0,-0.1428571428571428,1,1.0,Moderate,1,Moderate,1,0.0,1,1.0,MODERATE,Continue monitoring rainfall and historical flood conditions.
West Bengal,2004.0,1569.4,1490.6128205128207,78.7871794871794,5.285556276114275,0.0,Low,4.0,40.0,5.0,0.0,0.0,1.25,1,1.0,Moderate,1,Moderate,1,0.0,1,1.0,MODERATE,Continue monitoring rainfall and historical flood conditions.
West Bengal,2005.0,1604.9,1490.6128205128207,114.2871794871794,7.667127097958327,0.0,Low,15.0,83.0,4.0,0.0,0.0,0.5333333333333333,1,1.0,Moderate,1,Moderate,1,0.0,1,1.0,MODERATE,Continue monitoring rainfall and historical flood conditions.
West Bengal,2006.0,1660.5,1490.6128205128207,169.8871794871793,11.397136610480274,0.0,Low,4.0,89.0,0.0,0.0,0.0,0.75,1,1.0,Moderate,1,Moderate,1,0.0,1,1.0,MODERATE,Continue monitoring rainfall and historical flood conditions.
West Bengal,2007.0,1941.4,1490.6128205128207,450.7871794871794,30.241735028959,1.0,Moderate,8.0,101.0,0.0,0.0,0.0,1.625,1,2.0,High,1,High,2,1.0,1,2.0,HIGH,Increase monitoring and prepare local response resources.
West Bengal,2008.0,1555.2,1490.6128205128207,64.58717948717936,4.332927947376651,0.0,Low,2.0,26.0,0.0,0.0,0.0,2.0,1,1.0,Moderate,1,Moderate,1,0.0,1,1.0,MODERATE,Continue monitoring rainfall and historical flood conditions.
West Bengal,2009.0,1315.0,1490.6128205128207,-175.6128205128207,-11.78124983873438,0.0,Low,3.0,35.0,0.0,0.0,0.0,1.3333333333333333,1,1.0,Moderate,1,Moderate,1,0.0,1,1.0,MODERATE,Continue monitoring rainfall and historical flood conditions.
West Bengal,2010.0,1064.8,1490.6128205128207,-425.8128205128208,-28.566292645083173,0.0,Low,7.0,7.0,0.0,0.0,0.0,-0.2857142857142857,1,1.0,Moderate,1,Moderate,1,0.0,1,1.0,MODERATE,Continue monitoring rainfall and historical flood conditions.
West Bengal,2011.0,1686.5,1490.6128205128207,195.8871794871793,13.141385663098454,1.0,Moderate,7.0,11.0,0.0,0.0,0.0,0.1428571428571428,1,2.0,High,1,High,2,1.0,1,2.0,HIGH,Increase monitoring and prepare local response resources.
West Bengal,2012.0,1268.0,1490.6128205128207,-222.6128205128207,-14.934315433851856,0.0,Low,1.0,4.0,0.0,0.0,0.0,1.0,1,1.0,Moderate,1,Moderate,1,0.0,1,1.0,MODERATE,Continue monitoring rainfall and historical flood conditions.
West Bengal,2013.0,1764.1,1490.6128205128207,273.4871794871792,18.347298220143475,1.0,Moderate,0.0,0.0,0.0,0.0,0.0,,0,1.0,Moderate,1,Moderate,1,1.0,0,1.0,MODERATE,Continue monitoring rainfall and historical flood conditions.
West Bengal,2014.0,1261.4,1490.6128205128207,-229.2128205128206,-15.377086347208776,0.0,Low,0.0,0.0,0.0,0.0,0.0,,0,0.0,Low,1,Low,0,0.0,0,0.0,LOW,Routine monitoring recommended.
West Bengal,2015.0,1530.3,1490.6128205128207,39.687179487179264,2.6624740469846184,0.0,Low,2.0,53.0,0.0,0.0,0.0,2.5,1,1.0,Moderate,1,Moderate,1,0.0,1,1.0,MODERATE,Continue monitoring rainfall and historical flood conditions.
West Bengal,2016.0,1427.0,1490.6128205128207,-63.61282051282069,-4.267561612071454,0.0,Low,4.0,15.0,16.0,0.0,0.0,1.25,1,1.0,Moderate,1,Moderate,1,0.0,1,1.0,MODERATE,Continue monitoring rainfall and historical flood conditions.
West Bengal,2017.0,1568.6,1490.6128205128207,77.98717948717922,5.2318870744952415,0.0,Low,2.0,78.0,0.0,0.0,694.0,3.0,1,1.0,Moderate,1,Moderate,1,0.0,1,1.0,MODERATE,Continue monitoring rainfall and historical flood conditions.
West Bengal,2018.0,,,,,,,2.0,3.0,0.0,0.0,0.0,1.0,1,1.0,Moderate,0,Historical Flood Signal,2,0.0,1,1.0,MODERATE,Continue monitoring rainfall and historical flood conditions.
West Bengal,2019.0,,,,,,,3.0,223.0,0.0,0.0,0.0,2.0,1,1.0,Moderate,0,Historical Flood Signal,2,0.0,1,1.0,MODERATE,Continue monitoring rainfall and historical flood conditions.
West Bengal,2020.0,,,,,,,3.0,145.0,0.0,0.0,0.0,2.333333333333333,1,1.0,Moderate,0,Historical Flood Signal,2,0.0,1,1.0,MODERATE,Continue monitoring rainfall and historical flood conditions.
West Bengal,2021.0,,,,,,,8.0,33.0,0.0,0.0,0.0,1.0,1,1.0,Moderate,0,Historical Flood Signal,2,0.0,1,1.0,MODERATE,Continue monitoring rainfall and historical flood conditions.
West Bengal,2022.0,,,,,,,4.0,8.0,15.0,0.0,0.0,-0.25,1,1.0,Moderate,0,Historical Flood Signal,2,0.0,1,1.0,MODERATE,Continue monitoring rainfall and historical flood conditions.
West Bengal,2023.0,,,,,,,2.0,3.0,0.0,0.0,0.0,1.0,1,1.0,Moderate,0,Historical Flood Signal,2,0.0,1,1.0,MODERATE,Continue monitoring rainfall and historical flood conditions.
"West Bengal, Bihar",1975.0,,,,,,,1.0,0.0,0.0,0.0,0.0,-1.0,1,1.0,Moderate,0,Historical Flood Signal,2,0.0,1,1.0,MODERATE,Continue monitoring rainfall and historical flood conditions.
